# Blender 5.0.0
# www.blender.org
o octane
v 65.869080 9.906343 -3.821435
v 46.658558 12.788701 0.827140
v -18.534468 14.117466 0.815495
v -35.286354 12.775993 0.815495
v 10.728717 22.423004 -4.357148
v -5.920372 21.727163 -4.357148
v 66.441582 14.552189 6.985791
v 44.074207 17.372826 15.181171
v -20.085667 19.398392 26.048594
v -41.829483 18.407093 23.974478
v 10.448003 14.234760 31.083300
v -6.164465 19.910753 26.638725
v 27.826403 13.355752 25.469196
v 66.795975 11.115896 -4.046777
v 46.795979 14.117488 0.815495
v -41.829483 14.117459 0.815495
v -18.303663 12.775998 0.815495
v 10.804782 23.768244 -4.357148
v -6.164465 23.059023 -4.357148
v 46.658554 13.017435 2.659385
v -18.303663 13.004732 2.647738
v 10.807710 20.719282 3.238264
v -5.920372 21.955898 2.647738
v 65.869080 10.135077 -1.989191
v -35.286354 13.004727 2.647738
v 66.795975 0.000000 -4.046777
v 56.795979 12.616692 -1.615642
v -41.829483 0.000000 0.815495
v -27.387363 14.117464 0.815495
v 28.800377 18.942867 1.342174
v -18.303663 12.890366 1.731617
v -12.349464 18.588245 1.342174
v 2.320161 23.413631 -4.357148
v -5.920372 21.841530 2.258296
v 72.211266 0.000000 6.932593
v 52.827301 15.925463 12.890940
v 48.318947 0.000000 16.049879
v -18.534462 0.000000 26.677296
v -41.829483 0.000000 24.017160
v -28.938562 19.398388 26.084644
v 19.211529 13.364835 28.559473
v -13.375515 19.714872 25.752995
v 4.856308 16.418880 27.346260
v -6.164458 0.000000 28.299976
v -41.829483 18.811701 12.253378
v -6.164465 21.484890 12.873705
v 10.307978 17.016804 18.320339
v 44.534454 17.290775 11.718243
v 66.509018 14.558823 4.426321
v -20.085667 20.294811 13.051782
v 39.015812 12.165148 22.160904
v 29.712685 0.000000 28.271931
v 33.039700 14.380307 18.320339
v 20.258732 16.990526 15.126777
v 65.869080 0.000000 -3.821435
v 56.263817 11.347523 -1.497148
v -35.286346 0.000000 0.815495
v -26.795008 12.775995 0.815495
v 28.693636 17.605852 1.347997
v -12.112019 17.251583 1.342174
v 2.404170 22.075085 -4.357148
v 66.332535 10.511120 -3.934106
v 46.727264 13.453094 0.821317
v -35.763306 13.446728 0.815495
v -18.419067 13.446733 0.815495
v 10.766749 23.095625 -4.357148
v -6.042418 22.393093 -4.357148
v 46.658562 0.000000 2.659385
v -18.303659 0.000000 2.647738
v 10.728724 0.000000 2.647738
v -5.920365 0.000000 2.647738
v 65.869080 0.000000 -1.989191
v 56.263817 11.576257 0.335097
v -35.286346 0.000000 2.647738
v -26.795008 13.004730 2.647738
v 28.693636 17.834587 2.653561
v -12.112019 17.480314 2.647738
v 2.495565 20.230438 2.940897
v -35.286354 12.890360 1.731617
v 10.818758 20.696426 2.833170
v 65.869080 10.020710 -2.905313
v 46.658554 12.903069 1.743262
v 28.693636 17.720219 2.000779
v 56.263817 11.461889 -0.581025
v -35.286346 0.000000 1.731617
v 65.869080 0.000000 -2.905313
v 2.404177 0.000000 2.647738
v 28.693640 0.000000 2.653561
v -26.795004 0.000000 2.647738
v -12.112015 0.000000 2.647738
v 56.263817 0.000000 0.335097
v 2.362165 22.744360 -4.357148
v -12.230742 17.919914 1.342174
v 28.747005 18.274361 1.345086
v -27.091181 13.446731 0.815495
v -35.763298 0.000000 0.815495
v 56.529892 11.982107 -1.556395
v 66.332535 0.000000 -3.934106
v -13.606497 21.614117 12.464662
v -28.938562 20.294809 13.051782
v 57.176712 12.616692 5.763697
v 72.048950 0.000000 -4.039424
v 4.927957 18.116135 18.320339
v -42.498390 8.029850 1.870584
v 1.892560 0.000000 28.598503
v 19.831133 0.000000 30.851576
v -27.387360 0.000000 26.297094
v -12.349461 0.000000 27.609339
v 57.557457 0.000000 14.160994
v -12.112019 17.365950 1.994956
v -26.795008 12.890363 1.731617
v 2.506614 20.207581 2.535804
v 44.930668 0.000000 18.556635
v 39.015812 9.600297 22.160904
v 33.100952 7.984767 25.765171
v 32.893921 0.000000 25.909491
v 44.930668 10.443180 18.556635
v 44.512566 0.000000 17.956841
v 38.597710 9.600297 21.561108
v 32.682846 7.984767 25.165377
v 32.475819 0.000000 25.309696
v 44.512562 10.443180 17.956841
v 38.597710 0.000000 21.561108
v 19.831129 11.351799 30.851576
v 1.892555 16.200769 28.598503
v 39.016628 17.529129 14.388922
v 29.712681 10.212811 28.271931
v 20.494795 16.099136 18.320339
v 2.106357 19.807201 15.233679
v 20.477360 14.693262 18.294775
v 27.836325 12.143449 25.483744
v 10.570565 13.626441 30.702745
v 10.353764 16.058258 18.387468
v 19.213541 12.844562 28.009193
v 4.841297 15.030170 27.324255
v 33.015717 12.928090 18.285170
v 4.932678 16.867073 18.327267
v 57.557457 12.616692 14.160994
v 48.318939 14.117489 16.049879
v 74.129028 5.245566 -4.240059
v 74.162598 5.245566 -1.971034
v 38.254326 14.569999 14.600098
v 47.557457 14.117488 8.489072
v 57.138603 16.159378 10.257875
v 43.286057 29.287031 13.133416
v 52.854111 28.818699 14.516308
v 62.597240 20.466331 12.582939
v 61.961979 19.958855 13.884726
v 34.388851 21.599182 13.565702
v 43.586113 35.375465 11.277649
v 44.415684 35.010380 9.897707
v 52.391655 35.264694 10.987577
v 51.068344 35.613338 12.216509
v 60.963219 28.740086 12.205231
v 60.515869 28.986263 13.271070
v 36.050335 29.354389 10.649209
v -47.452362 26.451292 27.887337
v -12.808521 28.841526 17.101461
v -48.576195 26.603849 24.659840
v -21.562975 28.868711 16.415234
v -13.878963 29.083961 14.035246
v -32.559345 28.555668 19.827559
v -35.575340 32.449852 22.473896
v -51.166382 31.168407 27.498833
v -24.877718 32.638126 19.014553
v -17.484209 33.159531 16.469736
v -52.510254 31.145754 25.417576
v -26.240528 33.106903 16.899387
v -18.764923 33.235207 14.485367
v -36.938148 32.918629 20.358734
v -32.977203 15.744309 27.796438
v -37.272427 15.249170 27.378941
v -37.262032 9.246934 26.596649
v -32.473244 9.246936 27.352640
v -35.592216 13.698274 31.043751
v -39.866650 13.565722 30.344051
v -39.866650 11.111675 30.358204
v -35.077862 11.111677 31.114199
v -39.401840 13.698273 40.172661
v -47.866974 13.565718 40.172661
v -47.866974 11.111671 40.172661
v -38.887486 11.111675 40.172661
v -39.428905 13.698273 41.578808
v -47.836449 13.565718 42.278091
v -47.836449 11.111671 42.278091
v -38.921474 11.111675 41.494659
v -38.573730 2.583847 41.296600
v -47.866974 2.583844 41.627068
v -38.607719 2.583847 42.618599
v -47.836449 2.583844 43.732494
v -39.401844 25.577040 40.346981
v -47.866982 25.444487 40.346981
v -39.428909 25.577040 41.473919
v -47.836456 25.444487 42.034344
v -40.012856 26.436758 38.629993
v -50.849495 26.098389 39.904182
v -39.745548 26.436758 41.495102
v -50.269119 26.098389 44.172939
v -38.732391 26.765413 37.699417
v -54.342773 26.232349 39.463467
v -38.311287 26.765413 41.666008
v -57.755756 26.232349 45.510094
v -38.728348 28.532202 37.699417
v -54.346256 28.697376 39.463467
v -38.307598 28.514988 41.666008
v -57.760002 28.660007 45.510094
v -38.573730 0.000000 41.296600
v -47.866974 0.000000 41.627068
v -38.607719 0.000000 42.618599
v -47.836449 0.000000 43.732494
v -43.489578 13.209094 10.512218
v -43.489578 8.514851 -0.033739
v -43.489578 0.000000 -0.033739
v -43.489578 12.804484 21.319305
v -43.489578 0.000000 21.358660
v -42.498390 11.891010 10.544963
v -43.489578 11.891010 10.544963
v -43.489578 8.029849 1.870584
v -43.489578 0.000000 1.870584
v -43.489578 11.558208 19.434130
v -43.489578 0.000000 19.466497
v -42.498390 0.000000 1.870584
v -42.498390 11.558208 19.434130
v -42.498390 0.000000 19.466497
v -42.498390 0.000000 10.993607
v -44.750946 9.122053 18.225819
v -44.750946 9.329725 10.565950
v -44.750946 6.920331 3.091169
v -44.750946 1.700515 3.091168
v -44.750946 2.340343 10.952551
v -44.750946 2.340343 17.796326
v -44.750946 8.494377 17.773197
v -44.750946 8.688499 10.613091
v -44.750946 6.410564 3.546142
v -44.750946 2.340343 3.546141
v -44.750946 1.700515 10.952551
v -44.750946 1.700515 18.253710
v -39.766766 2.340345 10.952551
v -39.766773 8.688501 10.613091
v -39.766766 2.340345 17.796326
v -39.766773 8.494379 17.773197
v -39.766766 6.410566 3.546142
v -39.766766 2.340345 3.546141
v -17.596615 0.000000 32.941574
v 14.161493 0.000000 28.476782
v -3.448036 0.000000 32.955917
v 14.439734 9.999994 20.379810
v 14.161490 9.999994 28.476782
v -3.447618 9.999989 20.379810
v -3.448038 10.003682 32.955917
v -18.433067 0.000000 20.379810
v -18.433073 9.999984 20.379810
v -17.828152 8.910759 32.021564
v -17.596619 10.003679 32.941574
v -17.828148 1.096599 32.021564
v -18.433073 8.907064 27.085625
v -18.433067 1.139015 27.509666
v -12.950699 8.299679 27.900160
v -12.950695 1.700294 27.900160
v -12.951115 1.703988 31.863062
v -12.951118 8.303373 31.863062
v 69.898209 5.224823 8.238878
v 69.898209 7.980378 8.238878
v 66.247726 8.354248 10.039577
v 66.247726 5.224822 10.039577
v 69.898209 5.224823 9.494441
v 69.898209 7.980378 9.494441
v 66.247726 8.354248 11.295139
v 66.247726 5.224822 11.295139
v 76.458496 5.000456 5.165743
v 76.458496 7.163009 5.165743
v 76.458496 5.000456 6.679239
v 76.458496 7.163009 6.679239
v 77.740181 5.000456 4.633624
v 77.740181 7.163009 4.633624
v 77.740181 5.000456 6.147119
v 77.740181 7.163009 6.147119
v 73.111916 5.000455 -4.888881
v 73.311638 7.355022 -4.888881
v 75.310669 5.000455 -5.421000
v 75.310669 7.163009 -5.421000
v 71.683029 5.000454 -6.542208
v 71.683029 7.163007 -6.542208
v 73.881775 5.000455 -7.074327
v 73.881775 7.163008 -7.074327
v 65.368904 5.000453 -2.172384
v 65.368904 7.163005 -2.172384
v 63.940010 5.000452 -3.825712
v 63.940010 7.163005 -3.825712
v 63.831635 5.000452 0.912307
v 63.831635 7.163005 0.912307
v 62.402740 5.000451 -0.741021
v 62.402740 7.163004 -0.741021
v 70.426216 12.132115 1.147942
v 70.492622 12.132115 5.636693
v 68.159782 13.540646 4.611354
v 68.132202 13.537932 5.658456
v 70.295250 17.834595 1.511149
v 70.353912 17.834595 5.476627
v 68.293015 19.078926 4.570816
v 68.268646 19.076529 5.495853
v 70.406837 15.005611 3.084972
v 70.435646 15.005611 5.032143
v 70.350029 17.479284 3.242527
v 70.375473 17.479284 4.962708
v 72.967194 15.005611 1.634953
v 72.995995 15.005611 5.308494
v 72.910378 17.479284 1.792508
v 72.935829 17.479284 5.239058
v 77.586601 5.000456 3.998008
v 77.184387 5.000456 2.333461
v 76.251724 5.000455 4.544539
v 75.667709 5.000455 2.789881
v 77.586601 0.000000 3.998008
v 77.184387 0.000000 2.333461
v 76.251724 0.000000 4.544539
v 75.667709 0.000000 2.789881
v 72.211266 11.115898 6.932593
v 74.162598 2.888108 -1.971034
v 72.048950 11.115898 -4.039424
v 74.129028 2.888108 -4.240059
v 74.131126 3.035030 -4.098650
v 74.160507 3.035030 -2.112444
v 74.160507 5.098644 -2.112444
v 74.131126 5.098644 -4.098650
v 75.719414 3.035030 -4.098650
v 75.748795 3.035030 -2.112444
v 75.748795 5.098644 -2.112444
v 75.719414 5.098644 -4.098650
v 76.082825 2.869251 -4.437869
v 76.122246 2.869251 -1.773224
v 76.122246 5.637747 -1.773224
v 76.082825 5.637747 -4.437869
v 77.312759 2.869251 -4.437869
v 77.352173 2.869251 -1.773224
v 77.352173 5.637748 -1.773224
v 77.312759 5.637748 -4.437869
v 75.437851 15.005612 1.634953
v 75.466652 15.005612 5.308494
v 75.381027 17.479286 1.792508
v 75.406487 17.479286 5.239058
v 71.744522 16.291658 6.443131
v 77.248016 16.291660 6.443131
v 71.744522 16.847031 6.388431
v 77.248016 16.847033 6.388431
v 71.744522 17.381060 6.226436
v 77.248016 17.381062 6.226436
v 71.744522 17.873222 5.963368
v 77.248016 17.873226 5.963368
v 71.744522 18.304607 5.609340
v 77.248016 18.304611 5.609340
v 71.744522 18.658636 5.177955
v 77.248016 18.658640 5.177955
v 71.744522 18.921703 4.685791
v 77.248016 18.921705 4.685791
v 71.744522 19.083698 4.151763
v 77.248016 19.083702 4.151762
v 71.744522 19.138399 3.596391
v 77.248016 19.138401 3.596391
v 71.744522 19.083698 3.041020
v 77.248016 19.083702 3.041019
v 71.744522 18.921703 2.506991
v 77.248016 18.921705 2.506991
v 71.744522 18.658636 2.014828
v 77.248016 18.658640 2.014827
v 71.744522 18.304607 1.583442
v 77.248016 18.304611 1.583442
v 71.744522 17.873222 1.229414
v 77.248016 17.873226 1.229414
v 71.744522 17.381060 0.966347
v 77.248016 17.381062 0.966347
v 71.744522 16.847031 0.804351
v 77.248016 16.847033 0.804351
v 71.744522 16.291658 0.749652
v 77.248016 16.291660 0.749652
v 71.744522 15.736288 0.804351
v 77.248016 15.736290 0.804351
v 71.744522 15.202259 0.966347
v 77.248016 15.202261 0.966347
v 71.744522 14.710094 1.229414
v 77.248016 14.710097 1.229414
v 71.744522 14.278709 1.583442
v 77.248016 14.278712 1.583442
v 71.744522 13.924683 2.014828
v 77.248016 13.924685 2.014827
v 71.744522 13.661614 2.506991
v 77.248016 13.661617 2.506991
v 71.744522 13.499619 3.041020
v 77.248016 13.499621 3.041019
v 71.744522 13.444920 3.596391
v 77.248016 13.444921 3.596391
v 71.744522 13.499619 4.151763
v 77.248016 13.499621 4.151762
v 71.744522 13.661614 4.685791
v 77.248016 13.661617 4.685791
v 71.744522 13.924683 5.177955
v 77.248016 13.924685 5.177955
v 71.744522 14.278709 5.609340
v 77.248016 14.278712 5.609340
v 71.744522 14.710094 5.963368
v 77.248016 14.710097 5.963368
v 71.744522 15.202259 6.226436
v 77.248016 15.202261 6.226436
v 71.744522 15.736288 6.388431
v 77.248016 15.736290 6.388431
v 77.212418 16.750961 5.905451
v 77.212418 16.291660 5.950689
v 77.212418 17.192612 5.771479
v 77.212418 17.599638 5.553917
v 77.212418 17.956402 5.261130
v 77.212418 18.249189 4.904368
v 77.212418 18.466747 4.497342
v 77.212418 18.600721 4.055691
v 77.212418 18.645958 3.596391
v 77.212418 18.600721 3.137090
v 77.212418 18.466747 2.695441
v 77.212418 18.249189 2.288414
v 77.212418 17.956402 1.931651
v 77.212418 17.599638 1.638864
v 77.212418 17.192612 1.421304
v 77.212418 16.750961 1.287331
v 77.212418 16.291660 1.242093
v 77.212418 15.832361 1.287331
v 77.212418 15.390711 1.421304
v 77.212418 14.983684 1.638864
v 77.212418 14.626922 1.931651
v 77.212418 14.334135 2.288414
v 77.212418 14.116574 2.695441
v 77.212418 13.982601 3.137090
v 77.212418 13.937365 3.596391
v 77.212418 13.982601 4.055691
v 77.212418 14.116574 4.497342
v 77.212418 14.334135 4.904368
v 77.212418 14.626922 5.261130
v 77.212418 14.983684 5.553917
v 77.212418 15.390711 5.771479
v 77.212418 15.832361 5.905451
v 76.601166 16.750961 5.905451
v 76.601166 16.291660 5.950689
v 76.601166 17.192610 5.771479
v 76.601166 17.599638 5.553917
v 76.601166 17.956400 5.261130
v 76.601166 18.249187 4.904368
v 76.601166 18.466747 4.497342
v 76.601166 18.600719 4.055691
v 76.601166 18.645958 3.596391
v 76.601166 18.600719 3.137090
v 76.601166 18.466747 2.695441
v 76.601166 18.249187 2.288414
v 76.601166 17.956400 1.931651
v 76.601166 17.599638 1.638864
v 76.601166 17.192610 1.421304
v 76.601166 16.750961 1.287331
v 76.601166 16.291660 1.242093
v 76.601166 15.832359 1.287331
v 76.601166 15.390710 1.421304
v 76.601166 14.983683 1.638864
v 76.601166 14.626921 1.931651
v 76.601166 14.334134 2.288414
v 76.601166 14.116573 2.695441
v 76.601166 13.982600 3.137090
v 76.601166 13.937364 3.596391
v 76.601166 13.982600 4.055691
v 76.601166 14.116573 4.497342
v 76.601166 14.334134 4.904368
v 76.601166 14.626921 5.261130
v 76.601166 14.983683 5.553917
v 76.601166 15.390710 5.771479
v 76.601166 15.832359 5.905451
v 76.678909 4.209289 -0.932843
v 79.938522 4.209290 -0.932844
v 76.678909 4.608746 -0.972186
v 79.938522 4.608747 -0.972187
v 76.678909 4.992855 -1.088706
v 79.938522 4.992856 -1.088706
v 76.678909 5.346848 -1.277919
v 79.938522 5.346849 -1.277919
v 76.678909 5.657130 -1.532558
v 79.938522 5.657131 -1.532558
v 76.678909 5.911768 -1.842838
v 79.938522 5.911769 -1.842838
v 76.678909 6.100983 -2.196832
v 79.938522 6.100984 -2.196832
v 76.678909 6.217501 -2.580939
v 79.938522 6.217502 -2.580939
v 76.678909 6.256845 -2.980397
v 79.938522 6.256845 -2.980397
v 76.678909 6.217501 -3.379856
v 79.938522 6.217502 -3.379856
v 76.678909 6.100983 -3.763962
v 79.938522 6.100984 -3.763962
v 76.678909 5.911768 -4.117959
v 79.938522 5.911769 -4.117959
v 76.678909 5.657130 -4.428237
v 79.938522 5.657131 -4.428237
v 76.678909 5.346848 -4.682877
v 79.938522 5.346849 -4.682877
v 76.678909 4.992855 -4.872090
v 79.938522 4.992856 -4.872090
v 76.678909 4.608746 -4.988608
v 79.938522 4.608747 -4.988608
v 76.678909 4.209289 -5.027953
v 79.938522 4.209290 -5.027953
v 76.678909 3.809831 -4.988608
v 79.938522 3.809833 -4.988608
v 76.678909 3.425725 -4.872090
v 79.938522 3.425726 -4.872090
v 76.678909 3.071728 -4.682877
v 79.938522 3.071729 -4.682877
v 76.678909 2.761450 -4.428237
v 79.938522 2.761451 -4.428237
v 76.678909 2.506809 -4.117959
v 79.938522 2.506811 -4.117959
v 76.678909 2.317596 -3.763962
v 79.938522 2.317597 -3.763962
v 76.678909 2.201078 -3.379856
v 79.938522 2.201079 -3.379856
v 76.678909 2.161736 -2.980397
v 79.938522 2.161737 -2.980397
v 76.678909 2.201078 -2.580939
v 79.938522 2.201079 -2.580939
v 76.678909 2.317596 -2.196832
v 79.938522 2.317597 -2.196832
v 76.678909 2.506809 -1.842838
v 79.938522 2.506811 -1.842838
v 76.678909 2.761450 -1.532558
v 79.938522 2.761451 -1.532558
v 76.678909 3.071728 -1.277919
v 79.938522 3.071729 -1.277919
v 76.678909 3.425725 -1.088706
v 79.938522 3.425726 -1.088706
v 76.678909 3.809831 -0.972186
v 79.938522 3.809833 -0.972187
v 79.917442 4.539648 -1.319577
v 79.917442 4.209290 -1.287039
v 79.917442 4.857310 -1.415938
v 79.917442 5.150070 -1.572421
v 79.917442 5.406676 -1.783012
v 79.917442 5.617266 -2.039619
v 79.917442 5.773750 -2.332377
v 79.917442 5.870111 -2.650040
v 79.917442 5.902650 -2.980397
v 79.917442 5.870111 -3.310755
v 79.917442 5.773750 -3.628419
v 79.917442 5.617266 -3.921178
v 79.917442 5.406676 -4.177783
v 79.917442 5.150070 -4.388373
v 79.917442 4.857310 -4.544857
v 79.917442 4.539648 -4.641219
v 79.917442 4.209290 -4.673756
v 79.917442 3.878931 -4.641219
v 79.917442 3.561270 -4.544857
v 79.917442 3.268510 -4.388373
v 79.917442 3.011905 -4.177783
v 79.917442 2.801315 -3.921178
v 79.917442 2.644831 -3.628419
v 79.917442 2.548470 -3.310755
v 79.917442 2.515931 -2.980397
v 79.917442 2.548470 -2.650040
v 79.917442 2.644831 -2.332377
v 79.917442 2.801315 -2.039619
v 79.917442 3.011905 -1.783012
v 79.917442 3.268510 -1.572421
v 79.917442 3.561270 -1.415938
v 79.917442 3.878931 -1.319577
v 79.555405 4.539648 -1.319577
v 79.555405 4.209290 -1.287039
v 79.555405 4.857310 -1.415938
v 79.555405 5.150069 -1.572421
v 79.555405 5.406675 -1.783012
v 79.555405 5.617266 -2.039619
v 79.555405 5.773749 -2.332377
v 79.555405 5.870111 -2.650040
v 79.555405 5.902649 -2.980397
v 79.555405 5.870111 -3.310755
v 79.555405 5.773749 -3.628419
v 79.555405 5.617266 -3.921178
v 79.555405 5.406675 -4.177783
v 79.555405 5.150069 -4.388373
v 79.555405 4.857310 -4.544857
v 79.555405 4.539648 -4.641219
v 79.555405 4.209290 -4.673756
v 79.555405 3.878931 -4.641219
v 79.555405 3.561270 -4.544857
v 79.555405 3.268510 -4.388373
v 79.555405 3.011905 -4.177783
v 79.555405 2.801315 -3.921178
v 79.555405 2.644831 -3.628419
v 79.555405 2.548470 -3.310755
v 79.555405 2.515931 -2.980397
v 79.555405 2.548470 -2.650040
v 79.555405 2.644831 -2.332377
v 79.555405 2.801315 -2.039619
v 79.555405 3.011905 -1.783012
v 79.555405 3.268510 -1.572421
v 79.555405 3.561270 -1.415938
v 79.555405 3.878931 -1.319577
v 43.197365 33.299011 13.016832
v 38.570980 29.351847 12.882521
v 36.873989 26.100819 13.483735
v 51.195480 33.237053 14.633904
v 56.951656 24.254154 15.355881
v -34.540802 27.626505 23.992491
v -31.966370 27.907173 23.253195
v -23.388603 31.161301 19.223625
v -17.333668 28.474321 18.609159
v 49.090611 20.915829 -2.421458
v 49.064796 0.000000 -1.772457
v 49.127804 20.915829 -2.043831
v 49.102486 0.000000 -1.389793
v 49.237953 20.915834 -1.680713
v 49.214104 0.000000 -1.021834
v 49.416828 20.915834 -1.346064
v 49.395370 0.000000 -0.682722
v 49.657551 20.915834 -1.052741
v 49.639301 0.000000 -0.385486
v 49.950874 20.915836 -0.812017
v 49.936543 0.000000 -0.141552
v 50.285526 20.915836 -0.633143
v 50.275650 0.000000 0.039707
v 50.648636 20.915836 -0.522993
v 50.643608 0.000000 0.151326
v 51.026268 20.915836 -0.485800
v 51.026268 0.000000 0.189015
v 51.403900 20.915836 -0.522993
v 51.408939 0.000000 0.151326
v 51.767010 20.915836 -0.633143
v 51.776894 0.000000 0.039707
v 52.101665 20.915836 -0.812017
v 52.116013 0.000000 -0.141552
v 52.394985 20.915836 -1.052741
v 52.413246 0.000000 -0.385486
v 52.635712 20.915836 -1.346064
v 52.657173 0.000000 -0.682722
v 52.814583 20.915836 -1.680713
v 52.838440 0.000000 -1.021834
v 52.924732 20.915831 -2.043831
v 52.950058 0.000000 -1.389793
v 52.961926 20.915831 -2.421458
v 52.987747 0.000000 -1.772457
v 52.924732 20.915831 -2.799087
v 52.950058 0.000000 -2.155121
v 52.814583 20.915831 -3.162203
v 52.838440 0.000000 -2.523079
v 52.635712 20.915831 -3.496852
v 52.657173 0.000000 -2.862192
v 52.394985 20.915831 -3.790176
v 52.413246 0.000000 -3.159427
v 52.101665 20.915831 -4.030900
v 52.116013 0.000000 -3.403361
v 51.767010 20.915831 -4.209773
v 51.776894 0.000000 -3.584620
v 51.403900 20.915831 -4.319923
v 51.408939 0.000000 -3.696239
v 51.026268 20.915831 -4.357117
v 51.026268 0.000000 -3.733929
v 50.648636 20.915831 -4.319923
v 50.643608 0.000000 -3.696239
v 50.285526 20.915831 -4.209773
v 50.275650 0.000000 -3.584620
v 49.950874 20.915831 -4.030900
v 49.936543 0.000000 -3.403361
v 49.657551 20.915829 -3.790176
v 49.639301 0.000000 -3.159427
v 49.416828 20.915829 -3.496852
v 49.395370 0.000000 -2.862192
v 49.237953 20.915829 -3.162203
v 49.214104 0.000000 -2.523079
v 49.127804 20.915829 -2.799087
v 49.102486 0.000000 -2.155121
v -35.343407 22.050077 -0.355662
v -34.893108 0.000000 -0.355658
v -35.297066 22.050077 0.114848
v -34.855431 0.000000 0.027006
v -35.159824 22.050079 0.567275
v -34.743801 0.000000 0.394966
v -34.936951 22.050079 0.984235
v -34.562546 0.000000 0.734078
v -34.637020 22.050079 1.349703
v -34.318615 0.000000 1.031312
v -34.271553 22.050079 1.649635
v -34.021374 0.000000 1.275247
v -33.854588 22.050079 1.872505
v -33.682266 0.000000 1.456506
v -33.402164 22.050079 2.009747
v -33.314301 0.000000 1.568125
v -32.931660 22.050079 2.056088
v -32.931641 0.000000 1.605815
v -32.461155 22.050079 2.009747
v -32.548977 0.000000 1.568125
v -32.008713 22.050079 1.872505
v -32.181011 0.000000 1.456506
v -31.591757 22.050079 1.649635
v -31.841906 0.000000 1.275247
v -31.226290 22.050079 1.349703
v -31.544664 0.000000 1.031312
v -30.926359 22.050079 0.984235
v -31.300734 0.000000 0.734078
v -30.703495 22.050083 0.567275
v -31.119478 0.000000 0.394966
v -30.566242 22.050079 0.114848
v -31.007860 0.000000 0.027006
v -30.519913 22.050079 -0.355662
v -30.970171 0.000000 -0.355658
v -30.566242 22.050079 -0.826171
v -31.007860 0.000000 -0.738322
v -30.703495 22.050077 -1.278599
v -31.119478 0.000000 -1.106281
v -30.926359 22.050076 -1.695558
v -31.300734 0.000000 -1.445393
v -31.226290 22.050076 -2.061027
v -31.544664 0.000000 -1.742628
v -31.591757 22.050076 -2.360959
v -31.841906 0.000000 -1.986563
v -32.008713 22.050076 -2.583827
v -32.181011 0.000000 -2.167821
v -32.461155 22.050076 -2.721069
v -32.548977 0.000000 -2.279441
v -32.931660 22.050076 -2.767412
v -32.931641 0.000000 -2.317130
v -33.402164 22.050076 -2.721069
v -33.314301 0.000000 -2.279441
v -33.854588 22.050076 -2.583827
v -33.682266 0.000000 -2.167821
v -34.271553 22.050076 -2.360959
v -34.021374 0.000000 -1.986563
v -34.637020 22.050076 -2.061027
v -34.318615 0.000000 -1.742628
v -34.936951 22.050076 -1.695558
v -34.562546 0.000000 -1.445393
v -35.159824 22.050076 -1.278599
v -34.743801 0.000000 -1.106281
v -35.297066 22.050077 -0.826171
v -34.855431 0.000000 -0.738322
v -45.143784 22.050064 -0.355663
v -44.909164 22.050064 2.026808
v -44.214218 22.050085 4.317723
v -43.085690 22.050085 6.429044
v -41.566933 22.050085 8.279631
v -39.716347 22.050085 9.798368
v -37.605007 22.050087 10.926890
v -35.314110 22.050087 11.621833
v -32.931629 22.050087 11.856484
v -30.549171 22.050091 11.621833
v -28.258255 22.050091 10.926890
v -26.146906 22.050091 9.798368
v -24.296310 22.050091 8.279631
v -22.777626 22.050093 6.429044
v -21.649111 22.050093 4.317723
v -20.954153 22.050072 2.026808
v -20.719488 22.050072 -0.355663
v -20.954153 22.050072 -2.738134
v -21.649111 22.050068 -5.029047
v -22.777626 22.050068 -7.140368
v -24.296310 22.050066 -8.990954
v -26.146906 22.050066 -10.509689
v -28.258255 22.050066 -11.638212
v -30.549171 22.050066 -12.333155
v -32.931629 22.050064 -12.567806
v -35.314110 22.050064 -12.333155
v -37.605007 22.050064 -11.638212
v -39.716347 22.050060 -10.509689
v -41.566933 22.050060 -8.990954
v -43.085690 22.050060 -7.140368
v -44.214218 22.050060 -5.029047
v -44.909164 22.050064 -2.738134
v -45.143784 30.914852 -0.355664
v -43.085690 30.914869 6.429043
v -41.566933 30.914869 8.279630
v -39.716347 30.914869 9.798364
v -37.605007 30.914871 10.926890
v -24.296310 30.914875 8.279630
v -22.777626 30.914877 6.429043
v -21.649111 30.914877 4.317723
v -20.954153 30.914860 -2.738135
v -24.296310 30.914848 -8.990956
v -28.258255 30.914848 -11.638214
v -35.314110 30.914845 -12.333157
v -37.605007 30.914845 -11.638214
v -39.716347 30.914843 -10.509689
v -41.566933 30.914843 -8.990956
v -43.085690 30.914843 -7.140369
v -44.214218 30.914843 -5.029049
v 39.651997 20.915834 -2.421458
v 39.870552 20.915834 -0.202449
v 40.517811 20.915861 1.931287
v 41.568909 20.915861 3.897748
v 42.983444 20.915863 5.621367
v 44.707066 20.915863 7.035903
v 46.673523 20.915863 8.086999
v 48.807259 20.915863 8.734259
v 51.026272 20.915867 8.952815
v 53.245281 20.915867 8.734259
v 55.379013 20.915867 8.086999
v 57.345470 20.915869 7.035903
v 59.069096 20.915869 5.621367
v 60.483631 20.915869 3.897748
v 61.534729 20.915869 1.931287
v 62.181988 20.915842 -0.202449
v 62.400536 20.915842 -2.421458
v 62.181988 20.915842 -4.640469
v 61.534729 20.915831 -6.774204
v 60.483631 20.915831 -8.740666
v 59.069096 20.915831 -10.464282
v 57.345470 20.915831 -11.878817
v 55.379013 20.915829 -12.929914
v 53.245281 20.915825 -13.577173
v 51.026272 20.915825 -13.795729
v 48.807259 20.915823 -13.577173
v 46.673523 20.915825 -12.929914
v 44.707066 20.915825 -11.878817
v 42.983444 20.915825 -10.464282
v 41.568909 20.915823 -8.740666
v 40.517811 20.915823 -6.774204
v 39.870552 20.915834 -4.640469
v 41.299534 28.461340 -2.421458
v 41.486427 28.461340 -0.523868
v 42.039940 28.461361 1.300800
v 42.938786 28.461363 2.982425
v 44.148426 28.461363 4.456381
v 45.622387 28.461363 5.666024
v 47.304008 28.461361 6.564871
v 49.128677 28.461361 7.118379
v 51.026268 28.461363 7.305276
v 52.923859 28.461363 7.118379
v 54.748528 28.461363 6.564871
v 56.430149 28.461365 5.666024
v 57.904110 28.461369 4.456381
v 59.113750 28.461369 2.982425
v 60.012596 28.461369 1.300802
v 60.566101 28.461346 -0.523867
v 60.753002 28.461346 -2.421458
v 60.566101 28.461346 -4.319052
v 60.012596 28.461334 -6.143722
v 59.113750 28.461334 -7.825344
v 57.904110 28.461334 -9.299300
v 56.430149 28.461332 -10.508940
v 54.748528 28.461334 -11.407787
v 52.923859 28.461334 -11.961296
v 51.026268 28.461334 -12.148191
v 49.128677 28.461332 -11.961296
v 47.304001 28.461332 -11.407787
v 45.622387 28.461330 -10.508943
v 44.148426 28.461330 -9.299300
v 42.938786 28.461330 -7.825344
v 42.039940 28.461327 -6.143721
v 41.486427 28.461340 -4.319051
v 59.316578 6.186923 -4.816918
v 59.316578 6.186924 0.747573
v 44.764053 6.186918 -3.668581
v 44.764053 6.186919 4.658599
v 59.316578 0.000000 -4.816916
v 59.316578 0.000000 0.747574
v 44.764057 0.000000 -3.668580
v 44.764057 0.000000 4.658600
v -18.377697 6.186898 -2.625232
v -19.067619 6.186898 4.722901
v -36.331261 6.186892 -3.290082
v -37.363735 6.186893 4.972846
v -18.377697 0.000000 -2.625231
v -19.067619 0.000000 4.722902
v -36.331261 0.000000 -3.290079
v -37.363735 0.000000 4.972847
v 44.764057 3.350644 2.615352
v 44.764057 3.350644 -1.625333
v 44.764057 0.000000 -1.625333
v 44.764057 0.000000 2.615354
v -19.565994 3.350623 2.615352
v -19.565994 3.350623 -1.625333
v -19.565994 0.000000 -1.625333
v -19.565994 0.000000 2.615354
v 39.651993 28.461340 -2.421458
v 39.870548 28.461340 -0.202449
v 40.517807 28.461363 1.931286
v 41.568909 28.461363 3.897748
v 42.983444 28.461365 5.621367
v 44.707062 28.461365 7.035902
v 46.673515 28.461365 8.086997
v 48.807259 28.461365 8.734259
v 51.026268 28.461369 8.952814
v 53.245277 28.461369 8.734259
v 55.379009 28.461369 8.086997
v 57.345467 28.461370 7.035902
v 59.069092 28.461370 5.621367
v 60.483627 28.461370 3.897748
v 61.534729 28.461370 1.931286
v 62.181988 28.461346 -0.202449
v 62.400532 28.461346 -2.421458
v 62.181988 28.461346 -4.640470
v 61.534729 28.461332 -6.774206
v 60.483627 28.461332 -8.740667
v 59.069092 28.461332 -10.464285
v 57.345467 28.461332 -11.878819
v 55.379009 28.461330 -12.929914
v 53.245277 28.461327 -13.577175
v 51.026268 28.461327 -13.795731
v 48.807259 28.461325 -13.577175
v 46.673515 28.461327 -12.929914
v 44.707062 28.461327 -11.878819
v 42.983444 28.461327 -10.464285
v 41.568909 28.461325 -8.740667
v 40.517807 28.461325 -6.774206
v 39.870548 28.461340 -4.640470
v -43.496239 30.914852 -0.355664
v -43.293274 30.914852 1.705400
v -42.692101 30.914869 3.687235
v -41.715820 30.914867 5.513714
v -40.401947 30.914867 7.114641
v -38.801029 30.914867 8.428486
v -36.974533 30.914869 9.404762
v -34.992683 30.914869 10.005949
v -32.931629 30.914869 10.208945
v -30.870579 30.914869 10.005949
v -28.888739 30.914871 9.404762
v -27.062223 30.914871 8.428484
v -25.461300 30.914871 7.114651
v -24.147518 30.914871 5.513734
v -23.171236 30.914877 3.687235
v -22.570036 30.914860 1.705379
v -22.367027 30.914860 -0.355664
v -22.570036 30.914860 -2.416707
v -23.171236 30.914850 -4.398562
v -24.147518 30.914850 -6.225060
v -25.461300 30.914850 -7.825978
v -27.062223 30.914850 -9.139809
v -28.888739 30.914850 -10.116086
v -30.870579 30.914848 -10.717276
v -32.931629 30.914848 -10.920269
v -34.992683 30.914848 -10.717276
v -36.974533 30.914848 -10.116086
v -38.801029 30.914845 -9.139812
v -40.401947 30.914845 -7.825968
v -41.715820 30.914845 -6.225039
v -42.692101 30.914843 -4.398562
v -43.293274 30.914852 -2.416728
v -44.909164 30.914852 2.026808
v -44.214218 30.914869 4.317723
v -35.314110 30.914871 11.621830
v -32.931629 30.914871 11.856484
v -30.549171 30.914875 11.621830
v -28.258255 30.914875 10.926890
v -26.146906 30.914875 9.798364
v -20.954153 30.914860 2.026808
v -20.719488 30.914860 -0.355664
v -21.649111 30.914850 -5.029049
v -22.777626 30.914850 -7.140369
v -26.146906 30.914848 -10.509689
v -30.549171 30.914848 -12.333157
v -32.931629 30.914845 -12.567808
v -44.909164 30.914852 -2.738135
v 42.947075 28.767132 -2.421458
v 43.102310 28.767132 -0.845287
v 43.562065 28.767151 0.670316
v 44.308662 28.767151 2.067102
v 45.313416 28.767151 3.291395
v 46.537704 28.767151 4.296146
v 47.934494 28.767149 5.042744
v 49.450092 28.767149 5.502498
v 51.026268 28.767151 5.657739
v 52.602432 28.767151 5.502498
v 54.118042 28.767151 5.042744
v 55.514824 28.767155 4.296146
v 56.739120 28.767155 3.291395
v 57.743874 28.767157 2.067101
v 58.490479 28.767157 0.670316
v 58.950226 28.767138 -0.845284
v 59.105461 28.767138 -2.421458
v 58.950226 28.767138 -3.997635
v 58.490479 28.767128 -5.513236
v 57.743874 28.767128 -6.910019
v 56.739120 28.767126 -8.134315
v 55.514832 28.767126 -9.139064
v 54.118042 28.767130 -9.885662
v 52.602432 28.767130 -10.345413
v 51.026268 28.767130 -10.500655
v 49.450092 28.767128 -10.345413
v 47.934494 28.767128 -9.885662
v 46.537704 28.767124 -9.139065
v 45.313416 28.767124 -8.134315
v 44.308662 28.767124 -6.910022
v 43.562065 28.767124 -5.513235
v 43.102310 28.767132 -3.997632
v -41.848709 31.220644 -0.355664
v -41.677399 31.220644 1.383995
v -41.169968 31.220661 3.056747
v -40.345947 31.220657 4.598385
v -39.236973 31.220657 5.949652
v -37.885700 31.220661 7.058606
v -36.344040 31.220661 7.882636
v -34.671257 31.220661 8.390068
v -32.931629 31.220661 8.561408
v -31.192005 31.220661 8.390068
v -29.519222 31.220663 7.882634
v -27.977541 31.220663 7.058601
v -26.626308 31.220663 5.949673
v -25.517395 31.220663 4.598426
v -24.693363 31.220665 3.056748
v -24.185913 31.220648 1.383950
v -24.014566 31.220648 -0.355664
v -24.185913 31.220648 -2.095278
v -24.693363 31.220638 -3.768075
v -25.517395 31.220642 -5.309752
v -26.626308 31.220642 -6.661000
v -27.977541 31.220642 -7.769928
v -29.519222 31.220642 -8.593958
v -31.192005 31.220638 -9.101395
v -32.931629 31.220638 -9.272734
v -34.671257 31.220638 -9.101395
v -36.344040 31.220638 -8.593961
v -37.885700 31.220638 -7.769932
v -39.236973 31.220636 -6.660978
v -40.345947 31.220636 -5.309710
v -41.169968 31.220634 -3.768074
v -41.677399 31.220644 -2.095323
v -43.496239 29.873144 -0.355664
v -43.293274 29.873144 1.705400
v -42.692101 29.873161 3.687235
v -41.715820 29.873159 5.513714
v -40.401947 29.873159 7.114641
v -38.801029 29.873159 8.428486
v -36.974533 29.873161 9.404762
v -34.992683 29.873161 10.005949
v -32.931629 29.873161 10.208945
v -30.870579 29.873161 10.005949
v -28.888739 29.873163 9.404762
v -27.062223 29.873163 8.428484
v -25.461300 29.873163 7.114651
v -24.147518 29.873163 5.513734
v -23.171236 29.873169 3.687235
v -22.570036 29.873152 1.705379
v -22.367027 29.873152 -0.355664
v -22.570036 29.873152 -2.416707
v -23.171236 29.873140 -4.398562
v -24.147518 29.873140 -6.225060
v -25.461300 29.873140 -7.825978
v -27.062223 29.873140 -9.139809
v -28.888739 29.873140 -10.116086
v -30.870579 29.873138 -10.717276
v -32.931629 29.873138 -10.920269
v -34.992683 29.873138 -10.717276
v -36.974533 29.873138 -10.116086
v -38.801029 29.873135 -9.139812
v -40.401947 29.873135 -7.825968
v -41.715820 29.873135 -6.225039
v -42.692101 29.873133 -4.398562
v -43.293274 29.873144 -2.416728
v 41.299534 27.419632 -2.421458
v 41.486431 27.419632 -0.523868
v 42.039940 27.419653 1.300800
v 42.938786 27.419655 2.982425
v 44.148430 27.419655 4.456381
v 45.622387 27.419655 5.666024
v 47.304008 27.419653 6.564871
v 49.128677 27.419653 7.118379
v 51.026272 27.419655 7.305276
v 52.923859 27.419655 7.118379
v 54.748528 27.419655 6.564871
v 56.430149 27.419659 5.666024
v 57.904110 27.419661 4.456381
v 59.113750 27.419661 2.982425
v 60.012596 27.419661 1.300801
v 60.566101 27.419640 -0.523867
v 60.753002 27.419640 -2.421458
v 60.566101 27.419640 -4.319052
v 60.012596 27.419626 -6.143721
v 59.113750 27.419626 -7.825344
v 57.904110 27.419626 -9.299300
v 56.430149 27.419624 -10.508940
v 54.748528 27.419626 -11.407787
v 52.923859 27.419626 -11.961296
v 51.026272 27.419626 -12.148191
v 49.128677 27.419624 -11.961296
v 47.304005 27.419624 -11.407787
v 45.622387 27.419622 -10.508943
v 44.148430 27.419622 -9.299300
v 42.938786 27.419622 -7.825344
v 42.039940 27.419621 -6.143720
v 41.486431 27.419632 -4.319051
v 51.026268 28.767136 -2.421458
v -32.931641 31.220638 -0.355663
v 12.117319 0.000000 32.777290
v 8.021759 0.000000 32.189102
v 10.019852 0.000000 32.829174
v 8.021755 9.502086 32.189102
v 12.117314 12.240925 32.777290
v 10.324512 13.177285 32.196117
v 8.157981 13.315756 32.268906
v 10.019847 11.542235 32.829174
v 61.558731 8.354248 10.039577
v 61.558731 5.224822 10.039577
v 61.558731 8.354248 11.295139
v 61.558731 5.224822 11.295139
v 65.869080 -9.906343 -3.821435
v 46.658558 -12.788701 0.827140
v -18.534468 -14.117466 0.815495
v -35.286354 -12.775993 0.815495
v 10.728717 -22.423004 -4.357148
v -5.920372 -21.727163 -4.357148
v 66.441582 -14.552189 6.985791
v 44.074207 -17.372826 15.181171
v -20.085667 -19.398392 26.048594
v -41.829483 -18.407093 23.974478
v 10.448003 -14.234760 31.083300
v -6.164465 -19.910753 26.638725
v 27.826403 -13.355752 25.469196
v 66.795975 -11.115896 -4.046777
v 46.795979 -14.117488 0.815495
v -41.829483 -14.117459 0.815495
v -18.303663 -12.775998 0.815495
v 10.804782 -23.768244 -4.357148
v -6.164465 -23.059023 -4.357148
v 46.658554 -13.017435 2.659385
v -18.303663 -13.004732 2.647738
v 10.807710 -20.719282 3.238264
v -5.920372 -21.955898 2.647738
v 65.869080 -10.135077 -1.989191
v -35.286354 -13.004727 2.647738
v 56.795979 -12.616692 -1.615642
v -27.387363 -14.117464 0.815495
v 28.800377 -18.942867 1.342174
v -18.303663 -12.890366 1.731617
v -12.349464 -18.588245 1.342174
v 2.320161 -23.413631 -4.357148
v -5.920372 -21.841530 2.258296
v 52.827301 -15.925463 12.890940
v -28.938562 -19.398388 26.084644
v 19.211529 -13.364835 28.559473
v -13.375515 -19.714872 25.752995
v 4.856308 -16.418880 27.346260
v -41.829483 -18.811701 12.253378
v -6.164465 -21.484890 12.873705
v 10.307978 -17.016804 18.320339
v 44.534454 -17.290775 11.718243
v 66.509018 -14.558823 4.426321
v -20.085667 -20.294811 13.051782
v 39.015812 -12.165148 22.160904
v 33.039700 -14.380307 18.320339
v 20.258732 -16.990526 15.126777
v 56.263817 -11.347523 -1.497148
v -26.795008 -12.775995 0.815495
v 28.693636 -17.605852 1.347997
v -12.112019 -17.251583 1.342174
v 2.404170 -22.075085 -4.357148
v 66.332535 -10.511120 -3.934106
v 46.727264 -13.453094 0.821317
v -35.763306 -13.446728 0.815495
v -18.419067 -13.446733 0.815495
v 10.766749 -23.095625 -4.357148
v -6.042418 -22.393093 -4.357148
v 56.263817 -11.576257 0.335097
v -26.795008 -13.004730 2.647738
v 28.693636 -17.834587 2.653561
v -12.112019 -17.480314 2.647738
v 2.495565 -20.230438 2.940897
v -35.286354 -12.890360 1.731617
v 10.818758 -20.696426 2.833170
v 65.869080 -10.020710 -2.905313
v 46.658554 -12.903069 1.743262
v 28.693636 -17.720219 2.000779
v 56.263817 -11.461889 -0.581025
v 2.362165 -22.744360 -4.357148
v -12.230742 -17.919914 1.342174
v 28.747005 -18.274361 1.345086
v -27.091181 -13.446731 0.815495
v 56.529892 -11.982107 -1.556395
v -13.606497 -21.614117 12.464662
v -28.938562 -20.294809 13.051782
v 57.176712 -12.616692 5.763697
v 4.927957 -18.116135 18.320339
v -42.498390 -8.029850 1.870584
v -12.112019 -17.365950 1.994956
v -26.795008 -12.890363 1.731617
v 2.506614 -20.207581 2.535804
v 39.015812 -9.600297 22.160904
v 33.100952 -7.984767 25.765171
v 44.930668 -10.443180 18.556635
v 38.597710 -9.600297 21.561108
v 32.682846 -7.984767 25.165377
v 44.512562 -10.443180 17.956841
v 19.831129 -11.351799 30.851576
v 1.892555 -16.200769 28.598503
v 39.016628 -17.529129 14.388922
v 29.712681 -10.212811 28.271931
v 20.494795 -16.099136 18.320339
v 2.106357 -19.807201 15.233679
v 20.477360 -14.693262 18.294775
v 27.836325 -12.143449 25.483744
v 10.570565 -13.626441 30.702745
v 10.353764 -16.058258 18.387468
v 19.213541 -12.844562 28.009193
v 4.841297 -15.030170 27.324255
v 33.015717 -12.928090 18.285170
v 4.932678 -16.867073 18.327267
v 57.557457 -12.616692 14.160994
v 48.318939 -14.117489 16.049879
v 74.129028 -5.245566 -4.240059
v 74.162598 -5.245566 -1.971034
v 38.254326 -14.569999 14.600098
v 47.557457 -14.117488 8.489072
v 57.138603 -16.159378 10.257875
v 43.286057 -29.287031 13.133416
v 52.854111 -28.818699 14.516308
v 62.597240 -20.466331 12.582939
v 61.961979 -19.958855 13.884726
v 34.388851 -21.599182 13.565702
v 43.586113 -35.375465 11.277649
v 44.415684 -35.010380 9.897707
v 52.391655 -35.264694 10.987577
v 51.068344 -35.613338 12.216509
v 60.963219 -28.740086 12.205231
v 60.515869 -28.986263 13.271070
v 36.050335 -29.354389 10.649209
v -47.452362 -26.451292 27.887337
v -12.808521 -28.841526 17.101461
v -48.576195 -26.603849 24.659840
v -21.562975 -28.868711 16.415234
v -13.878963 -29.083961 14.035246
v -32.559345 -28.555668 19.827559
v -35.575340 -32.449852 22.473896
v -51.166382 -31.168407 27.498833
v -24.877718 -32.638126 19.014553
v -17.484209 -33.159531 16.469736
v -52.510254 -31.145754 25.417576
v -26.240528 -33.106903 16.899387
v -18.764923 -33.235207 14.485367
v -36.938148 -32.918629 20.358734
v -32.977203 -15.744309 27.796438
v -37.272427 -15.249170 27.378941
v -37.262032 -9.246934 26.596649
v -32.473244 -9.246936 27.352640
v -35.592216 -13.698274 31.043751
v -39.866650 -13.565722 30.344051
v -39.866650 -11.111675 30.358204
v -35.077862 -11.111677 31.114199
v -39.401840 -13.698273 40.172661
v -47.866974 -13.565718 40.172661
v -47.866974 -11.111671 40.172661
v -38.887486 -11.111675 40.172661
v -39.428905 -13.698273 41.578808
v -47.836449 -13.565718 42.278091
v -47.836449 -11.111671 42.278091
v -38.921474 -11.111675 41.494659
v -38.573730 -2.583847 41.296600
v -47.866974 -2.583844 41.627068
v -38.607719 -2.583847 42.618599
v -47.836449 -2.583844 43.732494
v -39.401844 -25.577040 40.346981
v -47.866982 -25.444487 40.346981
v -39.428909 -25.577040 41.473919
v -47.836456 -25.444487 42.034344
v -40.012856 -26.436758 38.629993
v -50.849495 -26.098389 39.904182
v -39.745548 -26.436758 41.495102
v -50.269119 -26.098389 44.172939
v -38.732391 -26.765413 37.699417
v -54.342773 -26.232349 39.463467
v -38.311287 -26.765413 41.666008
v -57.755756 -26.232349 45.510094
v -38.728348 -28.532202 37.699417
v -54.346256 -28.697376 39.463467
v -38.307598 -28.514988 41.666008
v -57.760002 -28.660007 45.510094
v -43.489578 -13.209094 10.512218
v -43.489578 -8.514851 -0.033739
v -43.489578 -12.804484 21.319305
v -42.498390 -11.891010 10.544963
v -43.489578 -11.891010 10.544963
v -43.489578 -8.029849 1.870584
v -43.489578 -11.558208 19.434130
v -42.498390 -11.558208 19.434130
v -44.750946 -9.122053 18.225819
v -44.750946 -9.329725 10.565950
v -44.750946 -6.920331 3.091169
v -44.750946 -1.700515 3.091168
v -44.750946 -2.340343 10.952551
v -44.750946 -2.340343 17.796326
v -44.750946 -8.494377 17.773197
v -44.750946 -8.688499 10.613091
v -44.750946 -6.410564 3.546142
v -44.750946 -2.340343 3.546141
v -44.750946 -1.700515 10.952551
v -44.750946 -1.700515 18.253710
v -39.766766 -2.340345 10.952551
v -39.766773 -8.688501 10.613091
v -39.766766 -2.340345 17.796326
v -39.766773 -8.494379 17.773197
v -39.766766 -6.410566 3.546142
v -39.766766 -2.340345 3.546141
v 14.439734 -9.999994 20.379810
v 14.161490 -9.999994 28.476782
v -3.447618 -9.999989 20.379810
v -3.448038 -10.003682 32.955917
v -18.433073 -9.999984 20.379810
v -17.828152 -8.910759 32.021564
v -17.596619 -10.003679 32.941574
v -17.828148 -1.096599 32.021564
v -18.433073 -8.907064 27.085625
v -18.433067 -1.139015 27.509666
v -12.950699 -8.299679 27.900160
v -12.950695 -1.700294 27.900160
v -12.951115 -1.703988 31.863062
v -12.951118 -8.303373 31.863062
v 69.898209 -5.224823 8.238878
v 69.898209 -7.980378 8.238878
v 66.247726 -8.354248 10.039577
v 66.247726 -5.224822 10.039577
v 69.898209 -5.224823 9.494441
v 69.898209 -7.980378 9.494441
v 66.247726 -8.354248 11.295139
v 66.247726 -5.224822 11.295139
v 76.458496 -5.000456 5.165743
v 76.458496 -7.163009 5.165743
v 76.458496 -5.000456 6.679239
v 76.458496 -7.163009 6.679239
v 77.740181 -5.000456 4.633624
v 77.740181 -7.163009 4.633624
v 77.740181 -5.000456 6.147119
v 77.740181 -7.163009 6.147119
v 73.111916 -5.000455 -4.888881
v 73.311638 -7.355022 -4.888881
v 75.310669 -5.000455 -5.421000
v 75.310669 -7.163009 -5.421000
v 71.683029 -5.000454 -6.542208
v 71.683029 -7.163007 -6.542208
v 73.881775 -5.000455 -7.074327
v 73.881775 -7.163008 -7.074327
v 65.368904 -5.000453 -2.172384
v 65.368904 -7.163005 -2.172384
v 63.940010 -5.000452 -3.825712
v 63.940010 -7.163005 -3.825712
v 63.831635 -5.000452 0.912307
v 63.831635 -7.163005 0.912307
v 62.402740 -5.000451 -0.741021
v 62.402740 -7.163004 -0.741021
v 70.426216 -12.132115 1.147942
v 70.492622 -12.132115 5.636693
v 68.159782 -13.540646 4.611354
v 68.132202 -13.537932 5.658456
v 70.295250 -17.834595 1.511149
v 70.353912 -17.834595 5.476627
v 68.293015 -19.078926 4.570816
v 68.268646 -19.076529 5.495853
v 70.406837 -15.005611 3.084972
v 70.435646 -15.005611 5.032143
v 70.350029 -17.479284 3.242527
v 70.375473 -17.479284 4.962708
v 72.967194 -15.005611 1.634953
v 72.995995 -15.005611 5.308494
v 72.910378 -17.479284 1.792508
v 72.935829 -17.479284 5.239058
v 77.586601 -5.000456 3.998008
v 77.184387 -5.000456 2.333461
v 76.251724 -5.000455 4.544539
v 75.667709 -5.000455 2.789881
v 72.211266 -11.115898 6.932593
v 74.162598 -2.888108 -1.971034
v 72.048950 -11.115898 -4.039424
v 74.129028 -2.888108 -4.240059
v 74.131126 -3.035030 -4.098650
v 74.160507 -3.035030 -2.112444
v 74.160507 -5.098644 -2.112444
v 74.131126 -5.098644 -4.098650
v 75.719414 -3.035030 -4.098650
v 75.748795 -3.035030 -2.112444
v 75.748795 -5.098644 -2.112444
v 75.719414 -5.098644 -4.098650
v 76.082825 -2.869251 -4.437869
v 76.122246 -2.869251 -1.773224
v 76.122246 -5.637747 -1.773224
v 76.082825 -5.637747 -4.437869
v 77.312759 -2.869251 -4.437869
v 77.352173 -2.869251 -1.773224
v 77.352173 -5.637748 -1.773224
v 77.312759 -5.637748 -4.437869
v 75.437851 -15.005612 1.634953
v 75.466652 -15.005612 5.308494
v 75.381027 -17.479286 1.792508
v 75.406487 -17.479286 5.239058
v 71.744522 -16.291658 6.443131
v 77.248016 -16.291660 6.443131
v 71.744522 -16.847031 6.388431
v 77.248016 -16.847033 6.388431
v 71.744522 -17.381060 6.226436
v 77.248016 -17.381062 6.226436
v 71.744522 -17.873222 5.963368
v 77.248016 -17.873226 5.963368
v 71.744522 -18.304607 5.609340
v 77.248016 -18.304611 5.609340
v 71.744522 -18.658636 5.177955
v 77.248016 -18.658640 5.177955
v 71.744522 -18.921703 4.685791
v 77.248016 -18.921705 4.685791
v 71.744522 -19.083698 4.151763
v 77.248016 -19.083702 4.151762
v 71.744522 -19.138399 3.596391
v 77.248016 -19.138401 3.596391
v 71.744522 -19.083698 3.041020
v 77.248016 -19.083702 3.041019
v 71.744522 -18.921703 2.506991
v 77.248016 -18.921705 2.506991
v 71.744522 -18.658636 2.014828
v 77.248016 -18.658640 2.014827
v 71.744522 -18.304607 1.583442
v 77.248016 -18.304611 1.583442
v 71.744522 -17.873222 1.229414
v 77.248016 -17.873226 1.229414
v 71.744522 -17.381060 0.966347
v 77.248016 -17.381062 0.966347
v 71.744522 -16.847031 0.804351
v 77.248016 -16.847033 0.804351
v 71.744522 -16.291658 0.749652
v 77.248016 -16.291660 0.749652
v 71.744522 -15.736288 0.804351
v 77.248016 -15.736290 0.804351
v 71.744522 -15.202259 0.966347
v 77.248016 -15.202261 0.966347
v 71.744522 -14.710094 1.229414
v 77.248016 -14.710097 1.229414
v 71.744522 -14.278709 1.583442
v 77.248016 -14.278712 1.583442
v 71.744522 -13.924683 2.014828
v 77.248016 -13.924685 2.014827
v 71.744522 -13.661614 2.506991
v 77.248016 -13.661617 2.506991
v 71.744522 -13.499619 3.041020
v 77.248016 -13.499621 3.041019
v 71.744522 -13.444920 3.596391
v 77.248016 -13.444921 3.596391
v 71.744522 -13.499619 4.151763
v 77.248016 -13.499621 4.151762
v 71.744522 -13.661614 4.685791
v 77.248016 -13.661617 4.685791
v 71.744522 -13.924683 5.177955
v 77.248016 -13.924685 5.177955
v 71.744522 -14.278709 5.609340
v 77.248016 -14.278712 5.609340
v 71.744522 -14.710094 5.963368
v 77.248016 -14.710097 5.963368
v 71.744522 -15.202259 6.226436
v 77.248016 -15.202261 6.226436
v 71.744522 -15.736288 6.388431
v 77.248016 -15.736290 6.388431
v 77.212418 -16.750961 5.905451
v 77.212418 -16.291660 5.950689
v 77.212418 -17.192612 5.771479
v 77.212418 -17.599638 5.553917
v 77.212418 -17.956402 5.261130
v 77.212418 -18.249189 4.904368
v 77.212418 -18.466747 4.497342
v 77.212418 -18.600721 4.055691
v 77.212418 -18.645958 3.596391
v 77.212418 -18.600721 3.137090
v 77.212418 -18.466747 2.695441
v 77.212418 -18.249189 2.288414
v 77.212418 -17.956402 1.931651
v 77.212418 -17.599638 1.638864
v 77.212418 -17.192612 1.421304
v 77.212418 -16.750961 1.287331
v 77.212418 -16.291660 1.242093
v 77.212418 -15.832361 1.287331
v 77.212418 -15.390711 1.421304
v 77.212418 -14.983684 1.638864
v 77.212418 -14.626922 1.931651
v 77.212418 -14.334135 2.288414
v 77.212418 -14.116574 2.695441
v 77.212418 -13.982601 3.137090
v 77.212418 -13.937365 3.596391
v 77.212418 -13.982601 4.055691
v 77.212418 -14.116574 4.497342
v 77.212418 -14.334135 4.904368
v 77.212418 -14.626922 5.261130
v 77.212418 -14.983684 5.553917
v 77.212418 -15.390711 5.771479
v 77.212418 -15.832361 5.905451
v 76.601166 -16.750961 5.905451
v 76.601166 -16.291660 5.950689
v 76.601166 -17.192610 5.771479
v 76.601166 -17.599638 5.553917
v 76.601166 -17.956400 5.261130
v 76.601166 -18.249187 4.904368
v 76.601166 -18.466747 4.497342
v 76.601166 -18.600719 4.055691
v 76.601166 -18.645958 3.596391
v 76.601166 -18.600719 3.137090
v 76.601166 -18.466747 2.695441
v 76.601166 -18.249187 2.288414
v 76.601166 -17.956400 1.931651
v 76.601166 -17.599638 1.638864
v 76.601166 -17.192610 1.421304
v 76.601166 -16.750961 1.287331
v 76.601166 -16.291660 1.242093
v 76.601166 -15.832359 1.287331
v 76.601166 -15.390710 1.421304
v 76.601166 -14.983683 1.638864
v 76.601166 -14.626921 1.931651
v 76.601166 -14.334134 2.288414
v 76.601166 -14.116573 2.695441
v 76.601166 -13.982600 3.137090
v 76.601166 -13.937364 3.596391
v 76.601166 -13.982600 4.055691
v 76.601166 -14.116573 4.497342
v 76.601166 -14.334134 4.904368
v 76.601166 -14.626921 5.261130
v 76.601166 -14.983683 5.553917
v 76.601166 -15.390710 5.771479
v 76.601166 -15.832359 5.905451
v 76.678909 -4.209289 -0.932843
v 79.938522 -4.209290 -0.932844
v 76.678909 -4.608746 -0.972186
v 79.938522 -4.608747 -0.972187
v 76.678909 -4.992855 -1.088706
v 79.938522 -4.992856 -1.088706
v 76.678909 -5.346848 -1.277919
v 79.938522 -5.346849 -1.277919
v 76.678909 -5.657130 -1.532558
v 79.938522 -5.657131 -1.532558
v 76.678909 -5.911768 -1.842838
v 79.938522 -5.911769 -1.842838
v 76.678909 -6.100983 -2.196832
v 79.938522 -6.100984 -2.196832
v 76.678909 -6.217501 -2.580939
v 79.938522 -6.217502 -2.580939
v 76.678909 -6.256845 -2.980397
v 79.938522 -6.256845 -2.980397
v 76.678909 -6.217501 -3.379856
v 79.938522 -6.217502 -3.379856
v 76.678909 -6.100983 -3.763962
v 79.938522 -6.100984 -3.763962
v 76.678909 -5.911768 -4.117959
v 79.938522 -5.911769 -4.117959
v 76.678909 -5.657130 -4.428237
v 79.938522 -5.657131 -4.428237
v 76.678909 -5.346848 -4.682877
v 79.938522 -5.346849 -4.682877
v 76.678909 -4.992855 -4.872090
v 79.938522 -4.992856 -4.872090
v 76.678909 -4.608746 -4.988608
v 79.938522 -4.608747 -4.988608
v 76.678909 -4.209289 -5.027953
v 79.938522 -4.209290 -5.027953
v 76.678909 -3.809831 -4.988608
v 79.938522 -3.809833 -4.988608
v 76.678909 -3.425725 -4.872090
v 79.938522 -3.425726 -4.872090
v 76.678909 -3.071728 -4.682877
v 79.938522 -3.071729 -4.682877
v 76.678909 -2.761450 -4.428237
v 79.938522 -2.761451 -4.428237
v 76.678909 -2.506809 -4.117959
v 79.938522 -2.506811 -4.117959
v 76.678909 -2.317596 -3.763962
v 79.938522 -2.317597 -3.763962
v 76.678909 -2.201078 -3.379856
v 79.938522 -2.201079 -3.379856
v 76.678909 -2.161736 -2.980397
v 79.938522 -2.161737 -2.980397
v 76.678909 -2.201078 -2.580939
v 79.938522 -2.201079 -2.580939
v 76.678909 -2.317596 -2.196832
v 79.938522 -2.317597 -2.196832
v 76.678909 -2.506809 -1.842838
v 79.938522 -2.506811 -1.842838
v 76.678909 -2.761450 -1.532558
v 79.938522 -2.761451 -1.532558
v 76.678909 -3.071728 -1.277919
v 79.938522 -3.071729 -1.277919
v 76.678909 -3.425725 -1.088706
v 79.938522 -3.425726 -1.088706
v 76.678909 -3.809831 -0.972186
v 79.938522 -3.809833 -0.972187
v 79.917442 -4.539648 -1.319577
v 79.917442 -4.209290 -1.287039
v 79.917442 -4.857310 -1.415938
v 79.917442 -5.150070 -1.572421
v 79.917442 -5.406676 -1.783012
v 79.917442 -5.617266 -2.039619
v 79.917442 -5.773750 -2.332377
v 79.917442 -5.870111 -2.650040
v 79.917442 -5.902650 -2.980397
v 79.917442 -5.870111 -3.310755
v 79.917442 -5.773750 -3.628419
v 79.917442 -5.617266 -3.921178
v 79.917442 -5.406676 -4.177783
v 79.917442 -5.150070 -4.388373
v 79.917442 -4.857310 -4.544857
v 79.917442 -4.539648 -4.641219
v 79.917442 -4.209290 -4.673756
v 79.917442 -3.878931 -4.641219
v 79.917442 -3.561270 -4.544857
v 79.917442 -3.268510 -4.388373
v 79.917442 -3.011905 -4.177783
v 79.917442 -2.801315 -3.921178
v 79.917442 -2.644831 -3.628419
v 79.917442 -2.548470 -3.310755
v 79.917442 -2.515931 -2.980397
v 79.917442 -2.548470 -2.650040
v 79.917442 -2.644831 -2.332377
v 79.917442 -2.801315 -2.039619
v 79.917442 -3.011905 -1.783012
v 79.917442 -3.268510 -1.572421
v 79.917442 -3.561270 -1.415938
v 79.917442 -3.878931 -1.319577
v 79.555405 -4.539648 -1.319577
v 79.555405 -4.209290 -1.287039
v 79.555405 -4.857310 -1.415938
v 79.555405 -5.150069 -1.572421
v 79.555405 -5.406675 -1.783012
v 79.555405 -5.617266 -2.039619
v 79.555405 -5.773749 -2.332377
v 79.555405 -5.870111 -2.650040
v 79.555405 -5.902649 -2.980397
v 79.555405 -5.870111 -3.310755
v 79.555405 -5.773749 -3.628419
v 79.555405 -5.617266 -3.921178
v 79.555405 -5.406675 -4.177783
v 79.555405 -5.150069 -4.388373
v 79.555405 -4.857310 -4.544857
v 79.555405 -4.539648 -4.641219
v 79.555405 -4.209290 -4.673756
v 79.555405 -3.878931 -4.641219
v 79.555405 -3.561270 -4.544857
v 79.555405 -3.268510 -4.388373
v 79.555405 -3.011905 -4.177783
v 79.555405 -2.801315 -3.921178
v 79.555405 -2.644831 -3.628419
v 79.555405 -2.548470 -3.310755
v 79.555405 -2.515931 -2.980397
v 79.555405 -2.548470 -2.650040
v 79.555405 -2.644831 -2.332377
v 79.555405 -2.801315 -2.039619
v 79.555405 -3.011905 -1.783012
v 79.555405 -3.268510 -1.572421
v 79.555405 -3.561270 -1.415938
v 79.555405 -3.878931 -1.319577
v 43.197365 -33.299011 13.016832
v 38.570980 -29.351847 12.882521
v 36.873989 -26.100819 13.483735
v 51.195480 -33.237053 14.633904
v 56.951656 -24.254154 15.355881
v -34.540802 -27.626505 23.992491
v -31.966370 -27.907173 23.253195
v -23.388603 -31.161301 19.223625
v -17.333668 -28.474321 18.609159
v 49.090611 -20.915829 -2.421458
v 49.127804 -20.915829 -2.043831
v 49.237953 -20.915834 -1.680713
v 49.416828 -20.915834 -1.346064
v 49.657551 -20.915834 -1.052741
v 49.950874 -20.915836 -0.812017
v 50.285526 -20.915836 -0.633143
v 50.648636 -20.915836 -0.522993
v 51.026268 -20.915836 -0.485800
v 51.403900 -20.915836 -0.522993
v 51.767010 -20.915836 -0.633143
v 52.101665 -20.915836 -0.812017
v 52.394985 -20.915836 -1.052741
v 52.635712 -20.915836 -1.346064
v 52.814583 -20.915836 -1.680713
v 52.924732 -20.915831 -2.043831
v 52.961926 -20.915831 -2.421458
v 52.924732 -20.915831 -2.799087
v 52.814583 -20.915831 -3.162203
v 52.635712 -20.915831 -3.496852
v 52.394985 -20.915831 -3.790176
v 52.101665 -20.915831 -4.030900
v 51.767010 -20.915831 -4.209773
v 51.403900 -20.915831 -4.319923
v 51.026268 -20.915831 -4.357117
v 50.648636 -20.915831 -4.319923
v 50.285526 -20.915831 -4.209773
v 49.950874 -20.915831 -4.030900
v 49.657551 -20.915829 -3.790176
v 49.416828 -20.915829 -3.496852
v 49.237953 -20.915829 -3.162203
v 49.127804 -20.915829 -2.799087
v -35.343407 -22.050077 -0.355662
v -35.297066 -22.050077 0.114848
v -35.159824 -22.050079 0.567275
v -34.936951 -22.050079 0.984235
v -34.637020 -22.050079 1.349703
v -34.271553 -22.050079 1.649635
v -33.854588 -22.050079 1.872505
v -33.402164 -22.050079 2.009747
v -32.931660 -22.050079 2.056088
v -32.461155 -22.050079 2.009747
v -32.008713 -22.050079 1.872505
v -31.591757 -22.050079 1.649635
v -31.226290 -22.050079 1.349703
v -30.926359 -22.050079 0.984235
v -30.703495 -22.050083 0.567275
v -30.566242 -22.050079 0.114848
v -30.519913 -22.050079 -0.355662
v -30.566242 -22.050079 -0.826171
v -30.703495 -22.050077 -1.278599
v -30.926359 -22.050076 -1.695558
v -31.226290 -22.050076 -2.061027
v -31.591757 -22.050076 -2.360959
v -32.008713 -22.050076 -2.583827
v -32.461155 -22.050076 -2.721069
v -32.931660 -22.050076 -2.767412
v -33.402164 -22.050076 -2.721069
v -33.854588 -22.050076 -2.583827
v -34.271553 -22.050076 -2.360959
v -34.637020 -22.050076 -2.061027
v -34.936951 -22.050076 -1.695558
v -35.159824 -22.050076 -1.278599
v -35.297066 -22.050077 -0.826171
v -45.143784 -22.050064 -0.355663
v -44.909164 -22.050064 2.026808
v -44.214218 -22.050085 4.317723
v -43.085690 -22.050085 6.429044
v -41.566933 -22.050085 8.279631
v -39.716347 -22.050085 9.798368
v -37.605007 -22.050087 10.926890
v -35.314110 -22.050087 11.621833
v -32.931629 -22.050087 11.856484
v -30.549171 -22.050091 11.621833
v -28.258255 -22.050091 10.926890
v -26.146906 -22.050091 9.798368
v -24.296310 -22.050091 8.279631
v -22.777626 -22.050093 6.429044
v -21.649111 -22.050093 4.317723
v -20.954153 -22.050072 2.026808
v -20.719488 -22.050072 -0.355663
v -20.954153 -22.050072 -2.738134
v -21.649111 -22.050068 -5.029047
v -22.777626 -22.050068 -7.140368
v -24.296310 -22.050066 -8.990954
v -26.146906 -22.050066 -10.509689
v -28.258255 -22.050066 -11.638212
v -30.549171 -22.050066 -12.333155
v -32.931629 -22.050064 -12.567806
v -35.314110 -22.050064 -12.333155
v -37.605007 -22.050064 -11.638212
v -39.716347 -22.050060 -10.509689
v -41.566933 -22.050060 -8.990954
v -43.085690 -22.050060 -7.140368
v -44.214218 -22.050060 -5.029047
v -44.909164 -22.050064 -2.738134
v -45.143784 -30.914852 -0.355664
v -43.085690 -30.914869 6.429043
v -41.566933 -30.914869 8.279630
v -39.716347 -30.914869 9.798364
v -37.605007 -30.914871 10.926890
v -24.296310 -30.914875 8.279630
v -22.777626 -30.914877 6.429043
v -21.649111 -30.914877 4.317723
v -20.954153 -30.914860 -2.738135
v -24.296310 -30.914848 -8.990956
v -28.258255 -30.914848 -11.638214
v -35.314110 -30.914845 -12.333157
v -37.605007 -30.914845 -11.638214
v -39.716347 -30.914843 -10.509689
v -41.566933 -30.914843 -8.990956
v -43.085690 -30.914843 -7.140369
v -44.214218 -30.914843 -5.029049
v 39.651997 -20.915834 -2.421458
v 39.870552 -20.915834 -0.202449
v 40.517811 -20.915861 1.931287
v 41.568909 -20.915861 3.897748
v 42.983444 -20.915863 5.621367
v 44.707066 -20.915863 7.035903
v 46.673523 -20.915863 8.086999
v 48.807259 -20.915863 8.734259
v 51.026272 -20.915867 8.952815
v 53.245281 -20.915867 8.734259
v 55.379013 -20.915867 8.086999
v 57.345470 -20.915869 7.035903
v 59.069096 -20.915869 5.621367
v 60.483631 -20.915869 3.897748
v 61.534729 -20.915869 1.931287
v 62.181988 -20.915842 -0.202449
v 62.400536 -20.915842 -2.421458
v 62.181988 -20.915842 -4.640469
v 61.534729 -20.915831 -6.774204
v 60.483631 -20.915831 -8.740666
v 59.069096 -20.915831 -10.464282
v 57.345470 -20.915831 -11.878817
v 55.379013 -20.915829 -12.929914
v 53.245281 -20.915825 -13.577173
v 51.026272 -20.915825 -13.795729
v 48.807259 -20.915823 -13.577173
v 46.673523 -20.915825 -12.929914
v 44.707066 -20.915825 -11.878817
v 42.983444 -20.915825 -10.464282
v 41.568909 -20.915823 -8.740666
v 40.517811 -20.915823 -6.774204
v 39.870552 -20.915834 -4.640469
v 41.299534 -28.461340 -2.421458
v 41.486427 -28.461340 -0.523868
v 42.039940 -28.461361 1.300800
v 42.938786 -28.461363 2.982425
v 44.148426 -28.461363 4.456381
v 45.622387 -28.461363 5.666024
v 47.304008 -28.461361 6.564871
v 49.128677 -28.461361 7.118379
v 51.026268 -28.461363 7.305276
v 52.923859 -28.461363 7.118379
v 54.748528 -28.461363 6.564871
v 56.430149 -28.461365 5.666024
v 57.904110 -28.461369 4.456381
v 59.113750 -28.461369 2.982425
v 60.012596 -28.461369 1.300802
v 60.566101 -28.461346 -0.523867
v 60.753002 -28.461346 -2.421458
v 60.566101 -28.461346 -4.319052
v 60.012596 -28.461334 -6.143722
v 59.113750 -28.461334 -7.825344
v 57.904110 -28.461334 -9.299300
v 56.430149 -28.461332 -10.508940
v 54.748528 -28.461334 -11.407787
v 52.923859 -28.461334 -11.961296
v 51.026268 -28.461334 -12.148191
v 49.128677 -28.461332 -11.961296
v 47.304001 -28.461332 -11.407787
v 45.622387 -28.461330 -10.508943
v 44.148426 -28.461330 -9.299300
v 42.938786 -28.461330 -7.825344
v 42.039940 -28.461327 -6.143721
v 41.486427 -28.461340 -4.319051
v 59.316578 -6.186923 -4.816918
v 59.316578 -6.186924 0.747573
v 44.764053 -6.186918 -3.668581
v 44.764053 -6.186919 4.658599
v -18.377697 -6.186898 -2.625232
v -19.067619 -6.186898 4.722901
v -36.331261 -6.186892 -3.290082
v -37.363735 -6.186893 4.972846
v 44.764057 -3.350644 2.615352
v 44.764057 -3.350644 -1.625333
v -19.565994 -3.350623 2.615352
v -19.565994 -3.350623 -1.625333
v 39.651993 -28.461340 -2.421458
v 39.870548 -28.461340 -0.202449
v 40.517807 -28.461363 1.931286
v 41.568909 -28.461363 3.897748
v 42.983444 -28.461365 5.621367
v 44.707062 -28.461365 7.035902
v 46.673515 -28.461365 8.086997
v 48.807259 -28.461365 8.734259
v 51.026268 -28.461369 8.952814
v 53.245277 -28.461369 8.734259
v 55.379009 -28.461369 8.086997
v 57.345467 -28.461370 7.035902
v 59.069092 -28.461370 5.621367
v 60.483627 -28.461370 3.897748
v 61.534729 -28.461370 1.931286
v 62.181988 -28.461346 -0.202449
v 62.400532 -28.461346 -2.421458
v 62.181988 -28.461346 -4.640470
v 61.534729 -28.461332 -6.774206
v 60.483627 -28.461332 -8.740667
v 59.069092 -28.461332 -10.464285
v 57.345467 -28.461332 -11.878819
v 55.379009 -28.461330 -12.929914
v 53.245277 -28.461327 -13.577175
v 51.026268 -28.461327 -13.795731
v 48.807259 -28.461325 -13.577175
v 46.673515 -28.461327 -12.929914
v 44.707062 -28.461327 -11.878819
v 42.983444 -28.461327 -10.464285
v 41.568909 -28.461325 -8.740667
v 40.517807 -28.461325 -6.774206
v 39.870548 -28.461340 -4.640470
v -43.496239 -30.914852 -0.355664
v -43.293274 -30.914852 1.705400
v -42.692101 -30.914869 3.687235
v -41.715820 -30.914867 5.513714
v -40.401947 -30.914867 7.114641
v -38.801029 -30.914867 8.428486
v -36.974533 -30.914869 9.404762
v -34.992683 -30.914869 10.005949
v -32.931629 -30.914869 10.208945
v -30.870579 -30.914869 10.005949
v -28.888739 -30.914871 9.404762
v -27.062223 -30.914871 8.428484
v -25.461300 -30.914871 7.114651
v -24.147518 -30.914871 5.513734
v -23.171236 -30.914877 3.687235
v -22.570036 -30.914860 1.705379
v -22.367027 -30.914860 -0.355664
v -22.570036 -30.914860 -2.416707
v -23.171236 -30.914850 -4.398562
v -24.147518 -30.914850 -6.225060
v -25.461300 -30.914850 -7.825978
v -27.062223 -30.914850 -9.139809
v -28.888739 -30.914850 -10.116086
v -30.870579 -30.914848 -10.717276
v -32.931629 -30.914848 -10.920269
v -34.992683 -30.914848 -10.717276
v -36.974533 -30.914848 -10.116086
v -38.801029 -30.914845 -9.139812
v -40.401947 -30.914845 -7.825968
v -41.715820 -30.914845 -6.225039
v -42.692101 -30.914843 -4.398562
v -43.293274 -30.914852 -2.416728
v -44.909164 -30.914852 2.026808
v -44.214218 -30.914869 4.317723
v -35.314110 -30.914871 11.621830
v -32.931629 -30.914871 11.856484
v -30.549171 -30.914875 11.621830
v -28.258255 -30.914875 10.926890
v -26.146906 -30.914875 9.798364
v -20.954153 -30.914860 2.026808
v -20.719488 -30.914860 -0.355664
v -21.649111 -30.914850 -5.029049
v -22.777626 -30.914850 -7.140369
v -26.146906 -30.914848 -10.509689
v -30.549171 -30.914848 -12.333157
v -32.931629 -30.914845 -12.567808
v -44.909164 -30.914852 -2.738135
v 42.947075 -28.767132 -2.421458
v 43.102310 -28.767132 -0.845287
v 43.562065 -28.767151 0.670316
v 44.308662 -28.767151 2.067102
v 45.313416 -28.767151 3.291395
v 46.537704 -28.767151 4.296146
v 47.934494 -28.767149 5.042744
v 49.450092 -28.767149 5.502498
v 51.026268 -28.767151 5.657739
v 52.602432 -28.767151 5.502498
v 54.118042 -28.767151 5.042744
v 55.514824 -28.767155 4.296146
v 56.739120 -28.767155 3.291395
v 57.743874 -28.767157 2.067101
v 58.490479 -28.767157 0.670316
v 58.950226 -28.767138 -0.845284
v 59.105461 -28.767138 -2.421458
v 58.950226 -28.767138 -3.997635
v 58.490479 -28.767128 -5.513236
v 57.743874 -28.767128 -6.910019
v 56.739120 -28.767126 -8.134315
v 55.514832 -28.767126 -9.139064
v 54.118042 -28.767130 -9.885662
v 52.602432 -28.767130 -10.345413
v 51.026268 -28.767130 -10.500655
v 49.450092 -28.767128 -10.345413
v 47.934494 -28.767128 -9.885662
v 46.537704 -28.767124 -9.139065
v 45.313416 -28.767124 -8.134315
v 44.308662 -28.767124 -6.910022
v 43.562065 -28.767124 -5.513235
v 43.102310 -28.767132 -3.997632
v -41.848709 -31.220644 -0.355664
v -41.677399 -31.220644 1.383995
v -41.169968 -31.220661 3.056747
v -40.345947 -31.220657 4.598385
v -39.236973 -31.220657 5.949652
v -37.885700 -31.220661 7.058606
v -36.344040 -31.220661 7.882636
v -34.671257 -31.220661 8.390068
v -32.931629 -31.220661 8.561408
v -31.192005 -31.220661 8.390068
v -29.519222 -31.220663 7.882634
v -27.977541 -31.220663 7.058601
v -26.626308 -31.220663 5.949673
v -25.517395 -31.220663 4.598426
v -24.693363 -31.220665 3.056748
v -24.185913 -31.220648 1.383950
v -24.014566 -31.220648 -0.355664
v -24.185913 -31.220648 -2.095278
v -24.693363 -31.220638 -3.768075
v -25.517395 -31.220642 -5.309752
v -26.626308 -31.220642 -6.661000
v -27.977541 -31.220642 -7.769928
v -29.519222 -31.220642 -8.593958
v -31.192005 -31.220638 -9.101395
v -32.931629 -31.220638 -9.272734
v -34.671257 -31.220638 -9.101395
v -36.344040 -31.220638 -8.593961
v -37.885700 -31.220638 -7.769932
v -39.236973 -31.220636 -6.660978
v -40.345947 -31.220636 -5.309710
v -41.169968 -31.220634 -3.768074
v -41.677399 -31.220644 -2.095323
v -43.496239 -29.873144 -0.355664
v -43.293274 -29.873144 1.705400
v -42.692101 -29.873161 3.687235
v -41.715820 -29.873159 5.513714
v -40.401947 -29.873159 7.114641
v -38.801029 -29.873159 8.428486
v -36.974533 -29.873161 9.404762
v -34.992683 -29.873161 10.005949
v -32.931629 -29.873161 10.208945
v -30.870579 -29.873161 10.005949
v -28.888739 -29.873163 9.404762
v -27.062223 -29.873163 8.428484
v -25.461300 -29.873163 7.114651
v -24.147518 -29.873163 5.513734
v -23.171236 -29.873169 3.687235
v -22.570036 -29.873152 1.705379
v -22.367027 -29.873152 -0.355664
v -22.570036 -29.873152 -2.416707
v -23.171236 -29.873140 -4.398562
v -24.147518 -29.873140 -6.225060
v -25.461300 -29.873140 -7.825978
v -27.062223 -29.873140 -9.139809
v -28.888739 -29.873140 -10.116086
v -30.870579 -29.873138 -10.717276
v -32.931629 -29.873138 -10.920269
v -34.992683 -29.873138 -10.717276
v -36.974533 -29.873138 -10.116086
v -38.801029 -29.873135 -9.139812
v -40.401947 -29.873135 -7.825968
v -41.715820 -29.873135 -6.225039
v -42.692101 -29.873133 -4.398562
v -43.293274 -29.873144 -2.416728
v 41.299534 -27.419632 -2.421458
v 41.486431 -27.419632 -0.523868
v 42.039940 -27.419653 1.300800
v 42.938786 -27.419655 2.982425
v 44.148430 -27.419655 4.456381
v 45.622387 -27.419655 5.666024
v 47.304008 -27.419653 6.564871
v 49.128677 -27.419653 7.118379
v 51.026272 -27.419655 7.305276
v 52.923859 -27.419655 7.118379
v 54.748528 -27.419655 6.564871
v 56.430149 -27.419659 5.666024
v 57.904110 -27.419661 4.456381
v 59.113750 -27.419661 2.982425
v 60.012596 -27.419661 1.300801
v 60.566101 -27.419640 -0.523867
v 60.753002 -27.419640 -2.421458
v 60.566101 -27.419640 -4.319052
v 60.012596 -27.419626 -6.143721
v 59.113750 -27.419626 -7.825344
v 57.904110 -27.419626 -9.299300
v 56.430149 -27.419624 -10.508940
v 54.748528 -27.419626 -11.407787
v 52.923859 -27.419626 -11.961296
v 51.026272 -27.419626 -12.148191
v 49.128677 -27.419624 -11.961296
v 47.304005 -27.419624 -11.407787
v 45.622387 -27.419622 -10.508943
v 44.148430 -27.419622 -9.299300
v 42.938786 -27.419622 -7.825344
v 42.039940 -27.419621 -6.143720
v 41.486431 -27.419632 -4.319051
v 51.026268 -28.767136 -2.421458
v -32.931641 -31.220638 -0.355663
v 8.021755 -9.502086 32.189102
v 12.117314 -12.240925 32.777290
v 10.324512 -13.177285 32.196117
v 8.157981 -13.315756 32.268906
v 10.019847 -11.542235 32.829174
v 61.558731 -8.354248 10.039577
v 61.558731 -5.224822 10.039577
v 61.558731 -8.354248 11.295139
v 61.558731 -5.224822 11.295139
vn 0.9997 0.0002 0.0240
vn -0.0000 -0.0028 -1.0000
vn -0.0420 0.0533 0.9977
vn -0.6392 -0.1005 0.7624
vn 0.2422 -0.0000 0.9702
vn 0.3478 0.8979 0.2700
vn -0.9600 0.2799 0.0097
vn 0.9999 -0.0000 -0.0148
vn -0.7728 -0.6343 -0.0219
vn -0.0000 -0.0000 -1.0000
vn -0.2362 -0.0000 -0.9717
vn -0.2346 0.0076 -0.9721
vn 0.9768 -0.0000 0.2141
vn -1.0000 -0.0000 -0.0000
vn 0.0752 0.0134 -0.9971
vn 0.3944 -0.0000 0.9190
vn 0.0875 -0.0152 0.9960
vn -0.0325 -0.0000 -0.9995
vn 0.3241 -0.0275 0.9456
vn -0.1181 -0.9854 0.1230
vn -0.2554 -0.9523 0.1668
vn 0.0003 -0.0000 -1.0000
vn -0.7353 0.6450 -0.2079
vn 0.0403 -0.9643 -0.2618
vn 0.0247 -0.0000 0.9997
vn 1.0000 -0.0000 -0.0000
vn -0.1149 0.6504 0.7509
vn -0.7730 -0.0000 0.6344
vn 0.1779 0.9530 0.2452
vn -0.2352 -0.0000 -0.9719
vn 0.1867 -0.9738 -0.1301
vn -0.6270 -0.1149 -0.7705
vn -0.2823 0.7075 -0.6478
vn 0.1035 -0.4719 -0.8756
vn -0.0305 -0.0056 -0.9995
vn 0.2958 -0.0278 -0.9549
vn -0.1287 0.1996 -0.9714
vn 0.2526 -0.0000 0.9676
vn 0.8578 0.1704 0.4850
vn -0.0390 -0.9992 0.0053
vn -0.0370 -0.0000 0.9993
vn -0.0008 0.9529 0.3032
vn 0.5204 -0.0000 0.8539
vn 0.5355 0.0797 0.8407
vn -0.0026 -0.0242 0.9997
vn -0.6025 -0.7981 -0.0000
vn -0.1035 0.9944 0.0232
vn -0.0000 -1.0000 -0.0000
vn 0.0002 0.9885 -0.1510
vn -0.7402 0.6719 0.0252
vn 0.7566 -0.0000 -0.6539
vn -0.0000 0.0145 -0.9999
vn -0.2023 -0.9397 0.2759
vn -0.0411 0.9827 0.1805
vn 0.4554 -0.0000 -0.8903
vn -0.6282 -0.1116 -0.7700
vn -0.0416 0.9950 0.0909
vn 0.5222 0.0019 0.8528
vn -0.5055 -0.0000 0.8628
vn 0.4424 -0.0000 0.8968
vn 0.5771 -0.8103 0.1012
vn -0.0643 -0.9111 0.4072
vn -0.9952 -0.0000 -0.0980
vn -0.0000 0.6344 0.7730
vn -0.0000 -0.9923 0.1239
vn 0.9989 0.0401 0.0257
vn -0.1238 0.0866 0.9885
vn 0.9952 -0.0000 0.0980
vn 0.5948 -0.0000 0.8039
vn -0.1409 0.0540 0.9886
vn 0.0993 -0.9926 -0.0692
vn -0.0000 1.0000 -0.0000
vn 0.5983 0.7985 0.0667
vn 0.2908 0.8440 0.4507
vn 1.0000 0.0038 0.0087
vn 0.1312 0.9573 0.2575
vn 0.0058 0.9828 0.1848
vn 0.1408 0.8911 0.4314
vn 0.1366 0.9694 0.2040
vn 0.1381 0.9695 0.2025
vn 0.0418 -0.9990 0.0173
vn 0.0439 0.9810 0.1891
vn 0.1466 0.9892 -0.0076
vn -0.2387 0.7052 -0.6676
vn 0.2524 0.6395 0.7262
vn 0.5252 0.8510 -0.0024
vn 0.3902 0.6450 0.6571
vn -0.4335 0.0475 -0.8999
vn -0.0190 0.7042 -0.7098
vn -0.1384 0.0828 0.9869
vn 0.0267 -0.2958 0.9549
vn -0.4118 0.3239 0.8517
vn -0.4327 0.0611 -0.8995
vn 0.8730 0.1200 0.4728
vn -0.0226 0.9954 -0.0933
vn -0.2682 -0.1534 -0.9511
vn -0.5167 0.6983 -0.4954
vn 0.2743 -0.5137 -0.8129
vn 0.5236 0.8518 0.0160
vn 0.3749 0.1225 0.9190
vn -0.5367 0.8403 0.0768
vn -0.6719 0.3825 0.6342
vn 0.1176 0.3522 -0.9285
vn 0.2586 0.4081 0.8755
vn 0.1236 0.9923 -0.0000
vn 0.8278 0.0259 0.5604
vn 0.9954 -0.0905 -0.0302
vn -0.9387 0.3188 -0.1308
vn -0.8337 0.0160 -0.5521
vn -0.0000 0.3652 -0.9309
vn 0.9998 0.0167 -0.0148
vn 0.2641 0.3939 0.8804
vn -0.2846 -0.2071 -0.9360
vn -0.2820 -0.2309 -0.9312
vn 0.0630 -0.1286 -0.9897
vn -0.1431 0.5452 0.8260
vn 0.2571 0.0311 0.9659
vn -0.8256 0.5642 0.0122
vn 0.2651 0.3920 0.8809
vn 0.1019 0.9948 -0.0000
vn 0.0042 0.6332 0.7740
vn -0.0240 0.6277 -0.7781
vn -0.7728 0.0209 0.6343
vn -0.4242 -0.0000 -0.9056
vn -0.0290 0.9995 -0.0121
vn -0.0429 0.0289 0.9987
vn 0.1939 0.0003 0.9810
vn -0.0000 -0.1681 -0.9858
vn -0.1574 -0.9862 0.0514
vn 0.5241 0.5251 -0.6706
vn 0.4712 -0.0261 -0.8816
vn -0.1073 0.0253 0.9939
vn -0.6342 0.0252 0.7728
vn 0.1691 0.3827 0.9083
vn 0.1381 -0.8923 0.4299
vn 0.9383 0.3450 0.0225
vn 0.0140 -0.8921 -0.4516
vn -0.8708 -0.0012 -0.4916
vn 0.0754 0.0130 -0.9971
vn -0.0115 -0.9378 -0.3471
vn 0.2257 -0.9740 -0.0211
vn 0.0109 0.9999 0.0032
vn -0.0000 0.0636 -0.9980
vn 0.0980 0.0321 0.9947
vn -0.9998 -0.0003 0.0181
vn -0.9999 -0.0000 0.0145
vn 0.1198 -0.0000 0.9928
vn -0.0000 0.8819 -0.4714
vn -0.0000 0.4714 0.8819
vn 0.2720 0.2897 0.9177
vn 0.2512 0.7238 0.6426
vn -0.0468 0.9966 0.0682
vn -0.8482 0.0016 0.5297
vn 0.1327 0.9704 0.2019
vn -0.0000 -0.9996 -0.0271
vn -0.0000 -0.0000 1.0000
vn 0.0070 0.9998 0.0169
vn -0.0000 -0.8819 -0.4714
vn -0.4721 0.0033 0.8815
vn -0.0007 0.0698 0.9976
vn 0.6803 0.7101 -0.1814
vn 0.8819 -0.0000 -0.4714
vn 0.9720 -0.0000 -0.2349
vn -0.0087 0.9751 0.2217
vn -0.2341 0.0074 -0.9722
vn 0.1187 0.1340 0.9838
vn 0.9997 -0.0000 0.0257
vn -0.9952 -0.0000 0.0980
vn 0.8819 -0.0000 0.4714
vn -0.3310 -0.0000 -0.9436
vn -0.2539 -0.9598 0.1198
vn 0.8199 -0.0316 -0.5716
vn -0.1236 -0.9923 0.0009
vn -1.0000 -0.0000 -0.0001
vn -0.9698 -0.0000 0.2441
vn -0.9865 -0.0981 0.1313
vn -0.9242 0.3769 0.0614
vn 0.4713 -0.0203 0.8817
vn -0.2351 0.0078 -0.9719
vn -0.8109 -0.0137 -0.5850
vn 0.0423 0.0357 0.9985
vn -0.0342 -0.9994 -0.0000
vn -0.6319 0.7726 -0.0622
vn -0.0980 -0.0000 0.9952
vn -0.0409 0.9927 0.1135
vn -0.0476 0.9965 -0.0688
vn -0.7730 -0.0000 -0.6344
vn -0.1530 -0.1947 0.9689
vn -0.0000 0.8927 -0.4507
vn -0.9488 -0.0000 0.3158
vn -0.2882 -0.0000 -0.9576
vn 0.1316 0.8760 0.4640
vn -0.1842 -0.9562 -0.2273
vn 0.9049 0.1903 0.3806
vn 0.9952 -0.0000 -0.0980
vn -0.6478 -0.6321 0.4252
vn 0.1410 0.9643 0.2239
vn 0.5132 0.8582 -0.0076
vn -0.2158 0.9357 -0.2790
vn 0.5117 0.8592 -0.0048
vn 0.5193 0.8545 -0.0077
vn 0.9965 0.0818 -0.0147
vn 0.0058 0.9636 -0.2672
vn -0.1122 0.0003 -0.9937
vn -0.8818 0.0159 0.4714
vn 0.9993 0.0246 -0.0266
vn 0.5760 -0.8052 0.1411
vn 0.9994 0.0250 0.0246
vn 0.9805 0.1950 0.0252
vn 0.1265 0.9736 0.1900
vn 0.0341 0.0283 -0.9990
vn 0.0456 0.9989 -0.0045
vn 0.0137 -0.0000 0.9999
vn -0.0842 0.2920 -0.9527
vn 0.9423 0.3344 -0.0139
vn 0.8110 -0.5849 -0.0120
vn -0.0960 -0.0000 -0.9954
vn 0.7730 -0.0000 0.6344
vn -0.6724 -0.0000 0.7402
vn -0.1469 0.7185 -0.6798
vn -0.4103 -0.9119 0.0061
vn -0.6824 -0.0000 -0.7310
vn -0.8950 -0.0000 -0.4460
vn -0.0002 0.0147 -0.9999
vn -0.4923 0.0441 -0.8693
vn 0.2901 0.0309 0.9565
vn 0.0825 0.0204 0.9964
vn -0.0000 0.7730 0.6344
vn -0.0000 0.0980 0.9952
vn -0.0000 0.2903 0.9569
vn -0.0000 0.4714 -0.8819
vn -0.0000 0.2903 -0.9569
vn -0.0000 -0.9518 0.3068
vn -0.0000 0.9952 -0.0980
vn -0.0000 -0.9569 0.2903
vn -0.0000 -0.9136 0.4067
vn 0.6344 -0.0000 0.7730
vn -0.0000 -0.6344 -0.7730
vn -0.0000 0.6344 -0.7730
vn -0.0000 -0.2903 -0.9569
vn -0.0000 -0.7730 0.6344
vn -0.0000 0.0980 -0.9952
vn -0.0000 -0.0980 -0.9952
vn -0.0000 -0.8819 0.4714
vn -0.0000 -0.4714 -0.8819
vn -0.0000 0.9569 0.2903
vn -0.9923 -0.0000 -0.1240
vn -0.0000 -0.9993 -0.0374
vn -0.0787 -0.0000 -0.9969
vn -0.0000 -0.6344 0.7730
vn -0.0000 -0.4714 0.8819
vn -0.8819 -0.0000 -0.4714
vn -0.0000 -0.0980 0.9952
vn 0.9974 -0.0639 0.0341
vn 0.6344 -0.0000 -0.7730
vn -0.0000 -0.2903 0.9569
vn -0.0000 -0.9952 -0.0980
vn 0.9974 0.0071 -0.0721
vn 0.9974 -0.0560 -0.0460
vn 0.9974 -0.0693 -0.0210
vn 0.9974 -0.0693 0.0210
vn 0.9982 -0.0571 0.0173
vn 0.9974 -0.0460 0.0560
vn 0.9974 0.0460 0.0560
vn 0.9974 0.0639 -0.0341
vn 0.9974 -0.0639 -0.0342
vn 0.9974 -0.0721 0.0071
vn 0.9974 0.0693 0.0210
vn 0.9974 0.0560 0.0460
vn 0.9974 0.0342 -0.0639
vn 0.9974 -0.0342 -0.0639
vn 0.9974 0.0342 0.0639
vn 0.9974 0.0721 0.0071
vn 0.9974 0.0210 -0.0693
vn 0.9974 0.0460 -0.0560
vn 0.9974 -0.0560 0.0460
vn 0.9974 -0.0210 0.0693
vn 0.9974 0.0721 -0.0071
vn 0.9974 -0.0721 -0.0071
vn 0.9974 0.0639 0.0341
vn 0.9974 0.0210 0.0693
vn 0.9974 -0.0210 -0.0693
vn 0.9974 0.0071 0.0721
vn 0.9974 0.0693 -0.0210
vn 0.9974 0.0560 -0.0460
vn 0.9974 -0.0071 -0.0721
vn 0.9974 -0.0071 0.0721
vn 0.9974 -0.0342 0.0639
vn -0.0000 -0.9952 0.0980
vn -0.0000 0.7730 -0.6344
vn -0.0000 -0.7730 -0.6344
vn -0.0000 -0.9569 -0.2903
vn -0.0000 0.9569 -0.2903
vn -0.4714 -0.0000 0.8819
vn -0.0000 0.9952 0.0980
vn -0.0000 0.8819 0.4714
vn 0.9982 -0.0594 -0.0058
vn 0.0014 -0.0000 -1.0000
vn 0.9982 -0.0379 0.0461
vn 0.9982 -0.0527 0.0282
vn 0.9982 -0.0379 -0.0462
vn 0.9982 0.0173 -0.0572
vn 0.9982 -0.0173 -0.0571
vn 0.9982 -0.0059 0.0594
vn 0.9982 -0.0571 -0.0173
vn 0.9982 0.0571 -0.0173
vn 0.9982 0.0527 -0.0282
vn 0.9982 0.0594 0.0059
vn 0.9982 -0.0462 0.0379
vn 0.9982 0.0059 0.0594
vn 0.9982 0.0462 -0.0379
vn 0.9982 0.0594 -0.0058
vn 0.9982 -0.0594 0.0058
vn 0.9982 -0.0462 -0.0379
vn 0.9982 -0.0059 -0.0594
vn 0.9982 -0.0527 -0.0282
vn 0.9982 0.0527 0.0282
vn 0.9982 0.0173 0.0572
vn 0.9982 0.0281 0.0526
vn 0.9982 -0.0173 0.0572
vn 0.9982 0.0462 0.0379
vn 0.9982 0.0379 -0.0462
vn 0.9982 0.0059 -0.0594
vn 0.9982 -0.0281 0.0527
vn 0.9982 0.0379 0.0461
vn 0.9982 -0.0281 -0.0526
vn 0.9982 0.0571 0.0174
vn 0.9982 0.0281 -0.0527
vn 0.2903 -0.0000 -0.9569
vn 0.0980 -0.0000 -0.9952
vn 0.7730 -0.0000 -0.6344
vn -0.4714 -0.0000 -0.8819
vn 0.3834 -0.0000 0.9236
vn -0.2147 -0.9767 0.0039
vn 0.9952 0.0043 0.0980
vn 0.9569 0.0102 0.2903
vn -0.8818 -0.0134 -0.4714
vn -0.7729 -0.0185 -0.6343
vn 0.6342 0.0252 0.7728
vn -0.4712 -0.0261 -0.8816
vn -0.2902 -0.0285 -0.9566
vn 0.0980 -0.0296 -0.9947
vn -0.0980 0.0321 0.9947
vn -0.2902 0.0309 0.9565
vn -0.4712 0.0286 0.8816
vn 0.6342 -0.0228 -0.7728
vn 0.7729 -0.0185 -0.6343
vn 0.8818 -0.0134 -0.4714
vn -0.9569 -0.0078 -0.2903
vn -0.0000 1.0000 -0.0003
vn -0.9952 -0.0018 -0.0980
vn 0.9952 -0.0018 -0.0980
vn -0.9569 0.0102 0.2903
vn -0.0000 0.0281 0.9996
vn -0.6342 -0.0228 -0.7728
vn 0.4712 0.0286 0.8816
vn 0.0566 -0.9967 0.0578
vn -0.0980 -0.0296 -0.9947
vn -0.7755 -0.0036 -0.6313
vn 0.2902 -0.0285 -0.9565
vn -0.9994 0.0238 -0.0263
vn 0.7728 0.0209 0.6343
vn 0.8818 0.0159 0.4713
vn 0.9569 -0.0078 -0.2903
vn -0.9952 0.0043 0.0980
vn -0.9567 -0.0203 -0.2902
vn -0.9950 -0.0203 -0.0980
vn -0.8817 -0.0203 -0.4713
vn 0.7729 -0.0203 0.6343
vn 0.6343 -0.0203 0.7729
vn -0.6343 -0.0203 -0.7728
vn -0.2902 -0.0203 -0.9567
vn 0.0980 -0.0203 0.9950
vn 0.8817 -0.0203 -0.4713
vn 0.7729 -0.0203 -0.6343
vn -0.0980 -0.0203 0.9950
vn 0.6343 -0.0203 -0.7729
vn 0.2902 -0.0203 -0.9567
vn 0.4713 -0.0203 -0.8817
vn 0.9944 -0.0021 -0.1056
vn 0.9950 -0.0203 -0.0980
vn 0.9567 -0.0203 0.2902
vn 0.9950 -0.0203 0.0980
vn 0.8817 -0.0203 0.4713
vn -0.7729 -0.0203 -0.6343
vn -0.4713 -0.0203 -0.8817
vn -0.0980 -0.0203 -0.9950
vn 0.2902 -0.0203 0.9567
vn -0.7729 -0.0203 0.6343
vn 0.0980 -0.0203 -0.9950
vn -0.4713 -0.0203 0.8817
vn -0.8817 -0.0203 0.4713
vn -0.6343 -0.0203 0.7729
vn -0.2902 -0.0203 0.9567
vn -0.9567 -0.0203 0.2902
vn 0.9567 -0.0203 -0.2902
vn -0.9950 -0.0203 0.0980
vn 0.9569 -0.0000 -0.2903
vn -0.9569 -0.0000 -0.2903
vn 0.8950 -0.0000 0.4460
vn -0.6344 -0.0000 -0.7730
vn -0.7566 -0.0000 0.6539
vn 0.0370 -0.0000 -0.9993
vn -0.2903 -0.0000 -0.9569
vn -0.2903 -0.0000 0.9569
vn 0.2903 -0.0000 0.9569
vn -0.8819 -0.0000 0.4714
vn -0.6344 -0.0000 0.7730
vn -0.0980 -0.0000 -0.9952
vn 0.4714 -0.0000 0.8819
vn 0.0980 -0.0000 0.9952
vn 0.2595 -0.0000 0.9657
vn -0.9569 -0.0000 0.2903
vn 0.9569 -0.0000 0.2903
vn 0.9956 -0.0000 0.0935
vn 0.0067 -0.0183 0.9998
vn -0.5299 0.6007 0.5987
vn -0.0355 -0.0000 -0.9994
vn 0.4714 -0.0000 -0.8819
vn 0.9974 -0.0460 -0.0560
vn 0.3789 -0.0000 0.9254
vn 0.2978 -0.0168 -0.9545
vn -0.7422 -0.6300 0.2286
vn 0.9999 -0.0000 -0.0147
vn 0.1667 0.9796 0.1120
vn -0.4948 0.0020 0.8690
vn -0.0000 -0.0038 -1.0000
vn -0.8204 -0.0000 0.5719
vn -0.0010 -0.0000 1.0000
vn 0.2465 -0.0000 0.9691
vn -0.4028 0.7726 -0.4908
vn -0.6076 0.7726 -0.1843
vn 0.4908 0.7726 0.4028
vn 0.4028 0.7726 -0.4908
vn 0.6076 0.7726 -0.1843
vn -0.2993 0.7726 0.5600
vn -0.1843 0.7726 0.6076
vn 0.0622 0.7726 0.6319
vn -0.0622 0.7726 -0.6319
vn -0.2993 0.7726 -0.5600
vn 0.5600 0.7726 -0.2993
vn 0.2003 -0.0000 0.9797
vn 0.2993 0.7726 0.5600
vn 0.2993 0.7726 -0.5600
vn -0.4028 0.7726 0.4908
vn 0.6319 0.7726 -0.0622
vn -0.4908 0.7726 0.4028
vn 0.1843 0.7726 0.6076
vn 0.0622 0.7726 -0.6319
vn 0.4028 0.7726 0.4908
vn 0.4908 0.7726 -0.4028
vn 0.5600 0.7726 0.2993
vn 0.1843 0.7726 -0.6076
vn 0.6319 0.7726 0.0622
vn -0.4908 0.7726 -0.4028
vn -0.6319 0.7726 0.0622
vn -0.5600 0.7726 -0.2993
vn -0.1843 0.7726 -0.6076
vn -0.5600 0.7726 0.2993
vn -0.0622 0.7726 0.6319
vn -0.6076 0.7726 0.1843
vn 0.6076 0.7726 0.1843
vn 0.3959 0.6652 0.6331
vn 0.2434 0.2316 0.9419
vn 0.2291 -0.6884 0.6882
vn 0.3003 -0.2392 0.9234
vn -0.0298 -0.0020 -0.9996
vn 0.0039 0.3170 0.9484
vn 0.5588 -0.0789 0.8255
vn -0.7515 -0.0038 -0.6597
vn 0.2528 0.7406 0.6226
vn -0.1450 0.8856 0.4412
vn 0.5800 -0.8024 0.1406
vn 0.5045 0.7233 0.4716
vn 0.1887 0.9237 0.3335
vn 0.0866 0.9612 0.2619
vn -0.2821 -0.0138 -0.9593
vn 0.2944 0.5855 0.7553
vn 0.3372 0.7165 0.6107
vn -0.5076 0.3275 -0.7970
vn -0.2445 0.8318 -0.4983
vn -0.0529 0.7840 -0.6185
vn -0.1506 0.1089 0.9826
vn -0.1080 0.0777 0.9911
vn 0.0263 0.0287 0.9992
vn 0.8483 0.5290 0.0237
vn -0.2449 -0.4790 -0.8430
vn -0.5966 0.4360 0.6738
vn 0.2731 0.3993 0.8752
vn 0.2693 0.4072 0.8728
vn -0.4764 -0.0000 -0.8792
vn 0.9417 0.1018 -0.3207
vn -0.2993 -0.1865 -0.9358
vn -0.2963 -0.2208 -0.9292
vn 0.4131 -0.0301 0.9102
vn 0.1456 -0.8752 0.4614
vn 0.0665 -0.0001 0.9978
vn 0.8826 0.4628 -0.0823
vn -0.0578 -0.7269 -0.6843
vn -0.0001 -0.9570 -0.2901
vn 0.0098 0.9999 0.0117
vn -0.8491 0.0012 0.5283
vn -0.4748 0.0025 0.8801
vn -0.9540 0.0204 0.2990
vn -0.9458 0.0802 0.3148
vn 0.5117 0.8590 0.0157
vn 0.9999 -0.0000 -0.0149
vn -0.6823 -0.0000 -0.7310
vn 0.2259 0.3363 0.9143
vn 0.0539 0.3518 0.9345
vn -0.3051 -0.0000 0.9523
vn -0.9999 0.0025 0.0145
vn 0.9997 0.0241 -0.0074
vn 0.1800 -0.3600 0.9154
vn -0.1524 0.0660 0.9861
vn -0.2175 0.2861 0.9332
vn -0.1930 0.1935 0.9619
vn 0.1466 0.7089 0.6899
vn -0.9213 -0.3840 0.0613
vn -0.9869 0.1073 0.1209
vn -1.0000 -0.0000 0.0001
vn 1.0000 -0.0000 0.0001
vn 1.0000 -0.0000 -0.0001
vn 1.0000 -0.0000 0.0002
vn 0.2174 0.3770 0.9003
vn 0.0692 0.7193 0.6912
vn -0.2963 -0.0094 0.9550
vn -0.1024 0.3757 0.9211
vn 0.9998 0.0003 0.0192
vn -0.0000 0.0028 -1.0000
vn -0.1241 -0.0898 0.9882
vn -0.6392 0.1005 0.7624
vn 0.3139 -0.9238 0.2192
vn -0.9596 -0.2811 0.0105
vn -0.7728 0.6343 -0.0219
vn -0.2330 -0.0156 -0.9724
vn 0.0752 -0.0134 -0.9971
vn 0.0829 -0.0000 0.9966
vn 0.3241 0.0275 0.9456
vn -0.1181 0.9854 0.1230
vn -0.2554 0.9523 0.1668
vn -0.5568 -0.7589 -0.3378
vn 0.0654 0.9701 -0.2338
vn -0.1357 -0.7030 0.6982
vn 0.1496 -0.9541 0.2593
vn 0.1867 0.9738 -0.1301
vn -0.6270 0.1149 -0.7705
vn -0.2445 -0.7605 -0.6016
vn 0.1325 0.5075 -0.8514
vn -0.0305 0.0056 -0.9995
vn 0.2958 0.0278 -0.9549
vn -0.2895 -0.3059 -0.9070
vn 0.9194 -0.1971 0.3404
vn -0.0199 0.9997 -0.0112
vn -0.2000 -0.0815 0.9764
vn -0.0008 -0.9529 0.3032
vn 0.5355 -0.0797 0.8407
vn -0.0025 0.0181 0.9998
vn -0.6025 0.7981 -0.0000
vn -0.1236 -0.9923 -0.0009
vn 0.0002 -0.9885 -0.1510
vn -0.7507 -0.6604 0.0179
vn 0.0348 -0.0000 -0.9994
vn -0.1917 0.9802 0.0501
vn -0.0411 -0.9827 0.1805
vn -0.6282 0.1116 -0.7700
vn 0.1458 -0.9727 0.1807
vn 0.5771 0.8103 0.1012
vn -0.0643 0.9111 0.4072
vn -0.0000 0.9923 0.1239
vn 0.9989 -0.0401 0.0257
vn -0.1106 -0.0826 0.9904
vn -0.0710 -0.0000 0.9975
vn 0.0993 0.9926 -0.0692
vn 0.5165 -0.7892 0.3323
vn 0.2908 -0.8440 0.4507
vn 0.9999 0.0109 0.0079
vn 0.1312 -0.9573 0.2575
vn 0.0058 -0.9828 0.1848
vn 0.1408 -0.8911 0.4314
vn 0.1366 -0.9694 0.2040
vn 0.1381 -0.9695 0.2025
vn -0.1760 0.9508 -0.2550
vn 0.0439 -0.9810 0.1891
vn 0.1500 -0.9886 -0.0149
vn -0.2387 -0.7052 -0.6676
vn 0.2524 -0.6395 0.7262
vn 0.5252 -0.8510 -0.0024
vn 0.3902 -0.6450 0.6571
vn -0.4335 -0.0475 -0.8999
vn -0.0190 -0.7042 -0.7098
vn -0.1384 -0.0828 0.9869
vn 0.0001 -1.0000 -0.0003
vn 0.0267 0.2958 0.9549
vn -0.4118 -0.3239 0.8517
vn -0.4327 -0.0611 -0.8995
vn 0.8730 -0.1200 0.4728
vn 0.0777 -0.9947 -0.0671
vn -0.2972 0.0990 -0.9497
vn -0.5167 -0.6983 -0.4954
vn 0.2743 0.5137 -0.8129
vn 0.5236 -0.8518 0.0160
vn 0.3749 -0.1225 0.9190
vn 0.0310 -0.9653 -0.2591
vn -0.6719 -0.3825 0.6342
vn 0.1176 -0.3522 -0.9285
vn 0.2586 -0.4081 0.8755
vn 0.1236 -0.9923 -0.0000
vn 0.7167 -0.1610 0.6786
vn 0.9954 0.0905 -0.0302
vn -0.9445 -0.3001 -0.1336
vn -0.8337 -0.0160 -0.5521
vn 0.5962 0.0009 0.8028
vn -0.2634 -0.5401 -0.7993
vn 0.9998 -0.0167 -0.0148
vn 0.2641 -0.3939 0.8804
vn -0.2846 0.2071 -0.9360
vn -0.2820 0.2309 -0.9312
vn 0.2956 0.3911 -0.8716
vn -0.1431 -0.5452 0.8260
vn 0.2571 -0.0311 0.9659
vn -0.8256 -0.5642 0.0122
vn 0.2794 -0.3737 0.8844
vn 0.1019 -0.9948 -0.0000
vn 0.1852 -0.6700 0.7189
vn -0.2754 -0.7395 -0.6142
vn -0.7728 -0.0209 0.6342
vn -0.0157 -0.9998 -0.0127
vn 0.0041 -0.0113 0.9999
vn 0.1939 0.0004 0.9810
vn -0.0352 0.1319 -0.9906
vn 0.5800 0.8024 0.1406
vn -0.1541 0.9732 0.1705
vn 0.5576 -0.0071 -0.8301
vn 0.4712 0.0261 -0.8816
vn -0.1073 -0.0253 0.9939
vn -0.6342 -0.0252 0.7728
vn 0.1691 -0.3827 0.9083
vn 0.1381 0.8923 0.4299
vn 0.9383 -0.3450 0.0225
vn 0.0140 0.8921 -0.4516
vn -0.8709 0.0015 -0.4915
vn 0.0754 -0.0130 -0.9971
vn -0.0115 0.9378 -0.3471
vn 0.2317 0.9725 -0.0246
vn 0.0109 -0.9999 0.0032
vn -0.0000 -0.0636 -0.9980
vn 0.0980 -0.0321 0.9947
vn -0.9999 -0.0003 0.0145
vn 0.2434 -0.3384 0.9090
vn 0.2195 -0.7617 0.6096
vn 0.0442 -0.9810 0.1889
vn -0.8482 -0.0016 0.5297
vn 0.1468 -0.9709 0.1891
vn -0.0000 0.9996 -0.0271
vn 0.0899 -0.9957 -0.0217
vn -0.4721 -0.0033 0.8815
vn 0.0011 -0.0056 1.0000
vn 0.5872 -0.7293 -0.3512
vn -0.0965 -0.9940 0.0515
vn -0.2341 -0.0074 -0.9722
vn 0.0863 -0.1675 0.9821
vn 0.2978 0.0168 -0.9545
vn -0.2539 0.9598 0.1198
vn 0.8199 0.0316 -0.5716
vn -0.1122 0.9936 0.0145
vn -0.9865 0.0981 0.1313
vn -0.9242 -0.3769 0.0614
vn 0.4713 0.0203 0.8817
vn -0.2335 -0.0156 -0.9722
vn -0.8095 -0.0276 -0.5864
vn -0.1485 -0.0850 0.9853
vn -0.0342 0.9994 -0.0000
vn -0.6319 -0.7726 -0.0622
vn 0.0094 -0.9899 0.1413
vn -0.1530 0.1947 0.9689
vn -0.0000 -0.8927 -0.4507
vn 0.1316 -0.8760 0.4640
vn 0.9077 -0.1805 0.3788
vn -0.7721 0.5880 0.2410
vn 0.1273 -0.9654 0.2276
vn 0.5132 -0.8582 -0.0076
vn -0.5012 -0.7452 -0.4398
vn 0.5117 -0.8592 -0.0048
vn 0.5193 -0.8545 -0.0077
vn 0.9965 -0.0818 -0.0147
vn 0.0013 -0.9669 -0.2551
vn -0.1123 0.0002 -0.9937
vn -0.8818 -0.0159 0.4713
vn 0.9993 -0.0246 -0.0266
vn 0.5941 0.8042 0.0139
vn 0.9994 -0.0250 0.0246
vn 0.9812 -0.1919 0.0189
vn 0.1424 -0.9695 0.1994
vn -0.0000 -0.0145 -0.9999
vn 0.0456 -0.9989 -0.0045
vn 0.1481 -0.1310 -0.9803
vn 0.9423 -0.3344 -0.0139
vn 0.8110 0.5849 -0.0120
vn -0.1956 -0.4915 -0.8486
vn -0.4103 0.9119 0.0061
vn -0.0002 -0.0147 -0.9999
vn -0.4923 -0.0441 -0.8693
vn 0.2902 -0.0309 0.9565
vn 0.0664 -0.0088 0.9978
vn -0.0000 0.9518 0.3068
vn -0.0000 0.9136 0.4067
vn -0.0000 0.9993 -0.0374
vn 0.9974 0.0639 0.0342
vn 0.9982 0.0571 0.0173
vn 0.9974 -0.0639 -0.0341
vn 0.9982 0.0379 0.0462
vn 0.9982 0.0379 -0.0461
vn 0.9982 -0.0173 -0.0572
vn 0.9982 -0.0571 -0.0174
vn 0.9982 -0.0594 -0.0059
vn 0.9982 0.0594 0.0058
vn 0.9982 0.0173 0.0571
vn 0.9982 -0.0379 0.0462
vn 0.5699 0.7884 0.2315
vn -0.0298 0.0020 -0.9996
vn -0.2334 0.9719 0.0317
vn 0.9952 -0.0043 0.0980
vn 0.9569 -0.0102 0.2903
vn -0.8818 0.0134 -0.4714
vn -0.7729 0.0185 -0.6343
vn 0.6342 -0.0252 0.7728
vn -0.4712 0.0261 -0.8816
vn -0.2902 0.0285 -0.9566
vn 0.0980 0.0296 -0.9947
vn -0.0980 -0.0321 0.9947
vn -0.2901 -0.0309 0.9565
vn -0.4712 -0.0286 0.8816
vn 0.6342 0.0228 -0.7728
vn 0.7729 0.0185 -0.6343
vn 0.8818 0.0134 -0.4713
vn -0.9569 0.0078 -0.2903
vn -0.0000 -1.0000 -0.0003
vn -0.9952 0.0018 -0.0980
vn 0.9952 0.0018 -0.0980
vn -0.9569 -0.0102 0.2903
vn -0.0000 -0.0281 0.9996
vn -0.6342 0.0228 -0.7728
vn 0.4712 -0.0286 0.8816
vn 0.0566 0.9967 0.0578
vn -0.0980 0.0296 -0.9947
vn -0.7751 -0.0000 -0.6318
vn 0.2902 0.0285 -0.9566
vn -0.9994 -0.0238 -0.0263
vn 0.7728 -0.0209 0.6342
vn 0.8818 -0.0159 0.4713
vn 0.9569 0.0078 -0.2903
vn -0.9952 -0.0043 0.0980
vn -0.9567 0.0203 -0.2902
vn -0.9950 0.0203 -0.0980
vn -0.8817 0.0203 -0.4713
vn 0.7729 0.0203 0.6343
vn 0.6343 0.0203 0.7729
vn -0.6343 0.0203 -0.7728
vn -0.2902 0.0203 -0.9567
vn 0.0980 0.0203 0.9950
vn 0.8817 0.0203 -0.4713
vn 0.7729 0.0203 -0.6343
vn -0.0980 0.0203 0.9950
vn 0.6343 0.0203 -0.7729
vn 0.2902 0.0203 -0.9567
vn 0.4713 0.0203 -0.8817
vn 0.9944 0.0023 -0.1055
vn 0.9950 0.0203 -0.0980
vn 0.9567 0.0203 0.2902
vn 0.9950 0.0203 0.0980
vn 0.8817 0.0203 0.4713
vn -0.7729 0.0203 -0.6343
vn -0.4713 0.0203 -0.8817
vn -0.0980 0.0203 -0.9950
vn 0.2902 0.0203 0.9567
vn -0.7729 0.0203 0.6343
vn 0.0980 0.0203 -0.9950
vn -0.4713 0.0203 0.8817
vn -0.8817 0.0203 0.4713
vn -0.6343 0.0203 0.7729
vn -0.2902 0.0203 0.9567
vn -0.9567 0.0203 0.2902
vn 0.9567 0.0203 -0.2902
vn -0.9950 0.0203 0.0980
vn 0.0063 -0.0702 0.9975
vn -0.5299 -0.6007 0.5987
vn -0.7422 0.6300 0.2286
vn 0.1667 -0.9796 0.1120
vn -0.4948 -0.0020 0.8690
vn -0.0281 -0.0286 -0.9992
vn -0.0000 0.0038 -1.0000
vn -0.4028 -0.7726 -0.4908
vn -0.6076 -0.7726 -0.1843
vn 0.4908 -0.7726 0.4028
vn 0.4028 -0.7726 -0.4908
vn 0.6076 -0.7726 -0.1843
vn -0.2993 -0.7726 0.5600
vn -0.1843 -0.7726 0.6076
vn 0.0622 -0.7726 0.6319
vn -0.0622 -0.7726 -0.6319
vn -0.2993 -0.7726 -0.5600
vn 0.5600 -0.7726 -0.2993
vn 0.2993 -0.7726 0.5600
vn 0.2993 -0.7726 -0.5600
vn -0.4028 -0.7726 0.4908
vn 0.6319 -0.7726 -0.0622
vn -0.4908 -0.7726 0.4028
vn 0.1843 -0.7726 0.6076
vn 0.0622 -0.7726 -0.6319
vn 0.4028 -0.7726 0.4908
vn 0.4908 -0.7726 -0.4028
vn 0.5600 -0.7726 0.2993
vn 0.1843 -0.7726 -0.6076
vn 0.6319 -0.7726 0.0622
vn -0.4908 -0.7726 -0.4028
vn -0.6319 -0.7726 0.0622
vn -0.5600 -0.7726 -0.2993
vn -0.1843 -0.7726 -0.6076
vn -0.5600 -0.7726 0.2993
vn -0.0622 -0.7726 0.6319
vn -0.6076 -0.7726 0.1843
vn 0.6076 -0.7726 0.1843
vn 0.3959 -0.6652 0.6331
vn 0.2434 -0.2316 0.9419
vn 0.2291 0.6884 0.6882
vn 0.3003 0.2392 0.9234
vn 0.0039 -0.3170 0.9484
vn 0.5588 0.0789 0.8255
vn 0.1466 -0.9892 -0.0076
vn -0.8018 -0.0759 -0.5928
vn 0.2528 -0.7406 0.6226
vn -0.0975 -0.8997 0.4255
vn 0.5045 -0.7233 0.4716
vn 0.1887 -0.9237 0.3335
vn 0.0866 -0.9612 0.2619
vn -0.2821 0.0138 -0.9593
vn 0.2944 -0.5855 0.7553
vn 0.3372 -0.7165 0.6107
vn -0.5076 -0.3275 -0.7970
vn -0.2445 -0.8318 -0.4983
vn -0.0529 -0.7840 -0.6185
vn -0.1506 -0.1089 0.9826
vn -0.1080 -0.0777 0.9911
vn 0.0263 -0.0287 0.9992
vn 0.8483 -0.5290 0.0237
vn -0.2449 0.4790 -0.8430
vn -0.5966 -0.4360 0.6738
vn 0.2731 -0.3993 0.8752
vn 0.2693 -0.4072 0.8728
vn 0.9417 -0.1018 -0.3207
vn -0.2993 0.1865 -0.9358
vn -0.2963 0.2208 -0.9292
vn 0.4131 0.0301 0.9102
vn 0.1456 0.8752 0.4614
vn 0.0665 0.0001 0.9978
vn 0.8826 -0.4628 -0.0823
vn -0.0578 0.7269 -0.6843
vn -0.0001 0.9570 -0.2901
vn 0.0098 -0.9999 0.0117
vn -0.8491 -0.0012 0.5283
vn -0.4748 -0.0025 0.8801
vn -0.9540 -0.0204 0.2990
vn -0.9458 -0.0802 0.3148
vn 0.5117 -0.8590 0.0157
vn 0.2259 -0.3363 0.9143
vn -0.0826 -0.9220 -0.3784
vn 0.0539 -0.3518 0.9345
vn -0.9999 -0.0025 0.0145
vn 0.9997 -0.0235 -0.0078
vn 0.1800 0.3600 0.9154
vn -0.1524 -0.0660 0.9861
vn -0.2175 -0.2861 0.9332
vn -0.1930 -0.1935 0.9619
vn 0.1466 -0.7089 0.6899
vn -0.9213 0.3840 0.0613
vn -0.9869 -0.1073 0.1209
vn 0.2174 -0.3770 0.9003
vn 0.0692 -0.7193 0.6912
vn -0.2963 0.0094 0.9550
vn -0.1024 -0.3757 0.9211
vn 0.9998 -0.0003 0.0192
vn -0.1241 0.0898 0.9882
vn 0.3139 0.9238 0.2192
vn -0.9596 0.2811 0.0105
vn -0.2330 0.0156 -0.9724
vn 0.3311 -0.0000 0.9436
vn -0.5568 0.7589 -0.3378
vn 0.0654 -0.9701 -0.2338
vn -0.1357 0.7030 0.6982
vn 0.1496 0.9541 0.2593
vn -0.2445 0.7605 -0.6016
vn 0.1325 -0.5075 -0.8514
vn -0.2895 0.3059 -0.9070
vn 0.9194 0.1971 0.3404
vn -0.0199 -0.9997 -0.0112
vn -0.2000 0.0815 0.9764
vn -0.0025 -0.0181 0.9998
vn -0.1236 0.9923 -0.0009
vn -0.7507 0.6604 0.0179
vn -0.1917 -0.9802 0.0501
vn 0.1458 0.9727 0.1807
vn -0.1106 0.0826 0.9904
vn 0.5165 0.7892 0.3323
vn 0.9999 -0.0109 0.0079
vn -0.1760 -0.9508 -0.2550
vn 0.1500 0.9886 -0.0149
vn 0.0001 1.0000 -0.0003
vn 0.0207 0.2596 0.9655
vn 0.0777 0.9947 -0.0671
vn -0.2972 -0.0990 -0.9497
vn 0.0310 0.9653 -0.2591
vn -0.2736 -0.0977 -0.9569
vn 0.7167 0.1610 0.6786
vn -0.9445 0.3001 -0.1336
vn 0.5962 -0.0009 0.8028
vn -0.2634 0.5401 -0.7993
vn 0.2956 -0.3911 -0.8716
vn 0.2794 0.3737 0.8844
vn 0.1852 0.6700 0.7189
vn -0.2754 0.7395 -0.6142
vn -0.7728 0.0209 0.6342
vn -0.0157 0.9998 -0.0127
vn 0.0041 0.0113 0.9999
vn 0.1939 -0.0004 0.9810
vn -0.0352 -0.1319 -0.9906
vn -0.1541 -0.9732 0.1705
vn 0.5576 0.0071 -0.8301
vn -0.8709 -0.0015 -0.4915
vn 0.2317 -0.9725 -0.0246
vn -0.9999 0.0003 0.0145
vn 0.2434 0.3384 0.9090
vn 0.2195 0.7617 0.6096
vn 0.0442 0.9810 0.1889
vn 0.1468 0.9709 0.1891
vn 0.0899 0.9957 -0.0217
vn 0.0011 0.0056 1.0000
vn 0.5872 0.7293 -0.3512
vn -0.0965 0.9940 0.0515
vn 0.0863 0.1675 0.9821
vn -0.1122 -0.9936 0.0145
vn -0.2335 0.0156 -0.9722
vn -0.8095 0.0276 -0.5864
vn -0.1485 0.0850 0.9853
vn 0.0094 0.9899 0.1413
vn -0.0462 0.8308 0.5547
vn 0.9077 0.1805 0.3788
vn -0.7721 -0.5880 0.2410
vn 0.1273 0.9654 0.2276
vn -0.5012 0.7452 -0.4398
vn 0.0013 0.9669 -0.2551
vn -0.1123 -0.0002 -0.9937
vn -0.8818 0.0159 0.4713
vn 0.5941 -0.8042 0.0139
vn 0.9812 0.1919 0.0189
vn 0.1424 0.9695 0.1994
vn 0.2603 0.9567 0.1299
vn 0.1481 0.1310 -0.9803
vn -0.1956 0.4915 -0.8486
vn 0.2902 0.0309 0.9565
vn 0.0664 0.0088 0.9978
vn 0.9974 -0.0639 0.0342
vn 0.9982 -0.0571 0.0174
vn 0.9982 -0.0379 -0.0461
vn 0.9982 0.0571 -0.0174
vn 0.9982 0.0594 -0.0059
vn 0.9982 0.0281 0.0527
vn 0.9982 -0.0173 0.0571
vn 0.9982 -0.0281 0.0526
vn 0.9982 -0.0281 -0.0527
vn 0.9982 0.0281 -0.0526
vn 0.5699 -0.7884 0.2315
vn -0.2334 -0.9719 0.0317
vn -0.2901 0.0309 0.9565
vn 0.8818 -0.0134 -0.4713
vn 0.2902 -0.0285 -0.9566
vn 0.7728 0.0209 0.6342
vn -0.6343 -0.0203 -0.7729
vn 0.6343 -0.0203 -0.7728
vn 0.9944 -0.0023 -0.1055
vn -0.6343 -0.0203 0.7728
vn 0.0063 0.0702 0.9975
vn -0.0281 0.0286 -0.9992
vn -0.8204 -0.0000 0.5718
vn 0.2271 0.5753 0.7858
vn -0.8018 0.0759 -0.5928
vn 0.2384 0.7607 0.6037
vn -0.0975 0.8997 0.4255
vn -0.0826 0.9220 -0.3784
vn 0.9997 0.0235 -0.0078
vn 0.9997 -0.0002 0.0240
vn -0.0420 -0.0533 0.9977
vn 0.3478 -0.8979 0.2700
vn -0.9600 -0.2799 0.0097
vn -0.2346 -0.0076 -0.9721
vn 0.0875 0.0152 0.9960
vn 0.3310 -0.0000 0.9436
vn -0.7353 -0.6450 -0.2079
vn 0.0403 0.9643 -0.2618
vn -0.1149 -0.6504 0.7509
vn 0.1779 -0.9530 0.2452
vn -0.2823 -0.7075 -0.6478
vn 0.1035 0.4719 -0.8756
vn -0.1287 -0.1996 -0.9714
vn 0.8578 -0.1704 0.4850
vn -0.0390 0.9992 0.0053
vn -0.0026 0.0242 0.9997
vn -0.1035 -0.9944 0.0232
vn -0.7402 -0.6719 0.0252
vn -0.2023 0.9397 0.2759
vn -0.0416 -0.9950 0.0909
vn 0.5222 -0.0019 0.8528
vn -0.1238 -0.0866 0.9885
vn -0.1409 -0.0540 0.9886
vn 0.5983 -0.7985 0.0667
vn 1.0000 -0.0038 0.0087
vn 0.0418 0.9990 0.0173
vn 0.0207 -0.2596 0.9655
vn -0.0226 -0.9954 -0.0933
vn -0.2682 0.1534 -0.9511
vn -0.5367 -0.8403 0.0768
vn -0.2736 0.0977 -0.9569
vn 0.8278 -0.0259 0.5604
vn -0.9387 -0.3188 -0.1308
vn -0.0000 -0.3652 -0.9309
vn 0.0630 0.1286 -0.9897
vn 0.2651 -0.3920 0.8809
vn 0.0042 -0.6332 0.7740
vn -0.0240 -0.6277 -0.7781
vn -0.7728 -0.0209 0.6343
vn -0.0290 -0.9995 -0.0121
vn -0.0429 -0.0289 0.9987
vn 0.1939 -0.0003 0.9810
vn -0.0000 0.1681 -0.9858
vn -0.1574 0.9862 0.0514
vn 0.5241 -0.5251 -0.6706
vn -0.8708 0.0012 -0.4916
vn 0.2257 0.9740 -0.0211
vn -0.9998 0.0003 0.0181
vn 0.2720 -0.2897 0.9177
vn 0.2512 -0.7238 0.6426
vn -0.0468 -0.9966 0.0682
vn 0.1327 -0.9704 0.2019
vn 0.0070 -0.9998 0.0169
vn -0.0007 -0.0698 0.9976
vn 0.6803 -0.7101 -0.1814
vn -0.0087 -0.9751 0.2217
vn 0.1187 -0.1340 0.9838
vn -0.1236 0.9923 0.0009
vn -0.2351 -0.0078 -0.9719
vn -0.8109 0.0137 -0.5850
vn 0.0423 -0.0357 0.9985
vn -0.0409 -0.9927 0.1135
vn -0.0476 -0.9965 -0.0688
vn -0.0462 -0.8308 0.5547
vn -0.1842 0.9562 -0.2273
vn 0.9049 -0.1903 0.3806
vn -0.6478 0.6321 0.4252
vn 0.1410 -0.9643 0.2239
vn -0.2158 -0.9357 -0.2790
vn 0.0058 -0.9636 -0.2672
vn -0.1122 -0.0003 -0.9937
vn -0.8818 -0.0159 0.4714
vn 0.5760 0.8052 0.1411
vn 0.9805 -0.1950 0.0252
vn 0.1265 -0.9736 0.1900
vn 0.0341 -0.0283 -0.9990
vn 0.2603 -0.9567 0.1299
vn -0.0842 -0.2920 -0.9527
vn -0.1469 -0.7185 -0.6798
vn 0.2901 -0.0309 0.9565
vn 0.0825 -0.0204 0.9964
vn 0.9974 0.0639 -0.0342
vn 0.9982 0.0173 -0.0571
vn 0.9982 -0.0594 0.0059
vn -0.2147 0.9767 0.0039
vn -0.2902 -0.0309 0.9565
vn 0.8818 0.0134 -0.4714
vn -0.7755 0.0036 -0.6313
vn 0.2902 0.0285 -0.9565
vn 0.7728 -0.0209 0.6343
vn -0.6343 0.0203 -0.7729
vn 0.6343 0.0203 -0.7728
vn 0.9944 0.0021 -0.1056
vn -0.6343 0.0203 0.7728
vn 0.0067 0.0183 0.9998
vn 0.2271 -0.5753 0.7858
vn -0.7515 0.0038 -0.6597
vn 0.2384 -0.7607 0.6037
vn -0.1450 -0.8856 0.4412
vn 0.9997 -0.0241 -0.0074
vt 0.838187 0.297382
vt 0.799669 0.297382
vt 0.838187 0.260598
vt 0.838187 0.247804
vt 0.812695 0.271890
vt 0.761152 0.220347
vt 0.799669 0.258865
vt 0.814823 0.220347
vt 0.823032 0.220347
vt 0.834512 0.297382
vt 0.836033 0.297023
vt 0.835946 0.222132
vt 0.799669 0.220347
vt 0.799669 0.222132
vt 0.834113 0.260650
vt 0.836353 0.297382
vt 0.836150 0.259757
vt 0.791761 0.254172
vt 0.790040 0.239606
vt 0.791761 0.244299
vt 0.798660 0.258782
vt 0.835726 0.297037
vt 0.799280 0.259055
vt 0.836957 0.297209
vt 0.838187 0.220347
vt 0.833880 0.296663
vt 0.799037 0.296663
vt 0.799353 0.297023
vt 0.807578 0.244299
vt 0.807578 0.254172
vt 0.833705 0.223918
vt 0.835123 0.297209
vt 0.834520 0.297382
vt 0.799583 0.297209
vt 0.798890 0.259246
vt 0.835261 0.297382
vt 0.799669 0.223918
vt 0.836349 0.297382
vt 0.150848 0.596543
vt 0.151529 0.596543
vt 0.833248 0.295945
vt 0.780372 0.259059
vt 0.799669 0.260650
vt 0.762054 0.221455
vt 0.761603 0.220901
vt 0.838187 0.225733
vt 0.838187 0.256351
vt 0.838187 0.294681
vt 0.836655 0.297296
vt 0.835717 0.296663
vt 0.838187 0.258865
vt 0.838187 0.225751
vt 0.119303 0.868260
vt 0.088497 0.868260
vt 0.120552 0.868260
vt 0.780411 0.258865
vt 0.834880 0.297382
vt 0.834934 0.297382
vt 0.761706 0.221455
vt 0.780601 0.259246
vt 0.774835 0.595927
vt 0.769836 0.595927
vt 0.771300 0.592392
vt 0.809299 0.239606
vt 0.098489 0.661568
vt 0.109382 0.661568
vt 0.824362 0.288166
vt 0.795061 0.288166
vt 0.797651 0.258700
vt 0.132466 0.596543
vt 0.131785 0.596543
vt 0.792447 0.297382
vt 0.790040 0.297382
vt 0.138253 0.596543
vt 0.135160 0.596543
vt 0.809299 0.220347
vt 0.790040 0.220347
vt 0.812729 0.271924
vt 0.837947 0.297143
vt 0.790040 0.258865
vt 0.809299 0.278123
vt 0.790040 0.278123
vt 0.822550 0.281745
vt 0.833685 0.297382
vt 0.151529 0.607436
vt 0.143258 0.596543
vt 0.142645 0.596543
vt 0.840297 0.299493
vt 0.139274 0.596543
vt 0.138593 0.607436
vt 0.138593 0.596543
vt 0.150848 0.607436
vt 0.150167 0.596543
vt 0.148125 0.596543
vt 0.147444 0.607436
vt 0.147444 0.596543
vt 0.775596 0.297382
vt 0.773189 0.297382
vt 0.830965 0.297382
vt 0.833372 0.258865
vt 0.833372 0.297382
vt 0.109315 0.661500
vt 0.785225 0.297382
vt 0.787633 0.258865
vt 0.787633 0.297382
vt 0.140636 0.596543
vt 0.141317 0.596543
vt 0.802975 0.297382
vt 0.804137 0.297382
vt 0.152890 0.596543
vt 0.153571 0.596543
vt 0.144040 0.596543
vt 0.144721 0.596543
vt 0.151845 0.884530
vt 0.136028 0.894403
vt 0.136028 0.884530
vt 0.809299 0.258865
vt 0.146763 0.596543
vt 0.146082 0.607436
vt 0.146082 0.596543
vt 0.137421 0.596543
vt 0.137998 0.596543
vt 0.140183 0.596543
vt 0.138355 0.596543
vt 0.137759 0.596543
vt 0.145109 0.596543
vt 0.144496 0.596543
vt 0.829622 0.288817
vt 0.811706 0.297382
vt 0.814113 0.258865
vt 0.814113 0.297382
vt 0.141997 0.596543
vt 0.142678 0.596543
vt 0.152210 0.607436
vt 0.152210 0.596543
vt 0.102182 0.654368
vt 0.109979 0.662165
vt 0.799497 0.297037
vt 0.120498 0.868260
vt 0.828557 0.278123
vt 0.802879 0.297382
vt 0.145402 0.596543
vt 0.146763 0.607436
vt 0.826150 0.297382
vt 0.828557 0.258865
vt 0.828557 0.297382
vt 0.835779 0.258865
vt 0.835779 0.297382
vt 0.804484 0.297382
vt 0.806891 0.258865
vt 0.806891 0.297382
vt 0.802077 0.297382
vt 0.804484 0.258865
vt 0.830965 0.258865
vt 0.816521 0.297382
vt 0.818928 0.258865
vt 0.818928 0.297382
vt 0.815321 0.257739
vt 0.822535 0.221473
vt 0.800795 0.235999
vt 0.778003 0.258865
vt 0.778003 0.297382
vt 0.792447 0.258865
vt 0.809299 0.297382
vt 0.794855 0.297382
vt 0.797262 0.258865
vt 0.797262 0.297382
vt 0.770781 0.297382
vt 0.773189 0.258865
vt 0.802077 0.258865
vt 0.775596 0.258865
vt 0.794855 0.258865
vt 0.782818 0.297382
vt 0.821335 0.297382
vt 0.823743 0.258865
vt 0.823743 0.297382
vt 0.770781 0.278123
vt 0.770781 0.258865
vt 0.768374 0.297382
vt 0.765967 0.297382
vt 0.768374 0.258865
vt 0.133828 0.596543
vt 0.133147 0.596543
vt 0.761152 0.297382
vt 0.763559 0.258865
vt 0.763559 0.297382
vt 0.139955 0.596543
vt 0.765967 0.258865
vt 0.780411 0.297382
vt 0.782818 0.258865
vt 0.134902 0.596543
vt 0.135176 0.596543
vt 0.149773 0.596543
vt 0.149516 0.596543
vt 0.775858 0.603346
vt 0.776210 0.603346
vt 0.149486 0.596543
vt 0.816521 0.258865
vt 0.811706 0.258865
vt 0.821335 0.258865
vt 0.826150 0.258865
vt 0.785225 0.258865
vt 0.761152 0.258865
vt 0.803555 0.249878
vt 0.141411 0.596543
vt 0.140794 0.596543
vt 0.148563 0.596543
vt 0.148022 0.596543
vt 0.137232 0.596543
vt 0.137912 0.596543
vt 0.145691 0.596543
vt 0.146288 0.596543
vt 0.143359 0.596543
vt 0.142678 0.607436
vt 0.143359 0.607436
vt 0.133828 0.607436
vt 0.134508 0.607436
vt 0.134508 0.596543
vt 0.145402 0.607436
vt 0.135870 0.607436
vt 0.135189 0.596543
vt 0.135870 0.596543
vt 0.136551 0.607436
vt 0.136551 0.596543
vt 0.137232 0.607436
vt 0.148806 0.607436
vt 0.148806 0.596543
vt 0.149486 0.607436
vt 0.150167 0.607436
vt 0.139274 0.607436
vt 0.139955 0.607436
vt 0.140636 0.607436
vt 0.133147 0.607436
vt 0.132466 0.607436
vt 0.141997 0.607436
vt 0.152890 0.607436
vt 0.135189 0.607436
vt 0.137912 0.607436
vt 0.144721 0.607436
vt 0.144040 0.607436
vt 0.141317 0.607436
vt 0.153571 0.607436
vt 0.131785 0.607436
vt 0.148627 0.596543
vt 0.149144 0.596543
vt 0.139567 0.596543
vt 0.138958 0.596543
vt 0.140195 0.596543
vt 0.140805 0.596543
vt 0.147458 0.596543
vt 0.146878 0.596543
vt 0.149598 0.596543
vt 0.148076 0.596543
vt 0.147503 0.596543
vt 0.141418 0.596543
vt 0.136654 0.596543
vt 0.136113 0.596543
vt 0.149727 0.596543
vt 0.146677 0.596543
vt 0.143265 0.596543
vt 0.143882 0.596543
vt 0.146917 0.596543
vt 0.138985 0.596543
vt 0.139588 0.596543
vt 0.138387 0.596543
vt 0.143870 0.596543
vt 0.144480 0.596543
vt 0.137218 0.596543
vt 0.142647 0.596543
vt 0.135077 0.596543
vt 0.134768 0.596543
vt 0.142031 0.596543
vt 0.774835 0.593857
vt 0.773371 0.597391
vt 0.142029 0.596543
vt 0.136049 0.596543
vt 0.135531 0.596543
vt 0.136600 0.596543
vt 0.135610 0.596543
vt 0.146423 0.596543
vt 0.137797 0.596543
vt 0.145088 0.596543
vt 0.149066 0.596543
vt 0.134948 0.596543
vt 0.149500 0.596543
vt 0.137173 0.596543
vt 0.140179 0.596543
vt 0.145717 0.596543
vt 0.149907 0.596543
vt 0.146320 0.596543
vt 0.454234 0.885605
vt 0.453696 0.885605
vt 0.455874 0.885605
vt 0.455342 0.885605
vt 0.136960 0.596543
vt 0.136616 0.596543
vt 0.136502 0.596543
vt 0.144796 0.596543
vt 0.144256 0.596543
vt 0.140454 0.596543
vt 0.139926 0.596543
vt 0.141512 0.596543
vt 0.142062 0.596543
vt 0.147577 0.596543
vt 0.147892 0.596543
vt 0.147184 0.596543
vt 0.146355 0.596543
vt 0.146842 0.596543
vt 0.137834 0.596543
vt 0.138321 0.596543
vt 0.137098 0.596543
vt 0.137491 0.596543
vt 0.140964 0.596543
vt 0.145779 0.596543
vt 0.145270 0.596543
vt 0.139406 0.596543
vt 0.148059 0.596543
vt 0.148269 0.596543
vt 0.142613 0.596543
vt 0.148173 0.596543
vt 0.146272 0.596543
vt 0.137375 0.596543
vt 0.138827 0.596543
vt 0.145327 0.596543
vt 0.145848 0.596543
vt 0.148060 0.596543
vt 0.140419 0.596543
vt 0.147716 0.596543
vt 0.147301 0.596543
vt 0.143712 0.596543
vt 0.139349 0.596543
vt 0.143164 0.596543
vt 0.136407 0.596543
vt 0.139880 0.596543
vt 0.144493 0.596543
vt 0.137742 0.596543
vt 0.140378 0.596543
vt 0.142608 0.596543
vt 0.142067 0.596543
vt 0.141527 0.596543
vt 0.136615 0.596543
vt 0.136783 0.596543
vt 0.144298 0.596543
vt 0.138897 0.596543
vt 0.138404 0.596543
vt 0.146934 0.596543
vt 0.147906 0.596543
vt 0.136770 0.596543
vt 0.146744 0.596543
vt 0.144750 0.596543
vt 0.144221 0.596543
vt 0.140988 0.596543
vt 0.143687 0.596543
vt 0.143149 0.596543
vt 0.147254 0.596543
vt 0.137932 0.596543
vt 0.454845 0.885605
vt 0.457481 0.885605
vt 0.447330 0.885605
vt 0.447162 0.885605
vt 0.453155 0.885605
vt 0.458453 0.885605
vt 0.447317 0.885605
vt 0.452614 0.885605
vt 0.458607 0.885605
vt 0.448289 0.885605
vt 0.452074 0.885605
vt 0.458439 0.885605
vt 0.450925 0.885605
vt 0.451535 0.885605
vt 0.458124 0.885605
vt 0.451001 0.885605
vt 0.457731 0.885605
vt 0.450473 0.885605
vt 0.457291 0.885605
vt 0.449953 0.885605
vt 0.456819 0.885605
vt 0.449444 0.885605
vt 0.456326 0.885605
vt 0.448950 0.885605
vt 0.455817 0.885605
vt 0.448479 0.885605
vt 0.455297 0.885605
vt 0.448038 0.885605
vt 0.454768 0.885605
vt 0.447645 0.885605
vt 0.448380 0.885605
vt 0.447922 0.885605
vt 0.454803 0.885605
vt 0.447507 0.885605
vt 0.454259 0.885605
vt 0.450729 0.885605
vt 0.455040 0.885605
vt 0.447163 0.885605
vt 0.453710 0.885605
vt 0.457801 0.885605
vt 0.446954 0.885605
vt 0.453160 0.885605
vt 0.458720 0.885605
vt 0.447049 0.885605
vt 0.452609 0.885605
vt 0.458815 0.885605
vt 0.447968 0.885605
vt 0.452059 0.885605
vt 0.458606 0.885605
vt 0.451511 0.885605
vt 0.458263 0.885605
vt 0.450966 0.885605
vt 0.457847 0.885605
vt 0.450427 0.885605
vt 0.457389 0.885605
vt 0.449895 0.885605
vt 0.456902 0.885605
vt 0.449374 0.885605
vt 0.456395 0.885605
vt 0.448867 0.885605
vt 0.840710 0.303969
vt 0.834877 0.296612
vt 0.839855 0.299050
vt 0.818928 0.258094
vt 0.822535 0.257739
vt 0.826003 0.256687
vt 0.829199 0.254978
vt 0.832001 0.252679
vt 0.834300 0.249878
vt 0.836009 0.246681
vt 0.837061 0.243213
vt 0.837416 0.239606
vt 0.837061 0.235999
vt 0.836009 0.232531
vt 0.834300 0.229335
vt 0.832001 0.226533
vt 0.829199 0.224234
vt 0.826003 0.222525
vt 0.818928 0.221118
vt 0.815321 0.221473
vt 0.811853 0.222525
vt 0.808656 0.224234
vt 0.805855 0.226533
vt 0.803555 0.229335
vt 0.801847 0.232531
vt 0.800440 0.239606
vt 0.800795 0.243213
vt 0.801847 0.246681
vt 0.805855 0.252679
vt 0.808656 0.254978
vt 0.811853 0.256687
vt 0.787486 0.256687
vt 0.784018 0.257739
vt 0.773335 0.256687
vt 0.780411 0.258094
vt 0.776804 0.257739
vt 0.770139 0.254978
vt 0.763330 0.246681
vt 0.767337 0.252679
vt 0.765038 0.249878
vt 0.762278 0.243213
vt 0.761922 0.239606
vt 0.762278 0.235999
vt 0.763330 0.232531
vt 0.769836 0.593857
vt 0.770086 0.593389
vt 0.770423 0.592979
vt 0.767337 0.226533
vt 0.770139 0.224234
vt 0.773335 0.222525
vt 0.776804 0.221473
vt 0.787486 0.222525
vt 0.780411 0.221118
vt 0.784018 0.221473
vt 0.790682 0.224234
vt 0.797492 0.232531
vt 0.793484 0.226533
vt 0.795783 0.229335
vt 0.798544 0.235999
vt 0.798899 0.239606
vt 0.798544 0.243213
vt 0.797492 0.246681
vt 0.795783 0.249878
vt 0.793484 0.252679
vt 0.790682 0.254978
vt 0.769630 0.594892
vt 0.771300 0.597391
vt 0.773371 0.592392
vt 0.765038 0.229335
vt 0.773839 0.592642
vt 0.774989 0.594364
vt 0.775041 0.594892
vt 0.774585 0.596395
vt 0.774248 0.596805
vt 0.773839 0.597141
vt 0.772336 0.592187
vt 0.089755 0.868260
vt 0.148125 0.607436
vt 0.151845 0.894403
vt 0.102173 0.654358
vt 0.088593 0.868260
s 0
f 183/1/1 191/1/1 193/1/1
f 223/1/2 221/2/2 220/1/2
f 601/3/3 8/1/3 602/4/3
f 10/1/4 173/2/4 172/1/4
f 124/1/5 1081/2/5 106/2/5
f 103/5/6 12/6/6 125/7/6
f 45/1/7 214/1/7 10/1/7
f 319/8/8 324/9/8 141/9/8
f 10/1/9 159/1/9 45/1/9
f 4/10/10 29/1/10 95/11/10
f 62/12/11 26/13/11 98/14/11
f 56/15/12 63/16/12 97/17/12
f 141/9/13 35/13/13 319/8/13
f 256/18/14 251/19/14 257/20/14
f 93/21/15 3/1/15 32/7/15
f 5/22/10 92/23/10 66/24/10
f 266/13/16 273/25/16 267/25/16
f 75/26/10 69/27/10 89/28/10
f 183/1/17 185/2/17 186/2/17
f 255/29/18 261/30/18 260/29/18
f 287/25/19 278/13/19 279/25/19
f 84/15/20 24/31/20 73/15/20
f 83/32/21 20/33/21 76/32/21
f 88/34/22 20/33/22 68/2/22
f 216/1/23 228/1/23 227/1/23
f 5/22/24 112/35/24 61/35/24
f 82/33/20 73/15/20 20/33/20
f 1088/36/25 1081/2/25 1085/1/25
f 73/15/20 2/33/20 84/15/20
f 4/10/26 85/2/26 57/2/26
f 81/31/14 72/37/14 24/31/14
f 79/10/26 85/2/26 4/10/26
f 64/38/10 28/2/10 16/1/10
f 598/1/27 153/3/27 150/1/27
f 769/39/28 738/40/28 739/39/28
f 21/41/10 90/42/10 69/27/10
f 18/1/29 54/1/29 30/1/29
f 68/2/30 73/15/30 91/43/30
f 115/1/31 119/1/31 114/1/31
f 66/24/10 33/7/10 18/1/10
f 6/44/10 92/23/10 61/35/10
f 67/45/32 32/7/32 19/6/32
f 215/2/14 220/1/14 221/2/14
f 49/46/33 144/47/33 147/46/33
f 145/48/34 152/47/34 146/47/34
f 59/32/35 63/16/35 2/33/35
f 5/22/36 94/49/36 59/32/36
f 50/1/37 161/7/37 99/7/37
f 58/26/10 65/50/10 17/41/10
f 4/10/10 95/11/10 58/26/10
f 127/1/38 106/2/38 52/2/38
f 4/10/10 96/2/10 64/38/10
f 62/12/11 27/51/11 14/25/11
f 147/46/39 155/52/39 148/52/39
f 242/53/14 238/54/14 239/55/14
f 1/31/11 98/14/11 55/37/11
f 198/1/40 200/1/40 196/1/40
f 125/7/41 44/6/41 105/56/41
f 51/1/42 142/1/42 127/1/42
f 51/1/43 115/1/43 114/1/43
f 51/1/44 117/1/44 139/1/44
f 53/1/45 130/1/45 136/1/45
f 232/57/14 227/1/14 233/58/14
f 225/6/46 229/6/46 222/6/46
f 255/29/47 259/20/47 257/20/47
f 274/6/48 312/6/48 310/6/48
f 282/6/48 286/6/48 288/6/48
f 14/25/49 101/51/49 320/25/49
f 216/1/50 226/1/50 223/1/50
f 280/13/51 285/25/51 281/25/51
f 71/59/52 78/35/52 87/60/52
f 34/44/53 78/35/53 23/44/53
f 572/61/26 592/62/26 584/63/26
f 33/7/54 129/7/54 18/1/54
f 28/2/55 212/1/55 16/1/55
f 865/19/14 851/64/14 850/19/14
f 32/7/56 6/44/56 93/21/56
f 46/6/57 33/7/57 19/6/57
f 123/65/58 120/66/58 121/65/58
f 1084/67/59 105/56/59 1082/68/59
f 313/6/48 280/6/48 311/6/48
f 318/25/60 109/7/60 35/13/60
f 60/69/61 31/41/61 17/41/61
f 173/6/62 178/6/62 177/6/62
f 766/70/63 767/71/63 950/70/63
f 585/72/64 554/73/64 553/72/64
f 111/26/65 4/10/65 58/26/65
f 186/2/66 187/2/66 182/2/66
f 58/26/10 3/1/10 65/50/10
f 108/56/67 12/6/67 42/7/67
f 118/65/43 119/66/43 123/65/43
f 1047/74/68 847/75/68 816/74/68
f 86/37/14 81/31/14 1/31/14
f 37/2/69 117/1/69 113/2/69
f 257/20/70 258/18/70 256/18/70
f 114/1/71 122/1/71 117/1/71
f 858/19/72 857/76/72 856/77/72
f 74/2/10 75/26/10 89/28/10
f 152/47/73 155/52/73 154/46/73
f 53/1/74 127/1/74 142/1/74
f 43/78/75 137/5/75 103/5/75
f 53/1/76 54/1/76 128/1/76
f 103/5/77 125/7/77 43/78/77
f 54/1/78 129/7/78 47/79/78
f 136/66/79 130/66/79 131/66/79
f 130/66/80 134/66/80 131/66/80
f 61/35/81 34/44/81 6/44/81
f 77/69/10 90/42/10 21/41/10
f 168/1/82 163/1/82 165/1/82
f 15/1/83 101/51/83 27/51/83
f 13/1/84 134/1/84 41/1/84
f 142/1/42 51/1/42 139/1/42
f 36/3/85 139/1/85 138/51/85
f 49/46/86 294/25/86 320/25/86
f 7/52/87 138/51/87 318/25/87
f 48/48/88 142/1/88 126/1/88
f 144/47/89 143/1/89 48/48/89
f 8/1/90 142/1/90 139/1/90
f 249/80/72 248/81/72 247/82/72
f 148/52/91 602/4/91 36/3/91
f 172/1/92 603/1/92 10/1/92
f 126/1/93 145/48/93 48/48/93
f 7/52/94 147/46/94 148/52/94
f 279/25/95 285/25/95 283/25/95
f 159/1/96 170/1/96 162/1/96
f 156/1/97 150/1/97 151/48/97
f 145/48/98 156/1/98 151/48/98
f 49/46/99 297/52/99 296/46/99
f 602/4/100 148/52/100 155/52/100
f 32/7/101 46/6/101 19/6/101
f 600/1/102 156/1/102 149/1/102
f 146/47/103 147/46/103 144/47/103
f 606/83/104 158/7/104 166/7/104
f 263/25/105 273/25/105 271/25/105
f 171/1/106 178/2/106 174/2/106
f 278/6/48 284/6/48 280/6/48
f 99/7/107 158/7/107 42/7/107
f 16/1/108 211/1/108 45/1/108
f 296/46/109 298/25/109 294/25/109
f 234/84/14 227/1/14 228/1/14
f 52/2/69 115/1/69 127/1/69
f 100/1/110 160/1/110 50/1/110
f 295/25/111 302/25/111 303/25/111
f 606/83/112 605/1/112 604/1/112
f 162/1/113 168/1/113 160/1/113
f 160/1/114 169/7/114 161/7/114
f 149/1/115 145/48/115 126/1/115
f 40/1/116 172/1/116 171/1/116
f 40/1/117 174/2/117 107/2/117
f 328/9/118 333/9/118 329/9/118
f 165/1/119 604/1/119 605/1/119
f 264/51/120 267/25/120 263/25/120
f 42/7/121 606/83/121 9/6/121
f 45/1/122 162/1/122 100/1/122
f 614/85/123 615/39/123 613/40/123
f 262/13/124 271/25/124 270/13/124
f 309/25/72 340/25/72 308/25/72
f 176/1/125 179/1/125 175/1/125
f 9/1/126 107/2/126 38/2/126
f 1062/86/63 832/87/63 1063/87/63
f 850/19/72 849/76/72 848/77/72
f 201/1/127 206/1/127 202/1/127
f 182/6/128 188/6/128 181/6/128
f 60/69/61 21/41/61 31/41/61
f 80/22/129 76/32/129 22/22/129
f 135/78/130 11/88/130 132/88/130
f 649/89/131 652/90/131 651/91/131
f 303/25/132 309/25/132 305/25/132
f 616/92/133 617/93/133 615/39/133
f 198/1/134 201/1/134 202/1/134
f 194/1/135 197/1/135 198/1/135
f 191/1/136 197/1/136 193/1/136
f 192/1/137 195/1/137 191/1/137
f 200/1/138 206/1/138 204/1/138
f 3/1/139 60/69/139 65/50/139
f 196/1/140 199/1/140 195/1/140
f 195/1/141 201/1/141 197/1/141
f 204/1/142 205/1/142 203/1/142
f 306/25/143 340/25/143 338/25/143
f 623/94/144 626/95/144 625/96/144
f 180/1/145 194/1/145 192/1/145
f 208/2/146 190/2/146 188/2/146
f 210/2/147 189/2/147 190/2/147
f 592/97/148 561/98/148 560/97/148
f 477/99/149 474/100/149 475/101/149
f 157/1/150 163/1/150 164/1/150
f 13/1/151 124/1/151 127/1/151
f 169/7/152 165/1/152 166/7/152
f 39/2/153 214/1/153 215/2/153
f 133/102/154 134/66/154 130/66/154
f 239/58/155 232/57/155 233/58/155
f 211/1/14 218/1/14 217/1/14
f 327/8/156 324/9/156 323/8/156
f 211/1/14 220/1/14 214/1/14
f 275/25/157 279/25/157 271/25/157
f 870/80/14 868/64/14 869/19/14
f 515/103/158 512/104/158 513/105/158
f 270/6/48 276/6/48 272/6/48
f 224/2/159 226/1/159 237/2/159
f 47/79/160 137/5/160 133/79/160
f 161/7/161 166/7/161 158/7/161
f 754/106/162 945/107/162 753/107/162
f 315/13/163 310/13/163 314/13/163
f 302/25/48 307/25/48 303/25/48
f 231/108/14 226/1/14 232/57/14
f 170/1/164 164/1/164 163/1/164
f 235/109/14 228/1/14 229/2/14
f 27/51/165 1/31/165 97/17/165
f 231/108/14 236/2/14 237/2/14
f 186/2/166 190/2/166 189/2/166
f 5/22/36 30/1/36 94/49/36
f 209/2/167 187/2/167 189/2/167
f 873/110/168 784/111/168 785/110/168
f 774/112/169 748/113/169 749/112/169
f 282/13/170 289/25/170 283/25/170
f 20/33/171 59/32/171 82/33/171
f 121/2/172 115/1/172 116/2/172
f 253/30/173 258/18/173 261/30/173
f 213/2/14 218/1/14 212/1/14
f 260/114/174 258/115/174 259/116/174
f 255/29/175 254/117/175 253/30/175
f 24/31/20 56/15/20 81/31/20
f 257/20/176 244/64/176 255/29/176
f 256/18/177 254/117/177 252/80/177
f 691/118/178 694/119/178 693/120/178
f 97/17/179 15/1/179 27/51/179
f 13/1/180 136/1/180 131/1/180
f 38/2/181 42/7/181 9/1/181
f 262/6/182 272/6/182 266/6/182
f 1014/121/183 1015/122/183 983/123/183
f 349/99/149 346/100/149 347/101/149
f 1038/124/184 928/125/184 1039/125/184
f 46/6/185 42/7/185 12/6/185
f 286/6/48 292/6/48 288/6/48
f 91/43/30 24/31/30 72/37/30
f 265/6/48 266/6/48 269/6/48
f 283/25/186 287/25/186 279/25/186
f 387/103/158 384/104/158 385/105/158
f 1027/126/187 917/127/187 1028/127/187
f 271/25/72 277/25/72 275/25/72
f 311/13/163 280/13/163 281/25/163
f 107/6/188 173/6/188 39/6/188
f 29/1/189 50/1/189 3/1/189
f 313/13/190 312/13/190 271/25/190
f 21/41/65 111/26/65 31/41/65
f 315/6/191 313/6/191 311/6/191
f 1087/128/192 43/78/192 125/7/192
f 59/32/193 80/22/193 5/22/193
f 287/25/72 293/25/72 291/25/72
f 365/129/148 362/130/148 363/131/148
f 177/6/48 182/6/48 181/6/48
f 175/1/194 182/2/194 178/2/194
f 283/25/30 284/13/30 282/13/30
f 775/132/195 751/133/195 752/132/195
f 159/1/196 164/1/196 167/1/196
f 243/109/156 234/84/156 235/109/156
f 53/1/197 30/1/197 54/1/197
f 318/25/198 294/25/198 295/25/198
f 32/7/199 50/1/199 99/7/199
f 7/52/200 295/25/200 297/52/200
f 300/46/201 299/25/201 298/25/201
f 299/25/202 304/25/202 298/25/202
f 151/48/203 153/3/203 152/47/203
f 199/1/204 204/1/204 203/1/204
f 612/134/205 613/40/205 611/135/205
f 298/25/206 302/25/206 294/25/206
f 60/69/207 34/44/207 110/69/207
f 299/25/208 303/25/208 305/25/208
f 179/1/209 186/2/209 182/2/209
f 133/102/210 135/136/210 132/137/210
f 70/138/211 78/35/211 22/22/211
f 304/25/72 309/25/72 308/25/72
f 238/54/14 241/139/14 239/55/14
f 15/1/212 142/1/212 143/1/212
f 857/140/213 863/117/213 861/81/213
f 240/108/72 230/141/72 231/108/72
f 335/8/156 332/9/156 331/8/156
f 48/48/214 146/47/214 144/47/214
f 141/9/215 320/25/215 318/25/215
f 319/8/216 102/13/216 321/8/216
f 140/9/217 102/13/217 320/25/217
f 885/113/218 796/142/218 797/113/218
f 321/8/8 325/9/8 322/8/8
f 321/8/8 323/8/8 319/8/8
f 141/9/8 325/9/8 140/9/8
f 328/9/219 331/8/219 332/9/219
f 325/9/10 326/8/10 322/8/10
f 331/8/48 334/8/48 335/8/48
f 324/9/72 329/9/72 325/9/72
f 132/88/220 41/1/220 134/1/220
f 327/8/221 330/8/221 331/8/221
f 329/9/222 330/8/222 326/8/222
f 332/9/72 337/9/72 333/9/72
f 185/2/146 180/1/146 181/2/146
f 288/13/223 293/25/223 289/25/223
f 337/9/10 330/8/10 333/9/10
f 179/1/224 192/1/224 191/1/224
f 302/25/225 308/25/225 306/25/225
f 625/96/226 628/143/226 627/118/226
f 183/1/227 194/1/227 184/1/227
f 307/25/48 338/25/48 339/25/48
f 353/144/228 350/145/228 351/146/228
f 343/1/229 344/147/229 342/51/229
f 347/101/230 344/147/230 345/148/230
f 371/149/231 368/150/231 369/151/231
f 373/152/232 370/153/232 371/149/232
f 351/146/64 348/154/64 349/99/64
f 242/84/233 233/58/233 234/84/233
f 361/155/234 358/156/234 359/157/234
f 404/158/14 372/159/14 388/160/14
f 395/97/235 392/161/235 393/162/235
f 104/1/236 217/1/236 218/1/236
f 746/120/237 772/142/237 942/120/237
f 383/73/238 380/163/238 381/72/238
f 369/151/239 366/117/239 367/164/239
f 379/165/240 376/166/240 377/167/240
f 399/168/241 396/169/241 397/98/241
f 372/170/242 375/2/242 374/7/242
f 377/167/243 374/7/243 375/2/243
f 397/98/244 394/171/244 395/97/244
f 381/72/245 378/172/245 379/165/245
f 795/120/237 884/142/237 883/120/237
f 460/103/246 429/173/246 428/103/246
f 357/174/246 354/175/246 355/176/246
f 862/80/247 859/64/247 858/19/247
f 216/1/248 220/1/248 217/1/248
f 848/177/249 854/80/249 850/178/249
f 401/179/250 398/178/250 399/168/250
f 403/180/251 400/181/251 401/179/251
f 764/182/252 783/183/252 782/182/252
f 343/184/253 404/185/253 405/186/253
f 363/131/254 417/129/254 365/129/254
f 947/89/255 755/187/255 756/89/255
f 405/186/256 402/188/256 403/180/256
f 391/189/257 388/190/257 389/173/257
f 846/191/169 1076/192/169 845/192/169
f 405/186/258 407/184/258 343/184/258
f 410/146/259 353/144/259 351/146/259
f 357/174/260 412/176/260 413/174/260
f 363/131/261 415/155/261 416/131/261
f 491/131/262 543/155/262 544/131/262
f 367/164/263 419/151/263 369/151/263
f 381/72/264 426/73/264 383/73/264
f 395/97/265 433/98/265 397/98/265
f 355/176/266 411/144/266 412/176/266
f 361/155/267 414/157/267 415/155/267
f 387/103/268 429/173/268 389/173/268
f 385/105/269 426/73/269 427/105/269
f 403/180/270 435/179/270 436/180/270
f 408/101/271 349/99/271 347/101/271
f 379/165/272 425/72/272 381/72/272
f 391/189/273 429/173/273 430/189/273
f 405/186/274 436/180/274 437/186/274
f 399/168/275 435/179/275 401/179/275
f 365/129/276 418/164/276 367/164/276
f 373/152/277 420/149/277 421/152/277
f 391/189/278 431/162/278 393/162/278
f 357/174/279 414/157/279 359/157/279
f 387/103/280 427/105/280 428/103/280
f 379/165/281 423/167/281 424/165/281
f 345/148/282 408/101/282 347/101/282
f 422/2/283 377/167/283 375/2/283
f 431/162/284 395/97/284 393/162/284
f 397/98/285 434/168/285 399/168/285
f 345/148/286 407/1/286 406/148/286
f 375/2/287 421/152/287 422/2/287
f 419/151/288 371/149/288 369/151/288
f 446/157/289 415/155/289 414/157/289
f 453/152/253 422/2/253 421/152/253
f 441/99/238 410/146/238 409/99/238
f 468/180/232 437/186/232 436/180/232
f 456/165/149 425/72/149 424/165/149
f 451/151/251 420/149/251 419/151/251
f 424/165/230 455/167/230 456/165/230
f 457/72/64 426/73/64 425/72/64
f 454/2/229 423/167/229 422/2/229
f 437/186/242 439/184/242 407/184/242
f 433/98/290 466/168/290 434/168/290
f 439/1/243 406/148/243 407/1/243
f 435/179/231 468/180/231 436/180/231
f 539/144/291 570/146/291 571/144/291
f 450/164/250 419/151/250 418/164/250
f 416/131/235 447/155/235 448/131/235
f 1050/193/162 818/194/162 819/193/162
f 481/144/228 478/145/228 479/146/228
f 417/129/244 448/131/244 449/129/244
f 414/157/257 445/174/257 446/157/257
f 412/176/292 445/174/292 413/174/292
f 463/162/293 432/97/293 431/162/293
f 479/146/64 476/154/64 477/99/64
f 464/97/148 433/98/148 432/97/148
f 497/151/239 494/117/239 495/164/239
f 548/195/251 579/196/251 580/195/251
f 471/1/229 472/147/229 470/51/229
f 741/197/294 770/93/294 740/93/294
f 571/144/158 540/176/158 539/144/158
f 473/148/230 474/100/230 472/147/230
f 452/149/256 421/152/256 420/149/256
f 538/146/238 569/99/238 570/146/238
f 501/152/232 498/153/232 499/149/232
f 438/148/240 408/101/240 406/148/240
f 503/2/242 500/170/242 501/152/242
f 462/189/234 431/162/234 430/189/234
f 429/173/295 462/189/295 430/189/295
f 491/131/293 488/198/293 489/155/293
f 489/155/234 486/156/234 487/157/234
f 495/164/290 492/199/290 493/129/290
f 487/157/295 484/200/295 485/174/295
f 485/174/246 482/175/246 483/176/246
f 483/176/296 480/201/296 481/144/296
f 523/97/235 520/161/235 521/162/235
f 493/129/148 490/130/148 491/131/148
f 511/73/238 508/163/238 509/72/238
f 572/176/292 541/174/292 540/176/292
f 499/149/231 496/150/231 497/151/231
f 509/72/245 506/172/245 507/165/245
f 529/179/250 526/178/250 527/168/250
f 507/165/240 504/166/240 505/167/240
f 505/167/243 502/7/243 503/2/243
f 517/173/292 514/202/292 515/103/292
f 222/2/156 218/1/156 219/2/156
f 521/162/289 518/56/289 519/189/289
f 513/105/291 510/80/291 511/73/291
f 581/152/253 550/2/253 549/152/253
f 519/189/257 516/190/257 517/173/257
f 317/13/190 312/13/190 313/13/190
f 531/180/251 528/181/251 529/179/251
f 527/168/241 524/169/241 525/98/241
f 533/186/253 470/203/253 532/185/253
f 485/174/297 542/157/297 487/157/297
f 408/101/245 441/99/245 409/99/245
f 320/25/298 26/13/298 14/25/298
f 524/204/14 532/158/14 500/159/14
f 595/179/231 564/180/231 563/179/231
f 497/151/299 546/164/299 547/151/299
f 493/129/300 544/131/300 545/129/300
f 477/99/301 538/146/301 479/146/301
f 531/180/302 565/186/302 533/186/302
f 473/148/303 536/101/303 475/101/303
f 501/152/304 550/2/304 503/2/304
f 540/176/305 485/174/305 483/176/305
f 521/162/306 560/97/306 523/97/306
f 525/98/307 560/97/307 561/98/307
f 519/189/308 557/173/308 558/189/308
f 493/129/309 546/164/309 495/164/309
f 505/167/310 550/2/310 551/167/310
f 525/98/311 562/168/311 527/168/311
f 519/189/312 559/162/312 521/162/312
f 489/155/313 542/157/313 543/155/313
f 481/144/314 538/146/314 539/144/314
f 535/1/315 473/148/315 471/1/315
f 481/144/316 540/176/316 483/176/316
f 513/105/317 556/103/317 515/103/317
f 507/165/318 551/167/318 552/165/318
f 922/205/72 946/106/72 923/206/72
f 507/165/319 553/72/319 509/72/319
f 501/152/320 548/149/320 549/152/320
f 511/73/321 555/105/321 513/105/321
f 529/179/322 562/168/322 563/179/322
f 533/186/323 535/184/323 471/184/323
f 497/151/324 548/149/324 499/149/324
f 511/73/325 553/72/325 554/73/325
f 475/101/326 537/99/326 477/99/326
f 517/173/327 556/103/327 557/173/327
f 531/180/328 563/179/328 564/180/328
f 34/44/207 77/69/207 110/69/207
f 589/173/295 558/189/295 557/173/295
f 31/41/65 58/26/65 17/41/65
f 594/168/239 563/179/239 562/168/239
f 458/73/228 427/105/228 426/73/228
f 566/148/240 536/101/240 534/148/240
f 580/149/256 549/152/256 548/149/256
f 578/164/250 547/151/250 546/164/250
f 588/103/246 557/173/246 556/103/246
f 596/180/232 565/186/232 564/180/232
f 577/129/241 546/164/241 545/129/241
f 583/167/230 552/165/230 551/167/230
f 1053/207/329 823/208/329 1054/208/329
f 576/131/244 545/129/244 544/131/244
f 586/73/228 555/105/228 554/73/228
f 575/155/235 544/131/235 543/155/235
f 574/157/289 543/155/289 542/157/289
f 75/26/65 79/10/65 111/26/65
f 584/165/149 553/72/149 552/165/149
f 573/174/257 542/157/257 541/174/257
f 587/105/296 556/103/296 555/105/296
f 896/209/330 807/210/330 808/209/330
f 597/186/242 535/184/242 565/186/242
f 758/210/330 949/209/330 948/210/330
f 582/2/229 551/167/229 550/2/229
f 754/106/331 776/187/331 946/106/331
f 590/189/234 559/162/234 558/189/234
f 1058/211/332 826/212/332 827/211/332
f 591/162/293 560/97/293 559/162/293
f 537/99/245 568/101/245 569/99/245
f 393/162/289 390/56/289 391/189/289
f 277/25/333 272/13/333 276/13/333
f 59/32/35 15/1/35 63/16/35
f 194/1/334 196/1/334 192/1/334
f 637/213/335 640/214/335 639/133/335
f 635/112/336 638/215/336 637/213/336
f 666/216/337 667/183/337 665/182/337
f 664/217/338 665/182/338 663/218/338
f 629/120/339 632/219/339 631/142/339
f 660/220/340 661/221/340 659/222/340
f 658/223/341 659/222/341 657/224/341
f 653/210/342 656/225/342 655/209/342
f 622/226/343 623/94/343 621/227/343
f 620/228/344 621/227/344 619/197/344
f 618/229/345 619/197/345 617/93/345
f 647/187/346 650/230/346 649/89/346
f 645/106/347 648/231/347 647/187/347
f 643/107/348 646/232/348 645/106/348
f 668/233/349 669/70/349 667/183/349
f 249/80/350 254/117/350 250/117/350
f 670/234/351 607/71/351 669/70/351
f 639/133/352 642/235/352 641/132/352
f 610/236/353 611/135/353 609/110/353
f 307/25/354 341/25/354 309/25/354
f 662/237/355 663/218/355 661/221/355
f 627/118/356 630/119/356 629/120/356
f 80/22/357 78/35/357 112/35/357
f 656/225/358 657/224/358 655/209/358
f 177/2/359 180/1/359 176/1/359
f 651/91/360 654/238/360 653/210/360
f 323/8/48 326/8/48 327/8/48
f 296/46/361 301/52/361 300/46/361
f 631/142/362 634/239/362 633/113/362
f 633/113/363 636/240/363 635/112/363
f 641/132/364 644/241/364 643/107/364
f 608/242/365 609/110/365 607/111/365
f 732/233/366 733/70/366 731/183/366
f 672/243/367 733/70/367 734/234/367
f 730/216/368 731/183/368 729/182/368
f 696/219/369 697/113/369 695/142/369
f 696/219/370 693/120/370 694/119/370
f 726/237/371 727/218/371 725/221/371
f 722/223/372 723/222/372 721/224/372
f 687/94/373 690/95/373 689/96/373
f 708/241/374 709/106/374 707/107/374
f 712/231/375 709/106/375 710/232/375
f 686/226/376 687/94/376 685/227/376
f 714/230/377 711/187/377 712/231/377
f 716/90/378 717/210/378 715/91/378
f 716/90/379 713/89/379 714/230/379
f 199/1/380 205/1/380 201/1/380
f 706/235/381 703/133/381 704/214/381
f 702/215/382 699/112/382 700/240/382
f 702/215/383 703/133/383 701/213/383
f 697/113/384 700/240/384 699/112/384
f 730/216/385 727/218/385 728/217/385
f 724/220/386 725/221/386 723/222/386
f 722/223/387 719/209/387 720/225/387
f 692/143/388 689/96/388 690/95/388
f 678/85/389 679/39/389 677/40/389
f 718/238/390 719/209/390 717/210/390
f 682/229/391 683/197/391 681/93/391
f 676/134/392 677/40/392 675/135/392
f 682/229/393 679/39/393 680/92/393
f 684/228/394 685/227/394 683/197/394
f 676/134/395 673/110/395 674/236/395
f 708/241/396 705/132/396 706/235/396
f 674/236/397 671/111/397 672/242/397
f 725/221/48 761/222/48 723/222/48
f 705/132/48 753/107/48 752/132/48
f 695/142/48 746/120/48 693/120/48
f 770/93/72 910/244/72 909/245/72
f 713/89/48 757/91/48 756/89/48
f 925/246/72 777/91/72 926/247/72
f 891/106/72 836/248/72 835/249/72
f 831/86/72 888/133/72 832/87/72
f 705/132/48 751/133/48 703/133/48
f 809/224/48 655/209/48 657/224/48
f 611/135/48 787/40/48 786/135/48
f 744/96/48 687/94/48 689/96/48
f 661/221/48 810/222/48 659/222/48
f 645/106/48 802/107/48 643/107/48
f 740/93/48 679/39/48 681/93/48
f 607/71/48 815/70/48 669/70/48
f 824/250/72 881/96/72 825/251/72
f 623/94/48 791/227/48 621/227/48
f 711/187/48 754/106/48 709/106/48
f 769/39/72 909/245/72 908/252/72
f 901/182/72 846/191/72 845/192/72
f 627/118/48 795/120/48 794/118/48
f 911/253/72 939/94/72 912/254/72
f 834/255/72 891/106/72 835/249/72
f 653/210/48 806/91/48 651/91/48
f 842/256/72 899/221/72 843/257/72
f 721/224/48 761/222/48 760/224/48
f 625/96/48 792/94/48 623/94/48
f 711/187/48 756/89/48 755/187/48
f 879/227/72 824/250/72 823/208/72
f 663/218/48 811/221/48 661/221/48
f 649/89/48 806/91/48 805/89/48
f 363/131/293 360/198/293 361/155/293
f 1017/258/398 905/259/398 906/258/398
f 919/260/399 1029/261/399 918/261/399
f 291/25/400 286/13/400 287/25/400
f 782/182/187 763/218/187 764/182/187
f 593/98/290 562/168/290 561/98/290
f 781/218/401 762/221/401 763/218/401
f 293/25/402 290/13/402 291/25/402
f 936/110/168 735/111/168 736/110/168
f 1029/261/252 917/127/252 918/261/252
f 1055/250/330 823/208/330 824/250/330
f 367/164/290 364/199/290 365/129/290
f 944/133/68 750/213/68 751/133/68
f 856/177/403 862/80/403 858/178/403
f 810/222/404 897/224/404 809/224/404
f 927/124/405 1037/247/405 926/247/405
f 879/227/405 790/197/405 791/227/405
f 386/202/292 389/173/292 388/190/292
f 744/96/406 941/118/406 940/96/406
f 741/197/405 938/227/405 771/197/405
f 812/218/187 901/182/187 900/218/187
f 768/40/407 737/135/407 738/40/407
f 385/105/291 382/80/291 383/73/291
f 788/39/408 877/93/408 876/39/408
f 1065/255/407 835/249/407 1066/249/407
f 238/141/72 235/109/72 230/141/72
f 742/227/184 939/94/184 938/227/184
f 1023/254/409 913/262/409 1024/262/409
f 442/146/291 411/144/291 410/146/291
f 466/168/239 435/179/239 434/168/239
f 779/222/404 760/224/404 761/222/404
f 872/71/63 815/70/63 784/71/63
f 1/31/14 55/37/14 86/37/14
f 719/209/48 760/224/48 759/209/48
f 847/75/72 872/71/72 816/74/72
f 619/197/48 789/93/48 617/93/48
f 893/89/72 838/263/72 837/264/72
f 633/113/48 796/142/48 631/142/48
f 663/218/48 813/182/48 812/218/48
f 621/227/48 790/197/48 619/197/48
f 763/218/48 725/221/48 727/218/48
f 894/91/72 839/265/72 838/263/72
f 675/135/48 738/40/48 737/135/48
f 885/113/72 830/266/72 829/267/72
f 898/222/72 841/268/72 897/224/72
f 825/251/72 882/118/72 826/212/72
f 830/266/72 887/213/72 831/86/72
f 822/207/72 879/227/72 823/208/72
f 655/209/48 807/210/48 653/210/48
f 815/70/48 667/183/48 669/70/48
f 785/110/48 607/111/48 609/110/48
f 943/213/72 920/269/72 919/260/72
f 801/132/48 639/133/48 641/132/48
f 631/142/48 795/120/48 629/120/48
f 633/113/48 798/112/48 797/113/48
f 733/70/48 735/71/48 766/70/48
f 759/209/48 717/210/48 719/209/48
f 667/183/48 813/182/48 665/182/48
f 933/270/72 783/183/72 934/271/72
f 701/213/48 751/133/48 750/213/48
f 611/135/48 785/110/48 609/110/48
f 645/106/48 804/187/48 803/106/48
f 777/91/72 927/124/72 926/247/72
f 647/187/48 805/89/48 804/187/48
f 890/107/72 833/272/72 889/132/72
f 746/120/410 941/118/410 745/118/410
f 806/91/329 895/210/329 894/91/329
f 793/96/411 880/94/411 792/94/411
f 808/209/409 897/224/409 896/209/409
f 459/105/296 428/103/296 427/105/296
f 875/40/407 786/135/407 787/40/407
f 855/117/412 849/140/412 851/145/412
f 411/144/158 444/176/158 412/176/158
f 792/94/184 879/227/184 791/227/184
f 804/187/331 891/106/331 803/106/331
f 533/186/256 530/188/256 531/180/256
f 1060/267/252 830/266/252 1061/266/252
f 811/221/401 900/218/401 899/221/401
f 882/118/406 793/96/406 794/118/406
f 759/209/409 778/224/409 949/209/409
f 795/120/410 882/118/410 794/118/410
f 786/135/413 873/110/413 785/110/413
f 831/86/399 1061/266/399 830/266/399
f 761/222/332 780/221/332 779/222/332
f 748/113/218 772/142/218 747/142/218
f 788/39/28 875/40/28 787/40/28
f 888/133/68 799/213/68 800/133/68
f 449/129/241 418/164/241 417/129/241
f 902/183/252 813/182/252 814/183/252
f 749/112/414 943/213/414 774/112/414
f 834/255/413 1064/272/413 833/272/413
f 811/221/332 898/222/332 810/222/332
f 857/164/415 860/82/415 856/73/415
f 889/132/195 800/133/195 801/132/195
f 886/112/169 797/113/169 798/112/169
f 805/89/255 892/187/255 804/187/255
f 739/39/408 770/93/408 769/39/408
f 758/210/329 777/91/329 757/91/329
f 128/1/416 133/79/416 130/1/416
f 599/1/417 150/1/417 156/1/417
f 276/13/26 275/25/26 277/25/26
f 207/6/418 188/6/418 187/6/418
f 757/91/419 947/89/419 756/89/419
f 349/99/420 410/146/420 351/146/420
f 464/62/26 448/273/26 440/274/26
f 357/174/295 358/156/295 356/200/295
f 525/98/244 522/171/244 523/97/244
f 868/145/156 867/117/156 864/145/156
f 312/6/421 314/6/421 310/6/421
f 855/6/156 866/6/156 854/6/156
f 854/80/14 865/178/14 850/178/14
f 864/145/14 855/117/14 851/145/14
f 1031/269/168 921/275/168 1032/275/168
f 869/178/10 866/80/10 870/80/10
f 1056/251/404 826/212/404 1057/212/404
f 687/94/48 742/227/48 685/227/48
f 673/110/48 735/111/48 671/111/48
f 931/276/72 781/218/72 932/277/72
f 930/278/72 780/221/72 931/276/72
f 899/221/72 844/279/72 843/257/72
f 817/280/72 874/135/72 818/194/72
f 615/39/48 789/93/48 788/39/48
f 685/227/48 741/197/48 683/197/48
f 895/210/72 840/281/72 839/265/72
f 731/183/48 764/182/48 729/182/48
f 902/183/72 847/75/72 846/191/72
f 681/93/48 741/197/48 740/93/48
f 827/211/72 884/142/72 828/282/72
f 828/282/72 885/113/72 829/267/72
f 627/118/48 793/96/48 625/96/48
f 840/281/72 897/224/72 841/268/72
f 691/118/48 744/96/48 689/96/48
f 637/213/48 800/133/48 799/213/48
f 693/120/48 745/118/48 691/118/48
f 810/222/48 657/224/48 659/222/48
f 844/279/72 901/182/72 845/192/72
f 615/39/48 787/40/48 613/40/48
f 729/182/48 763/218/48 727/218/48
f 888/133/72 833/272/72 832/87/72
f 821/283/72 878/197/72 822/207/72
f 677/40/48 739/39/48 738/40/48
f 802/107/48 641/132/48 643/107/48
f 921/275/72 945/107/72 922/205/72
f 733/70/48 765/183/48 731/183/48
f 673/110/48 737/135/48 736/110/48
f 715/91/48 758/210/48 757/91/48
f 872/71/72 817/280/72 816/74/72
f 1071/281/184 839/265/184 840/281/184
f 56/15/20 1/31/20 81/31/20
f 2/33/20 56/15/20 84/15/20
f 59/32/171 2/33/171 82/33/171
f 79/10/26 25/10/26 74/2/26
f 67/45/10 19/6/10 33/7/10
f 66/24/422 18/1/422 30/1/422
f 64/38/10 16/1/10 29/1/10
f 62/12/11 14/25/11 26/13/11
f 10/1/423 157/1/423 159/1/423
f 319/8/424 323/8/424 324/9/424
f 129/7/425 46/6/425 12/6/425
f 10/1/426 39/2/426 173/2/426
f 935/284/72 767/71/72 904/122/72
f 70/138/22 76/32/22 88/34/22
f 709/106/48 753/107/48 707/107/48
f 781/218/72 933/270/72 932/277/72
f 818/194/72 875/40/72 819/193/72
f 875/40/72 820/285/72 819/193/72
f 929/286/72 779/222/72 930/278/72
f 949/209/72 929/286/72 928/125/72
f 820/285/72 877/93/72 821/283/72
f 946/106/72 924/287/72 923/206/72
f 695/142/48 748/113/48 747/142/48
f 924/287/72 947/89/72 925/246/72
f 942/120/72 916/126/72 915/288/72
f 907/289/72 769/39/72 908/252/72
f 941/118/72 915/288/72 914/290/72
f 920/269/72 775/132/72 921/275/72
f 937/135/72 907/289/72 906/258/72
f 774/112/72 919/260/72 918/261/72
f 771/197/72 911/253/72 910/244/72
f 916/126/72 773/113/72 917/127/72
f 783/183/72 935/284/72 934/271/72
f 826/212/72 883/120/72 827/211/72
f 913/262/72 941/118/72 914/290/72
f 912/254/72 940/96/72 913/262/72
f 697/113/48 749/112/48 748/113/48
f 773/113/72 918/261/72 917/127/72
f 701/213/48 749/112/48 699/112/48
f 892/187/72 837/264/72 836/248/72
f 767/71/72 905/259/72 904/122/72
f 635/112/48 799/213/48 798/112/48
f 905/259/72 937/135/72 906/258/72
f 948/210/72 928/125/72 927/124/72
f 965/291/72 966/292/72 1079/291/72
f 994/293/72 995/294/72 1080/293/72
f 1022/253/330 912/254/330 1023/254/330
f 868/64/72 865/19/72 869/19/72
f 1059/282/401 827/211/401 828/282/401
f 752/132/398 945/107/398 775/132/398
f 837/264/408 1067/248/408 836/248/408
f 1078/75/414 846/191/414 847/75/414
f 355/176/296 352/201/296 353/144/296
f 849/164/26 852/82/26 848/73/26
f 1030/260/63 920/269/63 1031/269/63
f 232/57/427 240/108/427 231/108/427
f 801/132/398 890/107/398 889/132/398
f 1049/194/398 817/280/398 818/194/398
f 1059/282/187 829/267/187 1060/267/187
f 337/9/8 335/8/8 334/8/8
f 1033/205/407 923/206/407 1034/206/407
f 1091/51/156 269/7/156 268/51/156
f 1066/249/28 836/248/28 1067/248/28
f 815/70/399 902/183/399 814/183/399
f 1015/122/195 905/259/195 1016/259/195
f 805/89/419 894/91/419 893/89/419
f 934/271/169 1044/270/169 933/270/169
f 1036/246/294 926/247/294 1037/247/294
f 1035/287/408 925/246/408 1036/246/408
f 1069/263/294 837/264/294 838/263/294
f 1063/87/168 833/272/168 1064/272/168
f 931/276/410 1041/278/410 930/278/410
f 1021/244/329 911/253/329 1022/253/329
f 1040/286/406 930/278/406 1041/278/406
f 1021/244/419 909/245/419 910/244/419
f 841/268/411 1071/281/411 840/281/411
f 1069/263/405 839/265/405 1070/265/405
f 1039/125/411 929/286/411 1040/286/411
f 122/1/428 113/2/428 117/1/428
f 737/135/413 936/110/413 736/110/413
f 1019/252/255 909/245/255 1020/245/255
f 1074/257/410 842/256/410 843/257/410
f 789/93/294 878/197/294 877/93/294
f 907/289/162 1017/258/162 906/258/162
f 821/283/255 1051/285/255 820/285/255
f 1043/277/218 933/270/218 1044/270/218
f 1073/256/406 841/268/406 842/256/406
f 922/205/413 1032/275/413 921/275/413
f 1076/192/218 844/279/218 845/192/218
f 250/117/429 244/145/429 246/145/429
f 246/145/430 248/81/430 250/117/430
f 1018/289/331 908/252/331 1019/252/331
f 820/285/331 1050/193/331 819/193/331
f 940/96/411 743/94/411 744/96/411
f 822/207/419 1052/283/419 821/283/419
f 766/70/399 783/183/399 765/183/399
f 1046/284/414 934/271/414 935/284/414
f 1046/284/68 904/122/68 1015/122/68
f 798/112/414 887/213/414 886/112/414
f 1075/279/237 843/257/237 844/279/237
f 1042/276/237 932/277/237 1043/277/237
f 1047/74/195 817/280/195 1048/280/195
f 1025/290/404 913/262/404 914/290/404
f 1034/206/28 924/287/28 1035/287/28
f 1026/288/401 916/126/401 1027/126/401
f 803/106/162 890/107/162 802/107/162
f 825/251/409 1055/250/409 824/250/409
f 567/1/243 534/148/243 535/1/243
f 1010/295/431 1043/277/431 1011/296/431
f 1046/284/432 1013/297/432 1045/271/432
f 995/298/433 1028/127/433 996/299/433
f 971/300/434 1068/264/434 972/301/434
f 1032/275/435 1001/302/435 1000/303/435
f 1052/283/436 957/304/436 956/305/436
f 1053/207/437 958/306/437 957/304/437
f 1023/254/438 992/307/438 991/308/438
f 1039/125/439 1008/309/439 1007/310/439
f 1073/256/440 978/311/440 977/312/440
f 1001/302/441 1034/206/441 1002/313/441
f 138/51/442 37/2/442 109/7/442
f 961/314/443 1058/211/443 962/315/443
f 972/301/444 1069/263/444 973/316/444
f 1019/252/445 988/317/445 987/318/445
f 999/319/446 1032/275/446 1000/303/446
f 986/320/447 1019/252/447 987/318/447
f 1056/251/448 961/314/448 960/321/448
f 1041/278/440 1010/295/440 1009/322/440
f 1006/323/449 1039/125/449 1007/310/449
f 1026/288/450 995/298/450 994/324/450
f 1025/290/443 994/324/443 993/325/443
f 1024/262/448 993/325/448 992/307/448
f 1051/285/445 956/305/445 955/326/445
f 1034/206/451 1003/327/451 1002/313/451
f 989/328/437 1022/253/437 990/329/437
f 996/299/452 1029/261/452 997/330/452
f 1037/247/453 1006/323/453 1005/331/453
f 1030/260/454 999/319/454 998/332/454
f 1043/277/455 1012/333/455 1011/296/455
f 1003/327/434 1036/246/434 1004/334/434
f 1015/122/456 984/335/456 983/123/456
f 982/336/183 1047/74/183 951/337/183
f 967/338/446 1064/272/446 968/339/446
f 1064/272/435 969/340/435 968/339/435
f 1075/279/455 980/341/455 979/342/455
f 1012/333/457 1045/271/457 1013/297/457
f 1040/286/458 1009/322/458 1008/309/458
f 1047/74/456 952/343/456 951/337/456
f 974/344/449 1071/281/449 975/345/449
f 953/346/459 1050/193/459 954/347/459
f 973/316/453 1070/265/453 974/344/453
f 990/329/460 1023/254/460 991/308/460
f 1076/192/457 981/348/457 980/341/457
f 1056/251/438 959/349/438 1055/250/438
f 963/350/433 1060/267/433 964/351/433
f 1065/255/441 970/352/441 969/340/441
f 1054/208/460 959/349/460 958/306/460
f 964/351/452 1061/266/452 965/353/452
f 1062/86/454 967/338/454 966/354/454
f 1074/257/431 979/342/431 978/311/431
f 1058/211/450 963/350/450 962/315/450
f 984/335/461 1017/258/461 985/355/461
f 988/317/436 1021/244/436 989/328/436
f 1004/334/444 1037/247/444 1005/331/444
f 975/345/439 1072/268/439 976/356/439
f 1072/268/458 977/312/458 976/356/458
f 1061/266/462 966/354/462 965/353/462
f 1029/261/462 998/332/462 997/330/462
f 1017/258/459 986/320/459 985/355/459
f 952/343/461 1049/194/461 953/346/461
f 954/347/447 1051/285/447 955/326/447
f 1067/248/451 970/352/451 1066/249/451
f 981/348/432 1078/75/432 982/336/432
f 153/3/463 601/3/463 155/52/463
f 601/3/464 602/4/464 155/52/464
f 36/3/465 7/52/465 148/52/465
f 157/1/466 10/1/466 603/1/466
f 952/357/72 953/358/72 1079/357/72
f 979/359/72 980/360/72 1079/359/72
f 966/292/72 967/361/72 1079/292/72
f 953/358/72 954/362/72 1079/358/72
f 980/360/72 981/363/72 1079/360/72
f 967/361/72 968/364/72 1079/361/72
f 954/362/72 955/365/72 1079/362/72
f 981/363/72 982/366/72 1079/363/72
f 968/364/72 969/367/72 1079/364/72
f 955/365/72 956/368/72 1079/365/72
f 982/366/72 951/369/72 1079/366/72
f 969/367/72 970/370/72 1079/367/72
f 956/368/72 957/371/72 1079/368/72
f 970/370/72 971/372/72 1079/370/72
f 957/371/72 958/373/72 1079/371/72
f 971/372/72 972/374/72 1079/372/72
f 958/373/72 959/375/72 1079/373/72
f 972/374/72 973/376/72 1079/374/72
f 959/375/72 960/377/72 1079/375/72
f 973/376/72 974/378/72 1079/376/72
f 960/377/72 961/379/72 1079/377/72
f 974/378/72 975/380/72 1079/378/72
f 961/379/72 962/381/72 1079/379/72
f 975/380/72 976/382/72 1079/380/72
f 962/381/72 963/383/72 1079/381/72
f 976/382/72 977/384/72 1079/382/72
f 963/383/72 964/385/72 1079/383/72
f 977/384/72 978/386/72 1079/384/72
f 964/385/72 965/291/72 1079/385/72
f 951/369/72 952/357/72 1079/369/72
f 978/386/72 979/359/72 1079/386/72
f 1008/387/72 1009/388/72 1080/387/72
f 995/294/72 996/389/72 1080/294/72
f 1009/388/72 1010/390/72 1080/388/72
f 996/389/72 997/391/72 1080/389/72
f 983/392/72 984/393/72 1080/392/72
f 1010/390/72 1011/394/72 1080/390/72
f 997/391/72 998/395/72 1080/391/72
f 984/393/72 985/396/72 1080/393/72
f 1011/394/72 1012/397/72 1080/394/72
f 998/395/72 999/398/72 1080/395/72
f 985/396/72 986/399/72 1080/396/72
f 1012/397/72 1013/400/72 1080/397/72
f 999/398/72 1000/401/72 1080/398/72
f 986/399/72 987/402/72 1080/399/72
f 1013/400/72 1014/403/72 1080/400/72
f 1000/401/72 1001/404/72 1080/401/72
f 987/402/72 988/405/72 1080/402/72
f 1014/403/72 983/392/72 1080/403/72
f 1001/404/72 1002/406/72 1080/404/72
f 988/405/72 989/407/72 1080/405/72
f 1002/406/72 1003/408/72 1080/406/72
f 989/407/72 990/409/72 1080/407/72
f 1003/408/72 1004/410/72 1080/408/72
f 990/409/72 991/411/72 1080/409/72
f 1004/410/72 1005/412/72 1080/410/72
f 991/411/72 992/413/72 1080/411/72
f 1005/412/72 1006/414/72 1080/412/72
f 992/413/72 993/415/72 1080/413/72
f 1006/414/72 1007/416/72 1080/414/72
f 993/415/72 994/293/72 1080/415/72
f 1007/416/72 1008/387/72 1080/416/72
f 77/69/10 23/44/10 71/59/10
f 6/44/56 60/69/56 93/21/56
f 60/69/139 17/41/139 65/50/139
f 94/49/467 30/1/467 15/1/467
f 95/11/10 29/1/10 3/1/10
f 4/10/10 57/2/10 96/2/10
f 1/31/165 56/15/165 97/17/165
f 1/31/11 62/12/11 98/14/11
f 9/6/468 604/1/468 40/1/468
f 51/1/469 127/1/469 115/1/469
f 51/1/43 114/1/43 117/1/43
f 14/25/83 27/51/83 101/51/83
f 172/1/470 177/2/470 176/1/470
f 1085/417/471 41/1/471 11/88/471
f 28/2/55 213/2/55 212/1/55
f 172/1/472 175/1/472 171/1/472
f 110/69/473 77/69/473 21/41/473
f 37/2/69 139/1/69 117/1/69
f 1084/67/59 125/7/59 105/56/59
f 53/1/474 13/1/474 127/1/474
f 129/7/475 103/5/475 47/79/475
f 47/79/476 128/1/476 54/1/476
f 13/1/477 131/1/477 134/1/477
f 36/3/478 8/1/478 139/1/478
f 49/46/86 296/46/86 294/25/86
f 7/52/479 36/3/479 138/51/479
f 48/48/480 143/1/480 142/1/480
f 49/46/481 320/25/481 101/51/481
f 144/47/482 101/51/482 143/1/482
f 8/1/483 126/1/483 142/1/483
f 149/1/484 126/1/484 600/1/484
f 297/52/485 299/25/485 301/52/485
f 7/52/486 49/46/486 147/46/486
f 146/47/487 152/47/487 154/46/487
f 600/1/488 599/1/488 156/1/488
f 165/1/489 605/1/489 166/7/489
f 605/1/490 606/83/490 166/7/490
f 104/1/491 229/2/491 228/1/491
f 99/7/492 161/7/492 158/7/492
f 235/109/14 236/2/14 230/141/14
f 162/1/493 170/1/493 168/1/493
f 160/1/494 168/1/494 169/7/494
f 40/1/495 171/1/495 174/2/495
f 198/1/496 197/1/496 201/1/496
f 194/1/497 193/1/497 197/1/497
f 191/1/498 195/1/498 197/1/498
f 192/1/499 196/1/499 195/1/499
f 196/1/500 200/1/500 199/1/500
f 204/1/501 206/1/501 205/1/501
f 39/2/502 10/1/502 214/1/502
f 211/1/14 212/1/14 218/1/14
f 211/1/14 217/1/14 220/1/14
f 224/2/503 223/1/503 226/1/503
f 231/108/14 237/2/14 226/1/14
f 235/109/14 234/84/14 228/1/14
f 1025/290/332 915/288/332 1026/288/332
f 281/25/163 275/25/163 311/13/163
f 275/25/163 274/13/163 310/13/163
f 310/13/163 311/13/163 275/25/163
f 312/13/190 270/13/190 271/25/190
f 271/25/504 279/25/504 313/13/504
f 279/25/505 278/13/505 313/13/505
f 318/25/198 320/25/198 294/25/198
f 7/52/200 318/25/200 295/25/200
f 300/46/506 301/52/506 299/25/506
f 299/25/202 305/25/202 304/25/202
f 298/25/206 304/25/206 302/25/206
f 299/25/208 295/25/208 303/25/208
f 141/9/215 140/9/215 320/25/215
f 319/8/216 35/13/216 102/13/216
f 140/9/217 321/8/217 102/13/217
f 321/8/507 140/9/507 325/9/507
f 321/8/8 322/8/8 323/8/8
f 141/9/8 324/9/8 325/9/8
f 328/9/219 327/8/219 331/8/219
f 327/8/221 326/8/221 330/8/221
f 329/9/508 333/9/508 330/8/508
f 604/1/509 163/1/509 603/1/509
f 16/1/189 100/1/189 29/1/189
f 1088/418/510 1086/419/510 1087/128/510
f 1084/67/511 1083/2/511 1088/36/511
f 185/2/512 188/2/512 190/2/512
f 6/44/10 33/7/10 92/23/10
f 267/25/60 269/7/60 266/13/60
f 339/25/513 340/25/513 341/25/513
f 1092/6/48 265/6/48 269/6/48
f 1090/6/10 264/6/10 265/6/10
f 8/1/514 36/3/514 602/4/514
f 225/6/46 237/6/46 236/6/46
f 126/1/515 8/1/515 600/1/515
f 600/1/516 601/3/516 599/1/516
f 598/1/517 599/1/517 601/3/517
f 11/88/518 1086/419/518 1085/417/518
f 255/29/175 244/64/175 254/117/175
f 257/20/519 251/19/519 244/64/519
f 256/18/520 253/30/520 254/117/520
f 404/158/14 342/420/14 344/421/14
f 344/421/14 346/422/14 348/423/14
f 348/423/521 350/424/521 352/425/521
f 352/425/14 354/426/14 348/423/14
f 354/426/14 356/427/14 348/423/14
f 356/427/14 358/428/14 360/429/14
f 360/429/14 362/430/14 364/431/14
f 364/431/174 366/432/174 368/433/174
f 368/433/14 370/434/14 364/431/14
f 370/434/14 372/159/14 364/431/14
f 372/159/14 374/435/14 376/436/14
f 376/436/14 378/437/14 372/159/14
f 378/437/14 380/438/14 372/159/14
f 380/438/14 382/439/14 384/440/14
f 384/440/14 386/441/14 388/160/14
f 388/160/14 390/442/14 396/204/14
f 390/442/14 392/443/14 396/204/14
f 392/443/14 394/444/14 396/204/14
f 396/204/14 398/445/14 400/446/14
f 400/446/14 402/447/14 404/158/14
f 404/158/14 344/421/14 356/427/14
f 344/421/14 348/423/14 356/427/14
f 356/427/14 360/429/14 372/159/14
f 360/429/14 364/431/14 372/159/14
f 380/438/14 384/440/14 372/159/14
f 384/440/14 388/160/14 372/159/14
f 396/204/14 400/446/14 404/158/14
f 388/160/14 396/204/14 404/158/14
f 440/448/26 438/449/26 468/450/26
f 438/449/26 439/451/26 468/450/26
f 439/451/522 469/452/522 468/450/522
f 468/450/26 467/453/26 464/454/26
f 467/453/26 466/455/26 464/454/26
f 466/455/26 465/456/26 464/454/26
f 464/454/26 463/457/26 462/458/26
f 462/458/26 461/459/26 460/460/26
f 460/461/26 459/462/26 456/63/26
f 459/462/26 458/463/26 456/63/26
f 458/464/26 457/465/26 456/466/26
f 456/466/26 455/467/26 452/468/26
f 455/467/26 454/469/26 452/468/26
f 454/469/523 453/470/523 452/468/523
f 452/468/26 451/471/26 448/472/26
f 451/471/26 450/473/26 448/472/26
f 450/473/522 449/474/522 448/472/522
f 448/472/26 447/475/26 446/476/26
f 446/476/26 445/477/26 448/472/26
f 445/477/26 444/478/26 448/472/26
f 444/478/523 443/479/523 442/480/523
f 442/480/26 441/481/26 444/478/26
f 441/481/26 440/448/26 444/478/26
f 464/62/26 462/482/26 456/63/26
f 462/482/26 460/461/26 456/63/26
f 440/274/26 468/483/26 464/62/26
f 456/63/26 452/484/26 448/273/26
f 448/273/26 444/61/26 440/274/26
f 532/158/14 470/420/14 472/421/14
f 472/421/14 474/422/14 532/158/14
f 474/422/14 476/423/14 532/158/14
f 476/423/174 478/424/174 480/425/174
f 480/425/14 482/426/14 484/427/14
f 484/427/14 486/428/14 488/429/14
f 488/429/14 490/430/14 484/427/14
f 490/430/14 492/431/14 484/427/14
f 492/431/521 494/432/521 496/433/521
f 496/433/14 498/434/14 500/159/14
f 500/159/14 502/435/14 504/436/14
f 504/436/14 506/437/14 508/438/14
f 508/438/14 510/439/14 516/160/14
f 510/439/14 512/440/14 516/160/14
f 512/440/14 514/441/14 516/160/14
f 516/160/14 518/442/14 524/204/14
f 518/442/14 520/443/14 524/204/14
f 520/443/14 522/444/14 524/204/14
f 524/204/14 526/445/14 528/446/14
f 528/446/14 530/447/14 524/204/14
f 530/447/174 532/158/174 524/204/174
f 476/423/14 480/425/14 484/427/14
f 492/431/14 496/433/14 484/427/14
f 496/433/14 500/159/14 484/427/14
f 500/159/14 504/436/14 516/160/14
f 504/436/14 508/438/14 516/160/14
f 532/158/14 476/423/14 500/159/14
f 476/423/14 484/427/14 500/159/14
f 516/160/14 524/204/14 500/159/14
f 568/448/26 566/449/26 596/450/26
f 566/449/26 567/451/26 596/450/26
f 567/451/26 597/452/26 596/450/26
f 596/450/523 595/453/523 594/455/523
f 594/455/524 593/456/524 596/450/524
f 593/456/523 592/454/523 596/450/523
f 592/454/523 591/457/523 590/458/523
f 590/458/26 589/459/26 592/454/26
f 589/459/26 588/460/26 592/454/26
f 588/460/522 587/485/522 584/466/522
f 587/485/523 586/464/523 584/466/523
f 586/464/522 585/465/522 584/466/522
f 584/466/26 583/467/26 582/469/26
f 582/469/26 581/470/26 580/468/26
f 580/484/26 579/486/26 576/273/26
f 579/471/26 578/473/26 576/472/26
f 578/473/523 577/474/523 576/472/523
f 576/273/26 575/487/26 572/61/26
f 575/487/26 574/488/26 572/61/26
f 574/476/523 573/477/523 572/478/523
f 572/61/523 571/489/523 568/274/523
f 571/489/522 570/490/522 568/274/522
f 570/490/523 569/491/523 568/274/523
f 584/63/26 582/492/26 576/273/26
f 582/492/26 580/484/26 576/273/26
f 568/274/26 596/483/26 592/62/26
f 592/62/26 588/461/26 584/63/26
f 576/273/26 572/61/26 584/63/26
f 40/1/525 604/1/525 603/1/525
f 855/6/156 867/6/156 866/6/156
f 854/80/14 866/80/14 865/178/14
f 864/145/14 867/117/14 855/117/14
f 1087/128/526 1086/419/526 11/88/526
f 1084/67/59 1087/128/59 125/7/59
f 1087/128/527 1084/67/527 1088/418/527
f 1088/418/528 1085/417/528 1086/419/528
f 1084/67/511 1082/68/511 1083/2/511
f 1089/51/72 268/51/72 264/51/72
f 1239/1/529 1247/1/529 1235/1/529
f 221/2/530 1270/1/530 1269/1/530
f 1638/3/531 1100/1/531 1637/1/531
f 1102/1/532 1228/1/532 1229/2/532
f 1180/1/5 1081/2/5 2043/1/5
f 1169/5/533 1104/6/533 1185/7/533
f 1130/1/534 1265/1/534 1263/1/534
f 1356/8/8 1197/9/8 1361/9/8
f 1102/1/535 1130/1/535 1215/1/535
f 1096/10/10 1119/1/10 1146/38/10
f 1144/12/11 98/14/11 26/13/11
f 1139/15/536 1145/16/536 1094/33/536
f 1197/9/13 35/13/13 1355/25/13
f 1297/18/14 251/19/14 1293/80/14
f 1162/21/537 1122/7/537 1095/1/537
f 1097/22/10 1161/23/10 1143/35/10
f 1307/13/16 1314/25/16 1313/13/16
f 69/27/10 1151/26/10 89/28/10
f 1239/1/538 1241/2/538 1240/1/538
f 1296/29/18 1302/30/18 1294/30/18
f 1319/13/539 1328/25/539 1320/25/539
f 1160/15/540 1150/15/540 1116/31/540
f 1159/32/541 1152/32/541 1112/33/541
f 88/34/22 1112/33/22 1152/32/22
f 1266/1/542 1273/1/542 1170/1/542
f 1097/22/543 1173/35/543 1156/22/543
f 1158/33/540 1112/33/540 1150/15/540
f 2046/36/25 1081/2/25 1083/2/25
f 1094/33/540 1150/15/540 1160/15/540
f 1096/10/26 57/2/26 85/2/26
f 1157/31/14 1116/31/14 72/37/14
f 85/2/26 1155/10/26 1096/10/26
f 1146/38/10 28/2/10 96/2/10
f 1635/1/544 1209/3/544 1638/3/544
f 1711/40/28 1742/39/28 1712/39/28
f 1113/41/10 69/27/10 90/42/10
f 1110/1/545 1138/1/545 1185/7/545
f 68/2/30 1150/15/30 1112/33/30
f 1175/1/546 1177/1/546 1178/1/546
f 1148/24/10 1123/7/10 1161/23/10
f 1098/44/10 1143/35/10 1161/23/10
f 1149/45/547 1111/6/547 1122/7/547
f 215/2/14 1269/1/14 1265/1/14
f 1134/46/548 1200/47/548 1168/51/548
f 1201/48/549 1208/47/549 1207/48/549
f 1141/32/550 1094/33/550 1145/16/550
f 1097/22/551 1141/32/551 1163/49/551
f 1135/1/552 1217/7/552 1216/1/552
f 1140/26/10 1109/41/10 1147/50/10
f 1096/10/10 1140/26/10 1164/11/10
f 1183/1/38 106/2/38 1180/1/38
f 1096/10/10 1146/38/10 96/2/10
f 1144/12/11 1106/25/11 1118/51/11
f 1203/46/553 1211/52/553 1210/46/553
f 1287/53/14 1283/54/14 1288/493/14
f 1093/31/11 55/37/11 98/14/11
f 1254/1/554 1256/1/554 1258/1/554
f 1181/7/555 44/6/555 1104/6/555
f 1136/1/556 1183/1/556 1198/1/556
f 1136/1/43 1174/1/43 1175/1/43
f 1136/1/557 1195/1/557 1176/1/557
f 1137/1/558 1186/1/558 1184/1/558
f 1277/57/14 1272/1/14 1271/1/14
f 225/6/559 1274/6/559 1281/6/559
f 1296/29/560 1300/20/560 1301/29/560
f 1315/6/72 1353/6/72 1311/6/72
f 1323/6/72 1327/6/72 1319/6/72
f 1106/25/561 1357/25/561 1168/51/561
f 1266/1/562 1271/1/562 1272/1/562
f 1321/13/51 1326/25/51 1325/13/51
f 71/59/563 1154/35/563 1115/44/563
f 1124/44/564 1154/35/564 1173/35/564
f 1609/61/26 1629/62/26 1605/274/26
f 1123/7/565 1110/1/565 1185/7/565
f 28/2/55 1108/1/55 1264/1/55
f 1830/19/14 1824/64/14 1829/64/14
f 1098/44/566 1122/7/566 1162/21/566
f 1131/6/567 1123/7/567 1185/7/567
f 123/65/43 1178/66/43 1177/66/43
f 2042/67/59 1082/68/59 105/56/59
f 1354/6/72 1321/6/72 1319/6/72
f 1355/25/60 109/7/60 1194/51/60
f 1142/69/568 1109/41/568 1121/41/568
f 1229/6/569 1234/6/569 1230/6/569
f 1739/70/63 1740/71/63 1708/71/63
f 1591/73/250 1622/72/250 1590/72/250
f 1096/10/570 1172/26/570 1140/26/570
f 1242/2/571 1243/2/571 1245/2/571
f 1140/26/10 1095/1/10 1164/11/10
f 108/56/572 1104/6/572 44/6/572
f 118/65/43 1177/66/43 1179/66/43
f 2008/74/68 1820/75/68 2039/75/68
f 86/37/14 1157/31/14 72/37/14
f 37/2/69 113/2/69 1176/1/69
f 1298/20/573 1299/18/573 1300/20/573
f 1174/1/574 1179/1/574 1177/1/574
f 1827/19/48 1826/76/48 1828/64/48
f 74/2/10 1151/26/10 1117/10/10
f 1208/47/575 1211/52/575 1209/3/575
f 1137/1/576 1198/1/576 1183/1/576
f 1129/78/577 1193/5/577 1191/78/577
f 1137/1/578 1184/1/578 1138/1/578
f 1169/5/579 1129/78/579 1181/7/579
f 1138/1/580 1132/79/580 1185/7/580
f 1192/66/581 1187/66/581 1186/66/581
f 1186/66/582 1187/66/582 1190/66/582
f 1143/35/583 1124/44/583 1173/35/583
f 90/42/10 1153/69/10 1113/41/10
f 1224/1/584 1219/1/584 1226/1/584
f 1107/1/585 1168/51/585 1199/1/585
f 1105/1/586 1127/1/586 1190/1/586
f 1198/1/556 1195/1/556 1136/1/556
f 1125/3/587 1194/51/587 1195/1/587
f 1134/46/588 1357/25/588 1335/25/588
f 1099/52/589 1355/25/589 1194/51/589
f 1133/48/590 1182/1/590 1198/1/590
f 1200/47/591 1133/48/591 1199/1/591
f 1100/1/592 1195/1/592 1198/1/592
f 1291/80/593 1290/81/593 1292/117/593
f 1204/52/594 1125/3/594 1639/4/594
f 1640/1/595 1228/1/595 1102/1/595
f 1182/1/596 1133/48/596 1201/48/596
f 1099/52/597 1204/52/597 1203/46/597
f 1320/25/598 1326/25/598 1322/25/598
f 1215/1/599 1226/1/599 1223/1/599
f 1212/1/600 1207/48/600 1206/1/600
f 1201/48/601 1207/48/601 1212/1/601
f 1134/46/602 1338/52/602 1099/52/602
f 1639/4/603 1211/52/603 1204/52/603
f 1122/7/604 1131/6/604 1166/7/604
f 1637/1/605 1205/1/605 1212/1/605
f 1203/46/606 1202/47/606 1200/47/606
f 1643/83/607 1222/7/607 1214/7/607
f 1304/25/608 1314/25/608 1308/25/608
f 1227/1/609 1234/2/609 1231/1/609
f 1319/6/72 1325/6/72 1323/6/72
f 1166/7/610 1128/7/610 1214/7/610
f 1108/1/611 1263/1/611 1264/1/611
f 1337/46/612 1339/25/612 1341/46/612
f 1279/84/14 1272/1/14 1278/58/14
f 52/2/613 1175/1/613 116/2/613
f 1167/1/614 1216/1/614 1218/1/614
f 1336/25/615 1343/25/615 1335/25/615
f 1643/83/616 1641/1/616 1642/1/616
f 1218/1/617 1216/1/617 1224/1/617
f 1216/1/618 1217/7/618 1225/7/618
f 1205/1/619 1201/48/619 1212/1/619
f 1126/1/620 1227/1/620 1228/1/620
f 1126/1/621 107/2/621 1230/2/621
f 1365/9/622 1370/9/622 1369/9/622
f 1221/1/623 1641/1/623 1219/1/623
f 1305/51/624 1308/25/624 1309/51/624
f 1128/7/625 1643/83/625 1214/7/625
f 1130/1/626 1218/1/626 1215/1/626
f 614/85/627 1648/39/627 616/92/627
f 1303/13/124 1312/25/124 1304/25/124
f 1350/25/48 1377/25/48 1378/25/48
f 1232/1/628 1235/1/628 1236/1/628
f 1101/1/629 107/2/629 1126/1/629
f 1805/87/63 2023/86/63 2024/87/63
f 1823/19/48 1822/76/48 1824/64/48
f 1257/1/630 1262/1/630 1261/1/630
f 1238/6/631 1244/6/631 1243/6/631
f 1142/69/632 1113/41/632 1171/69/632
f 1156/22/633 1152/32/633 1159/32/633
f 1191/78/634 1103/88/634 1129/78/634
f 1665/89/635 652/90/635 650/230/635
f 1344/25/636 1350/25/636 1348/25/636
f 616/92/637 1649/93/637 618/229/637
f 1254/1/638 1258/1/638 1257/1/638
f 1250/1/639 1254/1/639 1253/1/639
f 1247/1/640 1249/1/640 1253/1/640
f 1248/1/641 1247/1/641 1251/1/641
f 1256/1/642 1262/1/642 1258/1/642
f 1142/69/643 1095/1/643 1147/50/643
f 1252/1/644 1251/1/644 1255/1/644
f 1251/1/645 1257/1/645 1255/1/645
f 1260/1/646 1259/1/646 1261/1/646
f 1347/25/647 1377/25/647 1349/25/647
f 1652/94/648 626/95/648 624/494/648
f 1236/1/649 1250/1/649 1240/1/649
f 1246/2/146 208/2/146 1244/2/146
f 1246/2/147 209/2/147 210/2/147
f 1598/98/158 1629/97/158 1597/97/158
f 1511/100/251 1514/99/251 1512/101/251
f 1213/1/650 1219/1/650 1640/1/650
f 1105/1/651 1180/1/651 1127/1/651
f 1225/7/652 1221/1/652 1224/1/652
f 39/2/653 215/2/653 1265/1/653
f 1189/102/654 1190/66/654 1188/137/654
f 1277/57/655 1284/58/655 1278/58/655
f 1263/1/14 1267/1/14 1268/1/14
f 1361/9/156 1364/8/156 1360/8/156
f 1263/1/14 1265/1/14 1269/1/14
f 1316/25/656 1320/25/656 1322/25/656
f 870/80/14 1831/64/14 871/117/14
f 1549/104/148 1552/103/148 1550/105/148
f 1311/6/72 1317/6/72 1315/6/72
f 224/2/657 1282/2/657 1271/1/657
f 1132/79/658 1193/5/658 1169/5/658
f 1217/7/659 1222/7/659 1225/7/659
f 1727/106/162 1906/107/162 1907/106/162
f 1351/13/163 315/13/163 314/13/163
f 1343/25/72 1348/25/72 1347/25/72
f 1276/108/14 1277/57/14 1271/1/14
f 1226/1/660 1220/1/660 1223/1/660
f 1280/109/14 1274/2/14 1273/1/14
f 1093/31/661 1118/51/661 1165/17/661
f 1276/108/14 1281/2/14 1275/141/14
f 1242/2/662 1246/2/662 1241/2/662
f 1097/22/663 1120/1/663 1148/24/663
f 1243/2/167 209/2/167 1245/2/167
f 1757/111/168 1834/110/168 1758/110/168
f 1721/113/169 1747/112/169 1722/112/169
f 1323/13/170 1330/25/170 1329/13/170
f 1141/32/664 1112/33/664 1158/33/664
f 1175/1/665 121/2/665 116/2/665
f 1294/30/666 1299/18/666 1297/18/666
f 213/2/14 1268/1/14 219/2/14
f 1301/114/174 1299/115/174 1302/495/174
f 1296/29/175 1294/30/175 1295/117/175
f 1139/15/540 1116/31/540 1157/31/540
f 1298/20/667 1296/29/667 244/64/667
f 1297/18/668 1293/80/668 1295/117/668
f 1686/118/669 694/119/669 692/143/669
f 1165/17/670 1107/1/670 1145/16/670
f 1105/1/671 1192/1/671 1137/1/671
f 38/2/672 1128/7/672 108/56/672
f 1303/6/673 1313/6/673 1311/6/673
f 1975/121/674 1976/122/674 2007/284/674
f 1383/100/251 1386/99/251 1384/101/251
f 1889/125/184 1999/124/184 2000/125/184
f 1131/6/675 1128/7/675 1166/7/675
f 1327/6/72 1333/6/72 1331/6/72
f 91/43/30 1116/31/30 1150/15/30
f 1306/6/72 1307/6/72 1303/6/72
f 1324/25/48 1328/25/48 1330/25/48
f 1421/104/148 1424/103/148 1422/105/148
f 1878/127/187 1988/126/187 1989/127/187
f 1312/25/48 1318/25/48 1314/25/48
f 1352/13/163 1322/25/163 1321/13/163
f 107/6/676 1229/6/676 1230/6/676
f 1119/1/677 1135/1/677 1167/1/677
f 1354/13/190 1312/25/190 1353/13/190
f 1172/26/570 1113/41/570 1121/41/570
f 1354/6/191 315/6/191 1352/6/191
f 1129/78/678 2045/128/678 1181/7/678
f 1141/32/633 1156/22/633 1159/32/633
f 1328/25/48 1334/25/48 1330/25/48
f 1399/130/158 1402/129/158 1400/131/158
f 1233/6/72 1238/6/72 1234/6/72
f 1231/1/679 1238/2/679 1235/1/679
f 1324/25/30 1325/13/30 1326/25/30
f 1724/133/195 1748/132/195 1725/132/195
f 1215/1/680 1220/1/680 1213/1/680
f 1279/84/156 1288/109/156 1280/109/156
f 1137/1/681 1120/1/681 1198/1/681
f 1355/25/682 1336/25/682 1335/25/682
f 1122/7/683 1135/1/683 1095/1/683
f 1099/52/684 1338/52/684 1336/25/684
f 1341/46/685 1339/25/685 1340/25/685
f 1340/25/686 1339/25/686 1345/25/686
f 1207/48/687 1209/3/687 1206/1/687
f 1255/1/688 1260/1/688 1256/1/688
f 612/134/689 1647/40/689 614/85/689
f 1339/25/690 1335/25/690 1343/25/690
f 1142/69/691 1124/44/691 1098/44/691
f 1340/25/692 1346/25/692 1344/25/692
f 1235/1/693 1242/2/693 1239/1/693
f 1189/102/694 1191/136/694 1193/496/694
f 70/138/695 1154/35/695 87/60/695
f 1345/25/48 1350/25/48 1346/25/48
f 1283/54/14 1286/139/14 1285/497/14
f 1198/1/696 1107/1/696 1199/1/696
f 863/117/213 1826/140/213 861/81/213
f 1275/141/48 1285/108/48 1276/108/48
f 1369/9/156 1372/8/156 1368/8/156
f 1133/48/697 1202/47/697 1201/48/697
f 1197/9/698 1355/25/698 1357/25/698
f 1356/8/699 1358/8/699 102/13/699
f 1196/9/217 1357/25/217 102/13/217
f 1769/142/218 1846/113/218 1770/113/218
f 1358/8/8 1359/8/8 1362/9/8
f 1358/8/8 1356/8/8 1360/8/8
f 1197/9/8 1196/9/8 1362/9/8
f 1365/9/219 1369/9/219 1368/8/219
f 1362/9/10 1363/8/10 1366/9/10
f 1368/8/72 1371/8/72 1367/8/72
f 1361/9/48 1366/9/48 1365/9/48
f 1188/88/700 1127/1/700 1103/88/700
f 1364/8/701 1368/8/701 1367/8/701
f 1366/9/222 1363/8/222 1367/8/222
f 1369/9/48 1374/9/48 1373/9/48
f 1236/1/146 1241/2/146 1237/2/146
f 1329/13/223 1334/25/223 1333/13/223
f 1367/8/10 1374/9/10 1370/9/10
f 1235/1/702 1248/1/702 1236/1/702
f 1343/25/703 1349/25/703 1345/25/703
f 1653/96/704 628/143/704 626/95/704
f 1239/1/705 1250/1/705 1249/1/705
f 1348/25/72 1375/25/72 1347/25/72
f 1387/145/241 1390/144/241 1388/146/241
f 1380/1/253 1381/147/253 1382/148/253
f 1381/147/256 1384/101/256 1382/148/256
f 1405/150/245 1408/149/245 1406/151/245
f 1407/153/240 1410/152/240 1408/149/240
f 1385/154/250 1388/146/250 1386/99/250
f 1278/58/706 1287/84/706 1279/84/706
f 1395/156/257 1398/155/257 1396/157/257
f 1441/158/14 1409/159/14 1393/427/14
f 1429/161/246 1432/97/246 1430/162/246
f 1267/1/707 1170/1/707 1268/1/707
f 1719/120/237 1745/142/237 1720/142/237
f 1417/163/239 1420/73/239 1418/72/239
f 1403/117/238 1406/151/238 1404/164/238
f 1413/166/232 1416/165/232 1414/167/232
f 1433/169/228 1436/168/228 1434/98/228
f 1409/170/243 1412/2/243 1410/152/243
f 1411/7/242 1414/167/242 1412/2/242
f 1431/171/296 1434/98/296 1432/97/296
f 1415/172/231 1418/72/231 1416/165/231
f 1768/120/237 1845/142/237 1769/142/237
f 1466/173/235 1497/103/235 1465/103/235
f 1391/175/235 1394/174/235 1392/176/235
f 862/80/247 1828/64/247 863/117/247
f 1269/1/708 1266/1/708 1267/1/708
f 854/80/249 1821/177/249 1823/178/249
f 1435/178/64 1438/179/64 1436/168/64
f 1437/181/149 1440/180/149 1438/179/149
f 1737/182/252 1756/183/252 1738/183/252
f 1441/185/229 1380/184/229 1442/186/229
f 1400/131/709 1454/129/709 1453/131/709
f 1728/187/255 1908/89/255 1729/89/255
f 1439/188/230 1442/186/230 1440/180/230
f 1425/190/234 1428/189/234 1426/173/234
f 1818/192/169 2038/191/169 1819/191/169
f 1442/186/286 1444/184/286 1474/186/286
f 1388/146/285 1448/144/285 1447/146/285
f 1450/174/284 1392/176/284 1394/174/284
f 1400/131/268 1452/155/268 1398/155/268
f 1581/131/710 1526/155/710 1528/131/710
f 1404/164/264 1456/151/264 1455/164/264
f 1418/72/263 1463/73/263 1462/72/263
f 1432/97/711 1470/98/711 1469/97/711
f 1392/176/265 1448/144/265 1390/144/265
f 1398/155/273 1451/157/273 1396/157/273
f 1424/103/261 1466/173/261 1465/103/261
f 1422/105/276 1463/73/276 1420/73/276
f 1440/180/271 1472/179/271 1438/179/271
f 1384/101/270 1446/99/270 1445/101/270
f 1416/165/288 1462/72/288 1461/165/288
f 1428/189/267 1466/173/267 1426/173/267
f 1442/186/282 1473/180/282 1440/180/282
f 1436/168/420 1472/179/420 1471/168/420
f 1402/129/269 1455/164/269 1454/129/269
f 1458/152/281 1408/149/281 1410/152/281
f 1428/189/279 1468/162/279 1467/189/279
f 1394/174/278 1451/157/278 1450/174/278
f 1424/103/254 1464/105/254 1422/105/254
f 1416/165/277 1460/167/277 1414/167/277
f 1382/148/274 1445/101/274 1443/148/274
f 1412/2/287 1460/167/287 1459/2/287
f 1430/162/260 1469/97/260 1468/162/260
f 1434/98/259 1471/168/259 1470/98/259
f 1382/148/258 1444/1/258 1380/1/258
f 1412/2/283 1458/152/283 1410/152/283
f 1408/149/272 1456/151/272 1406/151/272
f 1452/155/295 1483/157/295 1451/157/295
f 1459/2/229 1490/152/229 1458/152/229
f 1447/146/239 1478/99/239 1446/99/239
f 1473/180/240 1506/186/240 1505/180/240
f 1462/72/251 1493/165/251 1461/165/251
f 1456/151/149 1489/149/149 1488/151/149
f 1493/165/256 1460/167/256 1461/165/256
f 1463/73/250 1494/72/250 1462/72/250
f 1460/167/253 1491/2/253 1459/2/253
f 1444/184/243 1506/186/243 1474/186/243
f 1471/168/291 1502/98/291 1470/98/291
f 1443/148/242 1476/1/242 1444/1/242
f 1473/180/245 1504/179/245 1472/179/245
f 1608/144/290 1575/146/290 1576/144/290
f 1456/151/64 1487/164/64 1455/164/64
f 1453/131/246 1484/155/246 1452/155/246
f 2011/193/162 1791/194/162 2010/194/162
f 1515/145/241 1518/144/241 1516/146/241
f 1454/129/296 1485/131/296 1453/131/296
f 1451/157/234 1482/174/234 1450/174/234
f 1450/174/293 1481/176/293 1449/176/293
f 1469/97/292 1500/162/292 1468/162/292
f 1513/154/250 1516/146/250 1514/99/250
f 1470/98/158 1501/97/158 1469/97/158
f 1531/117/238 1534/151/238 1532/164/238
f 1617/195/149 1584/196/149 1585/195/149
f 1508/1/253 1509/147/253 1510/148/253
f 1714/197/294 1743/93/294 1744/197/294
f 1577/176/148 1608/144/148 1576/144/148
f 1509/147/256 1512/101/256 1510/148/256
f 1458/152/230 1489/149/230 1457/149/230
f 1607/146/239 1574/99/239 1575/146/239
f 1535/153/240 1538/152/240 1536/149/240
f 1445/101/232 1475/148/232 1443/148/232
f 1537/170/243 1540/2/243 1538/152/243
f 1468/162/257 1499/189/257 1467/189/257
f 1466/173/289 1499/189/289 1498/173/289
f 1525/198/292 1528/131/292 1526/155/292
f 1523/156/257 1526/155/257 1524/157/257
f 1529/199/291 1532/164/291 1530/129/291
f 1521/200/289 1524/157/289 1522/174/289
f 1519/175/235 1522/174/235 1520/176/235
f 1517/201/244 1520/176/244 1518/144/244
f 1557/161/246 1560/97/246 1558/162/246
f 1527/130/158 1530/129/158 1528/131/158
f 1545/163/239 1548/73/239 1546/72/239
f 1578/174/293 1609/176/293 1577/176/293
f 1533/150/245 1536/149/245 1534/151/245
f 1543/172/231 1546/72/231 1544/165/231
f 1563/178/64 1566/179/64 1564/168/64
f 1541/166/232 1544/165/232 1542/167/232
f 1539/7/242 1542/167/242 1540/2/242
f 1551/202/293 1554/173/293 1552/103/293
f 1268/1/156 222/2/156 219/2/156
f 1555/56/295 1558/162/295 1556/189/295
f 1547/80/290 1550/105/290 1548/73/290
f 1587/2/229 1618/152/229 1586/152/229
f 1553/190/234 1556/189/234 1554/173/234
f 1353/13/190 317/13/190 1354/13/190
f 1565/181/149 1568/180/149 1566/179/149
f 1561/169/228 1564/168/228 1562/98/228
f 1570/186/229 1507/203/229 1508/184/229
f 1522/174/312 1579/157/312 1578/174/312
f 1446/99/231 1477/101/231 1445/101/231
f 26/13/298 1357/25/298 1106/25/298
f 1561/204/14 1537/159/14 1569/158/14
f 1601/180/245 1632/179/245 1600/179/245
f 1534/151/712 1583/164/712 1532/164/712
f 1582/129/317 1528/131/317 1530/129/317
f 1514/99/713 1575/146/713 1574/99/713
f 1568/180/714 1602/186/714 1601/180/714
f 1510/148/302 1573/101/302 1571/148/302
f 1538/152/310 1587/2/310 1586/152/310
f 1520/176/306 1578/174/306 1577/176/306
f 1558/162/715 1597/97/715 1596/162/715
f 1562/98/316 1597/97/316 1560/97/316
f 1556/189/313 1594/173/313 1554/173/313
f 1530/129/321 1583/164/321 1582/129/321
f 1542/167/304 1587/2/304 1540/2/304
f 1562/98/314 1599/168/314 1598/98/314
f 1556/189/716 1596/162/716 1595/189/716
f 1526/155/717 1579/157/717 1524/157/717
f 1518/144/311 1575/146/311 1516/146/311
f 1510/148/323 1572/1/323 1508/1/323
f 1518/144/307 1577/176/307 1576/144/307
f 1550/105/300 1593/103/300 1592/105/300
f 1544/165/320 1588/167/320 1542/167/320
f 1883/205/48 1907/106/48 1906/107/48
f 1544/165/324 1590/72/324 1589/165/324
f 1538/152/718 1585/149/718 1536/149/718
f 1548/73/309 1592/105/309 1591/73/309
f 1566/179/301 1599/168/301 1564/168/301
f 1570/186/315 1572/184/315 1602/186/315
f 1534/151/319 1585/149/319 1584/151/319
f 1548/73/719 1590/72/719 1546/72/719
f 1512/101/328 1574/99/328 1573/101/328
f 1554/173/262 1593/103/262 1552/103/262
f 1568/180/326 1600/179/326 1566/179/326
f 1124/44/720 1153/69/720 1115/44/720
f 1595/189/289 1626/173/289 1594/173/289
f 1140/26/570 1121/41/570 1109/41/570
f 1600/179/238 1631/168/238 1599/168/238
f 1464/105/241 1495/73/241 1463/73/241
f 1573/101/232 1603/148/232 1571/148/232
f 1586/152/230 1617/149/230 1585/149/230
f 1583/164/64 1616/151/64 1615/164/64
f 1594/173/235 1625/103/235 1593/103/235
f 1602/186/240 1633/180/240 1601/180/240
f 1582/129/228 1615/164/228 1614/129/228
f 1589/165/256 1620/167/256 1588/167/256
f 1796/208/329 2014/207/329 2015/208/329
f 1582/129/296 1613/131/296 1581/131/296
f 1592/105/241 1623/73/241 1591/73/241
f 1581/131/246 1612/155/246 1580/155/246
f 1580/155/295 1611/157/295 1579/157/295
f 1155/10/570 1151/26/570 1172/26/570
f 1590/72/251 1621/165/251 1589/165/251
f 1579/157/234 1610/174/234 1578/174/234
f 1593/103/244 1624/105/244 1592/105/244
f 1781/209/330 1856/210/330 1857/209/330
f 1572/184/243 1634/186/243 1602/186/243
f 1731/210/330 1910/209/330 1732/209/330
f 1588/167/253 1619/2/253 1587/2/253
f 1727/106/331 1749/187/331 1728/187/331
f 1596/162/257 1627/189/257 1595/189/257
f 2019/211/332 1799/212/332 2018/212/332
f 1597/97/292 1628/162/292 1596/162/292
f 1574/99/231 1605/101/231 1573/101/231
f 1427/56/295 1430/162/295 1428/189/295
f 1313/13/333 1318/25/333 1317/13/333
f 1141/32/721 1107/1/721 1163/49/721
f 1250/1/722 1252/1/722 1254/1/722
f 1659/213/723 640/214/723 638/215/723
f 1658/112/724 638/215/724 636/240/724
f 666/216/725 1674/183/725 668/233/725
f 664/217/726 1673/182/726 666/216/726
f 1655/120/727 632/219/727 630/119/727
f 660/220/728 1671/221/728 662/237/728
f 658/223/729 1670/222/729 660/220/729
f 1667/210/730 656/225/730 654/238/730
f 622/226/731 1652/94/731 624/494/731
f 620/228/732 1651/227/732 622/226/732
f 618/229/733 1650/197/733 620/228/733
f 1664/187/734 650/230/734 648/231/734
f 1663/106/735 648/231/735 646/232/735
f 1662/107/736 646/232/736 644/241/736
f 668/233/737 1675/70/737 670/234/737
f 1291/80/738 1295/117/738 1293/80/738
f 670/234/739 1644/71/739 608/243/739
f 1660/133/740 642/235/740 640/214/740
f 610/236/741 1646/135/741 612/134/741
f 1348/25/742 1378/25/742 1376/25/742
f 662/237/743 1672/218/743 664/217/743
f 1654/118/744 630/119/744 628/143/744
f 1156/22/745 1154/35/745 1114/22/745
f 656/225/746 1669/224/746 658/223/746
f 1233/2/747 1236/1/747 1237/2/747
f 1666/91/748 654/238/748 652/90/748
f 1360/8/72 1363/8/72 1359/8/72
f 1337/46/749 1342/52/749 1338/52/749
f 1656/142/750 634/239/750 632/219/750
f 1657/113/751 636/240/751 634/239/751
f 1661/132/752 644/241/752 642/235/752
f 608/242/753 1645/110/753 610/236/753
f 1706/183/754 734/234/754 732/233/754
f 1707/70/755 672/243/755 734/234/755
f 1706/183/756 730/216/756 1705/182/756
f 1689/113/757 696/219/757 1688/142/757
f 1687/120/758 696/219/758 694/119/758
f 1704/218/759 726/237/759 1703/221/759
f 1701/224/760 724/220/760 722/223/760
f 1684/94/761 690/95/761 688/494/761
f 1695/106/762 708/241/762 1694/107/762
f 1695/106/763 712/231/763 710/232/763
f 1683/227/764 688/494/764 686/226/764
f 1696/187/765 714/230/765 712/231/765
f 1698/91/766 718/238/766 716/90/766
f 1697/89/767 716/90/767 714/230/767
f 1255/1/768 1261/1/768 1259/1/768
f 1692/133/769 706/235/769 704/214/769
f 1690/112/770 702/215/770 700/240/770
f 1691/213/771 704/214/771 702/215/771
f 1689/113/772 700/240/772 698/239/772
f 1704/218/773 730/216/773 728/217/773
f 724/220/774 1703/221/774 726/237/774
f 720/225/775 1701/224/775 722/223/775
f 1685/96/776 692/143/776 690/95/776
f 1680/39/777 678/85/777 1679/40/777
f 1699/210/778 720/225/778 718/238/778
f 1681/93/779 684/228/779 682/229/779
f 1679/40/780 676/134/780 1678/135/780
f 680/92/781 1681/93/781 682/229/781
f 1682/197/782 686/226/782 684/228/782
f 1677/110/783 676/134/783 674/236/783
f 706/235/784 1694/107/784 708/241/784
f 1676/111/785 674/236/785 672/242/785
f 1703/221/72 1734/222/72 1735/221/72
f 1693/132/72 1726/107/72 1694/107/72
f 1688/142/72 1719/120/72 1720/142/72
f 1743/93/48 1871/244/48 1744/197/48
f 1697/89/72 1730/91/72 1698/91/72
f 1886/246/48 1750/91/48 1908/89/48
f 1852/106/48 1809/248/48 1853/187/48
f 1804/86/48 1849/133/48 1848/213/48
f 1693/132/72 1724/133/72 1725/132/72
f 1668/209/72 1782/224/72 1669/224/72
f 1646/135/72 1760/40/72 1647/40/72
f 1684/94/72 1717/96/72 1685/96/72
f 1671/221/72 1783/222/72 1784/221/72
f 1663/106/72 1775/107/72 1776/106/72
f 1681/93/72 1712/39/72 1713/93/72
f 1675/70/72 1757/71/72 1644/71/72
f 1797/250/48 1842/96/48 1841/94/48
f 1651/227/72 1765/94/72 1652/94/72
f 1696/187/72 1727/106/72 1728/187/72
f 1742/39/48 1870/245/48 1743/93/48
f 1862/182/48 1819/191/48 1863/183/48
f 1654/118/72 1768/120/72 1655/120/72
f 1872/253/48 1900/94/48 1899/227/48
f 1807/255/48 1852/106/48 1851/107/48
f 1667/210/72 1779/91/72 1780/210/72
f 1815/256/48 1860/221/48 1859/222/48
f 1701/224/72 1734/222/72 1702/222/72
f 1652/94/72 1766/96/72 1653/96/72
f 1696/187/72 1729/89/72 1697/89/72
f 1840/227/48 1797/250/48 1841/94/48
f 1672/218/72 1784/221/72 1785/218/72
f 1665/89/72 1779/91/72 1666/91/72
f 1397/198/292 1400/131/292 1398/155/292
f 1978/258/398 1866/259/398 1977/259/398
f 1880/260/399 1990/261/399 1991/260/399
f 1327/13/400 1332/25/400 1328/25/400
f 1736/218/187 1755/182/187 1737/182/187
f 1599/168/291 1630/98/291 1598/98/291
f 1735/221/401 1754/218/401 1736/218/401
f 1331/13/402 1334/25/402 1332/25/402
f 1708/111/168 1897/110/168 1709/110/168
f 1990/261/252 1878/127/252 1989/127/252
f 2016/250/330 1796/208/330 2015/208/330
f 1401/199/291 1404/164/291 1402/129/291
f 1723/213/68 1905/133/68 1724/133/68
f 862/80/403 1825/177/403 1827/178/403
f 1783/222/404 1858/224/404 1859/222/404
f 1888/124/405 1998/247/405 1999/124/405
f 1763/197/405 1840/227/405 1764/227/405
f 1423/202/293 1426/173/293 1424/103/293
f 1717/96/406 1902/118/406 1718/118/406
f 1714/197/405 1899/227/405 1715/227/405
f 1785/218/187 1862/182/187 1786/182/187
f 1710/135/407 1741/40/407 1711/40/407
f 1419/80/290 1422/105/290 1420/73/290
f 1761/39/408 1838/93/408 1762/93/408
f 1808/249/407 2026/255/407 2027/249/407
f 1280/109/48 1283/141/48 1275/141/48
f 1715/227/184 1900/94/184 1716/94/184
f 1874/262/409 1984/254/409 1985/262/409
f 1448/144/290 1479/146/290 1447/146/290
f 1472/179/238 1503/168/238 1471/168/238
f 1733/224/404 1752/222/404 1734/222/404
f 1788/70/63 1833/71/63 1757/71/63
f 1093/31/14 86/37/14 55/37/14
f 1700/209/72 1733/224/72 1701/224/72
f 1820/75/48 1833/71/48 1864/70/48
f 1650/197/72 1762/93/72 1763/197/72
f 1854/89/48 1811/263/48 1855/91/48
f 1657/113/72 1769/142/72 1770/113/72
f 1672/218/72 1786/182/72 1673/182/72
f 1651/227/72 1763/197/72 1764/227/72
f 1704/218/72 1735/221/72 1736/218/72
f 1855/91/48 1812/265/48 1856/210/48
f 1678/135/72 1711/40/72 1679/40/72
f 1846/113/48 1803/266/48 1847/112/48
f 1814/268/48 1859/222/48 1858/224/48
f 1798/251/48 1843/118/48 1842/96/48
f 1803/266/48 1848/213/48 1847/112/48
f 1795/207/48 1840/227/48 1839/197/48
f 1668/209/72 1780/210/72 1781/209/72
f 1675/70/72 1787/183/72 1788/70/72
f 1644/111/72 1758/110/72 1645/110/72
f 1904/213/48 1881/269/48 1905/133/48
f 1661/132/72 1773/133/72 1774/132/72
f 1656/142/72 1768/120/72 1769/142/72
f 1657/113/72 1771/112/72 1658/112/72
f 1707/70/72 1708/71/72 1676/71/72
f 1699/210/72 1732/209/72 1700/209/72
f 1674/183/72 1786/182/72 1787/183/72
f 1894/270/48 1756/183/48 1755/182/48
f 1691/213/72 1724/133/72 1692/133/72
f 1646/135/72 1758/110/72 1759/135/72
f 1776/106/72 1664/187/72 1663/106/72
f 1750/91/48 1888/124/48 1909/210/48
f 1777/187/72 1665/89/72 1664/187/72
f 1850/132/48 1807/255/48 1851/107/48
f 1719/120/410 1902/118/410 1903/120/410
f 1855/91/329 1780/210/329 1779/91/329
f 1766/96/411 1841/94/411 1842/96/411
f 1781/209/409 1858/224/409 1782/224/409
f 1465/103/244 1496/105/244 1464/105/244
f 1759/135/407 1836/40/407 1760/40/407
f 855/117/412 1822/140/412 853/81/412
f 1448/144/148 1481/176/148 1480/144/148
f 1765/94/184 1840/227/184 1841/94/184
f 1777/187/331 1852/106/331 1853/187/331
f 1567/188/230 1570/186/230 1568/180/230
f 1803/266/252 2021/267/252 2022/266/252
f 1784/221/401 1861/218/401 1785/218/401
f 1766/96/406 1843/118/406 1767/118/406
f 1910/209/409 1733/224/409 1732/209/409
f 1767/118/410 1844/120/410 1768/120/410
f 1759/135/413 1834/110/413 1835/135/413
f 1804/86/399 2022/266/399 2023/86/399
f 1734/222/332 1753/221/332 1735/221/332
f 1721/113/218 1745/142/218 1746/113/218
f 1761/39/28 1836/40/28 1837/39/28
f 1772/213/68 1849/133/68 1773/133/68
f 1455/164/228 1486/129/228 1454/129/228
f 1786/182/252 1863/183/252 1787/183/252
f 1722/112/414 1904/213/414 1723/213/414
f 1807/255/413 2025/272/413 2026/255/413
f 1784/221/332 1859/222/332 1860/221/332
f 860/82/415 1826/164/415 1825/73/415
f 1773/133/195 1850/132/195 1774/132/195
f 1770/113/169 1847/112/169 1771/112/169
f 1778/89/255 1853/187/255 1854/89/255
f 1742/39/408 1713/93/408 1712/39/408
f 1730/91/329 1909/210/329 1731/210/329
f 1184/1/786 1189/79/786 1132/79/786
f 1636/1/787 1206/1/787 1635/1/787
f 1316/25/26 1317/13/26 1318/25/26
f 1244/6/418 207/6/418 1243/6/418
f 1730/91/419 1908/89/419 1750/91/419
f 1386/99/275 1447/146/275 1446/99/275
f 1485/273/26 1501/62/26 1477/274/26
f 1394/174/289 1395/156/289 1396/157/289
f 1559/171/296 1562/98/296 1560/97/296
f 867/117/156 1831/145/156 1829/145/156
f 1353/6/421 314/6/421 316/6/421
f 854/80/14 1823/178/14 1830/178/14
f 1829/145/14 1824/145/14 855/117/14
f 1882/275/168 1992/269/168 1993/275/168
f 866/80/10 1832/178/10 870/80/10
f 1799/212/404 2017/251/404 2018/212/404
f 1684/94/72 1715/227/72 1716/94/72
f 1677/110/72 1708/111/72 1709/110/72
f 1892/276/48 1754/218/48 1753/221/48
f 1891/278/48 1753/221/48 1752/222/48
f 1860/221/48 1817/279/48 1861/218/48
f 1790/280/48 1835/135/48 1834/110/48
f 1648/39/72 1762/93/72 1649/93/72
f 1683/227/72 1714/197/72 1715/227/72
f 1856/210/48 1813/281/48 1857/209/48
f 1706/183/72 1737/182/72 1738/183/72
f 1863/183/48 1820/75/48 1864/70/48
f 1681/93/72 1714/197/72 1682/197/72
f 1800/211/48 1845/142/48 1844/120/48
f 1801/282/48 1846/113/48 1845/142/48
f 1653/96/72 1767/118/72 1654/118/72
f 1813/281/48 1858/224/48 1857/209/48
f 1686/118/72 1717/96/72 1718/118/72
f 1659/213/72 1773/133/72 1660/133/72
f 1687/120/72 1718/118/72 1719/120/72
f 1669/224/72 1783/222/72 1670/222/72
f 1817/279/48 1862/182/48 1861/218/48
f 1648/39/72 1760/40/72 1761/39/72
f 1705/182/72 1736/218/72 1737/182/72
f 1849/133/48 1806/272/48 1850/132/48
f 1794/283/48 1839/197/48 1838/93/48
f 1679/40/72 1712/39/72 1680/39/72
f 1662/107/72 1774/132/72 1775/107/72
f 1882/275/48 1906/107/48 1748/132/48
f 1707/70/72 1738/183/72 1739/70/72
f 1677/110/72 1710/135/72 1678/135/72
f 1698/91/72 1731/210/72 1699/210/72
f 1833/71/48 1790/280/48 1834/110/48
f 2032/281/184 1812/265/184 2031/265/184
f 1139/15/540 1157/31/540 1093/31/540
f 1094/33/540 1160/15/540 1139/15/540
f 1141/32/664 1158/33/664 1094/33/664
f 1155/10/26 74/2/26 1117/10/26
f 1149/45/10 1123/7/10 1111/6/10
f 1148/24/663 1120/1/663 1110/1/663
f 1146/38/10 1119/1/10 1108/1/10
f 1144/12/11 26/13/11 1106/25/11
f 1102/1/788 1215/1/788 1213/1/788
f 1356/8/424 1361/9/424 1360/8/424
f 1185/7/789 1104/6/789 1131/6/789
f 1102/1/790 1229/2/790 39/2/790
f 1896/284/48 1740/71/48 1911/70/48
f 70/138/791 1152/32/791 1114/22/791
f 1695/106/72 1726/107/72 1727/106/72
f 1754/218/48 1894/270/48 1755/182/48
f 1791/194/48 1836/40/48 1835/135/48
f 1836/40/48 1793/285/48 1837/39/48
f 1890/286/48 1752/222/48 1751/224/48
f 1910/209/48 1890/286/48 1751/224/48
f 1793/285/48 1838/93/48 1837/39/48
f 1907/106/48 1885/287/48 1749/187/48
f 1688/142/72 1721/113/72 1689/113/72
f 1885/287/48 1908/89/48 1749/187/48
f 1903/120/48 1877/126/48 1745/142/48
f 1868/289/48 1742/39/48 1741/40/48
f 1902/118/48 1876/288/48 1903/120/48
f 1881/269/48 1748/132/48 1905/133/48
f 1898/135/48 1868/289/48 1741/40/48
f 1747/112/48 1880/260/48 1904/213/48
f 1744/197/48 1872/253/48 1899/227/48
f 1877/126/48 1746/113/48 1745/142/48
f 1756/183/48 1896/284/48 1911/70/48
f 1799/212/48 1844/120/48 1843/118/48
f 1874/262/48 1902/118/48 1901/96/48
f 1873/254/48 1901/96/48 1900/94/48
f 1689/113/72 1722/112/72 1690/112/72
f 1746/113/48 1879/261/48 1747/112/48
f 1691/213/72 1722/112/72 1723/213/72
f 1809/248/48 1854/89/48 1853/187/48
f 1740/71/48 1866/259/48 1897/110/48
f 1771/112/72 1659/213/72 1658/112/72
f 1866/259/48 1898/135/48 1897/110/48
f 1909/210/48 1889/125/48 1910/209/48
f 1926/291/48 2040/291/48 1927/292/48
f 1955/293/48 2041/293/48 1956/294/48
f 1873/254/330 1983/253/330 1984/254/330
f 1830/19/48 1831/64/48 1832/19/48
f 2020/282/401 1800/211/401 2019/211/401
f 1725/132/398 1906/107/398 1726/107/398
f 1810/264/408 2028/248/408 2029/264/408
f 2039/75/414 1819/191/414 2038/191/414
f 1389/201/244 1392/176/244 1390/144/244
f 852/82/26 1822/164/26 1821/73/26
f 1881/269/63 1991/260/63 1992/269/63
f 1277/57/792 1285/108/792 1286/57/792
f 1774/132/398 1851/107/398 1775/107/398
f 2010/194/398 1790/280/398 2009/280/398
f 1802/267/187 2020/282/187 2021/267/187
f 1372/8/8 1374/9/8 1371/8/8
f 1884/206/407 1994/205/407 1995/206/407
f 1310/7/156 2049/51/156 1309/51/156
f 1809/248/28 2027/249/28 2028/248/28
f 1788/70/399 1863/183/399 1864/70/399
f 1866/259/195 1976/122/195 1977/259/195
f 1778/89/419 1855/91/419 1779/91/419
f 1895/271/169 2005/270/169 2006/271/169
f 1887/247/294 1997/246/294 1998/247/294
f 1886/246/408 1996/287/408 1997/246/408
f 2030/263/294 1810/264/294 2029/264/294
f 1806/272/168 2024/87/168 2025/272/168
f 1892/276/410 2002/278/410 2003/276/410
f 1872/253/329 1982/244/329 1983/253/329
f 1891/278/406 2001/286/406 2002/278/406
f 1982/244/419 1870/245/419 1981/245/419
f 1814/268/411 2032/281/411 2033/268/411
f 1812/265/405 2030/263/405 2031/265/405
f 1890/286/411 2000/125/411 2001/286/411
f 113/2/428 1179/1/428 1176/1/428
f 1710/135/413 1897/110/413 1898/135/413
f 1870/245/255 1980/252/255 1981/245/255
f 2035/257/410 1815/256/410 2034/256/410
f 1762/93/294 1839/197/294 1763/197/294
f 1868/289/162 1978/258/162 1979/289/162
f 1794/283/255 2012/285/255 2013/283/255
f 1894/270/218 2004/277/218 2005/270/218
f 2034/256/406 1814/268/406 2033/268/406
f 1883/205/413 1993/275/413 1994/205/413
f 2037/192/218 1817/279/218 2036/279/218
f 244/145/429 1292/117/429 246/145/429
f 246/145/430 1290/81/430 245/140/430
f 1869/252/331 1979/289/331 1980/252/331
f 1793/285/331 2011/193/331 2012/285/331
f 1716/94/411 1901/96/411 1717/96/411
f 1795/207/419 2013/283/419 2014/207/419
f 1739/70/399 1756/183/399 1911/70/399
f 2007/284/414 1895/271/414 2006/271/414
f 1865/122/68 2007/284/68 1976/122/68
f 1771/112/414 1848/213/414 1772/213/414
f 2036/279/237 1816/257/237 2035/257/237
f 1893/277/237 2003/276/237 2004/277/237
f 1790/280/195 2008/74/195 2009/280/195
f 1986/290/404 1874/262/404 1985/262/404
f 1885/287/28 1995/206/28 1996/287/28
f 1877/126/401 1987/288/401 1988/126/401
f 1776/106/162 1851/107/162 1852/106/162
f 1798/251/409 2016/250/409 2017/251/409
f 1571/148/242 1604/1/242 1572/1/242
f 1971/295/793 2004/277/793 2003/276/793
f 2006/271/794 1975/121/794 2007/284/794
f 1956/298/795 1989/127/795 1988/126/795
f 1932/300/796 2029/264/796 2028/248/796
f 1993/275/797 1962/302/797 1994/205/797
f 2013/283/798 1918/304/798 2014/207/798
f 2014/207/799 1919/306/799 2015/208/799
f 1984/254/800 1953/307/800 1985/262/800
f 2000/125/801 1969/309/801 2001/286/801
f 2034/256/802 1939/311/802 2035/257/802
f 1962/302/803 1995/206/803 1994/205/803
f 1194/51/442 37/2/442 1195/1/442
f 1922/314/804 2019/211/804 2018/212/804
f 1933/301/805 2030/263/805 2029/264/805
f 1980/252/806 1949/317/806 1981/245/806
f 1960/319/807 1993/275/807 1992/269/807
f 1947/320/808 1980/252/808 1979/289/808
f 2017/251/809 1922/314/809 2018/212/809
f 2002/278/802 1971/295/802 2003/276/802
f 1967/323/810 2000/125/810 1999/124/810
f 1987/288/811 1956/298/811 1988/126/811
f 1986/290/804 1955/324/804 1987/288/804
f 1985/262/809 1954/325/809 1986/290/809
f 2012/285/806 1917/305/806 2013/283/806
f 1995/206/812 1964/327/812 1996/287/812
f 1950/328/799 1983/253/799 1982/244/799
f 1957/299/813 1990/261/813 1989/127/813
f 1998/247/814 1967/323/814 1999/124/814
f 1991/260/815 1960/319/815 1992/269/815
f 2004/277/816 1973/333/816 2005/270/816
f 1964/327/796 1997/246/796 1996/287/796
f 1976/122/817 1945/335/817 1977/259/817
f 1912/337/674 2039/75/674 1943/336/674
f 1928/338/807 2025/272/807 2024/87/807
f 2025/272/797 1930/340/797 2026/255/797
f 2036/279/816 1941/341/816 2037/192/816
f 1973/333/818 2006/271/818 2005/270/818
f 2001/286/819 1970/322/819 2002/278/819
f 2008/74/817 1913/343/817 2009/280/817
f 1935/344/810 2032/281/810 2031/265/810
f 1915/347/820 2010/194/820 1914/346/820
f 1934/316/814 2031/265/814 2030/263/814
f 1951/329/821 1984/254/821 1983/253/821
f 2037/192/818 1942/348/818 2038/191/818
f 2016/250/800 1921/321/800 2017/251/800
f 1924/350/795 2021/267/795 2020/282/795
f 1930/340/803 2027/249/803 2026/255/803
f 2015/208/821 1920/349/821 2016/250/821
f 1925/351/813 2022/266/813 2021/267/813
f 2023/86/815 1928/338/815 2024/87/815
f 1939/311/793 2036/279/793 2035/257/793
f 2019/211/811 1924/350/811 2020/282/811
f 1945/335/822 1978/258/822 1977/259/822
f 1949/317/798 1982/244/798 1981/245/798
f 1965/334/805 1998/247/805 1997/246/805
f 1937/356/801 2032/281/801 1936/345/801
f 2033/268/819 1938/312/819 2034/256/819
f 2022/266/823 1927/354/823 2023/86/823
f 1990/261/823 1959/332/823 1991/260/823
f 1978/258/820 1947/320/820 1979/289/820
f 1913/343/822 2010/194/822 2009/280/822
f 1915/347/808 2012/285/808 2011/193/808
f 1931/352/812 2028/248/812 2027/249/812
f 1942/348/794 2039/75/794 2038/191/794
f 1209/3/824 1211/52/824 1638/3/824
f 1638/3/825 1211/52/825 1639/4/825
f 1125/3/826 1204/52/826 1099/52/826
f 1213/1/827 1640/1/827 1102/1/827
f 1913/357/48 2040/357/48 1914/358/48
f 1940/359/48 2040/359/48 1941/360/48
f 1927/292/48 2040/292/48 1928/361/48
f 1914/358/48 2040/358/48 1915/362/48
f 1941/360/48 2040/360/48 1942/363/48
f 1928/361/48 2040/361/48 1929/364/48
f 1915/362/48 2040/362/48 1916/365/48
f 1942/363/48 2040/363/48 1943/366/48
f 1929/364/48 2040/364/48 1930/367/48
f 1916/365/48 2040/365/48 1917/368/48
f 1943/366/48 2040/366/48 1912/369/48
f 1930/367/48 2040/367/48 1931/370/48
f 1917/368/48 2040/368/48 1918/371/48
f 1931/370/48 2040/370/48 1932/372/48
f 1918/371/48 2040/371/48 1919/373/48
f 1932/372/48 2040/372/48 1933/374/48
f 1919/373/48 2040/373/48 1920/375/48
f 1933/374/48 2040/374/48 1934/376/48
f 1920/375/48 2040/375/48 1921/377/48
f 1934/376/48 2040/376/48 1935/378/48
f 1921/377/48 2040/377/48 1922/379/48
f 1935/378/48 2040/378/48 1936/380/48
f 1922/379/48 2040/379/48 1923/381/48
f 1936/380/48 2040/380/48 1937/382/48
f 1923/381/48 2040/381/48 1924/383/48
f 1937/382/48 2040/382/48 1938/384/48
f 1924/383/48 2040/383/48 1925/385/48
f 1938/384/48 2040/384/48 1939/386/48
f 1925/385/48 2040/385/48 1926/291/48
f 1912/369/48 2040/369/48 1913/357/48
f 1939/386/48 2040/386/48 1940/359/48
f 1969/387/48 2041/387/48 1970/388/48
f 1956/294/48 2041/294/48 1957/389/48
f 1970/388/48 2041/388/48 1971/390/48
f 1957/389/48 2041/389/48 1958/391/48
f 1944/392/48 2041/392/48 1945/393/48
f 1971/390/48 2041/390/48 1972/394/48
f 1958/391/48 2041/391/48 1959/395/48
f 1945/393/48 2041/393/48 1946/396/48
f 1972/394/48 2041/394/48 1973/397/48
f 1959/395/48 2041/395/48 1960/398/48
f 1946/396/48 2041/396/48 1947/399/48
f 1973/397/48 2041/397/48 1974/400/48
f 1960/398/48 2041/398/48 1961/401/48
f 1947/399/48 2041/399/48 1948/402/48
f 1974/400/48 2041/400/48 1975/403/48
f 1961/401/48 2041/401/48 1962/404/48
f 1948/402/48 2041/402/48 1949/405/48
f 1975/403/48 2041/403/48 1944/392/48
f 1962/404/48 2041/404/48 1963/406/48
f 1949/405/48 2041/405/48 1950/407/48
f 1963/406/48 2041/406/48 1964/408/48
f 1950/407/48 2041/407/48 1951/409/48
f 1964/408/48 2041/408/48 1965/410/48
f 1951/409/48 2041/409/48 1952/411/48
f 1965/410/48 2041/410/48 1966/412/48
f 1952/411/48 2041/411/48 1953/413/48
f 1966/412/48 2041/412/48 1967/414/48
f 1953/413/48 2041/413/48 1954/415/48
f 1967/414/48 2041/414/48 1968/416/48
f 1954/415/48 2041/415/48 1955/293/48
f 1968/416/48 2041/416/48 1969/387/48
f 1153/69/10 71/59/10 1115/44/10
f 1098/44/566 1162/21/566 1142/69/566
f 1142/69/643 1147/50/643 1109/41/643
f 1163/49/721 1107/1/721 1120/1/721
f 1164/11/10 1095/1/10 1119/1/10
f 1096/10/10 96/2/10 57/2/10
f 1093/31/661 1165/17/661 1139/15/661
f 1093/31/11 98/14/11 1144/12/11
f 1641/1/828 1101/6/828 1126/1/828
f 1136/1/829 1175/1/829 1183/1/829
f 1136/1/43 1176/1/43 1174/1/43
f 1106/25/830 1168/51/830 1118/51/830
f 1228/1/831 1233/2/831 1229/2/831
f 1127/1/832 2043/417/832 1103/88/832
f 28/2/55 1264/1/55 213/2/55
f 1228/1/833 1231/1/833 1232/1/833
f 1171/69/632 1113/41/632 1153/69/632
f 37/2/69 1176/1/69 1195/1/69
f 2042/67/59 105/56/59 1181/7/59
f 1137/1/834 1183/1/834 1105/1/834
f 1185/7/835 1132/79/835 1169/5/835
f 1132/79/836 1138/1/836 1184/1/836
f 1105/1/837 1190/1/837 1187/1/837
f 1125/3/838 1195/1/838 1100/1/838
f 1134/46/588 1335/25/588 1337/46/588
f 1099/52/839 1194/51/839 1125/3/839
f 1133/48/840 1198/1/840 1199/1/840
f 1134/46/841 1168/51/841 1357/25/841
f 1200/47/842 1199/1/842 1168/51/842
f 1100/1/843 1198/1/843 1182/1/843
f 1205/1/844 1637/1/844 1182/1/844
f 1338/52/845 1340/25/845 1336/25/845
f 1099/52/846 1203/46/846 1134/46/846
f 1202/47/847 1210/46/847 1208/47/847
f 1637/1/848 1212/1/848 1636/1/848
f 1221/1/849 1222/7/849 1642/1/849
f 1642/1/850 1222/7/850 1643/83/850
f 1170/1/491 1274/2/491 222/2/491
f 1166/7/851 1214/7/851 1217/7/851
f 1280/109/14 1281/2/14 1274/2/14
f 1218/1/852 1224/1/852 1226/1/852
f 1216/1/853 1225/7/853 1224/1/853
f 1126/1/854 1230/2/854 1227/1/854
f 1254/1/855 1257/1/855 1253/1/855
f 1250/1/856 1253/1/856 1249/1/856
f 1247/1/857 1253/1/857 1251/1/857
f 1248/1/858 1251/1/858 1252/1/858
f 1252/1/859 1255/1/859 1256/1/859
f 1260/1/860 1261/1/860 1262/1/860
f 39/2/861 1265/1/861 1102/1/861
f 1263/1/14 1268/1/14 1264/1/14
f 1263/1/14 1269/1/14 1267/1/14
f 224/2/862 1271/1/862 1270/1/862
f 1276/108/14 1271/1/14 1282/2/14
f 1280/109/14 1273/1/14 1279/84/14
f 1876/288/332 1986/290/332 1987/288/332
f 1322/25/163 1352/13/163 1316/25/163
f 1316/25/163 1351/13/163 1315/13/163
f 1351/13/163 1316/25/163 1352/13/163
f 1353/13/190 1312/25/190 1311/13/190
f 1312/25/863 1354/13/863 1320/25/863
f 1320/25/864 1354/13/864 1319/13/864
f 1355/25/682 1335/25/682 1357/25/682
f 1099/52/684 1336/25/684 1355/25/684
f 1341/46/865 1340/25/865 1342/52/865
f 1340/25/686 1345/25/686 1346/25/686
f 1339/25/690 1343/25/690 1345/25/690
f 1340/25/692 1344/25/692 1336/25/692
f 1197/9/698 1357/25/698 1196/9/698
f 1356/8/699 102/13/699 35/13/699
f 1196/9/217 102/13/217 1358/8/217
f 1358/8/507 1362/9/507 1196/9/507
f 1358/8/8 1360/8/8 1359/8/8
f 1197/9/8 1362/9/8 1361/9/8
f 1365/9/219 1368/8/219 1364/8/219
f 1364/8/701 1367/8/701 1363/8/701
f 1366/9/508 1367/8/508 1370/9/508
f 1641/1/866 1640/1/866 1219/1/866
f 1108/1/867 1167/1/867 1130/1/867
f 2046/418/868 2045/128/868 2044/419/868
f 2042/67/511 2046/36/511 1083/2/511
f 1241/2/869 1244/2/869 1237/2/869
f 1098/44/10 1123/7/10 1149/45/10
f 1308/25/60 1310/7/60 1309/51/60
f 1376/25/870 1377/25/870 1375/25/870
f 1306/6/72 2050/6/72 1310/6/72
f 1305/6/10 2048/6/10 1306/6/10
f 1100/1/871 1639/4/871 1125/3/871
f 225/6/559 1282/6/559 224/6/559
f 1182/1/872 1637/1/872 1100/1/872
f 1637/1/873 1636/1/873 1638/3/873
f 1635/1/874 1638/3/874 1636/1/874
f 1103/88/875 2043/417/875 2044/419/875
f 1296/29/175 1295/117/175 244/64/175
f 1298/20/876 244/64/876 251/19/876
f 1297/18/877 1295/117/877 1294/30/877
f 1441/158/14 1381/421/14 1379/420/14
f 1381/421/14 1385/423/14 1383/422/14
f 1385/423/521 1389/425/521 1387/424/521
f 1389/425/14 1385/423/14 1391/426/14
f 1391/426/14 1385/423/14 1393/427/14
f 1393/427/14 1397/429/14 1395/428/14
f 1397/429/14 1401/431/14 1399/430/14
f 1401/431/174 1405/433/174 1403/432/174
f 1405/433/14 1401/431/14 1407/434/14
f 1407/434/14 1401/431/14 1409/159/14
f 1409/159/14 1413/436/14 1411/435/14
f 1413/436/14 1409/159/14 1415/437/14
f 1415/437/14 1409/159/14 1417/438/14
f 1417/438/14 1421/440/14 1419/439/14
f 1421/440/14 1425/160/14 1423/441/14
f 1425/160/14 1433/204/14 1427/442/14
f 1427/442/14 1433/204/14 1429/443/14
f 1429/443/14 1433/204/14 1431/444/14
f 1433/204/14 1437/446/14 1435/445/14
f 1437/446/14 1441/158/14 1439/447/14
f 1441/158/14 1393/427/14 1381/421/14
f 1381/421/14 1393/427/14 1385/423/14
f 1393/427/14 1409/159/14 1397/429/14
f 1397/429/14 1409/159/14 1401/431/14
f 1417/438/14 1409/159/14 1421/440/14
f 1421/440/14 1409/159/14 1425/160/14
f 1433/204/14 1441/158/14 1437/446/14
f 1425/160/14 1441/158/14 1433/204/14
f 1477/448/26 1505/450/26 1475/449/26
f 1475/449/26 1505/450/26 1476/451/26
f 1476/451/522 1505/450/522 1506/452/522
f 1505/450/26 1501/454/26 1504/453/26
f 1504/453/26 1501/454/26 1503/455/26
f 1503/455/26 1501/454/26 1502/456/26
f 1501/454/26 1499/458/26 1500/457/26
f 1499/458/26 1497/460/26 1498/459/26
f 1497/461/26 1493/63/26 1496/462/26
f 1496/462/26 1493/63/26 1495/463/26
f 1495/464/26 1493/466/26 1494/465/26
f 1493/466/26 1489/468/26 1492/467/26
f 1492/467/26 1489/468/26 1491/469/26
f 1491/469/523 1489/468/523 1490/470/523
f 1489/468/26 1485/472/26 1488/471/26
f 1488/471/26 1485/472/26 1487/473/26
f 1487/473/522 1485/472/522 1486/474/522
f 1485/472/26 1483/476/26 1484/475/26
f 1483/476/26 1485/472/26 1482/477/26
f 1482/477/26 1485/472/26 1481/478/26
f 1481/478/523 1479/480/523 1480/479/523
f 1479/480/26 1481/478/26 1478/481/26
f 1478/481/26 1481/478/26 1477/448/26
f 1501/62/26 1493/63/26 1499/482/26
f 1499/482/26 1493/63/26 1497/461/26
f 1477/274/26 1501/62/26 1505/483/26
f 1493/63/26 1485/273/26 1489/484/26
f 1485/273/26 1477/274/26 1481/61/26
f 1569/158/14 1509/421/14 1507/420/14
f 1509/421/14 1569/158/14 1511/422/14
f 1511/422/14 1569/158/14 1513/423/14
f 1513/423/174 1517/425/174 1515/424/174
f 1517/425/14 1521/427/14 1519/426/14
f 1521/427/14 1525/429/14 1523/428/14
f 1525/429/14 1521/427/14 1527/430/14
f 1527/430/14 1521/427/14 1529/431/14
f 1529/431/521 1533/433/521 1531/432/521
f 1533/433/14 1537/159/14 1535/434/14
f 1537/159/14 1541/436/14 1539/435/14
f 1541/436/14 1545/438/14 1543/437/14
f 1545/438/14 1553/160/14 1547/439/14
f 1547/439/14 1553/160/14 1549/440/14
f 1549/440/14 1553/160/14 1551/441/14
f 1553/160/14 1561/204/14 1555/442/14
f 1555/442/14 1561/204/14 1557/443/14
f 1557/443/14 1561/204/14 1559/444/14
f 1561/204/14 1565/446/14 1563/445/14
f 1565/446/14 1561/204/14 1567/447/14
f 1567/447/174 1561/204/174 1569/158/174
f 1513/423/14 1521/427/14 1517/425/14
f 1529/431/14 1521/427/14 1533/433/14
f 1533/433/14 1521/427/14 1537/159/14
f 1537/159/14 1553/160/14 1541/436/14
f 1541/436/14 1553/160/14 1545/438/14
f 1569/158/14 1537/159/14 1513/423/14
f 1513/423/14 1537/159/14 1521/427/14
f 1553/160/14 1537/159/14 1561/204/14
f 1605/448/26 1633/450/26 1603/449/26
f 1603/449/26 1633/450/26 1604/451/26
f 1604/451/26 1633/450/26 1634/452/26
f 1633/450/523 1631/455/523 1632/453/523
f 1631/455/524 1633/450/524 1630/456/524
f 1630/456/523 1633/450/523 1629/454/523
f 1629/454/523 1627/458/523 1628/457/523
f 1627/458/26 1629/454/26 1626/459/26
f 1626/459/26 1629/454/26 1625/460/26
f 1625/460/522 1621/466/522 1624/485/522
f 1624/485/523 1621/466/523 1623/464/523
f 1623/464/522 1621/466/522 1622/465/522
f 1621/466/26 1619/469/26 1620/467/26
f 1619/469/26 1617/468/26 1618/470/26
f 1617/484/26 1613/273/26 1616/486/26
f 1616/471/26 1613/472/26 1615/473/26
f 1615/473/523 1613/472/523 1614/474/523
f 1613/273/26 1609/61/26 1612/487/26
f 1612/487/26 1609/61/26 1611/488/26
f 1611/476/523 1609/478/523 1610/477/523
f 1609/61/523 1605/274/523 1608/489/523
f 1608/489/522 1605/274/522 1607/490/522
f 1607/490/523 1605/274/523 1606/491/523
f 1621/63/26 1613/273/26 1619/492/26
f 1619/492/26 1613/273/26 1617/484/26
f 1605/274/26 1629/62/26 1633/483/26
f 1629/62/26 1621/63/26 1625/461/26
f 1613/273/26 1621/63/26 1609/61/26
f 1126/1/878 1640/1/878 1641/1/878
f 854/80/14 1830/178/14 866/80/14
f 1829/145/14 855/117/14 867/117/14
f 2045/128/879 1103/88/879 2044/419/879
f 2042/67/59 1181/7/59 2045/128/59
f 2045/128/880 2046/418/880 2042/67/880
f 2046/418/881 2044/419/881 2043/417/881
f 2042/67/511 1083/2/511 1082/68/511
f 1309/51/48 2047/51/48 1305/51/48
f 183/1/882 179/1/882 191/1/882
f 223/1/2 224/2/2 221/2/2
f 601/3/883 600/1/883 8/1/883
f 124/1/5 1085/1/5 1081/2/5
f 103/5/884 129/7/884 12/6/884
f 45/1/885 211/1/885 214/1/885
f 4/10/10 64/38/10 29/1/10
f 56/15/886 2/33/886 63/16/886
f 141/9/13 318/25/13 35/13/13
f 256/18/14 252/80/14 251/19/14
f 5/22/10 61/35/10 92/23/10
f 266/13/16 272/13/16 273/25/16
f 75/26/10 21/41/10 69/27/10
f 183/1/538 184/1/538 185/2/538
f 255/29/18 253/30/18 261/30/18
f 287/25/887 286/13/887 278/13/887
f 88/34/22 76/32/22 20/33/22
f 216/1/888 104/1/888 228/1/888
f 5/22/889 80/22/889 112/35/889
f 1088/36/25 1083/2/25 1081/2/25
f 73/15/20 82/33/20 2/33/20
f 79/10/26 74/2/26 85/2/26
f 64/38/10 96/2/10 28/2/10
f 598/1/890 601/3/890 153/3/890
f 769/39/28 768/40/28 738/40/28
f 18/1/891 129/7/891 54/1/891
f 68/2/30 20/33/30 73/15/30
f 115/1/31 120/1/31 119/1/31
f 66/24/10 92/23/10 33/7/10
f 215/2/14 214/1/14 220/1/14
f 49/46/892 101/51/892 144/47/892
f 145/48/893 151/48/893 152/47/893
f 50/1/894 160/1/894 161/7/894
f 127/1/38 124/1/38 106/2/38
f 147/46/895 154/46/895 155/52/895
f 242/53/14 243/493/14 238/54/14
f 198/1/896 202/1/896 200/1/896
f 125/7/897 12/6/897 44/6/897
f 53/1/898 128/1/898 130/1/898
f 232/57/14 226/1/14 227/1/14
f 225/6/46 236/6/46 229/6/46
f 255/29/899 260/29/899 259/20/899
f 274/6/48 270/6/48 312/6/48
f 282/6/48 278/6/48 286/6/48
f 216/1/900 227/1/900 226/1/900
f 280/13/51 284/13/51 285/25/51
f 71/59/563 23/44/563 78/35/563
f 34/44/901 112/35/901 78/35/901
f 572/61/26 568/274/26 592/62/26
f 865/19/14 864/64/14 851/64/14
f 32/7/32 67/45/32 6/44/32
f 46/6/902 129/7/902 33/7/902
f 123/65/43 119/66/43 120/66/43
f 313/6/48 278/6/48 280/6/48
f 318/25/60 138/51/60 109/7/60
f 173/6/62 174/6/62 178/6/62
f 766/70/63 735/71/63 767/71/63
f 585/72/64 586/73/64 554/73/64
f 111/26/65 79/10/65 4/10/65
f 186/2/66 189/2/66 187/2/66
f 58/26/10 95/11/10 3/1/10
f 108/56/903 44/6/903 12/6/903
f 118/65/43 122/66/43 119/66/43
f 1047/74/68 1078/75/68 847/75/68
f 86/37/14 72/37/14 81/31/14
f 257/20/573 259/20/573 258/18/573
f 114/1/71 119/1/71 122/1/71
f 858/19/72 859/64/72 857/76/72
f 74/2/10 25/10/10 75/26/10
f 152/47/904 153/3/904 155/52/904
f 43/78/905 135/78/905 137/5/905
f 61/35/906 112/35/906 34/44/906
f 77/69/10 71/59/10 90/42/10
f 168/1/82 170/1/82 163/1/82
f 15/1/907 143/1/907 101/51/907
f 249/80/908 250/117/908 248/81/908
f 172/1/909 40/1/909 603/1/909
f 279/25/910 281/25/910 285/25/910
f 159/1/911 167/1/911 170/1/911
f 49/46/99 7/52/99 297/52/99
f 32/7/912 99/7/912 46/6/912
f 146/47/913 154/46/913 147/46/913
f 263/25/105 267/25/105 273/25/105
f 171/1/914 175/1/914 178/2/914
f 278/6/48 282/6/48 284/6/48
f 16/1/915 212/1/915 211/1/915
f 296/46/109 300/46/109 298/25/109
f 234/84/14 233/58/14 227/1/14
f 52/2/916 116/2/916 115/1/916
f 100/1/917 162/1/917 160/1/917
f 295/25/111 294/25/111 302/25/111
f 149/1/918 156/1/918 145/48/918
f 328/9/118 332/9/118 333/9/118
f 165/1/919 163/1/919 604/1/919
f 264/51/120 268/51/120 267/25/120
f 42/7/920 158/7/920 606/83/920
f 45/1/921 159/1/921 162/1/921
f 614/85/922 616/92/922 615/39/922
f 262/13/124 263/25/124 271/25/124
f 309/25/72 341/25/72 340/25/72
f 176/1/923 180/1/923 179/1/923
f 9/1/924 40/1/924 107/2/924
f 1062/86/63 831/86/63 832/87/63
f 850/19/72 851/64/72 849/76/72
f 201/1/925 205/1/925 206/1/925
f 182/6/926 187/6/926 188/6/926
f 60/69/473 110/69/473 21/41/473
f 80/22/927 83/32/927 76/32/927
f 135/78/928 43/78/928 11/88/928
f 649/89/131 650/230/131 652/90/131
f 303/25/132 307/25/132 309/25/132
f 616/92/133 618/229/133 617/93/133
f 200/1/929 202/1/929 206/1/929
f 3/1/15 93/21/15 60/69/15
f 195/1/930 199/1/930 201/1/930
f 306/25/143 308/25/143 340/25/143
f 623/94/144 624/494/144 626/95/144
f 180/1/931 184/1/931 194/1/931
f 208/2/146 210/2/146 190/2/146
f 210/2/147 209/2/147 189/2/147
f 592/97/148 593/98/148 561/98/148
f 477/99/149 476/154/149 474/100/149
f 157/1/932 603/1/932 163/1/932
f 13/1/933 41/1/933 124/1/933
f 169/7/934 168/1/934 165/1/934
f 133/102/935 132/137/935 134/66/935
f 239/58/155 241/57/155 232/57/155
f 327/8/156 328/9/156 324/9/156
f 275/25/936 281/25/936 279/25/936
f 870/80/14 871/117/14 868/64/14
f 515/103/158 514/202/158 512/104/158
f 270/6/48 274/6/48 276/6/48
f 47/79/937 103/5/937 137/5/937
f 161/7/938 169/7/938 166/7/938
f 754/106/162 946/106/162 945/107/162
f 315/13/163 311/13/163 310/13/163
f 302/25/48 306/25/48 307/25/48
f 170/1/939 167/1/939 164/1/939
f 27/51/11 62/12/11 1/31/11
f 231/108/14 230/141/14 236/2/14
f 186/2/940 185/2/940 190/2/940
f 5/22/422 66/24/422 30/1/422
f 209/2/167 207/2/167 187/2/167
f 873/110/168 872/111/168 784/111/168
f 774/112/169 773/113/169 748/113/169
f 282/13/170 288/13/170 289/25/170
f 20/33/21 83/32/21 59/32/21
f 121/2/172 120/1/172 115/1/172
f 253/30/941 256/18/941 258/18/941
f 213/2/14 219/2/14 218/1/14
f 260/114/174 261/495/174 258/115/174
f 24/31/20 84/15/20 56/15/20
f 691/118/178 692/143/178 694/119/178
f 97/17/942 63/16/942 15/1/942
f 13/1/943 53/1/943 136/1/943
f 38/2/944 108/56/944 42/7/944
f 262/6/182 270/6/182 272/6/182
f 1014/121/183 1046/284/183 1015/122/183
f 349/99/149 348/154/149 346/100/149
f 1038/124/184 927/124/184 928/125/184
f 46/6/945 99/7/945 42/7/945
f 286/6/48 290/6/48 292/6/48
f 91/43/30 73/15/30 24/31/30
f 265/6/48 262/6/48 266/6/48
f 283/25/72 289/25/72 287/25/72
f 387/103/158 386/202/158 384/104/158
f 1027/126/187 916/126/187 917/127/187
f 271/25/72 273/25/72 277/25/72
f 107/6/188 174/6/188 173/6/188
f 29/1/189 100/1/189 50/1/189
f 21/41/65 75/26/65 111/26/65
f 315/6/191 317/6/191 313/6/191
f 1087/128/946 11/88/946 43/78/946
f 59/32/927 83/32/927 80/22/927
f 287/25/72 289/25/72 293/25/72
f 365/129/148 364/199/148 362/130/148
f 177/6/48 178/6/48 182/6/48
f 175/1/947 179/1/947 182/2/947
f 283/25/30 285/25/30 284/13/30
f 775/132/195 944/133/195 751/133/195
f 159/1/948 157/1/948 164/1/948
f 243/109/156 242/84/156 234/84/156
f 53/1/949 142/1/949 30/1/949
f 32/7/950 3/1/950 50/1/950
f 151/48/951 150/1/951 153/3/951
f 199/1/952 200/1/952 204/1/952
f 612/134/953 614/85/953 613/40/953
f 60/69/954 6/44/954 34/44/954
f 179/1/955 183/1/955 186/2/955
f 133/102/956 137/496/956 135/136/956
f 70/138/52 87/60/52 78/35/52
f 304/25/72 305/25/72 309/25/72
f 238/54/14 240/497/14 241/139/14
f 15/1/957 30/1/957 142/1/957
f 857/140/213 859/145/213 863/117/213
f 240/108/72 238/141/72 230/141/72
f 335/8/156 336/9/156 332/9/156
f 48/48/958 145/48/958 146/47/958
f 885/113/218 884/142/218 796/142/218
f 325/9/10 329/9/10 326/8/10
f 331/8/48 330/8/48 334/8/48
f 324/9/72 328/9/72 329/9/72
f 132/88/959 11/88/959 41/1/959
f 332/9/72 336/9/72 337/9/72
f 185/2/146 184/1/146 180/1/146
f 288/13/223 292/13/223 293/25/223
f 337/9/10 334/8/10 330/8/10
f 179/1/224 180/1/224 192/1/224
f 302/25/225 304/25/225 308/25/225
f 625/96/960 626/95/960 628/143/960
f 183/1/961 193/1/961 194/1/961
f 307/25/48 306/25/48 338/25/48
f 353/144/228 352/201/228 350/145/228
f 343/1/229 345/148/229 344/147/229
f 347/101/230 346/100/230 344/147/230
f 371/149/231 370/153/231 368/150/231
f 373/152/232 372/170/232 370/153/232
f 351/146/64 350/145/64 348/154/64
f 242/84/233 239/58/233 233/58/233
f 361/155/234 360/198/234 358/156/234
f 404/158/14 356/427/14 372/159/14
f 395/97/235 394/171/235 392/161/235
f 104/1/236 216/1/236 217/1/236
f 746/120/237 747/142/237 772/142/237
f 383/73/238 382/80/238 380/163/238
f 369/151/239 368/150/239 366/117/239
f 379/165/240 378/172/240 376/166/240
f 399/168/241 398/178/241 396/169/241
f 372/170/242 373/152/242 375/2/242
f 377/167/243 376/166/243 374/7/243
f 397/98/244 396/169/244 394/171/244
f 381/72/245 380/163/245 378/172/245
f 795/120/237 796/142/237 884/142/237
f 460/103/246 461/173/246 429/173/246
f 357/174/246 356/200/246 354/175/246
f 862/80/247 863/117/247 859/64/247
f 216/1/248 223/1/248 220/1/248
f 848/177/249 852/82/249 854/80/249
f 401/179/250 400/181/250 398/178/250
f 403/180/251 402/188/251 400/181/251
f 764/182/252 765/183/252 783/183/252
f 343/184/253 342/203/253 404/185/253
f 363/131/962 416/131/962 417/129/962
f 947/89/255 776/187/255 755/187/255
f 405/186/256 404/185/256 402/188/256
f 391/189/257 390/56/257 388/190/257
f 846/191/169 1077/191/169 1076/192/169
f 405/186/258 437/186/258 407/184/258
f 410/146/259 411/144/259 353/144/259
f 357/174/260 355/176/260 412/176/260
f 363/131/261 361/155/261 415/155/261
f 491/131/963 489/155/963 543/155/963
f 367/164/263 418/164/263 419/151/263
f 381/72/264 425/72/264 426/73/264
f 395/97/265 432/97/265 433/98/265
f 355/176/711 353/144/711 411/144/711
f 361/155/267 359/157/267 414/157/267
f 387/103/268 428/103/268 429/173/268
f 385/105/269 383/73/269 426/73/269
f 403/180/270 401/179/270 435/179/270
f 408/101/271 409/99/271 349/99/271
f 379/165/272 424/165/272 425/72/272
f 391/189/273 389/173/273 429/173/273
f 405/186/274 403/180/274 436/180/274
f 399/168/275 434/168/275 435/179/275
f 365/129/276 417/129/276 418/164/276
f 373/152/277 371/149/277 420/149/277
f 391/189/278 430/189/278 431/162/278
f 357/174/279 413/174/279 414/157/279
f 387/103/280 385/105/280 427/105/280
f 379/165/281 377/167/281 423/167/281
f 345/148/282 406/148/282 408/101/282
f 422/2/283 423/167/283 377/167/283
f 431/162/284 432/97/284 395/97/284
f 397/98/285 433/98/285 434/168/285
f 345/148/286 343/1/286 407/1/286
f 375/2/287 373/152/287 421/152/287
f 419/151/288 420/149/288 371/149/288
f 446/157/289 447/155/289 415/155/289
f 453/152/253 454/2/253 422/2/253
f 441/99/238 442/146/238 410/146/238
f 468/180/232 469/186/232 437/186/232
f 456/165/149 457/72/149 425/72/149
f 451/151/251 452/149/251 420/149/251
f 424/165/230 423/167/230 455/167/230
f 457/72/64 458/73/64 426/73/64
f 454/2/229 455/167/229 423/167/229
f 437/186/242 469/186/242 439/184/242
f 433/98/290 465/98/290 466/168/290
f 439/1/243 438/148/243 406/148/243
f 435/179/231 467/179/231 468/180/231
f 539/144/291 538/146/291 570/146/291
f 450/164/250 451/151/250 419/151/250
f 416/131/235 415/155/235 447/155/235
f 1050/193/162 1049/194/162 818/194/162
f 481/144/228 480/201/228 478/145/228
f 417/129/244 416/131/244 448/131/244
f 414/157/257 413/174/257 445/174/257
f 412/176/292 444/176/292 445/174/292
f 463/162/293 464/97/293 432/97/293
f 479/146/64 478/145/64 476/154/64
f 464/97/148 465/98/148 433/98/148
f 497/151/239 496/150/239 494/117/239
f 548/195/251 547/196/251 579/196/251
f 471/1/229 473/148/229 472/147/229
f 741/197/294 771/197/294 770/93/294
f 571/144/158 572/176/158 540/176/158
f 473/148/230 475/101/230 474/100/230
f 452/149/256 453/152/256 421/152/256
f 538/146/238 537/99/238 569/99/238
f 501/152/232 500/170/232 498/153/232
f 438/148/240 440/101/240 408/101/240
f 503/2/242 502/7/242 500/170/242
f 462/189/234 463/162/234 431/162/234
f 429/173/295 461/173/295 462/189/295
f 491/131/293 490/130/293 488/198/293
f 489/155/234 488/198/234 486/156/234
f 495/164/290 494/117/290 492/199/290
f 487/157/295 486/156/295 484/200/295
f 485/174/246 484/200/246 482/175/246
f 483/176/296 482/175/296 480/201/296
f 523/97/235 522/171/235 520/161/235
f 493/129/148 492/199/148 490/130/148
f 511/73/238 510/80/238 508/163/238
f 572/176/292 573/174/292 541/174/292
f 499/149/231 498/153/231 496/150/231
f 509/72/245 508/163/245 506/172/245
f 529/179/250 528/181/250 526/178/250
f 507/165/240 506/172/240 504/166/240
f 505/167/243 504/166/243 502/7/243
f 517/173/292 516/190/292 514/202/292
f 222/2/156 104/1/156 218/1/156
f 521/162/289 520/161/289 518/56/289
f 513/105/291 512/104/291 510/80/291
f 581/152/253 582/2/253 550/2/253
f 519/189/257 518/56/257 516/190/257
f 317/13/190 316/13/190 312/13/190
f 531/180/251 530/188/251 528/181/251
f 527/168/241 526/178/241 524/169/241
f 533/186/253 471/184/253 470/203/253
f 485/174/297 541/174/297 542/157/297
f 408/101/245 440/101/245 441/99/245
f 320/25/298 102/13/298 26/13/298
f 595/179/231 596/180/231 564/180/231
f 497/151/719 495/164/719 546/164/719
f 493/129/300 491/131/300 544/131/300
f 477/99/964 537/99/964 538/146/964
f 531/180/302 564/180/302 565/186/302
f 473/148/714 534/148/714 536/101/714
f 501/152/304 549/152/304 550/2/304
f 540/176/305 541/174/305 485/174/305
f 521/162/965 559/162/965 560/97/965
f 525/98/307 523/97/307 560/97/307
f 519/189/717 517/173/717 557/173/717
f 493/129/309 545/129/309 546/164/309
f 505/167/310 503/2/310 550/2/310
f 525/98/311 561/98/311 562/168/311
f 519/189/966 558/189/966 559/162/966
f 489/155/313 487/157/313 542/157/313
f 481/144/314 479/146/314 538/146/314
f 535/1/315 534/148/315 473/148/315
f 481/144/316 539/144/316 540/176/316
f 513/105/317 555/105/317 556/103/317
f 507/165/318 505/167/318 551/167/318
f 922/205/72 945/107/72 946/106/72
f 507/165/967 552/165/967 553/72/967
f 501/152/968 499/149/968 548/149/968
f 511/73/321 554/73/321 555/105/321
f 529/179/322 527/168/322 562/168/322
f 533/186/323 565/186/323 535/184/323
f 497/151/969 547/151/969 548/149/969
f 511/73/712 509/72/712 553/72/712
f 475/101/970 536/101/970 537/99/970
f 517/173/710 515/103/710 556/103/710
f 531/180/971 529/179/971 563/179/971
f 34/44/972 23/44/972 77/69/972
f 589/173/295 590/189/295 558/189/295
f 31/41/65 111/26/65 58/26/65
f 594/168/239 595/179/239 563/179/239
f 458/73/228 459/105/228 427/105/228
f 566/148/240 568/101/240 536/101/240
f 580/149/256 581/152/256 549/152/256
f 578/164/250 579/151/250 547/151/250
f 588/103/246 589/173/246 557/173/246
f 596/180/232 597/186/232 565/186/232
f 577/129/241 578/164/241 546/164/241
f 583/167/230 584/165/230 552/165/230
f 1053/207/329 822/207/329 823/208/329
f 576/131/244 577/129/244 545/129/244
f 586/73/228 587/105/228 555/105/228
f 575/155/235 576/131/235 544/131/235
f 574/157/289 575/155/289 543/155/289
f 75/26/65 25/10/65 79/10/65
f 584/165/149 585/72/149 553/72/149
f 573/174/257 574/157/257 542/157/257
f 587/105/296 588/103/296 556/103/296
f 896/209/330 895/210/330 807/210/330
f 597/186/242 567/184/242 535/184/242
f 758/210/330 759/209/330 949/209/330
f 582/2/229 583/167/229 551/167/229
f 754/106/331 755/187/331 776/187/331
f 590/189/234 591/162/234 559/162/234
f 1058/211/332 1057/212/332 826/212/332
f 591/162/293 592/97/293 560/97/293
f 537/99/245 536/101/245 568/101/245
f 393/162/289 392/161/289 390/56/289
f 277/25/333 273/25/333 272/13/333
f 59/32/467 94/49/467 15/1/467
f 194/1/973 198/1/973 196/1/973
f 637/213/335 638/215/335 640/214/335
f 635/112/336 636/240/336 638/215/336
f 666/216/337 668/233/337 667/183/337
f 664/217/338 666/216/338 665/182/338
f 629/120/339 630/119/339 632/219/339
f 660/220/340 662/237/340 661/221/340
f 658/223/341 660/220/341 659/222/341
f 653/210/342 654/238/342 656/225/342
f 622/226/343 624/494/343 623/94/343
f 620/228/974 622/226/974 621/227/974
f 618/229/345 620/228/345 619/197/345
f 647/187/346 648/231/346 650/230/346
f 645/106/347 646/232/347 648/231/347
f 643/107/975 644/241/975 646/232/975
f 668/233/349 670/234/349 669/70/349
f 249/80/350 252/80/350 254/117/350
f 670/234/351 608/243/351 607/71/351
f 639/133/352 640/214/352 642/235/352
f 610/236/353 612/134/353 611/135/353
f 307/25/354 339/25/354 341/25/354
f 662/237/355 664/217/355 663/218/355
f 627/118/356 628/143/356 630/119/356
f 80/22/357 22/22/357 78/35/357
f 656/225/358 658/223/358 657/224/358
f 177/2/747 181/2/747 180/1/747
f 651/91/976 652/90/976 654/238/976
f 323/8/48 322/8/48 326/8/48
f 296/46/361 297/52/361 301/52/361
f 631/142/977 632/219/977 634/239/977
f 633/113/363 634/239/363 636/240/363
f 641/132/364 642/235/364 644/241/364
f 608/242/365 610/236/365 609/110/365
f 732/233/366 734/234/366 733/70/366
f 672/243/367 671/71/367 733/70/367
f 730/216/368 732/233/368 731/183/368
f 696/219/369 698/239/369 697/113/369
f 696/219/370 695/142/370 693/120/370
f 726/237/978 728/217/978 727/218/978
f 722/223/372 724/220/372 723/222/372
f 687/94/373 688/494/373 690/95/373
f 708/241/374 710/232/374 709/106/374
f 712/231/375 711/187/375 709/106/375
f 686/226/376 688/494/376 687/94/376
f 714/230/979 713/89/979 711/187/979
f 716/90/378 718/238/378 717/210/378
f 716/90/379 715/91/379 713/89/379
f 199/1/980 203/1/980 205/1/980
f 706/235/381 705/132/381 703/133/381
f 702/215/382 701/213/382 699/112/382
f 702/215/383 704/214/383 703/133/383
f 697/113/384 698/239/384 700/240/384
f 730/216/385 729/182/385 727/218/385
f 724/220/386 726/237/386 725/221/386
f 722/223/387 721/224/387 719/209/387
f 692/143/388 691/118/388 689/96/388
f 678/85/389 680/92/389 679/39/389
f 718/238/390 720/225/390 719/209/390
f 682/229/391 684/228/391 683/197/391
f 676/134/392 678/85/392 677/40/392
f 682/229/981 681/93/981 679/39/981
f 684/228/394 686/226/394 685/227/394
f 676/134/395 675/135/395 673/110/395
f 708/241/396 707/107/396 705/132/396
f 674/236/397 673/110/397 671/111/397
f 725/221/48 762/221/48 761/222/48
f 705/132/48 707/107/48 753/107/48
f 695/142/48 747/142/48 746/120/48
f 770/93/72 771/197/72 910/244/72
f 713/89/48 715/91/48 757/91/48
f 925/246/72 947/89/72 777/91/72
f 891/106/72 892/187/72 836/248/72
f 831/86/72 887/213/72 888/133/72
f 705/132/48 752/132/48 751/133/48
f 809/224/48 808/209/48 655/209/48
f 611/135/48 613/40/48 787/40/48
f 744/96/48 743/94/48 687/94/48
f 661/221/48 811/221/48 810/222/48
f 645/106/48 803/106/48 802/107/48
f 740/93/48 739/39/48 679/39/48
f 607/71/48 784/71/48 815/70/48
f 824/250/72 880/94/72 881/96/72
f 623/94/48 792/94/48 791/227/48
f 711/187/48 755/187/48 754/106/48
f 769/39/72 770/93/72 909/245/72
f 901/182/72 902/183/72 846/191/72
f 627/118/48 629/120/48 795/120/48
f 911/253/72 938/227/72 939/94/72
f 834/255/72 890/107/72 891/106/72
f 653/210/48 807/210/48 806/91/48
f 842/256/72 898/222/72 899/221/72
f 721/224/48 723/222/48 761/222/48
f 625/96/48 793/96/48 792/94/48
f 711/187/48 713/89/48 756/89/48
f 879/227/72 880/94/72 824/250/72
f 663/218/48 812/218/48 811/221/48
f 649/89/48 651/91/48 806/91/48
f 363/131/293 362/130/293 360/198/293
f 1017/258/398 1016/259/398 905/259/398
f 919/260/399 1030/260/399 1029/261/399
f 291/25/400 290/13/400 286/13/400
f 782/182/187 781/218/187 763/218/187
f 593/98/290 594/168/290 562/168/290
f 781/218/401 780/221/401 762/221/401
f 293/25/402 292/13/402 290/13/402
f 936/110/168 767/111/168 735/111/168
f 1029/261/252 1028/127/252 917/127/252
f 1055/250/330 1054/208/330 823/208/330
f 367/164/290 366/117/290 364/199/290
f 944/133/68 943/213/68 750/213/68
f 856/177/403 860/82/403 862/80/403
f 810/222/404 898/222/404 897/224/404
f 927/124/405 1038/124/405 1037/247/405
f 879/227/405 878/197/405 790/197/405
f 386/202/292 387/103/292 389/173/292
f 744/96/406 745/118/406 941/118/406
f 741/197/405 742/227/405 938/227/405
f 812/218/187 813/182/187 901/182/187
f 768/40/407 937/135/407 737/135/407
f 385/105/291 384/104/291 382/80/291
f 788/39/408 789/93/408 877/93/408
f 1065/255/407 834/255/407 835/249/407
f 238/141/72 243/109/72 235/109/72
f 742/227/184 743/94/184 939/94/184
f 1023/254/409 912/254/409 913/262/409
f 442/146/291 443/144/291 411/144/291
f 466/168/239 467/179/239 435/179/239
f 779/222/404 778/224/404 760/224/404
f 872/71/63 903/70/63 815/70/63
f 719/209/48 721/224/48 760/224/48
f 847/75/72 903/70/72 872/71/72
f 619/197/48 790/197/48 789/93/48
f 893/89/72 894/91/72 838/263/72
f 633/113/48 797/113/48 796/142/48
f 663/218/48 665/182/48 813/182/48
f 621/227/48 791/227/48 790/197/48
f 763/218/48 762/221/48 725/221/48
f 894/91/72 895/210/72 839/265/72
f 675/135/48 677/40/48 738/40/48
f 885/113/72 886/112/72 830/266/72
f 898/222/72 842/256/72 841/268/72
f 825/251/72 881/96/72 882/118/72
f 830/266/72 886/112/72 887/213/72
f 822/207/72 878/197/72 879/227/72
f 655/209/48 808/209/48 807/210/48
f 815/70/48 814/183/48 667/183/48
f 785/110/48 784/111/48 607/111/48
f 943/213/72 944/133/72 920/269/72
f 801/132/48 800/133/48 639/133/48
f 631/142/48 796/142/48 795/120/48
f 633/113/48 635/112/48 798/112/48
f 733/70/48 671/71/48 735/71/48
f 759/209/48 758/210/48 717/210/48
f 667/183/48 814/183/48 813/182/48
f 933/270/72 782/182/72 783/183/72
f 701/213/48 703/133/48 751/133/48
f 611/135/48 786/135/48 785/110/48
f 645/106/48 647/187/48 804/187/48
f 777/91/72 948/210/72 927/124/72
f 647/187/48 649/89/48 805/89/48
f 890/107/72 834/255/72 833/272/72
f 746/120/410 942/120/410 941/118/410
f 806/91/329 807/210/329 895/210/329
f 793/96/411 881/96/411 880/94/411
f 808/209/409 809/224/409 897/224/409
f 459/105/296 460/103/296 428/103/296
f 875/40/407 874/135/407 786/135/407
f 855/117/412 853/81/412 849/140/412
f 411/144/158 443/144/158 444/176/158
f 792/94/184 880/94/184 879/227/184
f 804/187/331 892/187/331 891/106/331
f 533/186/256 532/185/256 530/188/256
f 1060/267/252 829/267/252 830/266/252
f 811/221/401 812/218/401 900/218/401
f 882/118/406 881/96/406 793/96/406
f 759/209/409 760/224/409 778/224/409
f 795/120/410 883/120/410 882/118/410
f 786/135/413 874/135/413 873/110/413
f 831/86/399 1062/86/399 1061/266/399
f 761/222/332 762/221/332 780/221/332
f 748/113/218 773/113/218 772/142/218
f 788/39/28 876/39/28 875/40/28
f 888/133/68 887/213/68 799/213/68
f 449/129/241 450/164/241 418/164/241
f 902/183/252 901/182/252 813/182/252
f 749/112/414 750/213/414 943/213/414
f 834/255/413 1065/255/413 1064/272/413
f 811/221/332 899/221/332 898/222/332
f 857/164/415 861/81/415 860/82/415
f 889/132/195 888/133/195 800/133/195
f 886/112/169 885/113/169 797/113/169
f 805/89/255 893/89/255 892/187/255
f 739/39/408 740/93/408 770/93/408
f 758/210/329 948/210/329 777/91/329
f 128/1/982 47/79/982 133/79/982
f 599/1/417 598/1/417 150/1/417
f 276/13/26 274/13/26 275/25/26
f 207/6/418 208/6/418 188/6/418
f 757/91/419 777/91/419 947/89/419
f 349/99/420 409/99/420 410/146/420
f 464/62/26 456/63/26 448/273/26
f 357/174/295 359/157/295 358/156/295
f 525/98/244 524/169/244 522/171/244
f 868/145/156 871/117/156 867/117/156
f 312/6/421 316/6/421 314/6/421
f 1031/269/168 920/269/168 921/275/168
f 869/178/10 865/178/10 866/80/10
f 1056/251/404 825/251/404 826/212/404
f 687/94/48 743/94/48 742/227/48
f 673/110/48 736/110/48 735/111/48
f 931/276/72 780/221/72 781/218/72
f 930/278/72 779/222/72 780/221/72
f 899/221/72 900/218/72 844/279/72
f 817/280/72 873/110/72 874/135/72
f 615/39/48 617/93/48 789/93/48
f 685/227/48 742/227/48 741/197/48
f 895/210/72 896/209/72 840/281/72
f 731/183/48 765/183/48 764/182/48
f 902/183/72 903/70/72 847/75/72
f 681/93/48 683/197/48 741/197/48
f 827/211/72 883/120/72 884/142/72
f 828/282/72 884/142/72 885/113/72
f 627/118/48 794/118/48 793/96/48
f 840/281/72 896/209/72 897/224/72
f 691/118/48 745/118/48 744/96/48
f 637/213/48 639/133/48 800/133/48
f 693/120/48 746/120/48 745/118/48
f 810/222/48 809/224/48 657/224/48
f 844/279/72 900/218/72 901/182/72
f 615/39/48 788/39/48 787/40/48
f 729/182/48 764/182/48 763/218/48
f 888/133/72 889/132/72 833/272/72
f 821/283/72 877/93/72 878/197/72
f 677/40/48 679/39/48 739/39/48
f 802/107/48 801/132/48 641/132/48
f 921/275/72 775/132/72 945/107/72
f 733/70/48 766/70/48 765/183/48
f 673/110/48 675/135/48 737/135/48
f 715/91/48 717/210/48 758/210/48
f 872/71/72 873/110/72 817/280/72
f 1071/281/184 1070/265/184 839/265/184
f 935/284/72 950/70/72 767/71/72
f 70/138/983 22/22/983 76/32/983
f 709/106/48 754/106/48 753/107/48
f 781/218/72 782/182/72 933/270/72
f 818/194/72 874/135/72 875/40/72
f 875/40/72 876/39/72 820/285/72
f 929/286/72 778/224/72 779/222/72
f 949/209/72 778/224/72 929/286/72
f 820/285/72 876/39/72 877/93/72
f 946/106/72 776/187/72 924/287/72
f 695/142/48 697/113/48 748/113/48
f 924/287/72 776/187/72 947/89/72
f 942/120/72 772/142/72 916/126/72
f 907/289/72 768/40/72 769/39/72
f 941/118/72 942/120/72 915/288/72
f 920/269/72 944/133/72 775/132/72
f 937/135/72 768/40/72 907/289/72
f 774/112/72 943/213/72 919/260/72
f 771/197/72 938/227/72 911/253/72
f 916/126/72 772/142/72 773/113/72
f 783/183/72 950/70/72 935/284/72
f 826/212/72 882/118/72 883/120/72
f 913/262/72 940/96/72 941/118/72
f 912/254/72 939/94/72 940/96/72
f 697/113/48 699/112/48 749/112/48
f 773/113/72 774/112/72 918/261/72
f 701/213/48 750/213/48 749/112/48
f 892/187/72 893/89/72 837/264/72
f 767/71/72 936/110/72 905/259/72
f 635/112/48 637/213/48 799/213/48
f 905/259/72 936/110/72 937/135/72
f 948/210/72 949/209/72 928/125/72
f 1022/253/330 911/253/330 912/254/330
f 868/64/72 864/64/72 865/19/72
f 1059/282/401 1058/211/401 827/211/401
f 752/132/398 753/107/398 945/107/398
f 837/264/408 1068/264/408 1067/248/408
f 1078/75/414 1077/191/414 846/191/414
f 355/176/296 354/175/296 352/201/296
f 849/164/26 853/81/26 852/82/26
f 1030/260/63 919/260/63 920/269/63
f 232/57/427 241/57/427 240/108/427
f 801/132/398 802/107/398 890/107/398
f 1049/194/398 1048/280/398 817/280/398
f 1059/282/187 828/282/187 829/267/187
f 337/9/8 336/9/8 335/8/8
f 1033/205/407 922/205/407 923/206/407
f 1091/51/156 1092/7/156 269/7/156
f 1066/249/28 835/249/28 836/248/28
f 815/70/399 903/70/399 902/183/399
f 1015/122/195 904/122/195 905/259/195
f 805/89/419 806/91/419 894/91/419
f 934/271/169 1045/271/169 1044/270/169
f 1036/246/294 925/246/294 926/247/294
f 1035/287/408 924/287/408 925/246/408
f 1069/263/294 1068/264/294 837/264/294
f 1063/87/168 832/87/168 833/272/168
f 931/276/410 1042/276/410 1041/278/410
f 1021/244/329 910/244/329 911/253/329
f 1040/286/406 929/286/406 930/278/406
f 1021/244/419 1020/245/419 909/245/419
f 841/268/411 1072/268/411 1071/281/411
f 1069/263/405 838/263/405 839/265/405
f 1039/125/411 928/125/411 929/286/411
f 122/1/984 118/2/984 113/2/984
f 737/135/413 937/135/413 936/110/413
f 1019/252/255 908/252/255 909/245/255
f 1074/257/410 1073/256/410 842/256/410
f 789/93/294 790/197/294 878/197/294
f 907/289/162 1018/289/162 1017/258/162
f 821/283/255 1052/283/255 1051/285/255
f 1043/277/218 932/277/218 933/270/218
f 1073/256/406 1072/268/406 841/268/406
f 922/205/413 1033/205/413 1032/275/413
f 1076/192/218 1075/279/218 844/279/218
f 250/117/429 254/117/429 244/145/429
f 246/145/430 245/140/430 248/81/430
f 1018/289/331 907/289/331 908/252/331
f 820/285/331 1051/285/331 1050/193/331
f 940/96/411 939/94/411 743/94/411
f 822/207/419 1053/207/419 1052/283/419
f 766/70/399 950/70/399 783/183/399
f 1046/284/414 1045/271/414 934/271/414
f 1046/284/68 935/284/68 904/122/68
f 798/112/414 799/213/414 887/213/414
f 1075/279/237 1074/257/237 843/257/237
f 1042/276/237 931/276/237 932/277/237
f 1047/74/195 816/74/195 817/280/195
f 1025/290/404 1024/262/404 913/262/404
f 1034/206/28 923/206/28 924/287/28
f 1026/288/401 915/288/401 916/126/401
f 803/106/162 891/106/162 890/107/162
f 825/251/409 1056/251/409 1055/250/409
f 567/1/243 566/148/243 534/148/243
f 1010/295/431 1042/276/431 1043/277/431
f 1046/284/432 1014/121/432 1013/297/432
f 995/298/433 1027/126/433 1028/127/433
f 971/300/434 1067/248/434 1068/264/434
f 1032/275/435 1033/205/435 1001/302/435
f 1052/283/436 1053/207/436 957/304/436
f 1053/207/437 1054/208/437 958/306/437
f 1023/254/438 1024/262/438 992/307/438
f 1039/125/439 1040/286/439 1008/309/439
f 1073/256/440 1074/257/440 978/311/440
f 1001/302/441 1033/205/441 1034/206/441
f 138/51/442 139/1/442 37/2/442
f 961/314/443 1057/212/443 1058/211/443
f 972/301/444 1068/264/444 1069/263/444
f 1019/252/445 1020/245/445 988/317/445
f 999/319/446 1031/269/446 1032/275/446
f 986/320/447 1018/289/447 1019/252/447
f 1056/251/448 1057/212/448 961/314/448
f 1041/278/440 1042/276/440 1010/295/440
f 1006/323/449 1038/124/449 1039/125/449
f 1026/288/450 1027/126/450 995/298/450
f 1025/290/443 1026/288/443 994/324/443
f 1024/262/448 1025/290/448 993/325/448
f 1051/285/445 1052/283/445 956/305/445
f 1034/206/451 1035/287/451 1003/327/451
f 989/328/437 1021/244/437 1022/253/437
f 996/299/452 1028/127/452 1029/261/452
f 1037/247/453 1038/124/453 1006/323/453
f 1030/260/454 1031/269/454 999/319/454
f 1043/277/455 1044/270/455 1012/333/455
f 1003/327/434 1035/287/434 1036/246/434
f 1015/122/456 1016/259/456 984/335/456
f 982/336/183 1078/75/183 1047/74/183
f 967/338/446 1063/87/446 1064/272/446
f 1064/272/435 1065/255/435 969/340/435
f 1075/279/455 1076/192/455 980/341/455
f 1012/333/457 1044/270/457 1045/271/457
f 1040/286/458 1041/278/458 1009/322/458
f 1047/74/456 1048/280/456 952/343/456
f 974/344/449 1070/265/449 1071/281/449
f 953/346/459 1049/194/459 1050/193/459
f 973/316/453 1069/263/453 1070/265/453
f 990/329/460 1022/253/460 1023/254/460
f 1076/192/457 1077/191/457 981/348/457
f 1056/251/438 960/321/438 959/349/438
f 963/350/433 1059/282/433 1060/267/433
f 1065/255/441 1066/249/441 970/352/441
f 1054/208/460 1055/250/460 959/349/460
f 964/351/452 1060/267/452 1061/266/452
f 1062/86/454 1063/87/454 967/338/454
f 1074/257/431 1075/279/431 979/342/431
f 1058/211/450 1059/282/450 963/350/450
f 984/335/461 1016/259/461 1017/258/461
f 988/317/436 1020/245/436 1021/244/436
f 1004/334/444 1036/246/444 1037/247/444
f 975/345/439 1071/281/439 1072/268/439
f 1072/268/458 1073/256/458 977/312/458
f 1061/266/462 1062/86/462 966/354/462
f 1029/261/462 1030/260/462 998/332/462
f 1017/258/459 1018/289/459 986/320/459
f 952/343/461 1048/280/461 1049/194/461
f 954/347/447 1050/193/447 1051/285/447
f 1067/248/451 971/300/451 970/352/451
f 981/348/432 1077/191/432 1078/75/432
f 9/6/985 606/83/985 604/1/985
f 172/1/986 173/2/986 177/2/986
f 1085/417/987 124/1/987 41/1/987
f 172/1/988 176/1/988 175/1/988
f 297/52/485 295/25/485 299/25/485
f 104/1/491 222/2/491 229/2/491
f 235/109/14 229/2/14 236/2/14
f 1025/290/332 914/290/332 915/288/332
f 16/1/989 45/1/989 100/1/989
f 185/2/512 181/2/512 188/2/512
f 6/44/10 67/45/10 33/7/10
f 267/25/60 268/51/60 269/7/60
f 339/25/990 338/25/990 340/25/990
f 1092/6/48 1090/6/48 265/6/48
f 1090/6/10 1089/6/10 264/6/10
f 225/6/46 224/6/46 237/6/46
f 1089/51/72 1091/51/72 268/51/72
f 1239/1/991 1249/1/991 1247/1/991
f 221/2/530 224/2/530 1270/1/530
f 1638/3/992 1639/4/992 1100/1/992
f 1180/1/5 106/2/5 1081/2/5
f 1169/5/993 1181/7/993 1104/6/993
f 1130/1/994 1102/1/994 1265/1/994
f 1096/10/10 1164/11/10 1119/1/10
f 1139/15/995 1165/17/995 1145/16/995
f 1197/9/13 1356/8/13 35/13/13
f 1297/18/14 1298/20/14 251/19/14
f 1097/22/10 1148/24/10 1161/23/10
f 1307/13/16 1308/25/16 1314/25/16
f 69/27/10 1113/41/10 1151/26/10
f 1239/1/996 1242/2/996 1241/2/996
f 1296/29/18 1301/29/18 1302/30/18
f 1319/13/997 1327/13/997 1328/25/997
f 88/34/22 68/2/22 1112/33/22
f 1266/1/998 1272/1/998 1273/1/998
f 1097/22/999 1143/35/999 1173/35/999
f 2046/36/25 2043/1/25 1081/2/25
f 1094/33/540 1158/33/540 1150/15/540
f 85/2/26 74/2/26 1155/10/26
f 1146/38/10 1108/1/10 28/2/10
f 1635/1/1000 1206/1/1000 1209/3/1000
f 1711/40/28 1741/40/28 1742/39/28
f 1110/1/1001 1120/1/1001 1138/1/1001
f 68/2/30 91/43/30 1150/15/30
f 1175/1/546 1174/1/546 1177/1/546
f 1148/24/10 1110/1/10 1123/7/10
f 215/2/14 221/2/14 1269/1/14
f 1134/46/1002 1203/46/1002 1200/47/1002
f 1201/48/1003 1202/47/1003 1208/47/1003
f 1135/1/1004 1166/7/1004 1217/7/1004
f 1183/1/38 52/2/38 106/2/38
f 1203/46/1005 1204/52/1005 1211/52/1005
f 1287/53/14 1284/55/14 1283/54/14
f 1254/1/1006 1252/1/1006 1256/1/1006
f 1181/7/41 105/56/41 44/6/41
f 1137/1/1007 1192/1/1007 1186/1/1007
f 1277/57/14 1278/58/14 1272/1/14
f 225/6/559 222/6/559 1274/6/559
f 1296/29/1008 1298/20/1008 1300/20/1008
f 1315/6/72 1351/6/72 1353/6/72
f 1323/6/72 1329/6/72 1327/6/72
f 1266/1/1009 1270/1/1009 1271/1/1009
f 1321/13/51 1322/25/51 1326/25/51
f 71/59/695 87/60/695 1154/35/695
f 1124/44/1010 1115/44/1010 1154/35/1010
f 1609/61/26 1621/63/26 1629/62/26
f 1830/19/14 1823/19/14 1824/64/14
f 1098/44/547 1149/45/547 1122/7/547
f 1131/6/1011 1111/6/1011 1123/7/1011
f 123/65/1012 121/65/1012 1178/66/1012
f 1354/6/72 1352/6/72 1321/6/72
f 1355/25/60 35/13/60 109/7/60
f 1229/6/569 1233/6/569 1234/6/569
f 1739/70/63 1911/70/63 1740/71/63
f 1591/73/250 1623/73/250 1622/72/250
f 1096/10/570 1155/10/570 1172/26/570
f 1242/2/571 1238/2/571 1243/2/571
f 1140/26/10 1147/50/10 1095/1/10
f 108/56/1013 1128/7/1013 1104/6/1013
f 118/65/43 123/65/43 1177/66/43
f 2008/74/68 1789/74/68 1820/75/68
f 86/37/14 1093/31/14 1157/31/14
f 1298/20/1014 1297/18/1014 1299/18/1014
f 1174/1/574 1176/1/574 1179/1/574
f 1827/19/48 1825/77/48 1826/76/48
f 74/2/10 89/28/10 1151/26/10
f 1208/47/1015 1210/46/1015 1211/52/1015
f 1129/78/1016 1169/5/1016 1193/5/1016
f 1143/35/1017 1098/44/1017 1124/44/1017
f 90/42/10 71/59/10 1153/69/10
f 1224/1/584 1221/1/584 1219/1/584
f 1107/1/830 1118/51/830 1168/51/830
f 1291/80/48 1289/82/48 1290/81/48
f 1640/1/1018 1126/1/1018 1228/1/1018
f 1320/25/1019 1324/25/1019 1326/25/1019
f 1215/1/1020 1218/1/1020 1226/1/1020
f 1134/46/602 1337/46/602 1338/52/602
f 1122/7/1021 1111/6/1021 1131/6/1021
f 1203/46/1022 1210/46/1022 1202/47/1022
f 1304/25/608 1312/25/608 1314/25/608
f 1227/1/1023 1230/2/1023 1234/2/1023
f 1319/6/72 1321/6/72 1325/6/72
f 1108/1/1024 1130/1/1024 1263/1/1024
f 1337/46/612 1335/25/612 1339/25/612
f 1279/84/14 1273/1/14 1272/1/14
f 52/2/69 1183/1/69 1175/1/69
f 1167/1/1025 1135/1/1025 1216/1/1025
f 1336/25/615 1344/25/615 1343/25/615
f 1205/1/1026 1182/1/1026 1201/48/1026
f 1365/9/622 1366/9/622 1370/9/622
f 1221/1/1027 1642/1/1027 1641/1/1027
f 1305/51/624 1304/25/624 1308/25/624
f 1128/7/1028 1101/6/1028 1643/83/1028
f 1130/1/1029 1167/1/1029 1218/1/1029
f 614/85/1030 1647/40/1030 1648/39/1030
f 1303/13/124 1311/13/124 1312/25/124
f 1350/25/48 1349/25/48 1377/25/48
f 1232/1/1031 1231/1/1031 1235/1/1031
f 1101/1/1032 38/2/1032 107/2/1032
f 1805/87/63 1804/86/63 2023/86/63
f 1823/19/48 1821/77/48 1822/76/48
f 1257/1/1033 1258/1/1033 1262/1/1033
f 1238/6/1034 1237/6/1034 1244/6/1034
f 1142/69/568 1121/41/568 1113/41/568
f 1156/22/1035 1114/22/1035 1152/32/1035
f 1191/78/1036 1188/88/1036 1103/88/1036
f 1665/89/635 1666/91/635 652/90/635
f 1344/25/636 1346/25/636 1350/25/636
f 616/92/637 1648/39/637 1649/93/637
f 1256/1/1037 1260/1/1037 1262/1/1037
f 1142/69/537 1162/21/537 1095/1/537
f 1251/1/1038 1253/1/1038 1257/1/1038
f 1347/25/647 1375/25/647 1377/25/647
f 1652/94/648 1653/96/648 626/95/648
f 1236/1/1039 1248/1/1039 1250/1/1039
f 1246/2/146 210/2/146 208/2/146
f 1246/2/147 1245/2/147 209/2/147
f 1598/98/158 1630/98/158 1629/97/158
f 1511/100/251 1513/154/251 1514/99/251
f 1213/1/1040 1220/1/1040 1219/1/1040
f 1105/1/1041 1183/1/1041 1180/1/1041
f 1225/7/1042 1222/7/1042 1221/1/1042
f 1189/102/1043 1186/66/1043 1190/66/1043
f 1277/57/655 1286/57/655 1284/58/655
f 1361/9/156 1365/9/156 1364/8/156
f 1316/25/1044 1312/25/1044 1320/25/1044
f 870/80/14 1832/19/14 1831/64/14
f 1549/104/148 1551/202/148 1552/103/148
f 1311/6/72 1313/6/72 1317/6/72
f 1132/79/1045 1189/79/1045 1193/5/1045
f 1217/7/1046 1214/7/1046 1222/7/1046
f 1727/106/162 1726/107/162 1906/107/162
f 1351/13/163 1352/13/163 315/13/163
f 1343/25/72 1344/25/72 1348/25/72
f 1226/1/1047 1219/1/1047 1220/1/1047
f 1093/31/11 1144/12/11 1118/51/11
f 1276/108/14 1282/2/14 1281/2/14
f 1242/2/1048 1245/2/1048 1246/2/1048
f 1097/22/551 1163/49/551 1120/1/551
f 1243/2/167 207/2/167 209/2/167
f 1757/111/168 1833/111/168 1834/110/168
f 1721/113/169 1746/113/169 1747/112/169
f 1323/13/170 1324/25/170 1330/25/170
f 1141/32/541 1159/32/541 1112/33/541
f 1175/1/665 1178/1/665 121/2/665
f 1294/30/1049 1302/30/1049 1299/18/1049
f 213/2/14 1264/1/14 1268/1/14
f 1301/114/174 1300/116/174 1299/115/174
f 1139/15/540 1160/15/540 1116/31/540
f 1686/118/669 1687/120/669 694/119/669
f 1165/17/1050 1118/51/1050 1107/1/1050
f 1105/1/1051 1187/1/1051 1192/1/1051
f 38/2/1052 1101/1/1052 1128/7/1052
f 1303/6/673 1307/6/673 1313/6/673
f 1975/121/674 1944/123/674 1976/122/674
f 1383/100/251 1385/154/251 1386/99/251
f 1889/125/184 1888/124/184 1999/124/184
f 1131/6/1053 1104/6/1053 1128/7/1053
f 1327/6/72 1329/6/72 1333/6/72
f 91/43/30 72/37/30 1116/31/30
f 1306/6/72 1310/6/72 1307/6/72
f 1324/25/1054 1320/25/1054 1328/25/1054
f 1421/104/148 1423/202/148 1424/103/148
f 1878/127/187 1877/126/187 1988/126/187
f 1312/25/48 1316/25/48 1318/25/48
f 107/6/676 39/6/676 1229/6/676
f 1119/1/677 1095/1/677 1135/1/677
f 1172/26/570 1151/26/570 1113/41/570
f 1354/6/191 317/6/191 315/6/191
f 1129/78/1055 1103/88/1055 2045/128/1055
f 1141/32/1056 1097/22/1056 1156/22/1056
f 1328/25/48 1332/25/48 1334/25/48
f 1399/130/158 1401/199/158 1402/129/158
f 1233/6/72 1237/6/72 1238/6/72
f 1231/1/1057 1234/2/1057 1238/2/1057
f 1324/25/30 1323/13/30 1325/13/30
f 1724/133/195 1905/133/195 1748/132/195
f 1215/1/1058 1223/1/1058 1220/1/1058
f 1279/84/156 1287/84/156 1288/109/156
f 1137/1/1059 1138/1/1059 1120/1/1059
f 1122/7/1060 1166/7/1060 1135/1/1060
f 1207/48/1061 1208/47/1061 1209/3/1061
f 1255/1/1062 1259/1/1062 1260/1/1062
f 612/134/1063 1646/135/1063 1647/40/1063
f 1142/69/1064 1171/69/1064 1124/44/1064
f 1235/1/1065 1238/2/1065 1242/2/1065
f 1189/102/1066 1188/137/1066 1191/136/1066
f 70/138/1067 1114/22/1067 1154/35/1067
f 1345/25/48 1349/25/48 1350/25/48
f 1283/54/14 1284/55/14 1286/139/14
f 1198/1/1068 1120/1/1068 1107/1/1068
f 863/117/213 1828/145/213 1826/140/213
f 1275/141/48 1283/141/48 1285/108/48
f 1369/9/156 1373/9/156 1372/8/156
f 1133/48/1069 1200/47/1069 1202/47/1069
f 1769/142/218 1845/142/218 1846/113/218
f 1362/9/10 1359/8/10 1363/8/10
f 1368/8/72 1372/8/72 1371/8/72
f 1361/9/48 1362/9/48 1366/9/48
f 1188/88/1070 1190/1/1070 1127/1/1070
f 1369/9/48 1370/9/48 1374/9/48
f 1236/1/146 1240/1/146 1241/2/146
f 1329/13/223 1330/25/223 1334/25/223
f 1367/8/10 1371/8/10 1374/9/10
f 1235/1/702 1247/1/702 1248/1/702
f 1343/25/703 1347/25/703 1349/25/703
f 1653/96/1071 1654/118/1071 628/143/1071
f 1239/1/1072 1240/1/1072 1250/1/1072
f 1348/25/72 1376/25/72 1375/25/72
f 1387/145/241 1389/201/241 1390/144/241
f 1380/1/253 1379/51/253 1381/147/253
f 1381/147/256 1383/100/256 1384/101/256
f 1405/150/245 1407/153/245 1408/149/245
f 1407/153/240 1409/170/240 1410/152/240
f 1385/154/250 1387/145/250 1388/146/250
f 1278/58/706 1284/58/706 1287/84/706
f 1395/156/257 1397/198/257 1398/155/257
f 1441/158/14 1425/160/14 1409/159/14
f 1429/161/246 1431/171/246 1432/97/246
f 1267/1/707 1266/1/707 1170/1/707
f 1719/120/237 1903/120/237 1745/142/237
f 1417/163/239 1419/80/239 1420/73/239
f 1403/117/238 1405/150/238 1406/151/238
f 1413/166/232 1415/172/232 1416/165/232
f 1433/169/228 1435/178/228 1436/168/228
f 1409/170/243 1411/7/243 1412/2/243
f 1411/7/242 1413/166/242 1414/167/242
f 1431/171/296 1433/169/296 1434/98/296
f 1415/172/231 1417/163/231 1418/72/231
f 1768/120/237 1844/120/237 1845/142/237
f 1466/173/235 1498/173/235 1497/103/235
f 1391/175/235 1393/200/235 1394/174/235
f 862/80/247 1827/19/247 1828/64/247
f 1269/1/708 1270/1/708 1266/1/708
f 854/80/249 852/82/249 1821/177/249
f 1435/178/64 1437/181/64 1438/179/64
f 1437/181/149 1439/188/149 1440/180/149
f 1737/182/252 1755/182/252 1756/183/252
f 1441/185/229 1379/203/229 1380/184/229
f 1400/131/280 1402/129/280 1454/129/280
f 1728/187/255 1749/187/255 1908/89/255
f 1439/188/230 1441/185/230 1442/186/230
f 1425/190/234 1427/56/234 1428/189/234
f 1818/192/169 2037/192/169 2038/191/169
f 1442/186/286 1380/184/286 1444/184/286
f 1388/146/285 1390/144/285 1448/144/285
f 1450/174/284 1449/176/284 1392/176/284
f 1400/131/268 1453/131/268 1452/155/268
f 1581/131/710 1580/155/710 1526/155/710
f 1404/164/264 1406/151/264 1456/151/264
f 1418/72/263 1420/73/263 1463/73/263
f 1432/97/711 1434/98/711 1470/98/711
f 1392/176/1073 1449/176/1073 1448/144/1073
f 1398/155/273 1452/155/273 1451/157/273
f 1424/103/261 1426/173/261 1466/173/261
f 1422/105/276 1464/105/276 1463/73/276
f 1440/180/271 1473/180/271 1472/179/271
f 1384/101/270 1386/99/270 1446/99/270
f 1416/165/288 1418/72/288 1462/72/288
f 1428/189/267 1467/189/267 1466/173/267
f 1442/186/282 1474/186/282 1473/180/282
f 1436/168/420 1438/179/420 1472/179/420
f 1402/129/269 1404/164/269 1455/164/269
f 1458/152/281 1457/149/281 1408/149/281
f 1428/189/279 1430/162/279 1468/162/279
f 1394/174/278 1396/157/278 1451/157/278
f 1424/103/254 1465/103/254 1464/105/254
f 1416/165/277 1461/165/277 1460/167/277
f 1382/148/274 1384/101/274 1445/101/274
f 1412/2/287 1414/167/287 1460/167/287
f 1430/162/260 1432/97/260 1469/97/260
f 1434/98/259 1436/168/259 1471/168/259
f 1382/148/258 1443/148/258 1444/1/258
f 1412/2/283 1459/2/283 1458/152/283
f 1408/149/272 1457/149/272 1456/151/272
f 1452/155/295 1484/155/295 1483/157/295
f 1459/2/229 1491/2/229 1490/152/229
f 1447/146/239 1479/146/239 1478/99/239
f 1473/180/240 1474/186/240 1506/186/240
f 1462/72/251 1494/72/251 1493/165/251
f 1456/151/149 1457/149/149 1489/149/149
f 1493/165/256 1492/167/256 1460/167/256
f 1463/73/250 1495/73/250 1494/72/250
f 1460/167/253 1492/167/253 1491/2/253
f 1444/184/243 1476/184/243 1506/186/243
f 1471/168/291 1503/168/291 1502/98/291
f 1443/148/242 1475/148/242 1476/1/242
f 1473/180/245 1505/180/245 1504/179/245
f 1608/144/290 1607/146/290 1575/146/290
f 1456/151/64 1488/151/64 1487/164/64
f 1453/131/246 1485/131/246 1484/155/246
f 2011/193/162 1792/193/162 1791/194/162
f 1515/145/241 1517/201/241 1518/144/241
f 1454/129/296 1486/129/296 1485/131/296
f 1451/157/234 1483/157/234 1482/174/234
f 1450/174/293 1482/174/293 1481/176/293
f 1469/97/292 1501/97/292 1500/162/292
f 1513/154/250 1515/145/250 1516/146/250
f 1470/98/158 1502/98/158 1501/97/158
f 1531/117/238 1533/150/238 1534/151/238
f 1617/195/149 1616/196/149 1584/196/149
f 1508/1/253 1507/51/253 1509/147/253
f 1714/197/294 1713/93/294 1743/93/294
f 1577/176/148 1609/176/148 1608/144/148
f 1509/147/256 1511/100/256 1512/101/256
f 1458/152/230 1490/152/230 1489/149/230
f 1607/146/239 1606/99/239 1574/99/239
f 1535/153/240 1537/170/240 1538/152/240
f 1445/101/232 1477/101/232 1475/148/232
f 1537/170/243 1539/7/243 1540/2/243
f 1468/162/257 1500/162/257 1499/189/257
f 1466/173/289 1467/189/289 1499/189/289
f 1525/198/292 1527/130/292 1528/131/292
f 1523/156/257 1525/198/257 1526/155/257
f 1529/199/291 1531/117/291 1532/164/291
f 1521/200/289 1523/156/289 1524/157/289
f 1519/175/235 1521/200/235 1522/174/235
f 1517/201/244 1519/175/244 1520/176/244
f 1557/161/246 1559/171/246 1560/97/246
f 1527/130/158 1529/199/158 1530/129/158
f 1545/163/239 1547/80/239 1548/73/239
f 1578/174/293 1610/174/293 1609/176/293
f 1533/150/245 1535/153/245 1536/149/245
f 1543/172/231 1545/163/231 1546/72/231
f 1563/178/64 1565/181/64 1566/179/64
f 1541/166/232 1543/172/232 1544/165/232
f 1539/7/242 1541/166/242 1542/167/242
f 1551/202/293 1553/190/293 1554/173/293
f 1268/1/156 1170/1/156 222/2/156
f 1555/56/295 1557/161/295 1558/162/295
f 1547/80/290 1549/104/290 1550/105/290
f 1587/2/229 1619/2/229 1618/152/229
f 1553/190/234 1555/56/234 1556/189/234
f 1353/13/190 316/13/190 317/13/190
f 1565/181/149 1567/188/149 1568/180/149
f 1561/169/228 1563/178/228 1564/168/228
f 1570/186/229 1569/185/229 1507/203/229
f 1522/174/312 1524/157/312 1579/157/312
f 1446/99/231 1478/99/231 1477/101/231
f 26/13/298 102/13/298 1357/25/298
f 1601/180/245 1633/180/245 1632/179/245
f 1534/151/325 1584/151/325 1583/164/325
f 1582/129/317 1581/131/317 1528/131/317
f 1514/99/322 1516/146/322 1575/146/322
f 1568/180/714 1570/186/714 1602/186/714
f 1510/148/1074 1512/101/1074 1573/101/1074
f 1538/152/310 1540/2/310 1587/2/310
f 1520/176/965 1522/174/965 1578/174/965
f 1558/162/305 1560/97/305 1597/97/305
f 1562/98/316 1598/98/316 1597/97/316
f 1556/189/1075 1595/189/1075 1594/173/1075
f 1530/129/321 1532/164/321 1583/164/321
f 1542/167/304 1588/167/304 1587/2/304
f 1562/98/314 1564/168/314 1599/168/314
f 1556/189/297 1558/162/297 1596/162/297
f 1526/155/717 1580/155/717 1579/157/717
f 1518/144/311 1576/144/311 1575/146/311
f 1510/148/323 1571/148/323 1572/1/323
f 1518/144/307 1520/176/307 1577/176/307
f 1550/105/300 1552/103/300 1593/103/300
f 1544/165/320 1589/165/320 1588/167/320
f 1883/205/48 1884/206/48 1907/106/48
f 1544/165/969 1546/72/969 1590/72/969
f 1538/152/318 1586/152/318 1585/149/318
f 1548/73/309 1550/105/309 1592/105/309
f 1566/179/301 1600/179/301 1599/168/301
f 1570/186/315 1508/184/315 1572/184/315
f 1534/151/967 1536/149/967 1585/149/967
f 1548/73/299 1591/73/299 1590/72/299
f 1512/101/971 1514/99/971 1574/99/971
f 1554/173/963 1594/173/963 1593/103/963
f 1568/180/970 1601/180/970 1600/179/970
f 1124/44/1064 1171/69/1064 1153/69/1064
f 1595/189/289 1627/189/289 1626/173/289
f 1140/26/570 1172/26/570 1121/41/570
f 1600/179/238 1632/179/238 1631/168/238
f 1464/105/241 1496/105/241 1495/73/241
f 1573/101/232 1605/101/232 1603/148/232
f 1586/152/230 1618/152/230 1617/149/230
f 1583/164/64 1584/151/64 1616/151/64
f 1594/173/235 1626/173/235 1625/103/235
f 1602/186/240 1634/186/240 1633/180/240
f 1582/129/228 1583/164/228 1615/164/228
f 1589/165/256 1621/165/256 1620/167/256
f 1796/208/329 1795/207/329 2014/207/329
f 1582/129/296 1614/129/296 1613/131/296
f 1592/105/241 1624/105/241 1623/73/241
f 1581/131/246 1613/131/246 1612/155/246
f 1580/155/295 1612/155/295 1611/157/295
f 1155/10/570 1117/10/570 1151/26/570
f 1590/72/251 1622/72/251 1621/165/251
f 1579/157/234 1611/157/234 1610/174/234
f 1593/103/244 1625/103/244 1624/105/244
f 1781/209/330 1780/210/330 1856/210/330
f 1572/184/243 1604/184/243 1634/186/243
f 1731/210/330 1909/210/330 1910/209/330
f 1588/167/253 1620/167/253 1619/2/253
f 1727/106/331 1907/106/331 1749/187/331
f 1596/162/257 1628/162/257 1627/189/257
f 2019/211/332 1800/211/332 1799/212/332
f 1597/97/292 1629/97/292 1628/162/292
f 1574/99/231 1606/99/231 1605/101/231
f 1427/56/295 1429/161/295 1430/162/295
f 1313/13/333 1314/25/333 1318/25/333
f 1141/32/550 1145/16/550 1107/1/550
f 1250/1/1076 1248/1/1076 1252/1/1076
f 1659/213/723 1660/133/723 640/214/723
f 1658/112/724 1659/213/724 638/215/724
f 666/216/725 1673/182/725 1674/183/725
f 664/217/726 1672/218/726 1673/182/726
f 1655/120/727 1656/142/727 632/219/727
f 660/220/728 1670/222/728 1671/221/728
f 658/223/729 1669/224/729 1670/222/729
f 1667/210/730 1668/209/730 656/225/730
f 622/226/731 1651/227/731 1652/94/731
f 620/228/1077 1650/197/1077 1651/227/1077
f 618/229/733 1649/93/733 1650/197/733
f 1664/187/734 1665/89/734 650/230/734
f 1663/106/735 1664/187/735 648/231/735
f 1662/107/1078 1663/106/1078 646/232/1078
f 668/233/737 1674/183/737 1675/70/737
f 1291/80/738 1292/117/738 1295/117/738
f 670/234/739 1675/70/739 1644/71/739
f 1660/133/740 1661/132/740 642/235/740
f 610/236/741 1645/110/741 1646/135/741
f 1348/25/742 1350/25/742 1378/25/742
f 662/237/743 1671/221/743 1672/218/743
f 1654/118/744 1655/120/744 630/119/744
f 1156/22/745 1173/35/745 1154/35/745
f 656/225/746 1668/209/746 1669/224/746
f 1233/2/1079 1232/1/1079 1236/1/1079
f 1666/91/1080 1667/210/1080 654/238/1080
f 1360/8/72 1364/8/72 1363/8/72
f 1337/46/749 1341/46/749 1342/52/749
f 1656/142/1081 1657/113/1081 634/239/1081
f 1657/113/751 1658/112/751 636/240/751
f 1661/132/752 1662/107/752 644/241/752
f 608/242/753 1644/111/753 1645/110/753
f 1706/183/754 1707/70/754 734/234/754
f 1707/70/755 1676/71/755 672/243/755
f 1706/183/756 732/233/756 730/216/756
f 1689/113/757 698/239/757 696/219/757
f 1687/120/758 1688/142/758 696/219/758
f 1704/218/1082 728/217/1082 726/237/1082
f 1701/224/760 1702/222/760 724/220/760
f 1684/94/761 1685/96/761 690/95/761
f 1695/106/762 710/232/762 708/241/762
f 1695/106/763 1696/187/763 712/231/763
f 1683/227/764 1684/94/764 688/494/764
f 1696/187/1083 1697/89/1083 714/230/1083
f 1698/91/766 1699/210/766 718/238/766
f 1697/89/767 1698/91/767 716/90/767
f 1255/1/1084 1257/1/1084 1261/1/1084
f 1692/133/769 1693/132/769 706/235/769
f 1690/112/770 1691/213/770 702/215/770
f 1691/213/771 1692/133/771 704/214/771
f 1689/113/772 1690/112/772 700/240/772
f 1704/218/773 1705/182/773 730/216/773
f 724/220/774 1702/222/774 1703/221/774
f 720/225/775 1700/209/775 1701/224/775
f 1685/96/776 1686/118/776 692/143/776
f 1680/39/777 680/92/777 678/85/777
f 1699/210/778 1700/209/778 720/225/778
f 1681/93/779 1682/197/779 684/228/779
f 1679/40/780 678/85/780 676/134/780
f 680/92/1085 1680/39/1085 1681/93/1085
f 1682/197/782 1683/227/782 686/226/782
f 1677/110/783 1678/135/783 676/134/783
f 706/235/784 1693/132/784 1694/107/784
f 1676/111/785 1677/110/785 674/236/785
f 1703/221/72 1702/222/72 1734/222/72
f 1693/132/72 1725/132/72 1726/107/72
f 1688/142/72 1687/120/72 1719/120/72
f 1743/93/48 1870/245/48 1871/244/48
f 1697/89/72 1729/89/72 1730/91/72
f 1886/246/48 1887/247/48 1750/91/48
f 1852/106/48 1808/249/48 1809/248/48
f 1804/86/48 1805/87/48 1849/133/48
f 1693/132/72 1692/133/72 1724/133/72
f 1668/209/72 1781/209/72 1782/224/72
f 1646/135/72 1759/135/72 1760/40/72
f 1684/94/72 1716/94/72 1717/96/72
f 1671/221/72 1670/222/72 1783/222/72
f 1663/106/72 1662/107/72 1775/107/72
f 1681/93/72 1680/39/72 1712/39/72
f 1675/70/72 1788/70/72 1757/71/72
f 1797/250/48 1798/251/48 1842/96/48
f 1651/227/72 1764/227/72 1765/94/72
f 1696/187/72 1695/106/72 1727/106/72
f 1742/39/48 1869/252/48 1870/245/48
f 1862/182/48 1818/192/48 1819/191/48
f 1654/118/72 1767/118/72 1768/120/72
f 1872/253/48 1873/254/48 1900/94/48
f 1807/255/48 1808/249/48 1852/106/48
f 1667/210/72 1666/91/72 1779/91/72
f 1815/256/48 1816/257/48 1860/221/48
f 1701/224/72 1733/224/72 1734/222/72
f 1652/94/72 1765/94/72 1766/96/72
f 1696/187/72 1728/187/72 1729/89/72
f 1840/227/48 1796/208/48 1797/250/48
f 1672/218/72 1671/221/72 1784/221/72
f 1665/89/72 1778/89/72 1779/91/72
f 1397/198/292 1399/130/292 1400/131/292
f 1978/258/398 1867/258/398 1866/259/398
f 1880/260/399 1879/261/399 1990/261/399
f 1327/13/400 1331/13/400 1332/25/400
f 1736/218/187 1754/218/187 1755/182/187
f 1599/168/291 1631/168/291 1630/98/291
f 1735/221/401 1753/221/401 1754/218/401
f 1331/13/402 1333/13/402 1334/25/402
f 1708/111/168 1740/111/168 1897/110/168
f 1990/261/252 1879/261/252 1878/127/252
f 2016/250/330 1797/250/330 1796/208/330
f 1401/199/291 1403/117/291 1404/164/291
f 1723/213/68 1904/213/68 1905/133/68
f 862/80/403 860/82/403 1825/177/403
f 1783/222/404 1782/224/404 1858/224/404
f 1888/124/405 1887/247/405 1998/247/405
f 1763/197/405 1839/197/405 1840/227/405
f 1423/202/293 1425/190/293 1426/173/293
f 1717/96/406 1901/96/406 1902/118/406
f 1714/197/405 1744/197/405 1899/227/405
f 1785/218/187 1861/218/187 1862/182/187
f 1710/135/407 1898/135/407 1741/40/407
f 1419/80/290 1421/104/290 1422/105/290
f 1761/39/408 1837/39/408 1838/93/408
f 1808/249/407 1807/255/407 2026/255/407
f 1280/109/48 1288/109/48 1283/141/48
f 1715/227/184 1899/227/184 1900/94/184
f 1874/262/409 1873/254/409 1984/254/409
f 1448/144/290 1480/144/290 1479/146/290
f 1472/179/238 1504/179/238 1503/168/238
f 1733/224/404 1751/224/404 1752/222/404
f 1788/70/63 1864/70/63 1833/71/63
f 1700/209/72 1732/209/72 1733/224/72
f 1820/75/48 1789/74/48 1833/71/48
f 1650/197/72 1649/93/72 1762/93/72
f 1854/89/48 1810/264/48 1811/263/48
f 1657/113/72 1656/142/72 1769/142/72
f 1672/218/72 1785/218/72 1786/182/72
f 1651/227/72 1650/197/72 1763/197/72
f 1704/218/72 1703/221/72 1735/221/72
f 1855/91/48 1811/263/48 1812/265/48
f 1678/135/72 1710/135/72 1711/40/72
f 1846/113/48 1802/267/48 1803/266/48
f 1814/268/48 1815/256/48 1859/222/48
f 1798/251/48 1799/212/48 1843/118/48
f 1803/266/48 1804/86/48 1848/213/48
f 1795/207/48 1796/208/48 1840/227/48
f 1668/209/72 1667/210/72 1780/210/72
f 1675/70/72 1674/183/72 1787/183/72
f 1644/111/72 1757/111/72 1758/110/72
f 1904/213/48 1880/260/48 1881/269/48
f 1661/132/72 1660/133/72 1773/133/72
f 1656/142/72 1655/120/72 1768/120/72
f 1657/113/72 1770/113/72 1771/112/72
f 1707/70/72 1739/70/72 1708/71/72
f 1699/210/72 1731/210/72 1732/209/72
f 1674/183/72 1673/182/72 1786/182/72
f 1894/270/48 1895/271/48 1756/183/48
f 1691/213/72 1723/213/72 1724/133/72
f 1646/135/72 1645/110/72 1758/110/72
f 1776/106/72 1777/187/72 1664/187/72
f 1750/91/48 1887/247/48 1888/124/48
f 1777/187/72 1778/89/72 1665/89/72
f 1850/132/48 1806/272/48 1807/255/48
f 1719/120/410 1718/118/410 1902/118/410
f 1855/91/329 1856/210/329 1780/210/329
f 1766/96/411 1765/94/411 1841/94/411
f 1781/209/409 1857/209/409 1858/224/409
f 1465/103/244 1497/103/244 1496/105/244
f 1759/135/407 1835/135/407 1836/40/407
f 855/117/412 1824/145/412 1822/140/412
f 1448/144/148 1449/176/148 1481/176/148
f 1765/94/184 1764/227/184 1840/227/184
f 1777/187/331 1776/106/331 1852/106/331
f 1567/188/230 1569/185/230 1570/186/230
f 1803/266/252 1802/267/252 2021/267/252
f 1784/221/401 1860/221/401 1861/218/401
f 1766/96/406 1842/96/406 1843/118/406
f 1910/209/409 1751/224/409 1733/224/409
f 1767/118/410 1843/118/410 1844/120/410
f 1759/135/413 1758/110/413 1834/110/413
f 1804/86/399 1803/266/399 2022/266/399
f 1734/222/332 1752/222/332 1753/221/332
f 1721/113/218 1720/142/218 1745/142/218
f 1761/39/28 1760/40/28 1836/40/28
f 1772/213/68 1848/213/68 1849/133/68
f 1455/164/228 1487/164/228 1486/129/228
f 1786/182/252 1862/182/252 1863/183/252
f 1722/112/414 1747/112/414 1904/213/414
f 1807/255/413 1806/272/413 2025/272/413
f 1784/221/332 1783/222/332 1859/222/332
f 860/82/415 861/81/415 1826/164/415
f 1773/133/195 1849/133/195 1850/132/195
f 1770/113/169 1846/113/169 1847/112/169
f 1778/89/255 1777/187/255 1853/187/255
f 1742/39/408 1743/93/408 1713/93/408
f 1730/91/329 1750/91/329 1909/210/329
f 1184/1/1086 1186/1/1086 1189/79/1086
f 1636/1/787 1212/1/787 1206/1/787
f 1316/25/26 1315/13/26 1317/13/26
f 1244/6/418 208/6/418 207/6/418
f 1730/91/419 1729/89/419 1908/89/419
f 1386/99/275 1388/146/275 1447/146/275
f 1485/273/26 1493/63/26 1501/62/26
f 1394/174/289 1393/200/289 1395/156/289
f 1559/171/296 1561/169/296 1562/98/296
f 867/117/156 871/117/156 1831/145/156
f 1353/6/421 1351/6/421 314/6/421
f 1882/275/168 1881/269/168 1992/269/168
f 866/80/10 1830/178/10 1832/178/10
f 1799/212/404 1798/251/404 2017/251/404
f 1684/94/72 1683/227/72 1715/227/72
f 1677/110/72 1676/111/72 1708/111/72
f 1892/276/48 1893/277/48 1754/218/48
f 1891/278/48 1892/276/48 1753/221/48
f 1860/221/48 1816/257/48 1817/279/48
f 1790/280/48 1791/194/48 1835/135/48
f 1648/39/72 1761/39/72 1762/93/72
f 1683/227/72 1682/197/72 1714/197/72
f 1856/210/48 1812/265/48 1813/281/48
f 1706/183/72 1705/182/72 1737/182/72
f 1863/183/48 1819/191/48 1820/75/48
f 1681/93/72 1713/93/72 1714/197/72
f 1800/211/48 1801/282/48 1845/142/48
f 1801/282/48 1802/267/48 1846/113/48
f 1653/96/72 1766/96/72 1767/118/72
f 1813/281/48 1814/268/48 1858/224/48
f 1686/118/72 1685/96/72 1717/96/72
f 1659/213/72 1772/213/72 1773/133/72
f 1687/120/72 1686/118/72 1718/118/72
f 1669/224/72 1782/224/72 1783/222/72
f 1817/279/48 1818/192/48 1862/182/48
f 1648/39/72 1647/40/72 1760/40/72
f 1705/182/72 1704/218/72 1736/218/72
f 1849/133/48 1805/87/48 1806/272/48
f 1794/283/48 1795/207/48 1839/197/48
f 1679/40/72 1711/40/72 1712/39/72
f 1662/107/72 1661/132/72 1774/132/72
f 1882/275/48 1883/205/48 1906/107/48
f 1707/70/72 1706/183/72 1738/183/72
f 1677/110/72 1709/110/72 1710/135/72
f 1698/91/72 1730/91/72 1731/210/72
f 1833/71/48 1789/74/48 1790/280/48
f 2032/281/184 1813/281/184 1812/265/184
f 1896/284/48 1865/122/48 1740/71/48
f 70/138/22 88/34/22 1152/32/22
f 1695/106/72 1694/107/72 1726/107/72
f 1754/218/48 1893/277/48 1894/270/48
f 1791/194/48 1792/193/48 1836/40/48
f 1836/40/48 1792/193/48 1793/285/48
f 1890/286/48 1891/278/48 1752/222/48
f 1910/209/48 1889/125/48 1890/286/48
f 1793/285/48 1794/283/48 1838/93/48
f 1907/106/48 1884/206/48 1885/287/48
f 1688/142/72 1720/142/72 1721/113/72
f 1885/287/48 1886/246/48 1908/89/48
f 1903/120/48 1876/288/48 1877/126/48
f 1868/289/48 1869/252/48 1742/39/48
f 1902/118/48 1875/290/48 1876/288/48
f 1881/269/48 1882/275/48 1748/132/48
f 1898/135/48 1867/258/48 1868/289/48
f 1747/112/48 1879/261/48 1880/260/48
f 1744/197/48 1871/244/48 1872/253/48
f 1877/126/48 1878/127/48 1746/113/48
f 1756/183/48 1895/271/48 1896/284/48
f 1799/212/48 1800/211/48 1844/120/48
f 1874/262/48 1875/290/48 1902/118/48
f 1873/254/48 1874/262/48 1901/96/48
f 1689/113/72 1721/113/72 1722/112/72
f 1746/113/48 1878/127/48 1879/261/48
f 1691/213/72 1690/112/72 1722/112/72
f 1809/248/48 1810/264/48 1854/89/48
f 1740/71/48 1865/122/48 1866/259/48
f 1771/112/72 1772/213/72 1659/213/72
f 1866/259/48 1867/258/48 1898/135/48
f 1909/210/48 1888/124/48 1889/125/48
f 1873/254/330 1872/253/330 1983/253/330
f 1830/19/48 1829/64/48 1831/64/48
f 2020/282/401 1801/282/401 1800/211/401
f 1725/132/398 1748/132/398 1906/107/398
f 1810/264/408 1809/248/408 2028/248/408
f 2039/75/414 1820/75/414 1819/191/414
f 1389/201/244 1391/175/244 1392/176/244
f 852/82/26 853/81/26 1822/164/26
f 1881/269/63 1880/260/63 1991/260/63
f 1277/57/792 1276/108/792 1285/108/792
f 1774/132/398 1850/132/398 1851/107/398
f 2010/194/398 1791/194/398 1790/280/398
f 1802/267/187 1801/282/187 2020/282/187
f 1372/8/8 1373/9/8 1374/9/8
f 1884/206/407 1883/205/407 1994/205/407
f 1310/7/156 2050/7/156 2049/51/156
f 1809/248/28 1808/249/28 2027/249/28
f 1788/70/399 1787/183/399 1863/183/399
f 1866/259/195 1865/122/195 1976/122/195
f 1778/89/419 1854/89/419 1855/91/419
f 1895/271/169 1894/270/169 2005/270/169
f 1887/247/294 1886/246/294 1997/246/294
f 1886/246/408 1885/287/408 1996/287/408
f 2030/263/294 1811/263/294 1810/264/294
f 1806/272/168 1805/87/168 2024/87/168
f 1892/276/410 1891/278/410 2002/278/410
f 1872/253/329 1871/244/329 1982/244/329
f 1891/278/406 1890/286/406 2001/286/406
f 1982/244/419 1871/244/419 1870/245/419
f 1814/268/411 1813/281/411 2032/281/411
f 1812/265/405 1811/263/405 2030/263/405
f 1890/286/411 1889/125/411 2000/125/411
f 113/2/984 118/2/984 1179/1/984
f 1710/135/413 1709/110/413 1897/110/413
f 1870/245/255 1869/252/255 1980/252/255
f 2035/257/410 1816/257/410 1815/256/410
f 1762/93/294 1838/93/294 1839/197/294
f 1868/289/162 1867/258/162 1978/258/162
f 1794/283/255 1793/285/255 2012/285/255
f 1894/270/218 1893/277/218 2004/277/218
f 2034/256/406 1815/256/406 1814/268/406
f 1883/205/413 1882/275/413 1993/275/413
f 2037/192/218 1818/192/218 1817/279/218
f 244/145/429 1295/117/429 1292/117/429
f 246/145/430 1292/117/430 1290/81/430
f 1869/252/331 1868/289/331 1979/289/331
f 1793/285/331 1792/193/331 2011/193/331
f 1716/94/411 1900/94/411 1901/96/411
f 1795/207/419 1794/283/419 2013/283/419
f 1739/70/399 1738/183/399 1756/183/399
f 2007/284/414 1896/284/414 1895/271/414
f 1865/122/68 1896/284/68 2007/284/68
f 1771/112/414 1847/112/414 1848/213/414
f 2036/279/237 1817/279/237 1816/257/237
f 1893/277/237 1892/276/237 2003/276/237
f 1790/280/195 1789/74/195 2008/74/195
f 1986/290/404 1875/290/404 1874/262/404
f 1885/287/28 1884/206/28 1995/206/28
f 1877/126/401 1876/288/401 1987/288/401
f 1776/106/162 1775/107/162 1851/107/162
f 1798/251/409 1797/250/409 2016/250/409
f 1571/148/242 1603/148/242 1604/1/242
f 1971/295/793 1972/296/793 2004/277/793
f 2006/271/794 1974/297/794 1975/121/794
f 1956/298/795 1957/299/795 1989/127/795
f 1932/300/796 1933/301/796 2029/264/796
f 1993/275/797 1961/303/797 1962/302/797
f 2013/283/798 1917/305/798 1918/304/798
f 2014/207/799 1918/304/799 1919/306/799
f 1984/254/800 1952/308/800 1953/307/800
f 2000/125/801 1968/310/801 1969/309/801
f 2034/256/802 1938/312/802 1939/311/802
f 1962/302/803 1963/313/803 1995/206/803
f 1194/51/442 109/7/442 37/2/442
f 1922/314/804 1923/315/804 2019/211/804
f 1933/301/805 1934/316/805 2030/263/805
f 1980/252/806 1948/318/806 1949/317/806
f 1960/319/807 1961/303/807 1993/275/807
f 1947/320/808 1948/318/808 1980/252/808
f 2017/251/809 1921/321/809 1922/314/809
f 2002/278/802 1970/322/802 1971/295/802
f 1967/323/810 1968/310/810 2000/125/810
f 1987/288/811 1955/324/811 1956/298/811
f 1986/290/804 1954/325/804 1955/324/804
f 1985/262/809 1953/307/809 1954/325/809
f 2012/285/806 1916/326/806 1917/305/806
f 1995/206/812 1963/313/812 1964/327/812
f 1950/328/799 1951/329/799 1983/253/799
f 1957/299/813 1958/330/813 1990/261/813
f 1998/247/814 1966/331/814 1967/323/814
f 1991/260/815 1959/332/815 1960/319/815
f 2004/277/816 1972/296/816 1973/333/816
f 1964/327/796 1965/334/796 1997/246/796
f 1976/122/817 1944/123/817 1945/335/817
f 1912/337/674 2008/74/674 2039/75/674
f 1928/338/807 1929/339/807 2025/272/807
f 2025/272/797 1929/339/797 1930/340/797
f 2036/279/816 1940/342/816 1941/341/816
f 1973/333/818 1974/297/818 2006/271/818
f 2001/286/819 1969/309/819 1970/322/819
f 2008/74/817 1912/337/817 1913/343/817
f 1935/344/810 1936/345/810 2032/281/810
f 1915/347/820 2011/193/820 2010/194/820
f 1934/316/814 1935/344/814 2031/265/814
f 1951/329/821 1952/308/821 1984/254/821
f 2037/192/818 1941/341/818 1942/348/818
f 2016/250/800 1920/349/800 1921/321/800
f 1924/350/795 1925/351/795 2021/267/795
f 1930/340/803 1931/352/803 2027/249/803
f 2015/208/821 1919/306/821 1920/349/821
f 1925/351/813 1926/353/813 2022/266/813
f 2023/86/815 1927/354/815 1928/338/815
f 1939/311/793 1940/342/793 2036/279/793
f 2019/211/811 1923/315/811 1924/350/811
f 1945/335/822 1946/355/822 1978/258/822
f 1949/317/798 1950/328/798 1982/244/798
f 1965/334/805 1966/331/805 1998/247/805
f 1937/356/801 2033/268/801 2032/281/801
f 2033/268/819 1937/356/819 1938/312/819
f 2022/266/823 1926/353/823 1927/354/823
f 1990/261/823 1958/330/823 1959/332/823
f 1978/258/820 1946/355/820 1947/320/820
f 1913/343/822 1914/346/822 2010/194/822
f 1915/347/808 1916/326/808 2012/285/808
f 1931/352/812 1932/300/812 2028/248/812
f 1942/348/794 1943/336/794 2039/75/794
f 1641/1/1087 1643/83/1087 1101/6/1087
f 1228/1/1088 1232/1/1088 1233/2/1088
f 1127/1/1089 1180/1/1089 2043/417/1089
f 1228/1/1090 1227/1/1090 1231/1/1090
f 1338/52/845 1342/52/845 1340/25/845
f 1170/1/491 1273/1/491 1274/2/491
f 1280/109/14 1275/141/14 1281/2/14
f 1876/288/332 1875/290/332 1986/290/332
f 1108/1/677 1119/1/677 1167/1/677
f 1241/2/869 1246/2/869 1244/2/869
f 1098/44/10 1161/23/10 1123/7/10
f 1308/25/60 1307/13/60 1310/7/60
f 1376/25/1091 1378/25/1091 1377/25/1091
f 1306/6/72 2048/6/72 2050/6/72
f 1305/6/10 2047/6/10 2048/6/10
f 225/6/559 1281/6/559 1282/6/559
f 1309/51/48 2049/51/48 2047/51/48
