# Blender 5.0.0
# www.blender.org
o merc
v 35.313282 27.076025 -4.718042
v 35.280296 1.042325 -3.888609
v 35.360817 27.076025 -4.235440
v 35.328465 1.042325 -3.399572
v 35.501587 27.076031 -3.771382
v 35.471111 1.042325 -2.929328
v 35.730186 27.076031 -3.343707
v 35.702766 1.042325 -2.495947
v 36.037819 27.076031 -2.968847
v 36.014503 1.042325 -2.116087
v 36.412689 27.076033 -2.661206
v 36.394363 1.042325 -1.804342
v 36.840359 27.076033 -2.432606
v 36.827740 1.042325 -1.572697
v 37.304413 27.076033 -2.291838
v 37.297989 1.042325 -1.430051
v 37.787018 27.076033 -2.244306
v 37.787018 1.042325 -1.381884
v 38.269627 27.076033 -2.291838
v 38.276066 1.042325 -1.430051
v 38.733673 27.076033 -2.432606
v 38.746304 1.042325 -1.572697
v 39.161350 27.076033 -2.661206
v 39.179691 1.042325 -1.804342
v 39.536217 27.076033 -2.968847
v 39.559547 1.042325 -2.116087
v 39.843861 27.076033 -3.343707
v 39.871288 1.042325 -2.495947
v 40.072449 27.076033 -3.771382
v 40.102936 1.042325 -2.929328
v 40.213223 27.076025 -4.235440
v 40.245575 1.042325 -3.399572
v 40.260757 27.076025 -4.718042
v 40.293751 1.042325 -3.888609
v 40.213223 27.076025 -5.200645
v 40.245575 1.042325 -4.377649
v 40.072449 27.076025 -5.664702
v 40.102936 1.042325 -4.847893
v 39.843861 27.076025 -6.092379
v 39.871288 1.042325 -5.281272
v 39.536217 27.076025 -6.467240
v 39.559547 1.042325 -5.661134
v 39.161350 27.076025 -6.774879
v 39.179691 1.042325 -5.972877
v 38.733673 27.076025 -7.003478
v 38.746304 1.042325 -6.204524
v 38.269627 27.076025 -7.144247
v 38.276066 1.042325 -6.347171
v 37.787018 27.076025 -7.191780
v 37.787018 1.042325 -6.395338
v 37.304413 27.076025 -7.144247
v 37.297989 1.042325 -6.347171
v 36.840359 27.076025 -7.003478
v 36.827740 1.042325 -6.204524
v 36.412689 27.076025 -6.774879
v 36.394363 1.042325 -5.972877
v 36.037819 27.076025 -6.467240
v 36.014503 1.042325 -5.661134
v 35.730186 27.076025 -6.092379
v 35.702766 1.042325 -5.281272
v 35.501587 27.076025 -5.664702
v 35.471111 1.042325 -4.847893
v 35.360817 27.076025 -5.200645
v 35.328465 1.042325 -4.377649
v -53.772903 35.636524 -9.762230
v -39.305836 0.000000 -1.938209
v -52.581009 35.636524 -11.992103
v -39.339405 27.012341 -4.325679
v -50.976986 35.636524 -13.946602
v -39.453842 0.000000 -1.450287
v -49.022484 35.636524 -15.550617
v -39.485470 27.012350 -3.844176
v -46.792622 35.636528 -16.742508
v -39.694199 0.000000 -1.000615
v -44.373062 35.636528 -17.476471
v -39.722656 27.012350 -3.400424
v -41.856804 35.636528 -17.724300
v -40.017654 0.000000 -0.606475
v -39.340561 35.636528 -17.476471
v -40.041866 27.012350 -3.011473
v -36.921013 35.636528 -16.742508
v -40.411789 0.000000 -0.283011
v -34.691147 35.636528 -15.550613
v -40.430824 27.012350 -2.692268
v -32.736641 35.636528 -13.946602
v -40.861473 0.000000 -0.042658
v -31.132624 35.636528 -11.992103
v -40.874577 27.012350 -2.455073
v -29.940729 35.636528 -9.762231
v -41.349380 0.000000 0.105350
v -29.206768 35.636547 -7.342677
v -41.356068 27.012350 -2.309013
v -28.958935 35.636547 -4.826422
v -41.856812 0.000000 0.155328
v -29.206768 35.636547 -2.310173
v -41.856812 27.012350 -2.259695
v -29.940729 35.636574 0.109380
v -42.364227 0.000000 0.105350
v -31.132624 35.636574 2.339256
v -42.357559 27.012350 -2.309013
v -32.736641 35.636574 4.293754
v -42.852154 0.000000 -0.042658
v -34.691147 35.636574 5.897765
v -42.839058 27.012350 -2.455073
v -36.921013 35.636570 7.089661
v -43.301819 0.000000 -0.283011
v -39.340561 35.636570 7.823622
v -43.282806 27.012350 -2.692268
v -41.856804 35.636570 8.071454
v -43.695965 0.000000 -0.606475
v -44.373062 35.636570 7.823622
v -43.671768 27.012348 -3.011473
v -46.792610 35.636570 7.089661
v -44.019413 0.000000 -1.000615
v -49.022484 35.636570 5.897765
v -43.990967 27.012348 -3.400424
v -50.976986 35.636570 4.293754
v -44.259777 0.000000 -1.450287
v -52.581009 35.636570 2.339256
v -44.228165 27.012348 -3.844176
v -53.772903 35.636570 0.109380
v -44.407787 0.000000 -1.938209
v -54.506859 35.636536 -2.310174
v -44.374218 27.012341 -4.325679
v -54.754692 35.636536 -4.826422
v -44.457771 0.000000 -2.445630
v -52.364174 37.423355 -6.916465
v -44.423542 27.012341 -4.826422
v -51.754528 37.423344 -8.926190
v -50.764523 37.423344 -10.778365
v -49.432190 37.423344 -12.401805
v -47.808762 37.423344 -13.734127
v -45.956573 37.423355 -14.724133
v -43.946857 37.423355 -15.333776
v -41.856812 37.423355 -15.539628
v -39.766792 37.423355 -15.333776
v -37.757050 37.423355 -14.724133
v -35.904877 37.423347 -13.734126
v -34.281448 37.423347 -12.401805
v -32.949108 37.423355 -10.778359
v -31.959093 37.423355 -8.926193
v -31.349461 37.423359 -6.916471
v -31.143616 37.423359 -4.826422
v -31.349461 37.423359 -2.736379
v -31.959093 37.423386 -0.726659
v -32.949108 37.423386 1.125514
v -34.281448 37.423382 2.748955
v -35.904888 37.423382 4.081279
v -37.757050 37.423378 5.071285
v -39.766792 37.423378 5.680926
v -41.856812 37.423378 5.886781
v -43.946857 37.423370 5.680926
v -45.956573 37.423370 5.071285
v -47.808762 37.423378 4.081279
v -49.432190 37.423378 2.748955
v -50.764523 37.423378 1.125514
v -51.754528 37.423378 -0.726659
v -52.364174 37.423355 -2.736382
v -52.570015 37.423355 -4.826422
v -56.649574 37.017864 -7.768886
v -55.791286 37.017853 -10.598269
v -54.397499 37.017853 -13.205842
v -52.521778 37.017853 -15.491399
v -50.236225 37.017853 -17.367104
v -47.628670 37.017853 -18.760880
v -44.799278 37.017853 -19.619165
v -41.856812 37.017853 -19.908974
v -38.914364 37.017853 -19.619165
v -36.084980 37.017853 -18.760880
v -33.477409 37.017853 -17.367104
v -31.191847 37.017853 -15.491399
v -29.316130 37.017853 -13.205842
v -27.922359 37.017853 -10.598269
v -27.064072 37.017868 -7.768886
v -26.774273 37.017868 -4.826422
v 23.250895 27.076031 -4.718042
v 23.530199 27.076031 -1.882189
v 24.357395 27.076069 0.844688
v 25.700682 27.076069 3.357793
v 27.508446 27.076069 5.560544
v 29.711197 27.076069 7.368299
v 32.224281 27.076069 8.711581
v 34.951157 27.076069 9.538765
v 37.787025 27.076073 9.818077
v 40.622883 27.076073 9.538765
v 43.349747 27.076073 8.711581
v 45.862846 27.076075 7.368299
v 48.065613 27.076075 5.560544
v 49.873367 27.076075 3.357793
v 51.216640 27.076075 0.844688
v 52.043835 27.076042 -1.882189
v 52.323135 27.076042 -4.718042
v 52.043835 27.076042 -7.553899
v 51.216640 27.076025 -10.280776
v 49.873367 27.076025 -12.793880
v 48.065613 27.076025 -14.996630
v 45.862846 27.076025 -16.804380
v 43.349747 27.076025 -18.147663
v 40.622883 27.076019 -18.974854
v 37.787025 27.076019 -19.254156
v 34.951157 27.076019 -18.974854
v 32.224281 27.076019 -18.147663
v 29.711197 27.076019 -16.804380
v 27.508446 27.076019 -14.996630
v 25.700682 27.076019 -12.793880
v 24.357395 27.076019 -10.280776
v 23.530199 27.076031 -7.553899
v 25.356426 36.719051 -4.718042
v 25.595280 36.719051 -2.292957
v 26.302647 36.719082 0.038939
v 27.451361 36.719082 2.188027
v 28.997250 36.719082 4.071715
v 30.880957 36.719082 5.617614
v 33.030041 36.719082 6.766329
v 35.361931 36.719082 7.473698
v 37.787018 36.719082 7.712553
v 40.212112 36.719082 7.473698
v 42.544003 36.719082 6.766329
v 44.693077 36.719086 5.617614
v 46.576771 36.719097 4.071715
v 48.122677 36.719097 2.188027
v 49.271393 36.719097 0.038940
v 49.978767 36.719055 -2.292955
v 50.217621 36.719055 -4.718042
v 49.978767 36.719055 -7.143134
v 49.271393 36.719048 -9.475030
v 48.122677 36.719048 -11.624115
v 46.576771 36.719048 -13.507803
v 44.693077 36.719040 -15.053701
v 42.544003 36.719048 -16.202414
v 40.212112 36.719048 -16.909788
v 37.787018 36.719048 -17.148638
v 35.361931 36.719040 -16.909788
v 33.030022 36.719040 -16.202414
v 30.880957 36.719040 -15.053705
v 28.997250 36.719040 -13.507803
v 27.451361 36.719040 -11.624115
v 26.302647 36.719040 -9.475030
v 25.595280 36.719051 -7.143131
v 49.961414 7.518661 -8.335389
v 49.961414 7.518663 -1.198984
v 31.297935 7.518656 -6.862659
v 31.297935 7.518658 3.816869
v 49.961414 0.000000 -8.335388
v 49.961414 0.000000 -1.198981
v 31.297941 0.000000 -6.862657
v 31.297941 0.000000 3.816873
v -24.988403 6.442269 -6.112252
v -25.804289 6.442269 2.577484
v -46.219872 6.442265 -6.898487
v -47.440865 6.442265 2.873063
v -24.988403 0.000000 -6.112251
v -25.804291 0.000000 2.577485
v -46.219883 0.000000 -6.898485
v -47.440865 0.000000 2.873065
v 31.297941 3.881161 1.196428
v 31.297941 0.000000 1.196428
v 23.250889 36.719051 -4.718042
v 23.530195 36.719051 -1.882189
v 24.357386 36.719082 0.844688
v 25.700682 36.719082 3.357791
v 27.508446 36.719086 5.560544
v 29.711189 36.719086 7.368299
v 32.224277 36.719086 8.711576
v 34.951157 36.719086 9.538765
v 37.787018 36.719097 9.818077
v 40.622868 36.719097 9.538765
v 43.349743 36.719097 8.711576
v 45.862846 36.719097 7.368299
v 48.065601 36.719097 5.560544
v 49.873367 36.719097 3.357791
v 51.216640 36.719097 0.844688
v 52.043835 36.719055 -1.882189
v 52.323132 36.719055 -4.718042
v 52.043835 36.719055 -7.553901
v 51.216640 36.719040 -10.280779
v 49.873367 36.719040 -12.793880
v 48.065601 36.719040 -14.996633
v 45.862846 36.719040 -16.804382
v 43.349743 36.719040 -18.147663
v 40.622868 36.719040 -18.974854
v 37.787018 36.719040 -19.254162
v 34.951157 36.719040 -18.974854
v 32.224277 36.719040 -18.147663
v 29.711189 36.719040 -16.804382
v 27.508446 36.719040 -14.996633
v 25.700682 36.719040 -12.793880
v 24.357386 36.719040 -10.280779
v 23.530195 36.719051 -7.553901
v -27.064072 37.017868 -1.883965
v -27.922359 37.017906 0.945418
v -29.316130 37.017906 3.552993
v -31.191847 37.017906 5.838549
v -33.477409 37.017906 7.714260
v -36.084980 37.017906 9.108031
v -38.914364 37.017906 9.966317
v -41.856812 37.017906 10.256129
v -44.799278 37.017899 9.966317
v -47.628670 37.017899 9.108031
v -50.236225 37.017899 7.714260
v -52.521778 37.017899 5.838549
v -54.397499 37.017895 3.552993
v -55.791286 37.017895 0.945418
v -56.649574 37.017864 -1.883965
v -56.939377 37.017864 -4.826422
v -54.506859 37.017864 -7.342674
v -53.772903 37.017853 -9.762231
v -52.581009 37.017853 -11.992103
v -50.977005 37.017853 -13.946602
v -49.022484 37.017853 -15.550617
v -46.792633 37.017853 -16.742508
v -44.373062 37.017853 -17.476471
v -41.856812 37.017857 -17.724300
v -39.340561 37.017857 -17.476471
v -36.921013 37.017857 -16.742508
v -34.691147 37.017853 -15.550613
v -32.736641 37.017857 -13.946602
v -31.132624 37.017857 -11.992103
v -29.940729 37.017857 -9.762232
v -29.206768 37.017868 -7.342677
v -28.958935 37.017868 -4.826422
v -29.206768 37.017868 -2.310173
v -29.940729 37.017906 0.109381
v -31.132624 37.017906 2.339256
v -32.736641 37.017906 4.293754
v -34.691147 37.017899 5.897765
v -36.921013 37.017895 7.089661
v -39.340561 37.017895 7.823622
v -41.856812 37.017895 8.071454
v -44.373062 37.017895 7.823622
v -46.792610 37.017895 7.089661
v -49.022484 37.017895 5.897765
v -50.977005 37.017895 4.293754
v -52.581009 37.017895 2.339256
v -53.772903 37.017895 0.109380
v -54.506859 37.017864 -2.310174
v 27.461956 37.109852 -4.718042
v 27.660341 37.109852 -2.703723
v 28.247900 37.109875 -0.766811
v 29.202034 37.109875 1.018258
v 30.486097 37.109875 2.582883
v 32.050709 37.109875 3.866938
v 33.835789 37.109867 4.821076
v 35.772697 37.109867 5.408630
v 37.787018 37.109875 5.607028
v 39.801323 37.109875 5.408630
v 41.738251 37.109875 4.821076
v 43.523312 37.109879 3.866938
v 45.087936 37.109879 2.582883
v 46.372002 37.109882 1.018258
v 47.326157 37.109882 -0.766811
v 47.913700 37.109856 -2.703719
v 48.112087 37.109856 -4.718042
v 47.913700 37.109856 -6.732369
v 47.326157 37.109852 -8.669281
v 46.372002 37.109852 -10.454344
v 45.087936 37.109848 -12.018974
v 43.523323 37.109848 -13.303024
v 41.738251 37.109852 -14.257164
v 39.801323 37.109852 -14.844719
v 37.787018 37.109852 -15.043115
v 35.772697 37.109852 -14.844719
v 33.835789 37.109852 -14.257164
v 32.050709 37.109840 -13.303026
v 30.486097 37.109840 -12.018974
v 29.202034 37.109840 -10.454350
v 28.247900 37.109840 -8.669277
v 27.660341 37.109852 -6.732363
v -54.754692 37.017864 -4.826422
v -56.649570 27.012348 -7.768883
v -55.791279 27.012337 -10.598267
v -54.397499 27.012337 -13.205841
v -52.521778 27.012337 -15.491396
v -50.236214 27.012337 -17.367102
v -47.628662 27.012337 -18.760880
v -44.799278 27.012337 -19.619165
v -41.856804 27.012337 -19.908968
v -38.914349 27.012337 -19.619165
v -36.084972 27.012341 -18.760880
v -33.477409 27.012341 -17.367102
v -31.191833 27.012341 -15.491396
v -29.316130 27.012341 -13.205841
v -27.922359 27.012341 -10.598267
v -27.064072 27.012360 -7.768883
v -26.774269 27.012360 -4.826422
v -27.064072 27.012360 -1.883965
v -27.922359 27.012394 0.945418
v -29.316130 27.012394 3.552995
v -31.191833 27.012394 5.838549
v -33.477409 27.012394 7.714260
v -36.084972 27.012390 9.108039
v -38.914349 27.012390 9.966317
v -41.856804 27.012390 10.256129
v -44.799278 27.012386 9.966317
v -47.628662 27.012386 9.108039
v -50.236214 27.012386 7.714260
v -52.521778 27.012386 5.838549
v -54.397499 27.012386 3.552995
v -55.791279 27.012386 0.945418
v -56.649570 27.012348 -1.883965
v -56.939377 27.012348 -4.826422
v -44.407787 0.000000 -2.953053
v -44.374218 27.012341 -5.327167
v -44.259777 0.000000 -3.440973
v -44.228165 27.012341 -5.808669
v -44.019413 0.000000 -3.890644
v -43.990967 27.012341 -6.252422
v -43.695965 0.000000 -4.284784
v -43.671768 27.012341 -6.641376
v -43.301819 0.000000 -4.608247
v -43.282806 27.012341 -6.960580
v -42.852154 0.000000 -4.848602
v -42.839058 27.012341 -7.197771
v -42.364227 0.000000 -4.996612
v -42.357559 27.012341 -7.343833
v -41.856812 0.000000 -5.046589
v -41.856812 27.012341 -7.393152
v -41.349380 0.000000 -4.996612
v -41.356068 27.012341 -7.343833
v -40.861473 0.000000 -4.848602
v -40.874577 27.012341 -7.197771
v -40.411789 0.000000 -4.608247
v -40.430824 27.012341 -6.960580
v -40.017654 0.000000 -4.284784
v -40.041866 27.012341 -6.641376
v -39.694199 0.000000 -3.890644
v -39.722656 27.012341 -6.252422
v -39.453842 0.000000 -3.440973
v -39.485470 27.012341 -5.808669
v -39.305836 0.000000 -2.953053
v -39.339405 27.012341 -5.327167
v -39.255852 0.000000 -2.445630
v 25.356426 35.387768 -4.718042
v 25.595280 35.387768 -2.292957
v 26.302647 35.387802 0.038939
v 27.451361 35.387802 2.188027
v 28.997269 35.387802 4.071715
v 30.880957 35.387802 5.617614
v 33.030041 35.387802 6.766329
v 35.361931 35.387802 7.473698
v 37.787025 35.387802 7.712553
v 40.212112 35.387802 7.473698
v 42.544003 35.387802 6.766329
v 44.693077 35.387806 5.617614
v 46.576771 35.387806 4.071715
v 48.122677 35.387806 2.188027
v 49.271393 35.387806 0.038939
v 49.978767 35.387779 -2.292955
v 50.217621 35.387779 -4.718042
v 49.978767 35.387779 -7.143134
v 49.271393 35.387764 -9.475030
v 48.122677 35.387764 -11.624115
v 46.576771 35.387764 -13.507803
v 44.693077 35.387764 -15.053701
v 42.544003 35.387764 -16.202414
v 40.212112 35.387764 -16.909788
v 37.787025 35.387764 -17.148638
v 35.361931 35.387764 -16.909788
v 33.030029 35.387764 -16.202414
v 30.880957 35.387760 -15.053705
v 28.997269 35.387760 -13.507803
v 27.451361 35.387760 -11.624115
v 26.302647 35.387760 -9.475027
v 25.595280 35.387768 -7.143131
v 37.787018 37.109856 -4.718042
v -39.290081 27.012341 -4.826422
v -54.506859 35.636536 -7.342674
v -41.856812 37.423359 -4.826422
v -57.389877 23.307974 44.548599
v -56.465683 0.000000 45.018318
v -4.983821 24.533827 43.459736
v -60.947346 31.052408 29.946987
v -61.280197 30.255943 14.013662
v 1.372185 29.627035 13.324008
v 45.077316 29.417192 22.972336
v 67.938843 27.108459 17.720646
v 67.243912 25.993782 9.133509
v 48.358421 29.023230 14.637685
v 50.226269 25.637104 23.887062
v 4.664507 27.194130 28.387112
v 3.246138 28.766344 27.340466
v -57.076599 18.913767 44.743828
v -1.381202 21.480436 43.174393
v 4.637990 24.184654 41.758656
v 36.429733 21.810396 37.635551
v 50.226269 0.000000 23.887062
v -1.106043 0.000000 44.741154
v 36.429733 0.000000 37.484623
v 68.483246 0.000000 19.319887
v 67.912048 25.061287 18.797190
v 67.922195 19.349058 19.103367
v 67.630112 18.054697 18.177584
v 56.871052 18.013369 23.740559
v 50.226269 17.450741 23.887062
v 58.323509 0.000000 22.279293
v 57.136288 0.000000 23.740559
v -61.280197 23.927462 13.704476
v -61.280197 0.000000 13.697615
v -61.280197 21.454542 28.569626
v -61.280197 0.000000 28.531855
v 67.124977 17.723511 9.132259
v 20.175095 29.318628 12.250257
v 18.701878 27.446823 10.807633
v 14.074001 26.577038 -2.364359
v -20.373888 27.414036 -1.349363
v -24.484264 28.421844 12.481375
v -26.651051 34.324795 12.895861
v -25.409191 30.026636 13.903236
v -58.298103 30.471716 14.213621
v -31.045435 31.669958 22.864645
v -53.730122 30.753355 20.483570
v 54.342747 28.361717 9.582079
v 72.017990 26.841467 6.759491
v 72.680542 16.594112 7.025244
v 73.007126 0.000000 6.991520
v 64.980171 29.850288 7.263510
v 69.507202 29.483387 6.793218
v 54.323654 29.850288 8.209770
v 52.175999 32.498936 7.952836
v 53.789131 32.531891 8.881578
v 57.959480 31.554338 -4.752889
v 57.650032 29.257669 -3.374157
v 65.662529 28.985365 -3.716183
v 65.342300 31.412981 -5.074158
v 68.426926 28.003729 -9.627328
v 68.106697 29.765396 -11.829314
v 57.916183 29.765396 -10.058241
v 70.479668 24.333944 -9.642105
v 70.880142 16.413372 -10.517845
v 71.259041 24.176075 -12.201090
v 72.706207 15.389676 -13.405914
v 69.633545 0.000000 -10.517845
v 71.459595 0.000000 -13.405914
v 49.142220 32.944290 12.575493
v 49.161064 32.767326 10.422559
v 21.252323 33.255905 11.315186
v 25.107412 33.555897 14.367614
v 24.879593 29.426861 16.422256
v 20.428089 33.246792 9.269757
v 14.715471 31.537657 -5.538588
v 24.741722 33.255905 11.893713
v 16.488739 31.537657 -8.275075
v -22.096077 31.537657 -6.675911
v -21.489717 32.032642 -4.344125
v -31.110767 34.912910 18.069418
v -58.525558 34.625126 13.302452
v -54.361557 35.319691 18.053802
v -28.510878 34.324795 12.247478
v -31.345835 34.324795 15.795021
v -54.010410 35.191666 15.955782
v -56.010910 34.623444 12.698169
v -62.387123 33.263508 -3.160505
v -60.833797 33.201511 -5.571465
v -61.280197 26.726971 -0.942264
v -58.788521 27.375587 12.319584
v -61.280197 26.858358 12.451024
v -66.625427 26.756792 -2.409306
v -65.986526 33.004852 -3.264027
v -65.986526 33.004852 -4.685607
v -66.571236 26.757961 -4.052758
v -63.017036 0.000000 -1.029420
v -66.625427 0.000000 -2.409306
v -66.625427 0.000000 -3.542724
v -61.153946 0.000000 -0.816994
v 68.078072 28.599003 18.475300
v 67.164383 27.188126 7.601686
v 68.078072 25.580378 20.056557
v 68.078072 18.792955 20.422081
v 67.642548 15.298073 17.943525
v 66.984436 16.311375 7.601686
v 65.097343 26.196976 16.961010
v 64.837074 18.830345 17.333408
v 64.420174 24.778328 9.987187
v 65.605309 25.061287 18.797190
v 65.615456 19.349058 19.103367
v 64.342278 19.075897 9.986055
v 64.694550 18.724840 14.466059
v 64.855721 25.838423 14.195625
v 67.384224 17.893482 13.774517
v 65.632103 27.108459 17.720646
v 65.323372 18.054697 18.177584
v 64.490875 19.178667 12.789011
v 64.636833 25.112545 12.562658
v 65.279503 26.542881 13.363609
v 64.937172 25.993782 9.133509
v 65.072945 17.890507 13.693245
v 64.818237 17.723511 9.132259
v 66.236755 19.286127 12.673521
v 66.984436 15.017700 9.630036
v 67.732040 0.000000 9.644876
v 71.408722 13.878712 9.346140
v 73.007126 0.000000 9.019871
v 67.672890 16.724995 19.319887
v 68.328178 0.000000 17.943525
v 67.757683 0.000000 10.683891
v 67.144897 14.989701 10.683891
v 68.422005 14.989701 10.683891
v 69.034790 0.000000 10.683891
v 69.605286 0.000000 17.943525
v 68.919647 15.298073 17.943525
v 68.349091 13.843402 9.726770
v 68.970001 10.393421 9.747119
v 72.680542 15.255222 9.053595
v 68.361397 13.843402 10.225277
v 71.677246 10.394715 9.304459
v 68.961418 10.393421 10.386248
v 71.675980 10.394715 10.764627
v 71.406281 13.878712 10.734671
v 73.038147 13.600692 9.456474
v 73.263824 10.672735 9.421446
v 73.036102 13.600692 10.623398
v 73.262756 10.672735 10.648575
v 74.579018 13.600692 8.858240
v 74.804695 10.672735 8.823212
v 74.576965 13.600692 10.025163
v 74.803627 10.672735 10.050340
v 73.043053 13.602959 -7.596941
v 73.271263 10.675002 -7.588391
v 74.669601 13.602959 -7.891068
v 74.897812 10.675002 -7.882519
v 72.046509 13.936745 -7.599068
v 72.519958 10.341217 -7.581329
v 75.420906 13.936745 -8.209257
v 75.894356 10.341217 -8.191519
v 71.188171 13.936745 -10.507092
v 71.661621 10.341217 -10.489354
v 74.562569 13.936745 -11.117282
v 75.036018 10.341217 -11.099544
v 71.557152 13.360118 -7.891545
v 72.030602 10.917845 -7.877398
v 70.698814 13.360118 -10.211024
v 71.172264 10.917845 -10.196877
v 69.940475 13.360118 -7.891545
v 70.413925 10.917845 -7.877398
v 69.082138 13.360118 -10.211024
v 69.555588 10.917845 -10.196877
v 52.175999 0.000000 7.952836
v 68.106697 0.000000 -11.829314
v 57.916183 0.000000 -10.058241
v 49.161064 0.000000 10.422559
v 24.741722 0.000000 11.893713
v 16.488739 0.000000 -8.275075
v -22.096077 0.000000 -6.675911
v -28.510878 0.000000 12.247478
v -31.345835 0.000000 15.795021
v -54.010410 0.000000 15.955782
v -56.010910 0.000000 12.698169
v -60.833797 0.000000 -5.571465
v -57.439156 26.336376 45.818092
v -46.859055 23.461115 44.196087
v -46.792946 25.898518 45.590637
v -56.402584 21.757853 49.294815
v -61.458740 21.757853 49.321579
v -61.754932 23.101103 49.179863
v -56.767586 23.101103 49.087200
v -57.548389 21.757853 49.986668
v -61.458740 21.757853 50.194031
v -61.754932 23.101103 50.049393
v -57.722397 23.101103 49.965363
v -56.402584 0.000000 49.294815
v -61.458740 0.000000 49.321579
v -57.548389 0.000000 49.986668
v -61.458740 0.000000 50.194031
v 4.615612 21.536169 44.027519
v 38.413773 21.980415 39.660641
v 38.390129 0.000000 39.504261
v 38.376511 25.080715 37.012207
v 4.664507 20.025883 40.526886
v 36.895569 20.372555 36.539272
v 4.516702 22.110565 39.549171
v 38.390129 23.743170 35.561558
v 39.850662 20.835207 36.558182
v 39.850662 0.000000 37.117023
v 39.850662 20.835207 37.912987
v 39.850662 0.000000 38.229099
v 39.391518 23.433765 35.580467
v 39.850662 22.741371 35.787170
v 39.850662 23.446981 34.014351
v 39.850662 21.305027 34.221054
v 53.006649 26.210955 22.239607
v 53.492844 25.494926 22.250839
v 51.675293 26.575411 22.239607
v 51.702328 24.409821 21.468599
v 4.721169 21.425810 44.801186
v 26.532253 21.631088 41.361065
v 5.058084 0.000000 46.392990
v 24.809669 0.000000 44.694199
v 25.398874 0.000000 42.076614
v -1.370635 20.390888 43.236317
v 24.552998 21.679342 43.566025
v 3.335733 0.000000 45.931442
v 3.037763 20.311041 44.426922
v -3.628507 19.006531 44.636086
v -0.912819 21.448195 45.182510
v -19.261438 20.688793 43.344711
v -17.164177 18.473278 43.283531
v -3.367000 0.000000 45.675068
v -0.594010 0.000000 46.964306
v 17.621861 27.243841 7.733665
v -23.432379 28.042912 8.922153
v 17.078238 27.141668 6.186385
v -22.981730 27.950251 7.408707
v -25.252232 30.171890 7.408707
v -25.753906 30.264551 8.922153
v 19.948654 29.465481 7.733665
v 19.343475 29.363308 6.186385
v 57.538853 16.422489 22.279293
v -47.190811 13.327509 44.535675
v -46.206024 13.327509 45.342712
v -4.195328 13.327509 43.552494
v -5.180106 13.327509 44.359535
v -47.190811 11.077480 44.535675
v -46.206024 11.077480 45.342712
v -4.195328 11.077480 43.552494
v -5.180106 11.077480 44.359535
v -47.190811 5.230027 44.569572
v -46.206024 5.230027 45.376610
v -4.195328 5.230027 44.022907
v -5.180106 5.230027 44.829948
v -47.190811 2.979998 44.569572
v -46.206024 2.979998 45.376610
v -4.195328 2.979998 44.022907
v -5.180106 2.979998 44.829948
v 77.835381 11.980431 -0.186133
v 76.275757 12.465367 -0.187159
v 76.270523 11.649048 -0.244856
v 77.834999 11.104677 -0.409985
v 77.831123 10.395895 -0.813956
v 76.275757 10.809932 -0.537548
v 76.270523 10.163239 -1.039033
v 77.835381 9.669475 -1.672316
v 76.269997 9.621323 -1.762476
v 77.835381 9.320358 -2.754507
v 76.269997 9.310374 -2.856226
v 77.835381 9.411950 -3.887916
v 76.270523 9.369056 -3.657103
v 77.834999 9.802352 -4.703169
v 76.275757 9.661749 -4.496222
v 77.831123 10.336836 -5.319514
v 76.270523 10.163239 -5.142913
v 77.835381 11.320421 -5.864530
v 76.269997 10.886683 -5.684824
v 76.270523 11.649048 -5.937090
v 77.835381 12.449923 -5.995808
v 76.275757 12.536299 -5.987797
v 77.835381 13.543690 -5.684857
v 76.270523 13.325680 -5.771961
v 77.835381 14.435200 -4.979014
v 76.269997 14.103194 -5.310969
v 77.834999 14.896165 -4.201474
v 76.269997 14.809031 -4.419470
v 77.835381 15.109998 -3.427439
v 76.269997 15.119981 -3.325720
v 77.834999 15.061298 -2.524843
v 76.270523 15.061298 -2.524843
v 77.835381 14.809065 -1.762462
v 76.275757 14.768605 -1.685724
v 77.831055 14.077391 -0.842347
v 76.257523 14.061122 -0.841684
v 77.840195 13.079605 -0.312400
v 76.270523 13.325680 -0.409985
v 74.685966 12.545870 -1.428471
v 74.686081 11.529807 -1.546187
v 74.686096 10.813780 -2.154589
v 74.686195 10.549368 -2.897353
v 74.685966 10.649133 -3.739648
v 74.686119 11.278784 -4.492383
v 74.686157 12.021561 -4.756756
v 74.685966 12.863854 -4.657016
v 74.686119 13.616589 -4.027367
v 74.685585 13.918966 -2.971516
v 74.685837 13.439398 -1.926193
v 78.682640 11.390859 -1.213598
v 78.687134 10.497241 -1.980186
v 78.685196 10.190457 -2.913070
v 78.692894 10.336025 -3.869343
v 78.678833 11.070412 -4.804235
v 78.686584 12.042271 -5.114589
v 78.682640 13.039495 -4.968348
v 78.687134 13.933113 -4.201760
v 78.685196 14.239898 -3.268871
v 78.693634 14.031342 -2.135515
v 78.690102 12.816581 -1.108408
v 70.219162 10.813370 -2.154727
v 70.219162 11.529398 -1.546330
v 70.219185 11.278374 -4.492521
v 70.219048 10.648723 -3.739791
v 70.219048 12.863445 -4.657159
v 70.219231 12.021152 -4.756894
v 70.219185 13.616179 -4.027505
v 70.219048 12.545461 -1.428614
v 70.218918 13.438989 -1.926332
v 70.218658 13.918556 -2.971654
v 70.219269 10.548960 -2.897496
v 66.950409 26.059784 16.846674
v 66.697433 18.947090 17.206345
v 66.571136 18.850420 14.582378
v 66.725479 25.732393 14.320855
v 66.378487 24.986143 12.455986
v 66.176865 24.680262 10.098577
v 66.103355 19.191616 10.097389
v -61.527298 23.583977 -4.497232
v -57.891129 21.229219 30.792202
v 65.525314 21.229219 -6.518211
v 43.846733 21.229219 23.407253
v -61.527298 0.000000 -4.497232
v -57.891129 0.000000 30.792202
v 65.525314 0.000000 -6.518211
v 43.846733 0.000000 23.407253
v 13.386956 3.881161 3.922088
v 13.386956 0.000000 3.922088
v -63.833160 8.023576 0.914603
v -63.833160 8.023576 38.290424
v -47.456497 8.023576 0.914603
v -47.456497 8.023576 38.290424
v -63.833160 0.000000 0.914603
v -63.833160 0.000000 38.290424
v -47.456497 0.000000 0.914603
v -56.086849 8.023576 43.796238
v -40.410599 8.023576 43.796238
v -56.086849 0.000000 43.796234
v -53.638870 13.019068 8.278845
v -65.879883 11.239738 13.734542
v -65.879883 11.239738 26.440437
v -47.456497 11.046805 31.896133
v -53.638870 16.785267 8.278845
v -65.879883 15.865534 13.734542
v -65.879883 15.865534 26.440437
v -47.456497 21.983631 31.896133
v -58.567986 22.840874 8.278845
v -62.889275 22.618004 16.699095
v -62.889275 22.618004 23.475885
v -46.347954 22.840874 31.896133
v -62.844902 13.019068 8.278845
v -63.833157 11.046764 31.896133
v -62.844902 16.785267 8.278845
v -63.544952 22.206501 23.475885
v -63.833160 9.931222 12.426024
v -63.833160 9.931222 27.748955
v -63.833160 17.174051 12.426024
v -63.833160 17.174051 27.748955
v -65.879883 10.459078 12.953880
v -65.879883 10.459078 27.221098
v -65.879883 16.646194 12.953880
v -65.879883 16.646194 27.221098
v -63.431992 11.786218 12.593525
v -63.431992 11.786218 25.299417
v -63.431992 16.412012 12.593525
v -63.431992 16.412012 25.299417
v -47.456497 11.046805 8.278845
v -63.833160 11.046805 8.278845
v -47.456497 21.983631 8.278845
v -63.544952 22.206501 16.699095
v -53.638870 13.019068 -3.200432
v -62.844902 13.019068 -3.200432
v -53.638870 16.785267 -3.200432
v -62.844902 16.785267 -3.200432
v -63.833160 21.983631 8.278845
v -63.833160 21.983631 31.896133
v -61.924000 22.840874 8.278845
v -61.924000 22.840874 31.896133
v -63.544952 24.881477 16.699095
v -63.544952 24.881477 23.475885
v -62.889275 25.047379 16.699095
v -62.889275 25.047379 23.475885
v -63.521118 25.961952 16.699095
v -63.521118 25.961952 23.475885
v -62.913109 25.249674 16.699095
v -62.913109 25.249674 23.475885
v -60.860641 25.961952 16.699095
v -60.860641 25.961952 23.475885
v -60.376175 25.249674 16.699095
v -60.376175 25.249674 23.475885
v -63.528511 18.454700 41.659348
v -63.528511 18.908674 41.731247
v -63.524204 18.454700 30.474415
v -63.524204 18.454700 41.553402
v -63.452301 18.908674 30.474415
v -63.452301 18.908674 41.553402
v -63.243633 19.318211 30.474415
v -63.243633 19.318211 41.553402
v -62.918621 19.643221 30.474415
v -62.918621 19.643221 41.553402
v -62.509083 19.851891 30.474415
v -62.509083 19.851891 41.553402
v -62.055111 19.923792 30.474415
v -62.055111 19.923792 41.553402
v -61.601135 19.851891 30.474415
v -61.601135 19.851891 41.553402
v -61.191597 19.643221 30.474415
v -61.191597 19.643221 41.553402
v -60.866585 19.318211 30.474415
v -60.866585 19.318211 41.553402
v -60.657917 18.908674 30.474415
v -60.657917 18.908674 41.553402
v -60.586014 18.454700 30.474415
v -60.586014 18.454700 41.553402
v -60.657917 18.000725 30.474415
v -60.657917 18.000725 41.553402
v -60.866585 17.591187 30.474415
v -60.866585 17.591187 41.553402
v -61.191597 17.266174 30.474415
v -61.191597 17.266174 41.553402
v -61.601135 17.057505 30.474415
v -61.601135 17.057505 41.553402
v -62.055111 16.985605 30.474415
v -62.055111 16.985605 41.553402
v -62.509083 17.057505 30.474415
v -62.509083 17.057505 41.553402
v -62.918621 17.266174 30.474415
v -62.918621 17.266174 41.553402
v -63.243633 17.591187 30.474415
v -63.243633 17.591187 41.553402
v -63.452301 18.000725 30.474415
v -63.452301 18.000725 41.553402
v -63.528511 19.318211 41.939919
v -63.528511 19.643221 42.264923
v -63.528511 19.851891 42.674469
v -63.528511 19.923792 43.128437
v -63.528511 19.851891 43.582417
v -63.528511 19.643221 43.991951
v -63.528511 19.318211 44.316963
v -63.528511 18.908674 44.525639
v -63.528511 18.454700 44.597542
v -63.528511 18.000725 44.525639
v -63.528511 17.591187 44.316963
v -63.528511 17.266174 43.991951
v -63.528511 17.057505 43.582417
v -63.528511 16.985605 43.128437
v -63.528511 17.057505 42.674469
v -63.528511 17.266174 42.264923
v -63.528511 17.591187 41.939919
v -63.528511 18.000725 41.731247
v -66.773491 18.454700 41.659348
v -66.773491 18.000725 41.731247
v -66.773491 17.591187 41.939919
v -66.773491 17.266174 42.264923
v -66.773491 17.057505 42.674469
v -66.773491 16.985605 43.128437
v -66.773491 17.057505 43.582417
v -66.773491 17.266174 43.991951
v -66.773491 17.591187 44.316963
v -66.773491 18.000725 44.525639
v -66.773491 18.454700 44.597542
v -66.773491 18.908674 44.525639
v -66.773491 19.318211 44.316963
v -66.773491 19.643221 43.991951
v -66.773491 19.851891 43.582417
v -66.773491 19.923792 43.128437
v -66.773491 19.851891 42.674469
v -66.773491 19.643221 42.264923
v -66.773491 19.318211 41.939919
v -66.773491 18.908674 41.731247
v -66.773491 18.454700 42.296101
v -66.773491 18.197489 42.336842
v -66.773491 17.965462 42.455063
v -66.773491 17.781319 42.639202
v -66.773491 17.663095 42.871243
v -66.773491 17.622356 43.128441
v -66.773491 17.663095 43.385654
v -66.773491 17.781319 43.617683
v -66.773491 17.965462 43.801823
v -66.773491 18.197489 43.920052
v -66.773491 18.454700 43.960793
v -66.773491 18.711908 43.920052
v -66.773491 18.943935 43.801823
v -66.773491 19.128078 43.617683
v -66.773491 19.246302 43.385654
v -66.773491 19.287041 43.128441
v -66.773491 19.246302 42.871243
v -66.773491 19.128078 42.639202
v -66.773491 18.943935 42.455063
v -66.773491 18.711908 42.336842
v -64.569008 18.454700 42.296101
v -64.569008 18.197489 42.336842
v -64.569008 17.965462 42.455063
v -64.569008 17.781319 42.639202
v -64.569008 17.663095 42.871243
v -64.569008 17.622356 43.128441
v -64.569008 17.663095 43.385654
v -64.569008 17.781319 43.617683
v -64.569008 17.965462 43.801823
v -64.569008 18.197489 43.920052
v -64.569008 18.454700 43.960793
v -64.569008 18.711908 43.920052
v -64.569008 18.943935 43.801823
v -64.569008 19.128078 43.617683
v -64.569008 19.246302 43.385654
v -64.569008 19.287041 43.128441
v -64.569008 19.246302 42.871243
v -64.569008 19.128078 42.639202
v -64.569008 18.943935 42.455063
v -64.569008 18.711908 42.336842
v -63.528511 13.164816 41.659348
v -63.528511 13.618793 41.731247
v -63.524204 13.164816 30.702898
v -63.524204 13.164816 41.553402
v -63.452301 13.618793 30.702898
v -63.452301 13.618793 41.553402
v -63.243633 14.028330 30.702898
v -63.243633 14.028330 41.553402
v -62.918621 14.353342 30.702898
v -62.918621 14.353342 41.553402
v -62.509083 14.562008 30.702898
v -62.509083 14.562008 41.553402
v -62.055111 14.633911 30.702898
v -62.055111 14.633911 41.553402
v -61.601135 14.562008 30.702898
v -61.601135 14.562008 41.553402
v -61.191597 14.353342 30.702898
v -61.191597 14.353342 41.553402
v -60.866585 14.028330 30.702898
v -60.866585 14.028330 41.553402
v -60.657917 13.618793 30.702898
v -60.657917 13.618793 41.553402
v -60.586014 13.164816 30.702898
v -60.586014 13.164816 41.553402
v -60.657917 12.710840 30.702898
v -60.657917 12.710840 41.553402
v -60.866585 12.301304 30.702898
v -60.866585 12.301304 41.553402
v -61.191597 11.976292 30.702898
v -61.191597 11.976292 41.553402
v -61.601135 11.767624 30.702898
v -61.601135 11.767624 41.553402
v -62.055111 11.695721 30.702898
v -62.055111 11.695721 41.553402
v -62.509083 11.767624 30.702898
v -62.509083 11.767624 41.553402
v -62.918621 11.976292 30.702898
v -62.918621 11.976292 41.553402
v -63.243633 12.301304 30.702898
v -63.243633 12.301304 41.553402
v -63.452301 12.710840 30.702898
v -63.452301 12.710840 41.553402
v -63.528511 14.028330 41.939919
v -63.528511 14.353342 42.264923
v -63.528511 14.562008 42.674469
v -63.528511 14.633911 43.128437
v -63.528511 14.562008 43.582417
v -63.528511 14.353342 43.991951
v -63.528511 14.028330 44.316963
v -63.528511 13.618793 44.525639
v -63.528511 13.164816 44.597542
v -63.528511 12.710840 44.525639
v -63.528511 12.301304 44.316963
v -63.528511 11.976292 43.991951
v -63.528511 11.767624 43.582417
v -63.528511 11.695721 43.128437
v -63.528511 11.767624 42.674469
v -63.528511 11.976292 42.264923
v -63.528511 12.301304 41.939919
v -63.528511 12.710840 41.731247
v -66.773491 13.164816 41.659348
v -66.773491 12.710840 41.731247
v -66.773491 12.301304 41.939919
v -66.773491 11.976292 42.264923
v -66.773491 11.767624 42.674469
v -66.773491 11.695721 43.128437
v -66.773491 11.767624 43.582417
v -66.773491 11.976292 43.991951
v -66.773491 12.301304 44.316963
v -66.773491 12.710840 44.525639
v -66.773491 13.164816 44.597542
v -66.773491 13.618793 44.525639
v -66.773491 14.028330 44.316963
v -66.773491 14.353342 43.991951
v -66.773491 14.562008 43.582417
v -66.773491 14.633911 43.128437
v -66.773491 14.562008 42.674469
v -66.773491 14.353342 42.264923
v -66.773491 14.028330 41.939919
v -66.773491 13.618793 41.731247
v -66.773491 13.164816 42.296101
v -66.773491 12.907608 42.336842
v -66.773491 12.675581 42.455063
v -66.773491 12.491436 42.639202
v -66.773491 12.373214 42.871243
v -66.773491 12.332476 43.128441
v -66.773491 12.373214 43.385654
v -66.773491 12.491436 43.617683
v -66.773491 12.675581 43.801823
v -66.773491 12.907608 43.920052
v -66.773491 13.164816 43.960793
v -66.773491 13.422027 43.920052
v -66.773491 13.654053 43.801823
v -66.773491 13.838196 43.617683
v -66.773491 13.956421 43.385654
v -66.773491 13.997159 43.128441
v -66.773491 13.956421 42.871243
v -66.773491 13.838196 42.639202
v -66.773491 13.654053 42.455063
v -66.773491 13.422027 42.336842
v -64.569008 13.164816 42.296101
v -64.569008 12.907608 42.336842
v -64.569008 12.675581 42.455063
v -64.569008 12.491436 42.639202
v -64.569008 12.373214 42.871243
v -64.569008 12.332476 43.128441
v -64.569008 12.373214 43.385654
v -64.569008 12.491436 43.617683
v -64.569008 12.675581 43.801823
v -64.569008 12.907608 43.920052
v -64.569008 13.164816 43.960793
v -64.569008 13.422027 43.920052
v -64.569008 13.654053 43.801823
v -64.569008 13.838196 43.617683
v -64.569008 13.956421 43.385654
v -64.569008 13.997159 43.128441
v -64.569008 13.956421 42.871243
v -64.569008 13.838196 42.639202
v -64.569008 13.654053 42.455063
v -64.569008 13.422027 42.336842
v -52.622787 0.000000 19.621496
v -69.898285 0.000000 17.047453
v -52.622787 0.000000 3.921767
v -69.898285 0.000000 6.495809
v -52.622787 1.524033 4.072600
v -69.898285 1.021862 6.597181
v -52.622787 2.996614 4.519301
v -69.898285 2.011570 6.897407
v -52.622787 4.353752 5.244708
v -69.898285 2.923690 7.384945
v -52.622787 5.543293 6.220939
v -69.898285 3.723170 8.041061
v -52.622787 6.519524 7.410480
v -69.898285 4.379286 8.840541
v -52.622787 7.244930 8.767618
v -69.898285 4.866825 9.752661
v -52.622787 7.691632 10.240200
v -69.898285 5.167049 10.742369
v -52.622787 7.842465 11.771631
v -69.898285 5.268423 11.771631
v -52.622787 7.691632 13.303064
v -69.898285 5.167049 12.800893
v -52.622787 7.244930 14.775646
v -69.898285 4.866825 13.790600
v -52.622787 6.519524 16.132782
v -69.898285 4.379286 14.702721
v -52.622787 5.543293 17.322325
v -69.898285 3.723170 15.502200
v -52.622787 4.353752 18.298555
v -69.898285 2.923690 16.158318
v -52.622787 2.996614 19.023962
v -69.898285 2.011570 16.645855
v -52.622787 1.524033 19.470663
v -69.898285 1.021862 16.946079
v -68.322517 0.000000 19.621496
v -68.322517 0.000000 3.921765
v -68.322517 1.524033 4.072598
v -68.322517 2.996614 4.519301
v -68.322517 4.353752 5.244707
v -68.322517 5.543293 6.220938
v -68.322517 6.519524 7.410480
v -68.322517 7.244930 8.767618
v -68.322517 7.691632 10.240198
v -68.322517 7.842465 11.771631
v -68.322517 7.691632 13.303062
v -68.322517 7.244930 14.775644
v -68.322517 6.519524 16.132782
v -68.322517 5.543293 17.322323
v -68.322517 4.353752 18.298553
v -68.322517 2.996614 19.023960
v -68.322517 1.524033 19.470663
v -69.898285 0.000000 18.688591
v -69.898285 0.000000 4.854671
v -69.898285 1.342032 4.987577
v -69.898285 2.639606 5.381193
v -69.898285 3.835458 6.020389
v -69.898285 4.883630 6.880602
v -69.898285 5.743842 7.928773
v -69.898285 6.383038 9.124624
v -69.898285 6.776653 10.422199
v -69.898285 6.909560 11.771631
v -69.898285 6.776653 13.121062
v -69.898285 6.383038 14.418638
v -69.898285 5.743842 15.614489
v -69.898285 4.883630 16.662659
v -69.898285 3.835458 17.522873
v -69.898285 2.639606 18.162067
v -69.898285 1.342032 18.555683
v -68.415642 0.000000 17.047453
v -68.415642 0.000000 6.495809
v -68.415642 1.021862 6.597181
v -68.415642 2.011570 6.897407
v -68.415642 2.923690 7.384945
v -68.415642 3.723170 8.041061
v -68.415642 4.379286 8.840541
v -68.415642 4.866825 9.752661
v -68.415642 5.167049 10.742369
v -68.415642 5.268423 11.771631
v -68.415642 5.167049 12.800893
v -68.415642 4.866825 13.790600
v -68.415642 4.379286 14.702721
v -68.415642 3.723170 15.502200
v -68.415642 2.923690 16.158318
v -68.415642 2.011570 16.645855
v -68.415642 1.021862 16.946079
v -68.415634 0.000000 15.984804
v -68.415634 0.000000 7.558456
v -68.415634 0.000000 7.639412
v -68.415634 1.604912 7.879166
v -68.415634 2.333314 8.268505
v -68.415634 2.971764 8.792467
v -68.415634 3.495726 9.430917
v -68.415634 3.885065 10.159319
v -68.415634 4.124819 10.949680
v -68.415634 4.205775 11.771631
v -68.415634 4.124819 12.593579
v -68.415634 3.885065 13.383942
v -68.415634 3.495726 14.112344
v -68.415634 2.971764 14.750794
v -68.415634 2.333314 15.274755
v -68.415634 1.604912 15.664096
v -68.415634 0.000000 15.903850
v -63.210609 0.000000 15.984804
v -63.210609 0.000000 7.558456
v -63.210609 0.000000 7.639412
v -63.210609 1.604912 7.879166
v -63.210609 2.333314 8.268505
v -63.210609 2.971764 8.792467
v -63.210609 3.495726 9.430916
v -63.210609 3.885065 10.159319
v -63.210609 4.124819 10.949680
v -63.210609 4.205775 11.771631
v -63.210609 4.124819 12.593579
v -63.210609 3.885065 13.383942
v -63.210609 3.495726 14.112344
v -63.210609 2.971764 14.750794
v -63.210609 2.333314 15.274755
v -63.210609 1.604912 15.664096
v -63.210609 0.000000 15.903850
v -52.622787 0.000000 37.313587
v -69.898285 0.000000 34.739544
v -52.622787 0.000000 21.613857
v -69.898285 0.000000 24.187899
v -52.622780 1.524033 21.764690
v -69.898285 1.021862 24.289274
v -52.622780 2.996614 22.211395
v -69.898285 2.011570 24.589499
v -52.622780 4.353751 22.936798
v -69.898285 2.923689 25.077036
v -52.622780 5.543292 23.913031
v -69.898285 3.723170 25.733150
v -52.622780 6.519524 25.102573
v -69.898285 4.379286 26.532631
v -52.622780 7.244929 26.459709
v -69.898285 4.866824 27.444754
v -52.622780 7.691631 27.932291
v -69.898285 5.167048 28.434464
v -52.622780 7.842464 29.463720
v -69.898285 5.268422 29.463720
v -52.622780 7.691631 30.995155
v -69.898285 5.167048 30.492983
v -52.622787 7.244929 32.467735
v -69.898285 4.866824 31.482693
v -52.622787 6.519524 33.824875
v -69.898285 4.379286 32.394810
v -52.622787 5.543292 35.014416
v -69.898285 3.723170 33.194290
v -52.622787 4.353751 35.990646
v -69.898285 2.923689 33.850407
v -52.622787 2.996614 36.716049
v -69.898285 2.011570 34.337944
v -52.622787 1.524033 37.162750
v -69.898285 1.021862 34.638172
v -68.322510 0.000000 37.313587
v -68.322510 0.000000 21.613855
v -68.322510 1.524033 21.764690
v -68.322510 2.996614 22.211395
v -68.322510 4.353751 22.936798
v -68.322510 5.543292 23.913031
v -68.322510 6.519524 25.102573
v -68.322510 7.244929 26.459709
v -68.322510 7.691631 27.932291
v -68.322510 7.842464 29.463720
v -68.322510 7.691631 30.995155
v -68.322510 7.244929 32.467735
v -68.322510 6.519524 33.824875
v -68.322510 5.543292 35.014416
v -68.322510 4.353751 35.990646
v -68.322510 2.996614 36.716049
v -68.322510 1.524033 37.162750
v -69.898285 0.000000 36.380684
v -69.898285 0.000000 22.546764
v -69.898285 1.342032 22.679668
v -69.898285 2.639606 23.073284
v -69.898285 3.835457 23.712481
v -69.898285 4.883629 24.572693
v -69.898285 5.743842 25.620865
v -69.898285 6.383038 26.816715
v -69.898285 6.776652 28.114290
v -69.898285 6.909559 29.463720
v -69.898285 6.776652 30.813152
v -69.898285 6.383038 32.110725
v -69.898285 5.743842 33.306580
v -69.898285 4.883629 34.354752
v -69.898285 3.835457 35.214962
v -69.898285 2.639606 35.854156
v -69.898285 1.342032 36.247772
v -68.415634 0.000000 34.739544
v -68.415634 0.000000 24.187899
v -68.415634 1.021862 24.289274
v -68.415634 2.011570 24.589499
v -68.415634 2.923689 25.077036
v -68.415634 3.723170 25.733150
v -68.415634 4.379286 26.532631
v -68.415634 4.866824 27.444754
v -68.415634 5.167048 28.434464
v -68.415634 5.268422 29.463720
v -68.415634 5.167048 30.492983
v -68.415634 4.866824 31.482693
v -68.415634 4.379286 32.394810
v -68.415634 3.723170 33.194290
v -68.415634 2.923689 33.850407
v -68.415634 2.011570 34.337944
v -68.415634 1.021862 34.638172
v -68.415634 0.000000 33.676895
v -68.415634 0.000000 25.250547
v -68.415634 0.000000 25.331501
v -68.415634 1.604912 25.571255
v -68.415634 2.333314 25.960598
v -68.415634 2.971764 26.484558
v -68.415634 3.495726 27.123009
v -68.415634 3.885065 27.851410
v -68.415634 4.124818 28.641773
v -68.415634 4.205774 29.463720
v -68.415634 4.124818 30.285671
v -68.415634 3.885065 31.076033
v -68.415634 3.495726 31.804436
v -68.415634 2.971764 32.442886
v -68.415634 2.333314 32.966846
v -68.415634 1.604912 33.356186
v -68.415634 0.000000 33.595940
v -63.210609 0.000000 33.676895
v -63.210609 0.000000 25.250547
v -63.210609 0.000000 25.331501
v -63.210609 1.604912 25.571255
v -63.210609 2.333314 25.960596
v -63.210609 2.971764 26.484556
v -63.210609 3.495726 27.123009
v -63.210609 3.885065 27.851410
v -63.210609 4.124818 28.641773
v -63.210609 4.205774 29.463720
v -63.210609 4.124818 30.285671
v -63.210609 3.885065 31.076033
v -63.210609 3.495726 31.804436
v -63.210609 2.971764 32.442886
v -63.210609 2.333314 32.966846
v -63.210609 1.604912 33.356186
v -63.210609 0.000000 33.595940
v 35.313282 -27.076025 -4.718042
v 35.280296 -1.042325 -3.888609
v 35.360817 -27.076025 -4.235440
v 35.328465 -1.042325 -3.399572
v 35.501587 -27.076031 -3.771382
v 35.471111 -1.042325 -2.929328
v 35.730186 -27.076031 -3.343707
v 35.702766 -1.042325 -2.495947
v 36.037819 -27.076031 -2.968847
v 36.014503 -1.042325 -2.116087
v 36.412689 -27.076033 -2.661206
v 36.394363 -1.042325 -1.804342
v 36.840359 -27.076033 -2.432606
v 36.827740 -1.042325 -1.572697
v 37.304413 -27.076033 -2.291838
v 37.297989 -1.042325 -1.430051
v 37.787018 -27.076033 -2.244306
v 37.787018 -1.042325 -1.381884
v 38.269627 -27.076033 -2.291838
v 38.276066 -1.042325 -1.430051
v 38.733673 -27.076033 -2.432606
v 38.746304 -1.042325 -1.572697
v 39.161350 -27.076033 -2.661206
v 39.179691 -1.042325 -1.804342
v 39.536217 -27.076033 -2.968847
v 39.559547 -1.042325 -2.116087
v 39.843861 -27.076033 -3.343707
v 39.871288 -1.042325 -2.495947
v 40.072449 -27.076033 -3.771382
v 40.102936 -1.042325 -2.929328
v 40.213223 -27.076025 -4.235440
v 40.245575 -1.042325 -3.399572
v 40.260757 -27.076025 -4.718042
v 40.293751 -1.042325 -3.888609
v 40.213223 -27.076025 -5.200645
v 40.245575 -1.042325 -4.377649
v 40.072449 -27.076025 -5.664702
v 40.102936 -1.042325 -4.847893
v 39.843861 -27.076025 -6.092379
v 39.871288 -1.042325 -5.281272
v 39.536217 -27.076025 -6.467240
v 39.559547 -1.042325 -5.661134
v 39.161350 -27.076025 -6.774879
v 39.179691 -1.042325 -5.972877
v 38.733673 -27.076025 -7.003478
v 38.746304 -1.042325 -6.204524
v 38.269627 -27.076025 -7.144247
v 38.276066 -1.042325 -6.347171
v 37.787018 -27.076025 -7.191780
v 37.787018 -1.042325 -6.395338
v 37.304413 -27.076025 -7.144247
v 37.297989 -1.042325 -6.347171
v 36.840359 -27.076025 -7.003478
v 36.827740 -1.042325 -6.204524
v 36.412689 -27.076025 -6.774879
v 36.394363 -1.042325 -5.972877
v 36.037819 -27.076025 -6.467240
v 36.014503 -1.042325 -5.661134
v 35.730186 -27.076025 -6.092379
v 35.702766 -1.042325 -5.281272
v 35.501587 -27.076025 -5.664702
v 35.471111 -1.042325 -4.847893
v 35.360817 -27.076025 -5.200645
v 35.328465 -1.042325 -4.377649
v -53.772903 -35.636524 -9.762230
v -52.581009 -35.636524 -11.992103
v -39.339405 -27.012341 -4.325679
v -50.976986 -35.636524 -13.946602
v -49.022484 -35.636524 -15.550617
v -39.485470 -27.012350 -3.844176
v -46.792622 -35.636528 -16.742508
v -44.373062 -35.636528 -17.476471
v -39.722656 -27.012350 -3.400424
v -41.856804 -35.636528 -17.724300
v -39.340561 -35.636528 -17.476471
v -40.041866 -27.012350 -3.011473
v -36.921013 -35.636528 -16.742508
v -34.691147 -35.636528 -15.550613
v -40.430824 -27.012350 -2.692268
v -32.736641 -35.636528 -13.946602
v -31.132624 -35.636528 -11.992103
v -40.874577 -27.012350 -2.455073
v -29.940729 -35.636528 -9.762231
v -29.206768 -35.636547 -7.342677
v -41.356068 -27.012350 -2.309013
v -28.958935 -35.636547 -4.826422
v -29.206768 -35.636547 -2.310173
v -41.856812 -27.012350 -2.259695
v -29.940729 -35.636574 0.109380
v -31.132624 -35.636574 2.339256
v -42.357559 -27.012350 -2.309013
v -32.736641 -35.636574 4.293754
v -34.691147 -35.636574 5.897765
v -42.839058 -27.012350 -2.455073
v -36.921013 -35.636570 7.089661
v -39.340561 -35.636570 7.823622
v -43.282806 -27.012350 -2.692268
v -41.856804 -35.636570 8.071454
v -44.373062 -35.636570 7.823622
v -43.671768 -27.012348 -3.011473
v -46.792610 -35.636570 7.089661
v -49.022484 -35.636570 5.897765
v -43.990967 -27.012348 -3.400424
v -50.976986 -35.636570 4.293754
v -52.581009 -35.636570 2.339256
v -44.228165 -27.012348 -3.844176
v -53.772903 -35.636570 0.109380
v -54.506859 -35.636536 -2.310174
v -44.374218 -27.012341 -4.325679
v -54.754692 -35.636536 -4.826422
v -52.364174 -37.423355 -6.916465
v -44.423542 -27.012341 -4.826422
v -51.754528 -37.423344 -8.926190
v -50.764523 -37.423344 -10.778365
v -49.432190 -37.423344 -12.401805
v -47.808762 -37.423344 -13.734127
v -45.956573 -37.423355 -14.724133
v -43.946857 -37.423355 -15.333776
v -41.856812 -37.423355 -15.539628
v -39.766792 -37.423355 -15.333776
v -37.757050 -37.423355 -14.724133
v -35.904877 -37.423347 -13.734126
v -34.281448 -37.423347 -12.401805
v -32.949108 -37.423355 -10.778359
v -31.959093 -37.423355 -8.926193
v -31.349461 -37.423359 -6.916471
v -31.143616 -37.423359 -4.826422
v -31.349461 -37.423359 -2.736379
v -31.959093 -37.423386 -0.726659
v -32.949108 -37.423386 1.125514
v -34.281448 -37.423382 2.748955
v -35.904888 -37.423382 4.081279
v -37.757050 -37.423378 5.071285
v -39.766792 -37.423378 5.680926
v -41.856812 -37.423378 5.886781
v -43.946857 -37.423370 5.680926
v -45.956573 -37.423370 5.071285
v -47.808762 -37.423378 4.081279
v -49.432190 -37.423378 2.748955
v -50.764523 -37.423378 1.125514
v -51.754528 -37.423378 -0.726659
v -52.364174 -37.423355 -2.736382
v -52.570015 -37.423355 -4.826422
v -56.649574 -37.017864 -7.768886
v -55.791286 -37.017853 -10.598269
v -54.397499 -37.017853 -13.205842
v -52.521778 -37.017853 -15.491399
v -50.236225 -37.017853 -17.367104
v -47.628670 -37.017853 -18.760880
v -44.799278 -37.017853 -19.619165
v -41.856812 -37.017853 -19.908974
v -38.914364 -37.017853 -19.619165
v -36.084980 -37.017853 -18.760880
v -33.477409 -37.017853 -17.367104
v -31.191847 -37.017853 -15.491399
v -29.316130 -37.017853 -13.205842
v -27.922359 -37.017853 -10.598269
v -27.064072 -37.017868 -7.768886
v -26.774273 -37.017868 -4.826422
v 23.250895 -27.076031 -4.718042
v 23.530199 -27.076031 -1.882189
v 24.357395 -27.076069 0.844688
v 25.700682 -27.076069 3.357793
v 27.508446 -27.076069 5.560544
v 29.711197 -27.076069 7.368299
v 32.224281 -27.076069 8.711581
v 34.951157 -27.076069 9.538765
v 37.787025 -27.076073 9.818077
v 40.622883 -27.076073 9.538765
v 43.349747 -27.076073 8.711581
v 45.862846 -27.076075 7.368299
v 48.065613 -27.076075 5.560544
v 49.873367 -27.076075 3.357793
v 51.216640 -27.076075 0.844688
v 52.043835 -27.076042 -1.882189
v 52.323135 -27.076042 -4.718042
v 52.043835 -27.076042 -7.553899
v 51.216640 -27.076025 -10.280776
v 49.873367 -27.076025 -12.793880
v 48.065613 -27.076025 -14.996630
v 45.862846 -27.076025 -16.804380
v 43.349747 -27.076025 -18.147663
v 40.622883 -27.076019 -18.974854
v 37.787025 -27.076019 -19.254156
v 34.951157 -27.076019 -18.974854
v 32.224281 -27.076019 -18.147663
v 29.711197 -27.076019 -16.804380
v 27.508446 -27.076019 -14.996630
v 25.700682 -27.076019 -12.793880
v 24.357395 -27.076019 -10.280776
v 23.530199 -27.076031 -7.553899
v 25.356426 -36.719051 -4.718042
v 25.595280 -36.719051 -2.292957
v 26.302647 -36.719082 0.038939
v 27.451361 -36.719082 2.188027
v 28.997250 -36.719082 4.071715
v 30.880957 -36.719082 5.617614
v 33.030041 -36.719082 6.766329
v 35.361931 -36.719082 7.473698
v 37.787018 -36.719082 7.712553
v 40.212112 -36.719082 7.473698
v 42.544003 -36.719082 6.766329
v 44.693077 -36.719086 5.617614
v 46.576771 -36.719097 4.071715
v 48.122677 -36.719097 2.188027
v 49.271393 -36.719097 0.038940
v 49.978767 -36.719055 -2.292955
v 50.217621 -36.719055 -4.718042
v 49.978767 -36.719055 -7.143134
v 49.271393 -36.719048 -9.475030
v 48.122677 -36.719048 -11.624115
v 46.576771 -36.719048 -13.507803
v 44.693077 -36.719040 -15.053701
v 42.544003 -36.719048 -16.202414
v 40.212112 -36.719048 -16.909788
v 37.787018 -36.719048 -17.148638
v 35.361931 -36.719040 -16.909788
v 33.030022 -36.719040 -16.202414
v 30.880957 -36.719040 -15.053705
v 28.997250 -36.719040 -13.507803
v 27.451361 -36.719040 -11.624115
v 26.302647 -36.719040 -9.475030
v 25.595280 -36.719051 -7.143131
v 49.961414 -7.518661 -8.335389
v 49.961414 -7.518663 -1.198984
v 31.297935 -7.518656 -6.862659
v 31.297935 -7.518658 3.816869
v -24.988403 -6.442269 -6.112252
v -25.804289 -6.442269 2.577484
v -46.219872 -6.442265 -6.898487
v -47.440865 -6.442265 2.873063
v 31.297941 -3.881161 1.196428
v 23.250889 -36.719051 -4.718042
v 23.530195 -36.719051 -1.882189
v 24.357386 -36.719082 0.844688
v 25.700682 -36.719082 3.357791
v 27.508446 -36.719086 5.560544
v 29.711189 -36.719086 7.368299
v 32.224277 -36.719086 8.711576
v 34.951157 -36.719086 9.538765
v 37.787018 -36.719097 9.818077
v 40.622868 -36.719097 9.538765
v 43.349743 -36.719097 8.711576
v 45.862846 -36.719097 7.368299
v 48.065601 -36.719097 5.560544
v 49.873367 -36.719097 3.357791
v 51.216640 -36.719097 0.844688
v 52.043835 -36.719055 -1.882189
v 52.323132 -36.719055 -4.718042
v 52.043835 -36.719055 -7.553901
v 51.216640 -36.719040 -10.280779
v 49.873367 -36.719040 -12.793880
v 48.065601 -36.719040 -14.996633
v 45.862846 -36.719040 -16.804382
v 43.349743 -36.719040 -18.147663
v 40.622868 -36.719040 -18.974854
v 37.787018 -36.719040 -19.254162
v 34.951157 -36.719040 -18.974854
v 32.224277 -36.719040 -18.147663
v 29.711189 -36.719040 -16.804382
v 27.508446 -36.719040 -14.996633
v 25.700682 -36.719040 -12.793880
v 24.357386 -36.719040 -10.280779
v 23.530195 -36.719051 -7.553901
v -27.064072 -37.017868 -1.883965
v -27.922359 -37.017906 0.945418
v -29.316130 -37.017906 3.552993
v -31.191847 -37.017906 5.838549
v -33.477409 -37.017906 7.714260
v -36.084980 -37.017906 9.108031
v -38.914364 -37.017906 9.966317
v -41.856812 -37.017906 10.256129
v -44.799278 -37.017899 9.966317
v -47.628670 -37.017899 9.108031
v -50.236225 -37.017899 7.714260
v -52.521778 -37.017899 5.838549
v -54.397499 -37.017895 3.552993
v -55.791286 -37.017895 0.945418
v -56.649574 -37.017864 -1.883965
v -56.939377 -37.017864 -4.826422
v -54.506859 -37.017864 -7.342674
v -53.772903 -37.017853 -9.762231
v -52.581009 -37.017853 -11.992103
v -50.977005 -37.017853 -13.946602
v -49.022484 -37.017853 -15.550617
v -46.792633 -37.017853 -16.742508
v -44.373062 -37.017853 -17.476471
v -41.856812 -37.017857 -17.724300
v -39.340561 -37.017857 -17.476471
v -36.921013 -37.017857 -16.742508
v -34.691147 -37.017853 -15.550613
v -32.736641 -37.017857 -13.946602
v -31.132624 -37.017857 -11.992103
v -29.940729 -37.017857 -9.762232
v -29.206768 -37.017868 -7.342677
v -28.958935 -37.017868 -4.826422
v -29.206768 -37.017868 -2.310173
v -29.940729 -37.017906 0.109381
v -31.132624 -37.017906 2.339256
v -32.736641 -37.017906 4.293754
v -34.691147 -37.017899 5.897765
v -36.921013 -37.017895 7.089661
v -39.340561 -37.017895 7.823622
v -41.856812 -37.017895 8.071454
v -44.373062 -37.017895 7.823622
v -46.792610 -37.017895 7.089661
v -49.022484 -37.017895 5.897765
v -50.977005 -37.017895 4.293754
v -52.581009 -37.017895 2.339256
v -53.772903 -37.017895 0.109380
v -54.506859 -37.017864 -2.310174
v 27.461956 -37.109852 -4.718042
v 27.660341 -37.109852 -2.703723
v 28.247900 -37.109875 -0.766811
v 29.202034 -37.109875 1.018258
v 30.486097 -37.109875 2.582883
v 32.050709 -37.109875 3.866938
v 33.835789 -37.109867 4.821076
v 35.772697 -37.109867 5.408630
v 37.787018 -37.109875 5.607028
v 39.801323 -37.109875 5.408630
v 41.738251 -37.109875 4.821076
v 43.523312 -37.109879 3.866938
v 45.087936 -37.109879 2.582883
v 46.372002 -37.109882 1.018258
v 47.326157 -37.109882 -0.766811
v 47.913700 -37.109856 -2.703719
v 48.112087 -37.109856 -4.718042
v 47.913700 -37.109856 -6.732369
v 47.326157 -37.109852 -8.669281
v 46.372002 -37.109852 -10.454344
v 45.087936 -37.109848 -12.018974
v 43.523323 -37.109848 -13.303024
v 41.738251 -37.109852 -14.257164
v 39.801323 -37.109852 -14.844719
v 37.787018 -37.109852 -15.043115
v 35.772697 -37.109852 -14.844719
v 33.835789 -37.109852 -14.257164
v 32.050709 -37.109840 -13.303026
v 30.486097 -37.109840 -12.018974
v 29.202034 -37.109840 -10.454350
v 28.247900 -37.109840 -8.669277
v 27.660341 -37.109852 -6.732363
v -54.754692 -37.017864 -4.826422
v -56.649570 -27.012348 -7.768883
v -55.791279 -27.012337 -10.598267
v -54.397499 -27.012337 -13.205841
v -52.521778 -27.012337 -15.491396
v -50.236214 -27.012337 -17.367102
v -47.628662 -27.012337 -18.760880
v -44.799278 -27.012337 -19.619165
v -41.856804 -27.012337 -19.908968
v -38.914349 -27.012337 -19.619165
v -36.084972 -27.012341 -18.760880
v -33.477409 -27.012341 -17.367102
v -31.191833 -27.012341 -15.491396
v -29.316130 -27.012341 -13.205841
v -27.922359 -27.012341 -10.598267
v -27.064072 -27.012360 -7.768883
v -26.774269 -27.012360 -4.826422
v -27.064072 -27.012360 -1.883965
v -27.922359 -27.012394 0.945418
v -29.316130 -27.012394 3.552995
v -31.191833 -27.012394 5.838549
v -33.477409 -27.012394 7.714260
v -36.084972 -27.012390 9.108039
v -38.914349 -27.012390 9.966317
v -41.856804 -27.012390 10.256129
v -44.799278 -27.012386 9.966317
v -47.628662 -27.012386 9.108039
v -50.236214 -27.012386 7.714260
v -52.521778 -27.012386 5.838549
v -54.397499 -27.012386 3.552995
v -55.791279 -27.012386 0.945418
v -56.649570 -27.012348 -1.883965
v -56.939377 -27.012348 -4.826422
v -44.374218 -27.012341 -5.327167
v -44.228165 -27.012341 -5.808669
v -43.990967 -27.012341 -6.252422
v -43.671768 -27.012341 -6.641376
v -43.282806 -27.012341 -6.960580
v -42.839058 -27.012341 -7.197771
v -42.357559 -27.012341 -7.343833
v -41.856812 -27.012341 -7.393152
v -41.356068 -27.012341 -7.343833
v -40.874577 -27.012341 -7.197771
v -40.430824 -27.012341 -6.960580
v -40.041866 -27.012341 -6.641376
v -39.722656 -27.012341 -6.252422
v -39.485470 -27.012341 -5.808669
v -39.339405 -27.012341 -5.327167
v 25.356426 -35.387768 -4.718042
v 25.595280 -35.387768 -2.292957
v 26.302647 -35.387802 0.038939
v 27.451361 -35.387802 2.188027
v 28.997269 -35.387802 4.071715
v 30.880957 -35.387802 5.617614
v 33.030041 -35.387802 6.766329
v 35.361931 -35.387802 7.473698
v 37.787025 -35.387802 7.712553
v 40.212112 -35.387802 7.473698
v 42.544003 -35.387802 6.766329
v 44.693077 -35.387806 5.617614
v 46.576771 -35.387806 4.071715
v 48.122677 -35.387806 2.188027
v 49.271393 -35.387806 0.038939
v 49.978767 -35.387779 -2.292955
v 50.217621 -35.387779 -4.718042
v 49.978767 -35.387779 -7.143134
v 49.271393 -35.387764 -9.475030
v 48.122677 -35.387764 -11.624115
v 46.576771 -35.387764 -13.507803
v 44.693077 -35.387764 -15.053701
v 42.544003 -35.387764 -16.202414
v 40.212112 -35.387764 -16.909788
v 37.787025 -35.387764 -17.148638
v 35.361931 -35.387764 -16.909788
v 33.030029 -35.387764 -16.202414
v 30.880957 -35.387760 -15.053705
v 28.997269 -35.387760 -13.507803
v 27.451361 -35.387760 -11.624115
v 26.302647 -35.387760 -9.475027
v 25.595280 -35.387768 -7.143131
v 37.787018 -37.109856 -4.718042
v -39.290081 -27.012341 -4.826422
v -54.506859 -35.636536 -7.342674
v -41.856812 -37.423359 -4.826422
v -57.389877 -23.307974 44.548599
v -4.983821 -24.533827 43.459736
v -60.947346 -31.052408 29.946987
v -61.280197 -30.255943 14.013662
v 1.372185 -29.627035 13.324008
v 45.077316 -29.417192 22.972336
v 67.938843 -27.108459 17.720646
v 67.243912 -25.993782 9.133509
v 48.358421 -29.023230 14.637685
v 50.226269 -25.637104 23.887062
v 4.664507 -27.194130 28.387112
v 3.246138 -28.766344 27.340466
v -57.076599 -18.913767 44.743828
v -1.381202 -21.480436 43.174393
v 4.637990 -24.184654 41.758656
v 36.429733 -21.810396 37.635551
v 67.912048 -25.061287 18.797190
v 67.922195 -19.349058 19.103367
v 67.630112 -18.054697 18.177584
v 56.871052 -18.013369 23.740559
v 50.226269 -17.450741 23.887062
v -61.280197 -23.927462 13.704476
v -61.280197 -21.454542 28.569626
v 67.124977 -17.723511 9.132259
v 20.175095 -29.318628 12.250257
v 18.701878 -27.446823 10.807633
v 14.074001 -26.577038 -2.364359
v -20.373888 -27.414036 -1.349363
v -24.484264 -28.421844 12.481375
v -26.651051 -34.324795 12.895861
v -25.409191 -30.026636 13.903236
v -58.298103 -30.471716 14.213621
v -31.045435 -31.669958 22.864645
v -53.730122 -30.753355 20.483570
v 54.342747 -28.361717 9.582079
v 72.017990 -26.841467 6.759491
v 72.680542 -16.594112 7.025244
v 64.980171 -29.850288 7.263510
v 69.507202 -29.483387 6.793218
v 54.323654 -29.850288 8.209770
v 52.175999 -32.498936 7.952836
v 53.789131 -32.531891 8.881578
v 57.959480 -31.554338 -4.752889
v 57.650032 -29.257669 -3.374157
v 65.662529 -28.985365 -3.716183
v 65.342300 -31.412981 -5.074158
v 68.426926 -28.003729 -9.627328
v 68.106697 -29.765396 -11.829314
v 57.916183 -29.765396 -10.058241
v 70.479668 -24.333944 -9.642105
v 70.880142 -16.413372 -10.517845
v 71.259041 -24.176075 -12.201090
v 72.706207 -15.389676 -13.405914
v 49.142220 -32.944290 12.575493
v 49.161064 -32.767326 10.422559
v 21.252323 -33.255905 11.315186
v 25.107412 -33.555897 14.367614
v 24.879593 -29.426861 16.422256
v 20.428089 -33.246792 9.269757
v 14.715471 -31.537657 -5.538588
v 24.741722 -33.255905 11.893713
v 16.488739 -31.537657 -8.275075
v -22.096077 -31.537657 -6.675911
v -21.489717 -32.032642 -4.344125
v -31.110767 -34.912910 18.069418
v -58.525558 -34.625126 13.302452
v -54.361557 -35.319691 18.053802
v -28.510878 -34.324795 12.247478
v -31.345835 -34.324795 15.795021
v -54.010410 -35.191666 15.955782
v -56.010910 -34.623444 12.698169
v -62.387123 -33.263508 -3.160505
v -60.833797 -33.201511 -5.571465
v -61.280197 -26.726971 -0.942264
v -58.788521 -27.375587 12.319584
v -61.280197 -26.858358 12.451024
v -66.625427 -26.756792 -2.409306
v -65.986526 -33.004852 -3.264027
v -65.986526 -33.004852 -4.685607
v -66.571236 -26.757961 -4.052758
v 68.078072 -28.599003 18.475300
v 67.164383 -27.188126 7.601686
v 68.078072 -25.580378 20.056557
v 68.078072 -18.792955 20.422081
v 67.642548 -15.298073 17.943525
v 66.984436 -16.311375 7.601686
v 65.097343 -26.196976 16.961010
v 64.837074 -18.830345 17.333408
v 64.420174 -24.778328 9.987187
v 65.605309 -25.061287 18.797190
v 65.615456 -19.349058 19.103367
v 64.342278 -19.075897 9.986055
v 64.694550 -18.724840 14.466059
v 64.855721 -25.838423 14.195625
v 67.384224 -17.893482 13.774517
v 65.632103 -27.108459 17.720646
v 65.323372 -18.054697 18.177584
v 64.490875 -19.178667 12.789011
v 64.636833 -25.112545 12.562658
v 65.279503 -26.542881 13.363609
v 64.937172 -25.993782 9.133509
v 65.072945 -17.890507 13.693245
v 64.818237 -17.723511 9.132259
v 66.236755 -19.286127 12.673521
v 66.984436 -15.017700 9.630036
v 71.408722 -13.878712 9.346140
v 67.672890 -16.724995 19.319887
v 67.144897 -14.989701 10.683891
v 68.422005 -14.989701 10.683891
v 68.919647 -15.298073 17.943525
v 68.349091 -13.843402 9.726770
v 68.970001 -10.393421 9.747119
v 72.680542 -15.255222 9.053595
v 68.361397 -13.843402 10.225277
v 71.677246 -10.394715 9.304459
v 68.961418 -10.393421 10.386248
v 71.675980 -10.394715 10.764627
v 71.406281 -13.878712 10.734671
v 73.038147 -13.600692 9.456474
v 73.263824 -10.672735 9.421446
v 73.036102 -13.600692 10.623398
v 73.262756 -10.672735 10.648575
v 74.579018 -13.600692 8.858240
v 74.804695 -10.672735 8.823212
v 74.576965 -13.600692 10.025163
v 74.803627 -10.672735 10.050340
v 73.043053 -13.602959 -7.596941
v 73.271263 -10.675002 -7.588391
v 74.669601 -13.602959 -7.891068
v 74.897812 -10.675002 -7.882519
v 72.046509 -13.936745 -7.599068
v 72.519958 -10.341217 -7.581329
v 75.420906 -13.936745 -8.209257
v 75.894356 -10.341217 -8.191519
v 71.188171 -13.936745 -10.507092
v 71.661621 -10.341217 -10.489354
v 74.562569 -13.936745 -11.117282
v 75.036018 -10.341217 -11.099544
v 71.557152 -13.360118 -7.891545
v 72.030602 -10.917845 -7.877398
v 70.698814 -13.360118 -10.211024
v 71.172264 -10.917845 -10.196877
v 69.940475 -13.360118 -7.891545
v 70.413925 -10.917845 -7.877398
v 69.082138 -13.360118 -10.211024
v 69.555588 -10.917845 -10.196877
v -57.439156 -26.336376 45.818092
v -46.859055 -23.461115 44.196087
v -46.792946 -25.898518 45.590637
v -56.402584 -21.757853 49.294815
v -61.458740 -21.757853 49.321579
v -61.754932 -23.101103 49.179863
v -56.767586 -23.101103 49.087200
v -57.548389 -21.757853 49.986668
v -61.458740 -21.757853 50.194031
v -61.754932 -23.101103 50.049393
v -57.722397 -23.101103 49.965363
v 4.615612 -21.536169 44.027519
v 38.413773 -21.980415 39.660641
v 38.376511 -25.080715 37.012207
v 4.664507 -20.025883 40.526886
v 36.895569 -20.372555 36.539272
v 4.516702 -22.110565 39.549171
v 38.390129 -23.743170 35.561558
v 39.850662 -20.835207 36.558182
v 39.850662 -20.835207 37.912987
v 39.391518 -23.433765 35.580467
v 39.850662 -22.741371 35.787170
v 39.850662 -23.446981 34.014351
v 39.850662 -21.305027 34.221054
v 53.006649 -26.210955 22.239607
v 53.492844 -25.494926 22.250839
v 51.675293 -26.575411 22.239607
v 51.702328 -24.409821 21.468599
v 4.721169 -21.425810 44.801186
v 26.532253 -21.631088 41.361065
v -1.370635 -20.390888 43.236317
v 24.552998 -21.679342 43.566025
v 3.037763 -20.311041 44.426922
v -3.628507 -19.006531 44.636086
v -0.912819 -21.448195 45.182510
v -19.261438 -20.688793 43.344711
v -17.164177 -18.473278 43.283531
v 17.621861 -27.243841 7.733665
v -23.432379 -28.042912 8.922153
v 17.078238 -27.141668 6.186385
v -22.981730 -27.950251 7.408707
v -25.252232 -30.171890 7.408707
v -25.753906 -30.264551 8.922153
v 19.948654 -29.465481 7.733665
v 19.343475 -29.363308 6.186385
v 57.538853 -16.422489 22.279293
v -47.190811 -13.327509 44.535675
v -46.206024 -13.327509 45.342712
v -4.195328 -13.327509 43.552494
v -5.180106 -13.327509 44.359535
v -47.190811 -11.077480 44.535675
v -46.206024 -11.077480 45.342712
v -4.195328 -11.077480 43.552494
v -5.180106 -11.077480 44.359535
v -47.190811 -5.230027 44.569572
v -46.206024 -5.230027 45.376610
v -4.195328 -5.230027 44.022907
v -5.180106 -5.230027 44.829948
v -47.190811 -2.979998 44.569572
v -46.206024 -2.979998 45.376610
v -4.195328 -2.979998 44.022907
v -5.180106 -2.979998 44.829948
v 77.835381 -11.980431 -0.186133
v 76.275757 -12.465367 -0.187159
v 76.270523 -11.649048 -0.244856
v 77.834999 -11.104677 -0.409985
v 77.831123 -10.395895 -0.813956
v 76.275757 -10.809932 -0.537548
v 76.270523 -10.163239 -1.039033
v 77.835381 -9.669475 -1.672316
v 76.269997 -9.621323 -1.762476
v 77.835381 -9.320358 -2.754507
v 76.269997 -9.310374 -2.856226
v 77.835381 -9.411950 -3.887916
v 76.270523 -9.369056 -3.657103
v 77.834999 -9.802352 -4.703169
v 76.275757 -9.661749 -4.496222
v 77.831123 -10.336836 -5.319514
v 76.270523 -10.163239 -5.142913
v 77.835381 -11.320421 -5.864530
v 76.269997 -10.886683 -5.684824
v 76.270523 -11.649048 -5.937090
v 77.835381 -12.449923 -5.995808
v 76.275757 -12.536299 -5.987797
v 77.835381 -13.543690 -5.684857
v 76.270523 -13.325680 -5.771961
v 77.835381 -14.435200 -4.979014
v 76.269997 -14.103194 -5.310969
v 77.834999 -14.896165 -4.201474
v 76.269997 -14.809031 -4.419470
v 77.835381 -15.109998 -3.427439
v 76.269997 -15.119981 -3.325720
v 77.834999 -15.061298 -2.524843
v 76.270523 -15.061298 -2.524843
v 77.835381 -14.809065 -1.762462
v 76.275757 -14.768605 -1.685724
v 77.831055 -14.077391 -0.842347
v 76.257523 -14.061122 -0.841684
v 77.840195 -13.079605 -0.312400
v 76.270523 -13.325680 -0.409985
v 74.685966 -12.545870 -1.428471
v 74.686081 -11.529807 -1.546187
v 74.686096 -10.813780 -2.154589
v 74.686195 -10.549368 -2.897353
v 74.685966 -10.649133 -3.739648
v 74.686119 -11.278784 -4.492383
v 74.686157 -12.021561 -4.756756
v 74.685966 -12.863854 -4.657016
v 74.686119 -13.616589 -4.027367
v 74.685585 -13.918966 -2.971516
v 74.685837 -13.439398 -1.926193
v 78.682640 -11.390859 -1.213598
v 78.687134 -10.497241 -1.980186
v 78.685196 -10.190457 -2.913070
v 78.692894 -10.336025 -3.869343
v 78.678833 -11.070412 -4.804235
v 78.686584 -12.042271 -5.114589
v 78.682640 -13.039495 -4.968348
v 78.687134 -13.933113 -4.201760
v 78.685196 -14.239898 -3.268871
v 78.693634 -14.031342 -2.135515
v 78.690102 -12.816581 -1.108408
v 70.219162 -10.813370 -2.154727
v 70.219162 -11.529398 -1.546330
v 70.219185 -11.278374 -4.492521
v 70.219048 -10.648723 -3.739791
v 70.219048 -12.863445 -4.657159
v 70.219231 -12.021152 -4.756894
v 70.219185 -13.616179 -4.027505
v 70.219048 -12.545461 -1.428614
v 70.218918 -13.438989 -1.926332
v 70.218658 -13.918556 -2.971654
v 70.219269 -10.548960 -2.897496
v 66.950409 -26.059784 16.846674
v 66.697433 -18.947090 17.206345
v 66.571136 -18.850420 14.582378
v 66.725479 -25.732393 14.320855
v 66.378487 -24.986143 12.455986
v 66.176865 -24.680262 10.098577
v 66.103355 -19.191616 10.097389
v -61.527298 -23.583977 -4.497232
v -57.891129 -21.229219 30.792202
v 65.525314 -21.229219 -6.518211
v 43.846733 -21.229219 23.407253
v 13.386956 -3.881161 3.922088
v -63.833160 -8.023576 0.914603
v -63.833160 -8.023576 38.290424
v -47.456497 -8.023576 0.914603
v -47.456497 -8.023576 38.290424
v -56.086849 -8.023576 43.796238
v -40.410599 -8.023576 43.796238
v -53.638870 -13.019068 8.278845
v -65.879883 -11.239738 13.734542
v -65.879883 -11.239738 26.440437
v -47.456497 -11.046805 31.896133
v -53.638870 -16.785267 8.278845
v -65.879883 -15.865534 13.734542
v -65.879883 -15.865534 26.440437
v -47.456497 -21.983631 31.896133
v -58.567986 -22.840874 8.278845
v -62.889275 -22.618004 16.699095
v -62.889275 -22.618004 23.475885
v -46.347954 -22.840874 31.896133
v -62.844902 -13.019068 8.278845
v -63.833157 -11.046764 31.896133
v -62.844902 -16.785267 8.278845
v -63.544952 -22.206501 23.475885
v -63.833160 -9.931222 12.426024
v -63.833160 -9.931222 27.748955
v -63.833160 -17.174051 12.426024
v -63.833160 -17.174051 27.748955
v -65.879883 -10.459078 12.953880
v -65.879883 -10.459078 27.221098
v -65.879883 -16.646194 12.953880
v -65.879883 -16.646194 27.221098
v -63.431992 -11.786218 12.593525
v -63.431992 -11.786218 25.299417
v -63.431992 -16.412012 12.593525
v -63.431992 -16.412012 25.299417
v -47.456497 -11.046805 8.278845
v -63.833160 -11.046805 8.278845
v -47.456497 -21.983631 8.278845
v -63.544952 -22.206501 16.699095
v -53.638870 -13.019068 -3.200432
v -62.844902 -13.019068 -3.200432
v -53.638870 -16.785267 -3.200432
v -62.844902 -16.785267 -3.200432
v -63.833160 -21.983631 8.278845
v -63.833160 -21.983631 31.896133
v -61.924000 -22.840874 8.278845
v -61.924000 -22.840874 31.896133
v -63.544952 -24.881477 16.699095
v -63.544952 -24.881477 23.475885
v -62.889275 -25.047379 16.699095
v -62.889275 -25.047379 23.475885
v -63.521118 -25.961952 16.699095
v -63.521118 -25.961952 23.475885
v -62.913109 -25.249674 16.699095
v -62.913109 -25.249674 23.475885
v -60.860641 -25.961952 16.699095
v -60.860641 -25.961952 23.475885
v -60.376175 -25.249674 16.699095
v -60.376175 -25.249674 23.475885
v -63.528511 -18.454700 41.659348
v -63.528511 -18.908674 41.731247
v -63.524204 -18.454700 30.474415
v -63.524204 -18.454700 41.553402
v -63.452301 -18.908674 30.474415
v -63.452301 -18.908674 41.553402
v -63.243633 -19.318211 30.474415
v -63.243633 -19.318211 41.553402
v -62.918621 -19.643221 30.474415
v -62.918621 -19.643221 41.553402
v -62.509083 -19.851891 30.474415
v -62.509083 -19.851891 41.553402
v -62.055111 -19.923792 30.474415
v -62.055111 -19.923792 41.553402
v -61.601135 -19.851891 30.474415
v -61.601135 -19.851891 41.553402
v -61.191597 -19.643221 30.474415
v -61.191597 -19.643221 41.553402
v -60.866585 -19.318211 30.474415
v -60.866585 -19.318211 41.553402
v -60.657917 -18.908674 30.474415
v -60.657917 -18.908674 41.553402
v -60.586014 -18.454700 30.474415
v -60.586014 -18.454700 41.553402
v -60.657917 -18.000725 30.474415
v -60.657917 -18.000725 41.553402
v -60.866585 -17.591187 30.474415
v -60.866585 -17.591187 41.553402
v -61.191597 -17.266174 30.474415
v -61.191597 -17.266174 41.553402
v -61.601135 -17.057505 30.474415
v -61.601135 -17.057505 41.553402
v -62.055111 -16.985605 30.474415
v -62.055111 -16.985605 41.553402
v -62.509083 -17.057505 30.474415
v -62.509083 -17.057505 41.553402
v -62.918621 -17.266174 30.474415
v -62.918621 -17.266174 41.553402
v -63.243633 -17.591187 30.474415
v -63.243633 -17.591187 41.553402
v -63.452301 -18.000725 30.474415
v -63.452301 -18.000725 41.553402
v -63.528511 -19.318211 41.939919
v -63.528511 -19.643221 42.264923
v -63.528511 -19.851891 42.674469
v -63.528511 -19.923792 43.128437
v -63.528511 -19.851891 43.582417
v -63.528511 -19.643221 43.991951
v -63.528511 -19.318211 44.316963
v -63.528511 -18.908674 44.525639
v -63.528511 -18.454700 44.597542
v -63.528511 -18.000725 44.525639
v -63.528511 -17.591187 44.316963
v -63.528511 -17.266174 43.991951
v -63.528511 -17.057505 43.582417
v -63.528511 -16.985605 43.128437
v -63.528511 -17.057505 42.674469
v -63.528511 -17.266174 42.264923
v -63.528511 -17.591187 41.939919
v -63.528511 -18.000725 41.731247
v -66.773491 -18.454700 41.659348
v -66.773491 -18.000725 41.731247
v -66.773491 -17.591187 41.939919
v -66.773491 -17.266174 42.264923
v -66.773491 -17.057505 42.674469
v -66.773491 -16.985605 43.128437
v -66.773491 -17.057505 43.582417
v -66.773491 -17.266174 43.991951
v -66.773491 -17.591187 44.316963
v -66.773491 -18.000725 44.525639
v -66.773491 -18.454700 44.597542
v -66.773491 -18.908674 44.525639
v -66.773491 -19.318211 44.316963
v -66.773491 -19.643221 43.991951
v -66.773491 -19.851891 43.582417
v -66.773491 -19.923792 43.128437
v -66.773491 -19.851891 42.674469
v -66.773491 -19.643221 42.264923
v -66.773491 -19.318211 41.939919
v -66.773491 -18.908674 41.731247
v -66.773491 -18.454700 42.296101
v -66.773491 -18.197489 42.336842
v -66.773491 -17.965462 42.455063
v -66.773491 -17.781319 42.639202
v -66.773491 -17.663095 42.871243
v -66.773491 -17.622356 43.128441
v -66.773491 -17.663095 43.385654
v -66.773491 -17.781319 43.617683
v -66.773491 -17.965462 43.801823
v -66.773491 -18.197489 43.920052
v -66.773491 -18.454700 43.960793
v -66.773491 -18.711908 43.920052
v -66.773491 -18.943935 43.801823
v -66.773491 -19.128078 43.617683
v -66.773491 -19.246302 43.385654
v -66.773491 -19.287041 43.128441
v -66.773491 -19.246302 42.871243
v -66.773491 -19.128078 42.639202
v -66.773491 -18.943935 42.455063
v -66.773491 -18.711908 42.336842
v -64.569008 -18.454700 42.296101
v -64.569008 -18.197489 42.336842
v -64.569008 -17.965462 42.455063
v -64.569008 -17.781319 42.639202
v -64.569008 -17.663095 42.871243
v -64.569008 -17.622356 43.128441
v -64.569008 -17.663095 43.385654
v -64.569008 -17.781319 43.617683
v -64.569008 -17.965462 43.801823
v -64.569008 -18.197489 43.920052
v -64.569008 -18.454700 43.960793
v -64.569008 -18.711908 43.920052
v -64.569008 -18.943935 43.801823
v -64.569008 -19.128078 43.617683
v -64.569008 -19.246302 43.385654
v -64.569008 -19.287041 43.128441
v -64.569008 -19.246302 42.871243
v -64.569008 -19.128078 42.639202
v -64.569008 -18.943935 42.455063
v -64.569008 -18.711908 42.336842
v -63.528511 -13.164816 41.659348
v -63.528511 -13.618793 41.731247
v -63.524204 -13.164816 30.702898
v -63.524204 -13.164816 41.553402
v -63.452301 -13.618793 30.702898
v -63.452301 -13.618793 41.553402
v -63.243633 -14.028330 30.702898
v -63.243633 -14.028330 41.553402
v -62.918621 -14.353342 30.702898
v -62.918621 -14.353342 41.553402
v -62.509083 -14.562008 30.702898
v -62.509083 -14.562008 41.553402
v -62.055111 -14.633911 30.702898
v -62.055111 -14.633911 41.553402
v -61.601135 -14.562008 30.702898
v -61.601135 -14.562008 41.553402
v -61.191597 -14.353342 30.702898
v -61.191597 -14.353342 41.553402
v -60.866585 -14.028330 30.702898
v -60.866585 -14.028330 41.553402
v -60.657917 -13.618793 30.702898
v -60.657917 -13.618793 41.553402
v -60.586014 -13.164816 30.702898
v -60.586014 -13.164816 41.553402
v -60.657917 -12.710840 30.702898
v -60.657917 -12.710840 41.553402
v -60.866585 -12.301304 30.702898
v -60.866585 -12.301304 41.553402
v -61.191597 -11.976292 30.702898
v -61.191597 -11.976292 41.553402
v -61.601135 -11.767624 30.702898
v -61.601135 -11.767624 41.553402
v -62.055111 -11.695721 30.702898
v -62.055111 -11.695721 41.553402
v -62.509083 -11.767624 30.702898
v -62.509083 -11.767624 41.553402
v -62.918621 -11.976292 30.702898
v -62.918621 -11.976292 41.553402
v -63.243633 -12.301304 30.702898
v -63.243633 -12.301304 41.553402
v -63.452301 -12.710840 30.702898
v -63.452301 -12.710840 41.553402
v -63.528511 -14.028330 41.939919
v -63.528511 -14.353342 42.264923
v -63.528511 -14.562008 42.674469
v -63.528511 -14.633911 43.128437
v -63.528511 -14.562008 43.582417
v -63.528511 -14.353342 43.991951
v -63.528511 -14.028330 44.316963
v -63.528511 -13.618793 44.525639
v -63.528511 -13.164816 44.597542
v -63.528511 -12.710840 44.525639
v -63.528511 -12.301304 44.316963
v -63.528511 -11.976292 43.991951
v -63.528511 -11.767624 43.582417
v -63.528511 -11.695721 43.128437
v -63.528511 -11.767624 42.674469
v -63.528511 -11.976292 42.264923
v -63.528511 -12.301304 41.939919
v -63.528511 -12.710840 41.731247
v -66.773491 -13.164816 41.659348
v -66.773491 -12.710840 41.731247
v -66.773491 -12.301304 41.939919
v -66.773491 -11.976292 42.264923
v -66.773491 -11.767624 42.674469
v -66.773491 -11.695721 43.128437
v -66.773491 -11.767624 43.582417
v -66.773491 -11.976292 43.991951
v -66.773491 -12.301304 44.316963
v -66.773491 -12.710840 44.525639
v -66.773491 -13.164816 44.597542
v -66.773491 -13.618793 44.525639
v -66.773491 -14.028330 44.316963
v -66.773491 -14.353342 43.991951
v -66.773491 -14.562008 43.582417
v -66.773491 -14.633911 43.128437
v -66.773491 -14.562008 42.674469
v -66.773491 -14.353342 42.264923
v -66.773491 -14.028330 41.939919
v -66.773491 -13.618793 41.731247
v -66.773491 -13.164816 42.296101
v -66.773491 -12.907608 42.336842
v -66.773491 -12.675581 42.455063
v -66.773491 -12.491436 42.639202
v -66.773491 -12.373214 42.871243
v -66.773491 -12.332476 43.128441
v -66.773491 -12.373214 43.385654
v -66.773491 -12.491436 43.617683
v -66.773491 -12.675581 43.801823
v -66.773491 -12.907608 43.920052
v -66.773491 -13.164816 43.960793
v -66.773491 -13.422027 43.920052
v -66.773491 -13.654053 43.801823
v -66.773491 -13.838196 43.617683
v -66.773491 -13.956421 43.385654
v -66.773491 -13.997159 43.128441
v -66.773491 -13.956421 42.871243
v -66.773491 -13.838196 42.639202
v -66.773491 -13.654053 42.455063
v -66.773491 -13.422027 42.336842
v -64.569008 -13.164816 42.296101
v -64.569008 -12.907608 42.336842
v -64.569008 -12.675581 42.455063
v -64.569008 -12.491436 42.639202
v -64.569008 -12.373214 42.871243
v -64.569008 -12.332476 43.128441
v -64.569008 -12.373214 43.385654
v -64.569008 -12.491436 43.617683
v -64.569008 -12.675581 43.801823
v -64.569008 -12.907608 43.920052
v -64.569008 -13.164816 43.960793
v -64.569008 -13.422027 43.920052
v -64.569008 -13.654053 43.801823
v -64.569008 -13.838196 43.617683
v -64.569008 -13.956421 43.385654
v -64.569008 -13.997159 43.128441
v -64.569008 -13.956421 42.871243
v -64.569008 -13.838196 42.639202
v -64.569008 -13.654053 42.455063
v -64.569008 -13.422027 42.336842
v -52.622787 -1.524033 4.072600
v -69.898285 -1.021862 6.597181
v -52.622787 -2.996614 4.519301
v -69.898285 -2.011570 6.897407
v -52.622787 -4.353752 5.244708
v -69.898285 -2.923690 7.384945
v -52.622787 -5.543293 6.220939
v -69.898285 -3.723170 8.041061
v -52.622787 -6.519524 7.410480
v -69.898285 -4.379286 8.840541
v -52.622787 -7.244930 8.767618
v -69.898285 -4.866825 9.752661
v -52.622787 -7.691632 10.240200
v -69.898285 -5.167049 10.742369
v -52.622787 -7.842465 11.771631
v -69.898285 -5.268423 11.771631
v -52.622787 -7.691632 13.303064
v -69.898285 -5.167049 12.800893
v -52.622787 -7.244930 14.775646
v -69.898285 -4.866825 13.790600
v -52.622787 -6.519524 16.132782
v -69.898285 -4.379286 14.702721
v -52.622787 -5.543293 17.322325
v -69.898285 -3.723170 15.502200
v -52.622787 -4.353752 18.298555
v -69.898285 -2.923690 16.158318
v -52.622787 -2.996614 19.023962
v -69.898285 -2.011570 16.645855
v -52.622787 -1.524033 19.470663
v -69.898285 -1.021862 16.946079
v -68.322517 -1.524033 4.072598
v -68.322517 -2.996614 4.519301
v -68.322517 -4.353752 5.244707
v -68.322517 -5.543293 6.220938
v -68.322517 -6.519524 7.410480
v -68.322517 -7.244930 8.767618
v -68.322517 -7.691632 10.240198
v -68.322517 -7.842465 11.771631
v -68.322517 -7.691632 13.303062
v -68.322517 -7.244930 14.775644
v -68.322517 -6.519524 16.132782
v -68.322517 -5.543293 17.322323
v -68.322517 -4.353752 18.298553
v -68.322517 -2.996614 19.023960
v -68.322517 -1.524033 19.470663
v -69.898285 -1.342032 4.987577
v -69.898285 -2.639606 5.381193
v -69.898285 -3.835458 6.020389
v -69.898285 -4.883630 6.880602
v -69.898285 -5.743842 7.928773
v -69.898285 -6.383038 9.124624
v -69.898285 -6.776653 10.422199
v -69.898285 -6.909560 11.771631
v -69.898285 -6.776653 13.121062
v -69.898285 -6.383038 14.418638
v -69.898285 -5.743842 15.614489
v -69.898285 -4.883630 16.662659
v -69.898285 -3.835458 17.522873
v -69.898285 -2.639606 18.162067
v -69.898285 -1.342032 18.555683
v -68.415642 -1.021862 6.597181
v -68.415642 -2.011570 6.897407
v -68.415642 -2.923690 7.384945
v -68.415642 -3.723170 8.041061
v -68.415642 -4.379286 8.840541
v -68.415642 -4.866825 9.752661
v -68.415642 -5.167049 10.742369
v -68.415642 -5.268423 11.771631
v -68.415642 -5.167049 12.800893
v -68.415642 -4.866825 13.790600
v -68.415642 -4.379286 14.702721
v -68.415642 -3.723170 15.502200
v -68.415642 -2.923690 16.158318
v -68.415642 -2.011570 16.645855
v -68.415642 -1.021862 16.946079
v -68.415634 -1.604912 7.879166
v -68.415634 -2.333314 8.268505
v -68.415634 -2.971764 8.792467
v -68.415634 -3.495726 9.430917
v -68.415634 -3.885065 10.159319
v -68.415634 -4.124819 10.949680
v -68.415634 -4.205775 11.771631
v -68.415634 -4.124819 12.593579
v -68.415634 -3.885065 13.383942
v -68.415634 -3.495726 14.112344
v -68.415634 -2.971764 14.750794
v -68.415634 -2.333314 15.274755
v -68.415634 -1.604912 15.664096
v -63.210609 -1.604912 7.879166
v -63.210609 -2.333314 8.268505
v -63.210609 -2.971764 8.792467
v -63.210609 -3.495726 9.430916
v -63.210609 -3.885065 10.159319
v -63.210609 -4.124819 10.949680
v -63.210609 -4.205775 11.771631
v -63.210609 -4.124819 12.593579
v -63.210609 -3.885065 13.383942
v -63.210609 -3.495726 14.112344
v -63.210609 -2.971764 14.750794
v -63.210609 -2.333314 15.274755
v -63.210609 -1.604912 15.664096
v -52.622780 -1.524033 21.764690
v -69.898285 -1.021862 24.289274
v -52.622780 -2.996614 22.211395
v -69.898285 -2.011570 24.589499
v -52.622780 -4.353751 22.936798
v -69.898285 -2.923689 25.077036
v -52.622780 -5.543292 23.913031
v -69.898285 -3.723170 25.733150
v -52.622780 -6.519524 25.102573
v -69.898285 -4.379286 26.532631
v -52.622780 -7.244929 26.459709
v -69.898285 -4.866824 27.444754
v -52.622780 -7.691631 27.932291
v -69.898285 -5.167048 28.434464
v -52.622780 -7.842464 29.463720
v -69.898285 -5.268422 29.463720
v -52.622780 -7.691631 30.995155
v -69.898285 -5.167048 30.492983
v -52.622787 -7.244929 32.467735
v -69.898285 -4.866824 31.482693
v -52.622787 -6.519524 33.824875
v -69.898285 -4.379286 32.394810
v -52.622787 -5.543292 35.014416
v -69.898285 -3.723170 33.194290
v -52.622787 -4.353751 35.990646
v -69.898285 -2.923689 33.850407
v -52.622787 -2.996614 36.716049
v -69.898285 -2.011570 34.337944
v -52.622787 -1.524033 37.162750
v -69.898285 -1.021862 34.638172
v -68.322510 -1.524033 21.764690
v -68.322510 -2.996614 22.211395
v -68.322510 -4.353751 22.936798
v -68.322510 -5.543292 23.913031
v -68.322510 -6.519524 25.102573
v -68.322510 -7.244929 26.459709
v -68.322510 -7.691631 27.932291
v -68.322510 -7.842464 29.463720
v -68.322510 -7.691631 30.995155
v -68.322510 -7.244929 32.467735
v -68.322510 -6.519524 33.824875
v -68.322510 -5.543292 35.014416
v -68.322510 -4.353751 35.990646
v -68.322510 -2.996614 36.716049
v -68.322510 -1.524033 37.162750
v -69.898285 -1.342032 22.679668
v -69.898285 -2.639606 23.073284
v -69.898285 -3.835457 23.712481
v -69.898285 -4.883629 24.572693
v -69.898285 -5.743842 25.620865
v -69.898285 -6.383038 26.816715
v -69.898285 -6.776652 28.114290
v -69.898285 -6.909559 29.463720
v -69.898285 -6.776652 30.813152
v -69.898285 -6.383038 32.110725
v -69.898285 -5.743842 33.306580
v -69.898285 -4.883629 34.354752
v -69.898285 -3.835457 35.214962
v -69.898285 -2.639606 35.854156
v -69.898285 -1.342032 36.247772
v -68.415634 -1.021862 24.289274
v -68.415634 -2.011570 24.589499
v -68.415634 -2.923689 25.077036
v -68.415634 -3.723170 25.733150
v -68.415634 -4.379286 26.532631
v -68.415634 -4.866824 27.444754
v -68.415634 -5.167048 28.434464
v -68.415634 -5.268422 29.463720
v -68.415634 -5.167048 30.492983
v -68.415634 -4.866824 31.482693
v -68.415634 -4.379286 32.394810
v -68.415634 -3.723170 33.194290
v -68.415634 -2.923689 33.850407
v -68.415634 -2.011570 34.337944
v -68.415634 -1.021862 34.638172
v -68.415634 -1.604912 25.571255
v -68.415634 -2.333314 25.960598
v -68.415634 -2.971764 26.484558
v -68.415634 -3.495726 27.123009
v -68.415634 -3.885065 27.851410
v -68.415634 -4.124818 28.641773
v -68.415634 -4.205774 29.463720
v -68.415634 -4.124818 30.285671
v -68.415634 -3.885065 31.076033
v -68.415634 -3.495726 31.804436
v -68.415634 -2.971764 32.442886
v -68.415634 -2.333314 32.966846
v -68.415634 -1.604912 33.356186
v -63.210609 -1.604912 25.571255
v -63.210609 -2.333314 25.960596
v -63.210609 -2.971764 26.484556
v -63.210609 -3.495726 27.123009
v -63.210609 -3.885065 27.851410
v -63.210609 -4.124818 28.641773
v -63.210609 -4.205774 29.463720
v -63.210609 -4.124818 30.285671
v -63.210609 -3.885065 31.076033
v -63.210609 -3.495726 31.804436
v -63.210609 -2.971764 32.442886
v -63.210609 -2.333314 32.966846
v -63.210609 -1.604912 33.356186
vn -0.9952 0.0044 0.0980
vn -0.9569 0.0105 0.2903
vn -0.8818 0.0163 0.4713
vn -0.7728 0.0215 0.6342
vn -0.6342 0.0259 0.7728
vn -0.4712 0.0293 0.8815
vn -0.2901 0.0317 0.9565
vn -0.0980 0.0329 0.9946
vn 0.0980 0.0329 0.9946
vn 0.2901 0.0317 0.9565
vn 0.4712 0.0293 0.8815
vn 0.6342 0.0259 0.7728
vn 0.7728 0.0215 0.6343
vn 0.8818 0.0163 0.4713
vn 0.9569 0.0105 0.2902
vn 0.9952 0.0044 0.0980
vn 0.9952 -0.0019 -0.0980
vn 0.9569 -0.0080 -0.2903
vn 0.8818 -0.0138 -0.4713
vn 0.7729 -0.0189 -0.6343
vn 0.6342 -0.0234 -0.7728
vn 0.4712 -0.0268 -0.8816
vn 0.2902 -0.0292 -0.9565
vn 0.0980 -0.0304 -0.9947
vn -0.0980 -0.0304 -0.9947
vn -0.2902 -0.0292 -0.9565
vn -0.4712 -0.0268 -0.8816
vn -0.6342 -0.0234 -0.7728
vn -0.7729 -0.0189 -0.6343
vn -0.8818 -0.0138 -0.4714
vn -0.9569 -0.0080 -0.2903
vn -0.9952 -0.0019 -0.0980
vn -0.6076 0.7726 -0.1843
vn -0.1843 0.7726 -0.6076
vn 0.5600 0.7726 -0.2993
vn 0.6076 0.7726 0.1843
vn 0.4908 0.7726 0.4028
vn 0.1843 0.7726 0.6076
vn -0.4028 0.7726 0.4908
vn -0.6076 0.7726 0.1843
vn 0.6344 -0.0000 -0.7730
vn 0.7730 -0.0000 -0.6344
vn 0.9952 -0.0000 -0.0980
vn 0.2903 -0.0000 0.9569
vn -0.7730 -0.0000 0.6344
vn -0.9569 -0.0000 -0.2903
vn -0.7730 -0.0000 -0.6344
vn -0.2903 -0.0000 -0.9569
vn -0.0000 1.0000 -0.0000
vn -0.4714 -0.0000 0.8819
vn -0.8819 -0.0000 0.4714
vn -0.6344 -0.0000 -0.7730
vn 0.8819 -0.0000 0.4714
vn 0.4714 -0.0000 0.8819
vn 0.0980 -0.0000 0.9952
vn -0.4028 0.7726 -0.4908
vn -0.1843 0.7726 0.6076
vn -0.2903 -0.0000 0.9569
vn 0.1843 0.7726 -0.6076
vn 0.6344 -0.0000 0.7730
vn -0.4714 -0.0000 -0.8819
vn -0.4908 0.7726 0.4028
vn -0.6344 -0.0000 0.7730
vn 0.6076 0.7726 -0.1843
vn -0.0980 -0.0000 -0.9952
vn -0.6319 0.7726 0.0622
vn 0.5600 0.7726 0.2993
vn -0.9569 -0.0000 0.2903
vn 0.2903 -0.0000 -0.9569
vn 0.9952 -0.0000 0.0980
vn 0.4028 0.7726 0.4908
vn -0.8819 -0.0000 -0.4714
vn -0.6319 0.7726 -0.0622
vn 0.9569 -0.0000 0.2903
vn 0.4699 0.0787 0.8792
vn -0.0000 -1.0000 -0.0000
vn 0.2892 0.0853 0.9535
vn -0.4699 0.0787 0.8792
vn -0.6329 0.0692 0.7712
vn -0.8812 -0.0403 -0.4710
vn -0.8811 0.0428 0.4710
vn -0.7719 -0.0546 -0.6334
vn -0.2893 -0.0828 -0.9537
vn -0.0977 -0.0861 -0.9915
vn 0.0977 -0.0861 -0.9915
vn 0.4700 -0.0762 -0.8794
vn 0.9567 -0.0243 -0.2902
vn 0.9951 0.0099 0.0980
vn 0.9566 0.0268 0.2902
vn 0.6329 0.0692 0.7711
vn -0.0980 -0.0000 0.9952
vn 0.4714 -0.0000 -0.8819
vn 0.0980 -0.0000 -0.9952
vn 0.7730 -0.0000 0.6344
vn -0.9952 -0.0000 0.0980
vn 0.9569 -0.0000 -0.2903
vn -0.9952 -0.0000 -0.0980
vn 0.8819 -0.0000 -0.4714
vn 1.0000 -0.0000 -0.0000
vn -0.0787 -0.0000 -0.9969
vn 0.2595 -0.0000 0.9657
vn -0.9923 -0.0000 -0.1240
vn 0.9956 -0.0000 0.0935
vn 0.0370 -0.0000 -0.9993
vn 0.0137 -0.0000 0.9999
vn -1.0000 -0.0000 -0.0000
vn -0.4908 0.7726 -0.4028
vn 0.0622 0.7726 -0.6319
vn -0.0622 0.7726 -0.6319
vn 0.4908 0.7726 -0.4028
vn 0.6319 0.7726 0.0622
vn 0.2993 0.7726 0.5600
vn 0.2993 0.7726 -0.5600
vn 0.0622 0.7726 0.6319
vn -0.4700 -0.0762 -0.8793
vn 0.6330 -0.0667 -0.7713
vn 0.8812 -0.0403 -0.4710
vn 0.7717 0.0571 0.6334
vn 0.0976 0.0886 0.9913
vn -0.2892 0.0853 0.9535
vn -0.5600 0.7726 0.2993
vn -0.2993 0.7726 0.5600
vn -0.0622 0.7726 0.6319
vn 0.6319 0.7726 -0.0622
vn 0.4028 0.7726 -0.4908
vn -0.2993 0.7726 -0.5600
vn -0.5600 0.7726 -0.2993
vn 0.7719 -0.0546 -0.6335
vn 0.9952 -0.0074 -0.0980
vn 0.8811 0.0428 0.4710
vn -0.0976 0.0886 0.9913
vn -0.7718 0.0571 0.6333
vn -0.9567 -0.0243 -0.2902
vn -0.6330 -0.0667 -0.7713
vn 0.0980 0.0330 0.9946
vn 0.6342 0.0259 0.7727
vn 0.7728 0.0215 0.6342
vn 0.9569 0.0105 0.2903
vn 0.9952 0.0044 0.0981
vn 0.9569 -0.0080 -0.2902
vn -0.9952 -0.0074 -0.0980
vn -0.4700 -0.0762 -0.8794
vn 0.2893 -0.0828 -0.9537
vn 0.7719 -0.0546 -0.6334
vn 0.7718 0.0571 0.6334
vn -0.9566 0.0268 0.2902
vn -0.9951 0.0099 0.0980
vn 0.6329 0.0692 0.7712
vn 0.0193 -0.0704 0.9973
vn -0.0343 0.9977 -0.0577
vn -0.0278 0.9996 0.0054
vn 0.0250 0.0739 0.9970
vn 0.1770 0.1175 0.9772
vn 0.0471 0.9251 0.3767
vn 0.1039 0.3653 0.9251
vn 0.7020 -0.0000 0.7122
vn 0.0220 -0.0000 0.9998
vn 0.2802 0.0516 0.9585
vn 0.0220 0.0003 0.9998
vn 0.2796 0.0135 0.9600
vn 0.1881 0.4557 0.8700
vn -0.9596 -0.0269 0.2802
vn -0.9614 -0.1196 0.2479
vn -0.9993 0.0319 0.0193
vn -0.0000 -0.9917 0.1287
vn -0.0000 -0.4654 -0.8851
vn -0.0000 -0.0000 -1.0000
vn 0.0247 0.9966 -0.0782
vn -0.0342 0.6268 -0.7784
vn -0.0064 0.6611 -0.7503
vn -0.0108 0.7178 -0.6961
vn 0.0865 0.9518 0.2941
vn 0.0221 0.9970 -0.0736
vn -0.0727 0.9973 0.0082
vn -0.0234 0.9985 -0.0494
vn 0.0698 0.9885 -0.1341
vn 0.0380 0.9956 -0.0853
vn 0.0991 0.0322 0.9946
vn 0.1184 0.2202 0.9682
vn 0.0471 0.5094 0.8592
vn 0.0306 0.9966 -0.0766
vn 0.9562 0.0448 0.2893
vn 0.1706 0.2607 0.9502
vn 0.8784 0.3163 0.3583
vn -0.0441 0.9663 -0.2537
vn 0.0729 0.9946 -0.0738
vn 0.8620 0.4828 -0.1547
vn 0.9928 0.0615 -0.1025
vn 0.8510 0.4635 0.2471
vn 0.9568 0.0163 0.2904
vn 0.8542 0.0700 0.5153
vn 0.8432 -0.0683 0.5332
vn 0.9946 0.0198 -0.1023
vn 0.0651 0.6768 0.7333
vn 0.9756 0.1556 0.1552
vn 0.6405 0.2533 0.7250
vn -0.6194 0.3769 0.6887
vn 0.0204 0.9922 -0.1233
vn -0.4740 0.8355 -0.2779
vn 0.0140 0.9990 -0.0417
vn 0.0778 0.4518 0.8887
vn 0.0150 0.9965 -0.0818
vn 0.0008 1.0000 -0.0048
vn -0.1107 0.9913 -0.0717
vn -0.8445 0.3572 0.3990
vn -0.9040 0.3072 0.2973
vn 0.0351 0.5497 0.8346
vn 0.9176 0.3203 0.2354
vn 0.9070 0.3486 0.2362
vn 0.7291 0.3487 0.5889
vn -0.7970 0.1941 0.5719
vn 0.0076 0.4706 0.8823
vn -0.1443 0.9615 -0.2337
vn -0.1061 0.9779 -0.1800
vn -0.0355 0.9880 -0.1505
vn -0.0181 0.9968 -0.0782
vn 0.0175 0.9982 -0.0580
vn -0.1335 0.4141 -0.9004
vn -0.2037 0.9790 -0.0096
vn -0.9686 0.0015 0.2484
vn -0.9828 0.0107 0.1841
vn -0.0478 0.9973 -0.0564
vn -0.9956 0.0932 -0.0000
vn -0.2533 0.2721 0.9283
vn -0.2646 0.0140 0.9643
vn -0.9995 0.0014 -0.0330
vn -0.1133 0.0041 0.9936
vn -1.0000 -0.0047 -0.0009
vn 0.9957 -0.0559 -0.0733
vn 0.9927 -0.0065 -0.1201
vn 0.9924 -0.0672 -0.1031
vn 0.9812 -0.1066 -0.1608
vn 0.9980 -0.0272 -0.0577
vn 0.9979 -0.0143 -0.0630
vn 0.9588 -0.0135 -0.2836
vn 0.0637 0.0365 0.9973
vn -0.0000 -0.0002 1.0000
vn -0.0000 0.5818 -0.8134
vn -0.0000 -0.0535 -0.9986
vn -0.0000 0.9993 -0.0366
vn 0.0650 0.9889 -0.1339
vn 0.8416 -0.0569 -0.5371
vn 0.8866 0.4585 -0.0609
vn 0.8642 -0.5032 -0.0046
vn 0.8921 -0.0030 0.4518
vn 0.9986 -0.0242 -0.0472
vn 0.0651 0.0481 0.9967
vn 0.0644 -0.0394 -0.9971
vn 0.0649 -0.9973 0.0336
vn 0.9165 -0.3993 -0.0223
vn 0.9284 0.3663 -0.0626
vn 0.8627 -0.0119 0.5056
vn 0.8117 -0.0422 -0.5826
vn 0.9986 -0.0134 -0.0512
vn 0.0636 -0.9974 0.0333
vn 0.0631 -0.0007 -0.9980
vn 0.0637 0.9890 -0.1337
vn -0.0116 0.9999 -0.0000
vn 0.0143 0.8345 0.5508
vn 0.9998 0.0214 -0.0000
vn 0.9927 0.0445 -0.1118
vn 0.9964 0.0466 -0.0703
vn 0.9986 0.0415 -0.0342
vn 0.9961 0.0407 -0.0783
vn -0.0000 0.9991 -0.0424
vn -0.0000 -0.0000 1.0000
vn -0.0640 -0.0022 0.9979
vn 0.2188 0.0052 0.9758
vn 0.1177 -0.0121 0.9930
vn 0.0912 0.1866 0.9782
vn -0.1652 0.0173 0.9861
vn 0.1726 -0.9850 0.0001
vn 0.0005 -1.0000 -0.0000
vn -0.9839 -0.1769 0.0243
vn 0.0705 0.0174 -0.9974
vn 0.0705 0.0140 0.9974
vn 0.1682 0.9858 0.0003
vn 0.9970 0.0768 0.0009
vn 0.0001 1.0000 0.0001
vn 0.3617 0.0360 0.9316
vn 0.1567 0.4735 0.8668
vn -0.9970 -0.0777 -0.0004
vn -0.0000 -1.0000 -0.0001
vn 0.9970 0.0768 0.0054
vn 0.0078 0.0035 1.0000
vn 0.1664 -0.3550 0.9200
vn 0.3776 0.0321 0.9254
vn -0.1779 -0.0283 -0.9836
vn -0.7967 0.5568 0.2351
vn 0.9517 0.1239 -0.2809
vn -0.5770 -0.0720 0.8136
vn -0.6725 -0.6970 0.2489
vn -0.4360 -0.0897 -0.8954
vn -0.0000 0.0058 1.0000
vn -0.0000 -0.0058 -1.0000
vn -0.7812 -0.0000 -0.6243
vn -0.0601 -0.0000 -0.9982
vn 0.9669 -0.0000 -0.2552
vn -0.9471 -0.0000 -0.3210
vn -0.1712 -0.0000 -0.9852
vn 0.9255 -0.0000 -0.3787
vn -0.6337 -0.0000 -0.7736
vn -0.0071 -0.0000 -1.0000
vn -0.0414 -0.0000 -0.9991
vn -0.9528 -0.0000 -0.3037
vn 0.8521 -0.0000 -0.5233
vn -0.3243 -0.0000 -0.9460
vn 0.1718 0.1616 -0.9718
vn -0.7079 0.2632 -0.6554
vn -0.0016 -0.9507 -0.3102
vn 0.0207 0.1115 0.9935
vn -0.9765 -0.2153 -0.0000
vn 0.4987 0.2632 0.8259
vn 0.0530 -0.0000 0.9986
vn 0.5169 -0.0000 0.8561
vn -0.0053 -0.0000 -1.0000
vn -0.0298 0.9890 0.1451
vn 0.0893 0.6475 0.7568
vn -0.1068 -0.0267 -0.9939
vn -0.0038 0.9899 0.1417
vn -0.4468 -0.4057 -0.7974
vn -0.1133 0.6469 0.7541
vn 0.9054 0.2820 0.3174
vn -0.1025 -0.2349 -0.9666
vn 0.1061 -0.5809 0.8070
vn 0.2923 0.9517 0.0937
vn -0.1145 0.7274 -0.6766
vn 0.6351 0.5751 0.5157
vn 0.6338 -0.5700 0.5228
vn -0.6265 0.0522 -0.7776
vn -0.3705 -0.3483 -0.8611
vn 0.5175 -0.4065 0.7530
vn 0.1942 0.0223 0.9807
vn 0.7707 -0.0054 0.6372
vn 0.0917 0.3350 -0.9377
vn 0.5277 0.5446 0.6519
vn 0.2341 0.8552 0.4623
vn -0.7228 -0.0664 -0.6879
vn 0.7439 -0.0169 0.6681
vn -0.0103 0.0178 -0.9998
vn 0.0610 0.0749 0.9953
vn -0.0942 -0.1165 0.9887
vn -0.2583 0.0676 0.9637
vn 0.0927 -0.7787 -0.6206
vn -0.2619 0.0760 0.9621
vn -0.0168 -0.0741 -0.9971
vn 0.0050 0.9999 0.0149
vn 0.1003 0.0753 0.9921
vn 0.0161 0.9973 -0.0722
vn 0.0173 0.9973 -0.0719
vn -0.0299 0.0305 -0.9991
vn 0.6741 -0.7060 -0.2170
vn -0.6901 -0.7053 -0.1623
vn 0.0265 0.0277 0.9993
vn -0.3305 -0.0173 -0.9436
vn -0.2559 -0.0000 -0.9667
vn -0.1657 -0.0840 -0.9826
vn 0.9149 0.0135 0.4034
vn 0.2669 -0.5888 0.7630
vn 0.6339 -0.0000 0.7735
vn -0.6339 -0.0000 0.7735
vn 0.0240 -0.0000 0.9997
vn 0.0133 -0.0000 0.9999
vn 0.0225 -0.4951 0.8685
vn 0.0240 -0.9017 -0.4318
vn 0.0339 -0.4845 -0.8741
vn 0.0346 0.6204 -0.7836
vn 0.0231 0.8600 -0.5098
vn 0.0348 0.1139 0.9929
vn -0.6118 0.7457 0.2639
vn -0.6004 -0.4797 -0.6398
vn -0.5970 0.1977 0.7775
vn -0.6004 -0.6398 0.4797
vn -0.5970 -0.7563 -0.2675
vn -0.6020 0.4069 -0.6870
vn -0.5996 -0.2669 0.7545
vn -0.6335 0.4965 -0.5934
vn -0.6032 -0.0420 -0.7965
vn -0.5946 0.8018 0.0591
vn -0.5969 0.6290 -0.4980
vn 0.6971 0.6169 -0.3654
vn 0.6985 0.1957 -0.6883
vn 0.6977 -0.5451 0.4648
vn 0.6898 -0.3532 -0.6320
vn 0.6944 0.0791 0.7152
vn 0.6996 0.5577 0.4468
vn 0.7079 -0.1752 0.6843
vn 0.7003 -0.6437 -0.3086
vn 0.7634 0.4158 0.4944
vn 0.6974 -0.0827 -0.7119
vn 0.6966 0.3415 0.6309
vn 0.7060 0.6725 0.2221
vn -0.0225 -0.0703 0.9973
vn -0.0099 -0.8003 0.5995
vn -0.0226 -0.6125 0.7901
vn -0.0116 -0.9618 0.2734
vn 0.0154 -0.9966 -0.0805
vn 0.0099 -0.7554 -0.6552
vn -0.0227 -0.9439 -0.3294
vn -0.0083 -0.0570 -0.9983
vn -0.0239 -0.5994 -0.8001
vn -0.0219 -0.3141 -0.9492
vn 0.0154 0.2734 -0.9618
vn -0.0112 0.9638 -0.2663
vn -0.0232 0.5099 -0.8599
vn -0.0346 0.7835 -0.6204
vn -0.0000 0.9973 0.0731
vn -0.0083 0.9442 0.3294
vn -0.0077 0.7664 0.6423
vn -0.0049 0.5062 0.8624
vn 0.0001 -0.3353 -0.9421
vn -0.0209 0.2506 0.9679
vn 0.7443 -0.4327 0.5087
vn -0.6146 -0.4803 0.6258
vn -0.6281 0.0914 -0.7728
vn -0.6229 -0.7769 -0.0919
vn -0.6162 -0.0516 0.7859
vn -0.6026 0.2068 -0.7708
vn -0.6354 0.7018 0.3221
vn -0.6200 0.7542 -0.2163
vn -0.6210 -0.2628 -0.7384
vn -0.5964 0.6215 0.5080
vn -0.6210 -0.7384 0.2628
vn -0.6162 -0.6248 -0.4795
vn -0.6252 0.3797 0.6819
vn 0.7305 -0.6760 -0.0970
vn -0.0150 -0.3294 0.9441
vn 0.7319 0.6477 -0.2115
vn 0.7328 0.4409 -0.5182
vn 0.7556 -0.0521 0.6530
vn 0.7405 -0.2098 -0.6385
vn 0.7195 -0.6602 0.2156
vn 0.7408 0.6615 0.1162
vn 0.7246 -0.5184 -0.4541
vn 0.7035 -0.3548 0.6157
vn 0.7385 0.1007 -0.6667
vn -0.0001 0.4866 0.8736
vn -0.0000 -0.1151 0.9934
vn 0.0001 -0.7670 -0.6416
vn 0.0001 -0.9931 -0.1176
vn -0.0001 0.9089 0.4170
vn -0.0000 0.1176 -0.9931
vn 0.0001 -0.9421 0.3354
vn -0.0001 0.9614 -0.2753
vn -0.0000 0.6416 -0.7670
vn -0.0000 -0.6475 0.7621
vn 1.0000 0.0001 0.0007
vn 1.0000 -0.0050 -0.0025
vn 0.9999 0.0095 -0.0052
vn 0.9999 0.0108 0.0097
vn 0.9995 -0.0170 -0.0284
vn 0.9999 0.0058 -0.0126
vn 1.0000 -0.0015 0.0026
vn 0.9999 -0.0072 -0.0088
vn 1.0000 0.0001 0.0014
vn 0.0130 0.7121 0.7020
vn 0.4060 -0.4621 0.7884
vn 0.0280 -0.4970 0.8673
vn 0.0327 0.0467 0.9984
vn 0.0252 0.0636 0.9977
vn 0.0162 0.9981 0.0591
vn 0.0454 0.9603 0.2753
vn 0.0197 0.9981 0.0587
vn -0.0116 0.9992 0.0374
vn 0.9988 -0.0488 -0.0090
vn 0.6761 0.7185 0.1631
vn 0.0187 0.9997 0.0136
vn 0.8098 -0.0000 0.5867
vn -0.9947 -0.0000 0.1025
vn -0.0159 -0.0000 -0.9999
vn 0.0724 -0.0000 0.9974
vn 0.1504 -0.0000 0.9886
vn -0.5793 -0.0000 0.8151
vn -0.0000 0.9040 0.4274
vn -0.0000 0.9251 -0.3798
vn 0.2179 -0.9760 -0.0000
vn -0.2497 -0.9683 -0.0000
vn -0.2497 0.9683 -0.0000
vn -0.2497 -0.0000 0.9683
vn -0.2497 -0.0000 -0.9683
vn -0.4225 -0.0000 -0.9064
vn -0.2179 0.9760 -0.0000
vn 0.4225 -0.0000 0.9064
vn -0.6117 0.7911 -0.0000
vn -0.2250 0.9744 -0.0000
vn -0.5316 0.8470 -0.0042
vn -0.4095 0.9120 0.0228
vn -0.9998 0.0221 -0.0000
vn 0.9931 0.1170 -0.0000
vn -0.6364 0.5454 -0.5455
vn -0.9877 0.1564 -0.0000
vn -0.8324 -0.4241 -0.3566
vn -0.8910 0.4540 -0.0000
vn -0.1549 -0.9778 -0.1408
vn -0.7071 0.7071 -0.0000
vn 0.5854 -0.5854 0.5610
vn -0.4540 0.8910 -0.0000
vn 0.7147 0.1094 0.6908
vn -0.1564 0.9877 -0.0000
vn 0.4281 0.8052 0.4103
vn 0.1564 0.9877 -0.0000
vn -0.4467 0.7972 -0.4062
vn 0.4540 0.8910 -0.0000
vn -0.9174 0.0623 -0.3931
vn 0.7071 0.7071 -0.0000
vn -0.4231 -0.8303 -0.3627
vn 0.8910 0.4540 -0.0000
vn 0.4169 -0.8182 0.3960
vn 0.9877 0.1564 -0.0000
vn 0.7147 -0.1132 0.6902
vn 0.9877 -0.1564 -0.0000
vn 0.5918 0.5700 0.5700
vn 0.8910 -0.4540 -0.0000
vn -0.1649 0.9742 -0.1543
vn 0.7071 -0.7071 -0.0000
vn -0.7705 0.2894 -0.5679
vn 0.4540 -0.8910 -0.0000
vn -0.9869 -0.1563 -0.0400
vn 0.1564 -0.9877 -0.0000
vn -0.6271 -0.6271 -0.4622
vn -0.1564 -0.9877 -0.0000
vn 0.1548 -0.9773 0.1448
vn -0.4540 -0.8910 -0.0000
vn 0.6761 -0.3445 0.6513
vn -0.7071 -0.7071 -0.0000
vn 0.6781 0.3337 0.6549
vn -0.0000 -0.4540 -0.8910
vn -0.8910 -0.4540 -0.0000
vn 0.1625 0.9746 0.1544
vn -0.9877 -0.1564 -0.0000
vn -0.0000 -0.9877 -0.1564
vn -0.0000 -0.7071 0.7071
vn -0.0000 0.1564 0.9877
vn -0.0000 0.8910 0.4540
vn -0.0000 0.8910 -0.4540
vn -0.0000 0.1564 -0.9877
vn -0.0000 -0.8910 -0.4540
vn -0.0000 -0.8910 0.4540
vn -0.0000 -0.1564 0.9877
vn -0.0000 0.7071 0.7071
vn -0.0000 0.9877 -0.1564
vn -0.0000 0.4540 -0.8910
vn -0.0000 -0.7071 -0.7071
vn -0.0000 -0.9877 0.1564
vn -0.0000 -0.1564 -0.9877
vn -0.0000 -0.4540 0.8910
vn -0.0000 0.4540 0.8910
vn -0.0000 0.9877 0.1564
vn -0.0000 0.7071 -0.7071
vn -0.0000 0.0985 -0.9951
vn -0.0000 0.2903 -0.9569
vn -0.0000 0.4714 -0.8819
vn -0.0000 0.6344 -0.7730
vn -0.0000 0.7730 -0.6344
vn -0.0000 0.8819 -0.4714
vn -0.0000 0.9569 -0.2903
vn -0.0000 0.9952 -0.0980
vn -0.0000 0.9952 0.0980
vn -0.0000 0.9569 0.2903
vn -0.0000 0.8819 0.4714
vn -0.0000 0.7730 0.6344
vn -0.0000 0.6344 0.7730
vn -0.0000 0.4714 0.8819
vn -0.0000 -0.0987 0.9951
vn -0.0000 0.2903 0.9569
vn -0.0000 0.0985 0.9951
vn -0.5076 0.0849 -0.8574
vn -0.5076 0.2501 -0.8245
vn -0.5076 0.4061 -0.7598
vn -0.5076 0.5466 -0.6660
vn -0.5076 0.6660 -0.5466
vn -0.5076 0.7598 -0.4061
vn -0.5076 0.8245 -0.2501
vn -0.5076 0.8574 -0.0844
vn -0.5076 0.8574 0.0844
vn -0.5076 0.8245 0.2501
vn -0.5076 0.7598 0.4061
vn -0.5076 0.6660 0.5466
vn -0.5076 0.5466 0.6660
vn -0.5076 0.4061 0.7598
vn -0.5076 0.2501 0.8245
vn -0.5076 0.0849 0.8574
vn -0.0000 -0.2903 -0.9569
vn -0.0000 -0.2903 0.9569
vn -0.0000 -0.0987 -0.9951
vn -0.0000 -0.4714 0.8819
vn -0.0000 -0.6344 0.7730
vn -0.0000 -0.7730 0.6344
vn -0.0000 -0.8819 0.4714
vn -0.0000 -0.9569 0.2903
vn -0.0000 -0.9952 0.0980
vn -0.0000 -0.9952 -0.0980
vn -0.0000 -0.9569 -0.2903
vn -0.0000 -0.8819 -0.4714
vn -0.0000 -0.7730 -0.6344
vn -0.0000 -0.6344 -0.7730
vn -0.0000 -0.4714 -0.8819
vn -0.0000 -0.1477 -0.9890
vn -0.0000 -0.1477 0.9890
vn -0.5076 0.8574 0.0845
vn -0.9952 -0.0044 0.0980
vn -0.9569 -0.0105 0.2903
vn -0.8818 -0.0163 0.4713
vn -0.7728 -0.0215 0.6342
vn -0.6342 -0.0259 0.7728
vn -0.4712 -0.0293 0.8815
vn -0.2901 -0.0317 0.9565
vn -0.0980 -0.0329 0.9946
vn 0.0980 -0.0329 0.9946
vn 0.2901 -0.0317 0.9565
vn 0.4712 -0.0293 0.8815
vn 0.6342 -0.0259 0.7728
vn 0.7728 -0.0215 0.6343
vn 0.8818 -0.0163 0.4713
vn 0.9569 -0.0105 0.2902
vn 0.9952 -0.0044 0.0980
vn 0.9952 0.0019 -0.0980
vn 0.9569 0.0080 -0.2903
vn 0.8818 0.0138 -0.4713
vn 0.7729 0.0189 -0.6343
vn 0.6342 0.0234 -0.7728
vn 0.4712 0.0268 -0.8816
vn 0.2902 0.0292 -0.9565
vn 0.0980 0.0304 -0.9947
vn -0.0980 0.0304 -0.9947
vn -0.2902 0.0292 -0.9565
vn -0.4712 0.0268 -0.8816
vn -0.6342 0.0234 -0.7728
vn -0.7729 0.0189 -0.6343
vn -0.8818 0.0138 -0.4714
vn -0.9569 0.0080 -0.2903
vn -0.9952 0.0019 -0.0980
vn -0.6076 -0.7726 -0.1843
vn -0.1843 -0.7726 -0.6076
vn 0.5600 -0.7726 -0.2993
vn 0.6076 -0.7726 0.1843
vn 0.4908 -0.7726 0.4028
vn 0.1843 -0.7726 0.6076
vn -0.4028 -0.7726 0.4908
vn -0.6076 -0.7726 0.1843
vn -0.4028 -0.7726 -0.4908
vn -0.1843 -0.7726 0.6076
vn 0.1843 -0.7726 -0.6076
vn -0.4908 -0.7726 0.4028
vn 0.6076 -0.7726 -0.1843
vn -0.6319 -0.7726 0.0622
vn 0.5600 -0.7726 0.2993
vn 0.4028 -0.7726 0.4908
vn -0.6319 -0.7726 -0.0622
vn 0.4699 -0.0787 0.8792
vn 0.2892 -0.0853 0.9535
vn -0.4699 -0.0787 0.8792
vn -0.6329 -0.0692 0.7712
vn -0.8812 0.0403 -0.4710
vn -0.8811 -0.0428 0.4710
vn -0.7719 0.0546 -0.6334
vn -0.2893 0.0828 -0.9537
vn -0.0977 0.0861 -0.9915
vn 0.0977 0.0861 -0.9915
vn 0.4700 0.0762 -0.8794
vn 0.9567 0.0243 -0.2902
vn 0.9951 -0.0099 0.0980
vn 0.9566 -0.0268 0.2902
vn 0.6329 -0.0692 0.7711
vn -0.4908 -0.7726 -0.4028
vn 0.0622 -0.7726 -0.6319
vn -0.0622 -0.7726 -0.6319
vn 0.4908 -0.7726 -0.4028
vn 0.6319 -0.7726 0.0622
vn 0.2993 -0.7726 0.5600
vn 0.2993 -0.7726 -0.5600
vn 0.0622 -0.7726 0.6319
vn -0.4700 0.0762 -0.8793
vn 0.6330 0.0667 -0.7713
vn 0.8812 0.0403 -0.4710
vn 0.7717 -0.0571 0.6334
vn 0.0976 -0.0886 0.9913
vn -0.2892 -0.0853 0.9535
vn -0.5600 -0.7726 0.2993
vn -0.2993 -0.7726 0.5600
vn -0.0622 -0.7726 0.6319
vn 0.6319 -0.7726 -0.0622
vn 0.4028 -0.7726 -0.4908
vn -0.2993 -0.7726 -0.5600
vn -0.5600 -0.7726 -0.2993
vn 0.7719 0.0546 -0.6335
vn 0.9952 0.0074 -0.0980
vn 0.8811 -0.0428 0.4710
vn -0.0976 -0.0886 0.9913
vn -0.7718 -0.0571 0.6333
vn -0.9567 0.0243 -0.2902
vn -0.6330 0.0667 -0.7713
vn 0.0980 -0.0330 0.9946
vn 0.6342 -0.0259 0.7727
vn 0.7728 -0.0215 0.6342
vn 0.9569 -0.0105 0.2903
vn 0.9952 -0.0044 0.0981
vn 0.9569 0.0080 -0.2902
vn -0.9952 0.0074 -0.0980
vn -0.4700 0.0762 -0.8794
vn 0.2893 0.0828 -0.9537
vn 0.7719 0.0546 -0.6334
vn 0.7718 -0.0571 0.6334
vn -0.9566 -0.0268 0.2902
vn -0.9951 -0.0099 0.0980
vn 0.6329 -0.0692 0.7712
vn 0.0193 0.0704 0.9973
vn -0.0343 -0.9977 -0.0577
vn -0.0278 -0.9996 0.0054
vn 0.0266 -0.0154 0.9995
vn 0.1770 -0.1175 0.9772
vn 0.0645 -0.9428 0.3272
vn 0.0740 -0.5980 0.7980
vn 0.2802 -0.0516 0.9585
vn 0.0212 -0.0000 0.9998
vn 0.2796 -0.0135 0.9600
vn 0.1859 -0.4630 0.8667
vn -0.9596 0.0269 0.2802
vn -0.9614 0.1196 0.2479
vn -0.0000 0.9917 0.1287
vn -0.0000 0.4654 -0.8851
vn 0.0247 -0.9966 -0.0782
vn -0.0342 -0.6268 -0.7784
vn -0.0064 -0.6611 -0.7503
vn -0.0108 -0.7178 -0.6961
vn 0.0865 -0.9518 0.2941
vn 0.0221 -0.9970 -0.0736
vn -0.0727 -0.9973 0.0082
vn -0.0234 -0.9985 -0.0494
vn 0.0698 -0.9885 -0.1341
vn 0.0380 -0.9956 -0.0853
vn 0.0991 -0.0322 0.9946
vn 0.1798 -0.1585 0.9709
vn 0.0538 -0.4929 0.8684
vn 0.0306 -0.9966 -0.0766
vn 0.9555 -0.1233 0.2681
vn 0.1706 -0.2607 0.9502
vn 0.8784 -0.3163 0.3583
vn 0.0042 -0.9476 -0.3195
vn 0.0729 -0.9946 -0.0738
vn 0.8620 -0.4828 -0.1547
vn 0.9928 -0.0615 -0.1025
vn 0.8510 -0.4635 0.2471
vn 0.9568 -0.0163 0.2904
vn 0.8542 -0.0700 0.5153
vn 0.8332 0.0633 0.5493
vn 0.9792 0.0744 -0.1887
vn 0.0651 -0.6768 0.7333
vn 0.9756 -0.1556 0.1552
vn 0.6405 -0.2533 0.7250
vn -0.6005 -0.3366 0.7253
vn 0.0204 -0.9922 -0.1233
vn 0.0177 -0.9977 -0.0661
vn 0.0140 -0.9990 -0.0417
vn 0.0756 -0.4409 0.8944
vn 0.0161 -0.9923 -0.1227
vn 0.0008 -1.0000 -0.0048
vn -0.1107 -0.9913 -0.0717
vn -0.8445 -0.3572 0.3990
vn -0.9040 -0.3072 0.2973
vn 0.0379 -0.5351 0.8439
vn 0.0065 -0.9778 -0.2093
vn 0.9176 -0.3203 0.2354
vn 0.9070 -0.3486 0.2362
vn 0.7291 -0.3487 0.5889
vn -0.7555 -0.1006 0.6474
vn -0.0919 -0.8243 0.5587
vn -0.1443 -0.9615 -0.2337
vn -0.1061 -0.9779 -0.1800
vn -0.0355 -0.9880 -0.1505
vn -0.0572 -0.9964 -0.0625
vn 0.0175 -0.9982 -0.0580
vn 0.0197 -0.5195 -0.8543
vn -0.2037 -0.9790 -0.0096
vn -0.9686 -0.0015 0.2484
vn -0.9685 0.0845 0.2342
vn -0.0478 -0.9973 -0.0564
vn -0.9956 -0.0932 -0.0000
vn -0.2533 -0.2721 0.9283
vn -0.2646 -0.0140 0.9643
vn -0.9995 -0.0014 -0.0330
vn -0.1133 -0.0041 0.9936
vn -1.0000 0.0047 -0.0009
vn 0.9957 0.0559 -0.0733
vn 0.9917 0.0051 -0.1286
vn 0.9924 0.0672 -0.1031
vn 0.9812 0.1064 -0.1608
vn 0.9977 0.0405 -0.0542
vn 0.9979 0.0143 -0.0630
vn 0.9588 0.0135 -0.2836
vn 0.0637 -0.0365 0.9973
vn -0.0000 0.0002 1.0000
vn -0.0000 -0.5818 -0.8134
vn -0.0000 0.0535 -0.9986
vn -0.0000 -0.9993 -0.0366
vn 0.0650 -0.9889 -0.1339
vn 0.8416 0.0569 -0.5371
vn 0.8866 -0.4585 -0.0609
vn 0.8532 0.5215 -0.0069
vn 0.8921 0.0030 0.4518
vn 0.9986 0.0242 -0.0472
vn 0.0651 -0.0481 0.9967
vn 0.0644 0.0394 -0.9971
vn 0.0647 0.9973 0.0335
vn 0.9137 0.4057 -0.0242
vn 0.9284 -0.3663 -0.0626
vn 0.8627 0.0119 0.5056
vn 0.8117 0.0422 -0.5826
vn 0.9963 0.0279 -0.0816
vn 0.0634 0.9974 0.0332
vn 0.0631 0.0007 -0.9980
vn 0.0637 -0.9890 -0.1337
vn -0.0115 -0.9999 0.0003
vn 0.0143 -0.8345 0.5508
vn 0.9997 -0.0196 0.0130
vn 0.9927 -0.0445 -0.1118
vn 0.9964 -0.0466 -0.0703
vn 0.9989 -0.0408 -0.0247
vn 0.9961 -0.0407 -0.0783
vn -0.0000 -0.9991 -0.0424
vn -0.0776 0.0081 0.9969
vn 0.2188 -0.0052 0.9758
vn 0.1613 0.0289 0.9865
vn 0.1218 -0.0974 0.9878
vn -0.1381 0.0022 0.9904
vn 0.1726 0.9850 0.0001
vn 0.0005 1.0000 -0.0000
vn -0.9839 0.1769 0.0243
vn 0.0705 -0.0174 -0.9974
vn 0.0705 -0.0140 0.9974
vn 0.1682 -0.9858 0.0003
vn 0.9970 -0.0768 0.0009
vn 0.0001 -1.0000 0.0001
vn 0.3617 -0.0360 0.9316
vn 0.1567 -0.4735 0.8668
vn -0.9970 0.0768 -0.0003
vn -0.0001 1.0000 -0.0001
vn 0.9970 -0.0768 0.0054
vn 0.0078 -0.0035 1.0000
vn 0.1664 0.3550 0.9200
vn 0.3777 -0.0321 0.9254
vn -0.1779 0.0283 -0.9836
vn -0.7967 -0.5568 0.2351
vn 0.9517 -0.1239 -0.2809
vn -0.5770 0.0720 0.8136
vn -0.7973 0.5558 0.2353
vn -0.5794 0.0803 -0.8111
vn -0.0000 -0.0058 1.0000
vn -0.0000 0.0058 -1.0000
vn -0.4253 -0.0344 -0.9044
vn 0.1718 -0.1616 -0.9718
vn -0.7079 -0.2632 -0.6554
vn 0.0034 0.9504 -0.3111
vn 0.0529 -0.0227 0.9983
vn -0.9765 0.2153 -0.0000
vn 0.4987 -0.2632 0.8259
vn -0.0298 -0.9890 0.1451
vn 0.0893 -0.6475 0.7568
vn -0.2987 -0.0066 -0.9543
vn -0.0038 -0.9899 0.1417
vn -0.4408 -0.6664 -0.6013
vn -0.1133 -0.6469 0.7541
vn 0.9054 -0.2820 0.3174
vn -0.1064 0.4284 -0.8973
vn 0.1013 0.7560 0.6467
vn 0.2336 -0.7159 -0.6579
vn -0.1145 -0.7274 -0.6766
vn 0.6338 0.5700 0.5228
vn -0.6265 -0.0522 -0.7776
vn -0.3705 0.3483 -0.8611
vn 0.5175 0.4065 0.7530
vn 0.1419 0.0072 0.9899
vn 0.7707 0.0054 0.6372
vn 0.2962 -0.1865 -0.9367
vn 0.5277 -0.5446 0.6519
vn -0.2642 -0.9620 -0.0693
vn -0.7228 0.0664 -0.6879
vn 0.9753 -0.0230 0.2195
vn 0.0039 0.0567 -0.9984
vn 0.0610 -0.0749 0.9953
vn -0.0942 0.1165 0.9887
vn -0.2583 -0.0676 0.9637
vn 0.1401 0.8076 -0.5728
vn -0.2619 -0.0760 0.9621
vn -0.0168 0.0741 -0.9971
vn 0.0050 -0.9999 0.0149
vn 0.1003 -0.0753 0.9921
vn 0.0161 -0.9973 -0.0722
vn 0.0173 -0.9973 -0.0719
vn -0.0299 -0.0305 -0.9991
vn 0.6868 0.7002 -0.1950
vn -0.6901 0.7053 -0.1623
vn 0.0283 0.0297 0.9992
vn -0.3305 0.0173 -0.9436
vn -0.1657 0.0840 -0.9826
vn 0.9149 -0.0135 0.4035
vn 0.2669 0.5888 0.7630
vn 0.0225 0.4951 0.8685
vn 0.0240 0.9017 -0.4318
vn 0.0339 0.4845 -0.8741
vn 0.0346 -0.6204 -0.7836
vn 0.0231 -0.8600 -0.5098
vn 0.0348 -0.1139 0.9929
vn -0.6118 -0.7457 0.2639
vn -0.6004 0.4797 -0.6398
vn -0.5970 -0.1977 0.7775
vn -0.6004 0.6398 0.4797
vn -0.5970 0.7563 -0.2675
vn -0.6020 -0.4069 -0.6870
vn -0.5996 0.2669 0.7545
vn -0.6335 -0.4965 -0.5934
vn -0.6032 0.0420 -0.7965
vn -0.5946 -0.8018 0.0591
vn -0.5969 -0.6290 -0.4980
vn 0.6971 -0.6169 -0.3654
vn 0.6985 -0.1957 -0.6883
vn 0.6977 0.5451 0.4648
vn 0.6898 0.3532 -0.6320
vn 0.6944 -0.0791 0.7152
vn 0.6996 -0.5577 0.4468
vn 0.7079 0.1752 0.6843
vn 0.7003 0.6437 -0.3086
vn 0.7634 -0.4158 0.4944
vn 0.6974 0.0827 -0.7119
vn 0.6966 -0.3415 0.6309
vn 0.7060 -0.6725 0.2221
vn -0.0225 0.0703 0.9973
vn 0.0206 0.7631 0.6459
vn -0.0226 0.6125 0.7901
vn 0.0116 0.9516 0.3070
vn 0.0154 0.9966 -0.0805
vn 0.0099 0.7554 -0.6552
vn -0.0227 0.9439 -0.3294
vn 0.0218 0.1154 -0.9931
vn -0.0239 0.5994 -0.8001
vn -0.0219 0.3141 -0.9492
vn 0.0154 -0.2734 -0.9618
vn -0.0112 -0.9638 -0.2663
vn -0.0232 -0.5099 -0.8599
vn -0.0346 -0.7835 -0.6204
vn 0.0099 -0.9985 0.0539
vn -0.0000 -0.9494 0.3141
vn 0.0103 -0.7826 0.6224
vn 0.0187 -0.4691 0.8829
vn 0.0001 0.3353 -0.9421
vn -0.0209 -0.2506 0.9679
vn 0.7443 0.4327 0.5087
vn -0.6258 0.5050 0.5944
vn -0.6281 -0.0914 -0.7728
vn -0.6229 0.7769 -0.0919
vn -0.6281 0.0896 0.7730
vn -0.6026 -0.2068 -0.7708
vn -0.6354 -0.7018 0.3221
vn -0.6200 -0.7542 -0.2163
vn -0.6156 0.2472 -0.7483
vn -0.5964 -0.6215 0.5080
vn -0.6049 0.7660 0.2178
vn -0.6263 0.5979 -0.5002
vn -0.6252 -0.3797 0.6819
vn 0.7090 0.7029 -0.0568
vn 0.0161 0.2476 0.9687
vn 0.7319 -0.6477 -0.2115
vn 0.7183 -0.4319 -0.5455
vn 0.7556 0.0521 0.6530
vn 0.7405 0.2098 -0.6385
vn 0.7195 0.6602 0.2156
vn 0.7114 -0.7018 0.0382
vn 0.7382 0.5250 -0.4235
vn 0.7035 0.3548 0.6157
vn 0.7385 -0.1007 -0.6667
vn -0.0001 -0.4866 0.8736
vn -0.0000 0.1151 0.9934
vn 0.0001 0.7670 -0.6416
vn 0.0001 0.9931 -0.1176
vn -0.0001 -0.9089 0.4170
vn -0.0000 -0.1176 -0.9931
vn 0.0001 0.9421 0.3354
vn -0.0001 -0.9614 -0.2753
vn -0.0000 -0.6416 -0.7670
vn -0.0000 0.6475 0.7621
vn 1.0000 -0.0001 0.0007
vn 1.0000 0.0050 -0.0025
vn 0.9999 -0.0095 -0.0052
vn 0.9999 -0.0108 0.0097
vn 0.9995 0.0170 -0.0284
vn 0.9999 -0.0058 -0.0126
vn 1.0000 0.0015 0.0026
vn 0.9999 0.0072 -0.0088
vn 1.0000 -0.0001 0.0014
vn 0.0443 -0.7146 0.6981
vn 0.4214 -0.2493 0.8720
vn 0.0280 0.4970 0.8673
vn 0.0327 -0.0467 0.9984
vn 0.0252 -0.0636 0.9977
vn 0.0162 -0.9981 0.0591
vn 0.0454 -0.9603 0.2753
vn 0.0197 -0.9981 0.0587
vn -0.0116 -0.9992 0.0374
vn 0.9988 0.0488 -0.0090
vn 0.6761 -0.7185 0.1631
vn 0.0048 -0.9978 0.0661
vn -0.0000 -0.9040 0.4274
vn -0.0000 -0.9251 -0.3798
vn 0.2179 0.9760 -0.0000
vn -0.2179 -0.9760 -0.0000
vn -0.6117 -0.7911 -0.0000
vn -0.2250 -0.9744 -0.0000
vn -0.5316 -0.8470 -0.0042
vn -0.5316 -0.8470 0.0042
vn -0.9998 -0.0221 -0.0000
vn 0.9931 -0.1170 -0.0000
vn -0.8324 0.4241 -0.3566
vn -0.1549 0.9778 -0.1408
vn 0.5854 0.5854 0.5610
vn -0.4231 0.8303 -0.3627
vn 0.4169 0.8182 0.3960
vn 0.7147 0.1132 0.6902
vn -0.9869 0.1563 -0.0400
vn -0.6271 0.6271 -0.4622
vn 0.1548 0.9773 0.1448
vn 0.6761 0.3445 0.6513
vn -0.9869 -0.1563 -0.0401
vn -0.0000 -0.0985 -0.9951
vn -0.0000 0.0987 0.9951
vn -0.0000 -0.0985 0.9951
vn -0.5076 -0.0849 -0.8574
vn -0.5076 -0.2501 -0.8245
vn -0.5076 -0.4061 -0.7598
vn -0.5076 -0.5466 -0.6660
vn -0.5076 -0.6660 -0.5466
vn -0.5076 -0.7598 -0.4061
vn -0.5076 -0.8245 -0.2501
vn -0.5076 -0.8574 -0.0844
vn -0.5076 -0.8574 0.0844
vn -0.5076 -0.8245 0.2501
vn -0.5076 -0.7598 0.4061
vn -0.5076 -0.6660 0.5466
vn -0.5076 -0.5466 0.6660
vn -0.5076 -0.4061 0.7598
vn -0.5076 -0.2501 0.8245
vn -0.5076 -0.0849 0.8574
vn -0.0000 0.0987 -0.9951
vn -0.0000 0.1477 -0.9890
vn -0.0000 0.1477 0.9890
vn -0.5076 -0.8574 -0.0845
vn -0.5076 -0.8574 0.0845
vn 0.0255 0.0570 0.9981
vn 0.0050 0.0147 0.9999
vn 0.0645 0.9428 0.3272
vn 0.0740 0.5980 0.7980
vn 0.7065 -0.0049 0.7077
vn 0.2075 0.1623 0.9647
vn 0.2799 0.0134 0.9599
vn 0.1859 0.4630 0.8667
vn -0.9679 -0.0004 0.2515
vn -0.9763 0.0028 0.2166
vn -0.9684 -0.0583 0.2425
vn 0.0235 0.9964 -0.0817
vn 0.0185 0.9983 -0.0556
vn 0.0285 0.9989 -0.0360
vn 0.1708 -0.0028 0.9853
vn 0.1798 0.1585 0.9709
vn 0.0538 0.4929 0.8684
vn -0.0047 0.9986 -0.0524
vn 0.9555 0.1233 0.2681
vn 0.8573 0.4555 0.2397
vn 0.0042 0.9476 -0.3195
vn 0.1403 0.9852 -0.0980
vn 0.7198 0.6855 -0.1091
vn 0.8498 0.4744 0.2296
vn 0.8332 -0.0633 0.5493
vn 0.9792 -0.0744 -0.1887
vn 0.6198 0.2093 0.7563
vn -0.6005 0.3366 0.7253
vn 0.0177 0.9977 -0.0661
vn 0.0756 0.4409 0.8944
vn 0.0161 0.9923 -0.1227
vn 0.0656 0.9916 -0.1113
vn -0.8780 0.3239 0.3524
vn 0.9507 0.2971 -0.0891
vn -0.8885 0.3448 0.3030
vn 0.0379 0.5351 0.8439
vn 0.0065 0.9778 -0.2093
vn 0.8948 0.3741 0.2435
vn 0.9182 0.3208 0.2323
vn 0.9566 -0.0471 0.2877
vn 0.7452 0.5570 0.3666
vn -0.7555 0.1006 0.6474
vn -0.0919 0.8243 0.5587
vn 0.0416 0.9920 -0.1194
vn -0.0811 0.9939 -0.0742
vn -0.0572 0.9964 -0.0625
vn 0.0352 0.9667 -0.2536
vn 0.0197 0.5195 -0.8543
vn -0.9685 -0.0845 0.2342
vn -0.0717 0.9974 -0.0000
vn -0.9947 0.0972 -0.0327
vn -0.0385 0.1393 0.9895
vn -0.3572 -0.0000 0.9340
vn -1.0000 -0.0000 -0.0087
vn 0.9962 -0.0352 -0.0791
vn 0.9917 -0.0051 -0.1286
vn 0.9948 -0.0473 -0.0902
vn 0.9812 -0.1064 -0.1608
vn 0.9977 -0.0405 -0.0542
vn 0.9984 -0.0153 -0.0552
vn 0.9969 -0.0165 -0.0763
vn 0.9984 -0.0363 -0.0441
vn 0.0649 0.9889 -0.1340
vn 0.8466 -0.0556 -0.5293
vn 0.8763 0.4771 -0.0664
vn 0.8532 -0.5215 -0.0069
vn 0.8962 -0.0045 0.4437
vn 0.9957 -0.0396 -0.0835
vn 0.0646 -0.0393 -0.9971
vn 0.0647 -0.9973 0.0335
vn 0.9137 -0.4057 -0.0242
vn 0.9257 0.3725 -0.0653
vn 0.8648 -0.0125 0.5019
vn 0.8142 -0.0415 -0.5792
vn 0.9963 -0.0279 -0.0816
vn 0.0634 -0.9974 0.0332
vn 0.0632 -0.0006 -0.9980
vn 0.0636 0.9890 -0.1338
vn -0.0115 0.9999 0.0003
vn 0.0193 0.8430 0.5376
vn 0.9997 0.0196 0.0130
vn 0.9962 0.0483 -0.0720
vn 0.9982 -0.0144 -0.0581
vn 0.9989 0.0408 -0.0247
vn 0.9965 0.0447 -0.0702
vn -0.0776 -0.0081 0.9969
vn 0.2299 0.0028 0.9732
vn 0.1613 -0.0289 0.9865
vn 0.1218 0.0974 0.9878
vn -0.1381 -0.0022 0.9904
vn 0.1726 -0.9850 0.0002
vn -0.9850 -0.1719 -0.0132
vn 0.9970 0.0772 0.0018
vn -0.0000 1.0000 0.0001
vn -0.9970 -0.0768 -0.0003
vn -0.0001 -1.0000 -0.0001
vn 0.9970 0.0777 0.0056
vn -0.0005 0.0049 1.0000
vn 0.3097 0.0455 0.9497
vn -0.6718 0.6978 0.2486
vn -0.4401 -0.0801 0.8944
vn -0.7973 -0.5558 0.2353
vn -0.5794 -0.0803 -0.8111
vn -0.4253 0.0344 -0.9044
vn -0.7038 -0.2262 -0.6734
vn 0.0034 -0.9504 -0.3111
vn 0.0529 0.0227 0.9983
vn 0.6736 0.0989 0.7324
vn 0.5169 -0.0000 0.8560
vn -0.2987 0.0066 -0.9543
vn -0.0078 0.9996 -0.0289
vn -0.4408 0.6664 -0.6013
vn 0.8086 0.4657 0.3596
vn -0.1064 -0.4284 -0.8973
vn 0.1013 -0.7560 0.6467
vn 0.2336 0.7159 -0.6579
vn -0.1145 0.7298 -0.6740
vn 0.4430 -0.8742 0.1988
vn -0.7318 -0.0655 -0.6783
vn 0.6065 -0.5860 0.5374
vn 0.1419 -0.0072 0.9899
vn 0.6576 0.0114 0.7532
vn 0.2962 0.1865 -0.9367
vn 0.5968 0.4160 0.6861
vn -0.2642 0.9620 -0.0693
vn -0.7167 0.2259 -0.6597
vn 0.9753 0.0230 0.2195
vn 0.0039 -0.0567 -0.9984
vn 0.0856 0.0528 0.9949
vn -0.2590 0.0677 0.9635
vn 0.1401 -0.8076 -0.5728
vn -0.4212 0.0437 0.9059
vn 0.0382 -0.0540 -0.9978
vn -0.0440 0.9987 0.0263
vn 0.0676 0.0836 0.9942
vn 0.0160 0.9983 -0.0558
vn 0.0186 0.9948 -0.1004
vn -0.0279 -0.0285 -0.9992
vn 0.6868 -0.7002 -0.1950
vn -0.6799 -0.7104 -0.1819
vn 0.0283 -0.0297 0.9992
vn 0.7756 0.0371 0.6301
vn 0.2574 -0.4933 0.8309
vn 0.0206 -0.7631 0.6459
vn 0.0116 -0.9516 0.3070
vn 0.0111 -0.9973 -0.0731
vn -0.0101 -0.7902 -0.6127
vn 0.0218 -0.1154 -0.9931
vn 0.0097 0.2638 -0.9645
vn -0.0155 0.9618 -0.2734
vn 0.0099 0.9985 0.0539
vn -0.0000 0.9494 0.3141
vn 0.0103 0.7826 0.6224
vn 0.0187 0.4691 0.8829
vn -0.6258 -0.5050 0.5944
vn -0.6142 -0.7870 -0.0581
vn -0.6281 -0.0896 0.7730
vn -0.6208 0.7541 -0.2144
vn -0.6156 -0.2472 -0.7483
vn -0.6049 -0.7660 0.2178
vn -0.6263 -0.5979 -0.5002
vn -0.6225 0.3880 0.6797
vn 0.7090 -0.7029 -0.0568
vn 0.0161 -0.2476 0.9687
vn 0.7197 0.6691 -0.1852
vn 0.7183 0.4319 -0.5455
vn 0.7181 -0.6624 0.2137
vn 0.7114 0.7018 0.0382
vn 0.7382 -0.5250 -0.4235
vn 0.0443 0.7146 0.6981
vn 0.4214 0.2493 0.8720
vn 0.0992 0.9880 -0.1188
vn 0.0048 0.9978 0.0661
vn -0.4095 0.9120 -0.0228
vn -0.5316 0.8470 0.0042
vn -0.7705 -0.2894 -0.5679
vn -0.1649 -0.9742 -0.1543
vn 0.5918 -0.5700 0.5700
vn -0.4467 -0.7972 -0.4062
vn 0.4281 -0.8052 0.4103
vn 0.7147 -0.1094 0.6908
vn -0.9174 -0.0623 -0.3931
vn -0.6364 -0.5454 -0.5455
vn 0.1625 -0.9746 0.1543
vn 0.6781 -0.3337 0.6549
vn -1.0000 -0.0000 -0.0001
vn -1.0000 -0.0000 0.0001
vn -0.9869 0.1563 -0.0401
vn 0.1625 -0.9746 0.1544
vn -0.5076 0.8574 -0.0845
vn 0.0255 -0.0570 0.9981
vn 0.0050 -0.0737 0.9973
vn 0.0471 -0.9251 0.3767
vn 0.1039 -0.3653 0.9251
vn 0.7065 0.0049 0.7077
vn 0.2075 -0.1623 0.9647
vn 0.0220 -0.0003 0.9998
vn 0.2799 -0.0134 0.9599
vn 0.1881 -0.4557 0.8700
vn -0.9679 0.0004 0.2515
vn -0.9763 -0.0028 0.2166
vn -0.9684 0.0583 0.2425
vn -0.9993 -0.0319 0.0193
vn 0.0235 -0.9964 -0.0817
vn 0.0185 -0.9983 -0.0556
vn 0.0285 -0.9989 -0.0360
vn 0.1708 0.0028 0.9853
vn 0.1184 -0.2202 0.9682
vn 0.0471 -0.5094 0.8592
vn -0.0047 -0.9986 -0.0524
vn 0.9562 -0.0448 0.2893
vn 0.8573 -0.4555 0.2397
vn -0.0441 -0.9663 -0.2537
vn 0.1403 -0.9852 -0.0980
vn 0.7198 -0.6855 -0.1091
vn 0.8498 -0.4744 0.2296
vn 0.8432 0.0683 0.5332
vn 0.9946 -0.0198 -0.1023
vn 0.6198 -0.2093 0.7563
vn -0.6194 -0.3769 0.6887
vn -0.4740 -0.8355 -0.2779
vn 0.0778 -0.4518 0.8887
vn 0.0150 -0.9965 -0.0818
vn 0.0656 -0.9916 -0.1113
vn -0.8780 -0.3239 0.3524
vn -0.8885 -0.3448 0.3030
vn 0.9599 -0.2700 -0.0750
vn 0.0351 -0.5497 0.8346
vn 0.8948 -0.3741 0.2435
vn 0.9566 0.0471 0.2877
vn 0.9182 -0.3207 0.2323
vn 0.7452 -0.5570 0.3666
vn -0.7970 -0.1941 0.5719
vn 0.0076 -0.4706 0.8823
vn 0.0416 -0.9920 -0.1194
vn -0.0811 -0.9939 -0.0742
vn -0.0181 -0.9968 -0.0782
vn 0.0352 -0.9667 -0.2536
vn -0.1335 -0.4141 -0.9004
vn -0.9828 -0.0107 0.1841
vn -0.0717 -0.9974 -0.0000
vn -0.9947 -0.0972 -0.0327
vn -0.0385 -0.1393 0.9895
vn 0.9962 0.0352 -0.0791
vn 0.9927 0.0065 -0.1201
vn 0.9948 0.0473 -0.0902
vn 0.9812 0.1066 -0.1608
vn 0.9982 0.0177 -0.0580
vn 0.9969 0.0165 -0.0763
vn 0.9984 0.0363 -0.0441
vn 0.0649 -0.9889 -0.1340
vn 0.8466 0.0556 -0.5293
vn 0.8763 -0.4771 -0.0664
vn 0.8642 0.5032 -0.0046
vn 0.8962 0.0045 0.4437
vn 0.9957 0.0396 -0.0835
vn 0.0646 0.0393 -0.9971
vn 0.0649 0.9973 0.0336
vn 0.9165 0.3993 -0.0223
vn 0.9257 -0.3725 -0.0653
vn 0.8648 0.0125 0.5019
vn 0.8142 0.0415 -0.5792
vn 0.9986 0.0134 -0.0512
vn 0.0636 0.9974 0.0333
vn 0.0632 0.0006 -0.9980
vn 0.0636 -0.9890 -0.1338
vn -0.0116 -0.9999 -0.0000
vn 0.0193 -0.8430 0.5376
vn 0.9998 -0.0214 -0.0000
vn 0.9962 -0.0483 -0.0720
vn 0.9982 0.0144 -0.0581
vn 0.9986 -0.0415 -0.0342
vn 0.9965 -0.0447 -0.0702
vn -0.0640 0.0022 0.9979
vn 0.2299 -0.0028 0.9732
vn 0.1177 0.0121 0.9930
vn 0.0912 -0.1866 0.9782
vn -0.1652 -0.0173 0.9861
vn 0.1726 0.9850 0.0002
vn -0.9850 0.1719 -0.0132
vn 0.9970 -0.0772 0.0018
vn -0.0000 -1.0000 0.0001
vn -0.9970 0.0777 -0.0004
vn -0.0000 1.0000 -0.0001
vn 0.9970 -0.0777 0.0056
vn -0.0005 -0.0049 1.0000
vn 0.3097 -0.0455 0.9497
vn -0.6718 -0.6978 0.2486
vn -0.4401 0.0801 0.8944
vn -0.6725 0.6970 0.2489
vn -0.4360 0.0897 -0.8954
vn -0.7038 0.2262 -0.6734
vn -0.0016 0.9507 -0.3102
vn 0.0207 -0.1115 0.9935
vn 0.6736 -0.0989 0.7324
vn -0.1068 0.0267 -0.9939
vn -0.0078 -0.9996 -0.0289
vn -0.4468 0.4057 -0.7974
vn 0.8086 -0.4657 0.3596
vn -0.1025 0.2349 -0.9666
vn 0.1061 0.5809 0.8070
vn 0.2923 -0.9517 0.0937
vn -0.1145 -0.7298 -0.6740
vn 0.6351 -0.5751 0.5157
vn 0.4430 0.8742 0.1988
vn -0.7318 0.0655 -0.6783
vn 0.6065 0.5860 0.5374
vn 0.1942 -0.0223 0.9807
vn 0.6576 -0.0114 0.7532
vn 0.0917 -0.3350 -0.9377
vn 0.5968 -0.4160 0.6861
vn 0.2341 -0.8552 0.4623
vn -0.7167 -0.2259 -0.6597
vn 0.7439 0.0169 0.6681
vn -0.0103 -0.0178 -0.9998
vn 0.0856 -0.0528 0.9949
vn -0.2590 -0.0677 0.9635
vn 0.0927 0.7787 -0.6206
vn -0.4212 -0.0437 0.9059
vn 0.0382 0.0540 -0.9978
vn -0.0440 -0.9987 0.0263
vn 0.0676 -0.0836 0.9942
vn 0.0160 -0.9983 -0.0558
vn 0.0186 -0.9948 -0.1004
vn -0.0279 0.0285 -0.9992
vn 0.6741 0.7060 -0.2170
vn -0.6799 0.7104 -0.1819
vn 0.0265 -0.0277 0.9993
vn 0.7756 -0.0371 0.6301
vn 0.2574 0.4933 0.8309
vn -0.0099 0.8003 0.5995
vn -0.0116 0.9618 0.2734
vn 0.0111 0.9973 -0.0731
vn -0.0101 0.7902 -0.6127
vn -0.0083 0.0570 -0.9983
vn 0.0097 -0.2638 -0.9645
vn -0.0155 -0.9618 -0.2734
vn -0.0000 -0.9973 0.0731
vn -0.0083 -0.9442 0.3294
vn -0.0077 -0.7664 0.6423
vn -0.0049 -0.5062 0.8624
vn -0.6146 0.4803 0.6258
vn -0.6142 0.7870 -0.0581
vn -0.6162 0.0516 0.7859
vn -0.6208 -0.7541 -0.2144
vn -0.6210 0.2628 -0.7384
vn -0.6210 0.7384 0.2628
vn -0.6162 0.6248 -0.4795
vn -0.6225 -0.3880 0.6797
vn 0.7305 0.6760 -0.0970
vn -0.0150 0.3294 0.9441
vn 0.7197 -0.6692 -0.1852
vn 0.7328 -0.4409 -0.5182
vn 0.7181 0.6624 0.2137
vn 0.7408 -0.6615 0.1162
vn 0.7246 0.5184 -0.4541
vn 0.0130 -0.7121 0.7020
vn 0.4060 0.4621 0.7884
vn 0.0992 -0.9880 -0.1188
vn 0.0187 -0.9997 0.0136
vn -0.4095 -0.9120 -0.0228
vn -0.4095 -0.9120 0.0228
vn 0.1625 0.9746 0.1543
vt 0.150094 0.639579
vt 0.149058 0.623005
vt 0.150094 0.623005
vt 0.149058 0.639579
vt 0.148022 0.623005
vt 0.148022 0.639579
vt 0.146986 0.623005
vt 0.146986 0.639579
vt 0.145950 0.623005
vt 0.145950 0.639579
vt 0.144914 0.623005
vt 0.144914 0.639579
vt 0.143878 0.623005
vt 0.143878 0.639579
vt 0.142842 0.623005
vt 0.142842 0.639579
vt 0.141806 0.623005
vt 0.140770 0.639579
vt 0.140770 0.623005
vt 0.139735 0.639579
vt 0.139735 0.623005
vt 0.138699 0.639579
vt 0.138699 0.623005
vt 0.137663 0.639579
vt 0.137663 0.623005
vt 0.136627 0.639579
vt 0.136627 0.623005
vt 0.135591 0.639579
vt 0.135591 0.623005
vt 0.134555 0.639579
vt 0.134555 0.623005
vt 0.133519 0.639579
vt 0.133519 0.623005
vt 0.132483 0.639579
vt 0.132483 0.623005
vt 0.131447 0.639579
vt 0.131447 0.623005
vt 0.130411 0.639579
vt 0.130411 0.623005
vt 0.129376 0.639579
vt 0.129376 0.623005
vt 0.128340 0.639579
vt 0.128340 0.623005
vt 0.127304 0.639579
vt 0.127304 0.623005
vt 0.126268 0.639579
vt 0.126268 0.623005
vt 0.125232 0.639579
vt 0.125232 0.623005
vt 0.124196 0.623005
vt 0.124196 0.639579
vt 0.123160 0.623005
vt 0.123160 0.639579
vt 0.122124 0.623005
vt 0.122124 0.639579
vt 0.121088 0.623005
vt 0.121088 0.639579
vt 0.120052 0.623005
vt 0.120052 0.639579
vt 0.119017 0.623005
vt 0.119017 0.639579
vt 0.117981 0.623005
vt 0.117981 0.639579
vt 0.116945 0.623005
vt 0.126457 0.628130
vt 0.126374 0.628130
vt 0.126386 0.628130
vt 0.126477 0.628130
vt 0.126452 0.628130
vt 0.126489 0.628130
vt 0.126664 0.628130
vt 0.126637 0.628130
vt 0.126645 0.628130
vt 0.126773 0.628130
vt 0.126746 0.628130
vt 0.126741 0.628130
vt 0.126812 0.628130
vt 0.126827 0.628130
vt 0.126800 0.628130
vt 0.126907 0.628130
vt 0.126880 0.628130
vt 0.126858 0.628130
vt 0.127023 0.628130
vt 0.127004 0.628130
vt 0.126952 0.628130
vt 0.126792 0.628130
vt 0.126886 0.628130
vt 0.127024 0.628130
vt 0.127035 0.628130
vt 0.126523 0.628130
vt 0.126609 0.628130
vt 0.126406 0.628130
vt 0.126357 0.628130
vt 0.126326 0.628130
vt 0.126447 0.628130
vt 0.126417 0.628130
vt 0.126659 0.628130
vt 0.126629 0.628130
vt 0.126690 0.628130
vt 0.126811 0.628130
vt 0.126780 0.628130
vt 0.126932 0.628130
vt 0.126962 0.628130
vt 0.126932 0.628130
vt 0.127083 0.628130
vt 0.127053 0.628130
vt 0.126599 0.628130
vt 0.127023 0.628130
vt 0.126266 0.628130
vt 0.126296 0.628130
vt 0.127113 0.628130
vt 0.127144 0.628130
vt 0.126387 0.628130
vt 0.126871 0.628130
vt 0.126902 0.628130
vt 0.126428 0.628130
vt 0.126458 0.628130
vt 0.126982 0.628130
vt 0.126958 0.628130
vt 0.126920 0.628130
vt 0.126854 0.628130
vt 0.126992 0.628130
vt 0.126574 0.628130
vt 0.126556 0.628130
vt 0.126529 0.628130
vt 0.126720 0.628130
vt 0.126691 0.628130
vt 0.126952 0.628130
vt 0.126669 0.628130
vt 0.126503 0.628130
vt 0.126478 0.628130
vt 0.126789 0.628130
vt 0.126538 0.628130
vt 0.126508 0.628130
vt 0.126750 0.628130
vt 0.126500 0.628130
vt 0.126569 0.628130
vt 0.126386 0.628130
vt 0.126902 0.628614
vt 0.126871 0.628614
vt 0.127174 0.628130
vt 0.126932 0.628614
vt 0.127053 0.628614
vt 0.127023 0.628614
vt 0.127083 0.628614
vt 0.126326 0.628614
vt 0.126296 0.628614
vt 0.127204 0.628130
vt 0.127144 0.628614
vt 0.127113 0.628614
vt 0.126357 0.628614
vt 0.126447 0.628614
vt 0.126417 0.628614
vt 0.126478 0.628614
vt 0.126508 0.628614
vt 0.126569 0.628614
vt 0.126538 0.628614
vt 0.126690 0.628614
vt 0.126659 0.628614
vt 0.126841 0.628130
vt 0.126750 0.628614
vt 0.126720 0.628614
vt 0.126780 0.628614
vt 0.126841 0.628614
vt 0.095906 0.918017
vt 0.104193 0.909730
vt 0.095906 0.909730
vt 0.095906 0.942878
vt 0.104193 0.934591
vt 0.095906 0.934591
vt 0.087619 0.926304
vt 0.095906 0.926304
vt 0.104193 0.926304
vt 0.112480 0.934591
vt 0.112480 0.926304
vt 0.126599 0.627887
vt 0.126841 0.627645
vt 0.126599 0.627645
vt 0.126841 0.627887
vt 0.126599 0.628614
vt 0.126841 0.628372
vt 0.126599 0.628372
vt 0.139216 0.623005
vt 0.126786 0.623005
vt 0.143923 0.623005
vt 0.144315 0.623005
vt 0.143899 0.623005
vt 0.143239 0.623005
vt 0.142473 0.623005
vt 0.141649 0.623005
vt 0.140791 0.623005
vt 0.139910 0.623005
vt 0.139012 0.623005
vt 0.138103 0.623005
vt 0.137185 0.623005
vt 0.136261 0.623005
vt 0.135333 0.623005
vt 0.134401 0.623005
vt 0.133468 0.623005
vt 0.132534 0.623005
vt 0.131601 0.623005
vt 0.130670 0.623005
vt 0.129741 0.623005
vt 0.128817 0.623005
vt 0.127899 0.623005
vt 0.126990 0.623005
vt 0.126093 0.623005
vt 0.125211 0.623005
vt 0.124353 0.623005
vt 0.123530 0.623005
vt 0.122764 0.623005
vt 0.122104 0.623005
vt 0.121687 0.623005
vt 0.122079 0.623005
vt 0.451441 0.859443
vt 0.451615 0.859443
vt 0.126765 0.628130
vt 0.451658 0.859443
vt 0.451635 0.859443
vt 0.451332 0.859443
vt 0.451313 0.859443
vt 0.451681 0.859443
vt 0.451703 0.859443
vt 0.126959 0.628130
vt 0.451444 0.859443
vt 0.451421 0.859443
vt 0.451744 0.859443
vt 0.451724 0.859443
vt 0.451468 0.859443
vt 0.451324 0.859443
vt 0.451274 0.859443
vt 0.451281 0.859443
vt 0.451540 0.859443
vt 0.451516 0.859443
vt 0.126582 0.628130
vt 0.451732 0.859443
vt 0.126472 0.628130
vt 0.126450 0.628130
vt 0.126552 0.628130
vt 0.126530 0.628130
vt 0.126509 0.628130
vt 0.451295 0.859443
vt 0.451281 0.859443
vt 0.459878 0.854319
vt 0.459059 0.854319
vt 0.126718 0.628130
vt 0.126235 0.628130
vt 0.126621 0.628130
vt 0.126717 0.628130
vt 0.126835 0.628130
vt 0.126597 0.628130
vt 0.126880 0.628130
vt 0.126901 0.628130
vt 0.126938 0.628130
vt 0.126618 0.628130
vt 0.126629 0.628614
vt 0.126811 0.628614
vt 0.135984 0.623005
vt 0.130019 0.623005
vt 0.139995 0.623005
vt 0.141473 0.623005
vt 0.141708 0.623005
vt 0.141453 0.623005
vt 0.140974 0.623005
vt 0.140375 0.623005
vt 0.139705 0.623005
vt 0.138987 0.623005
vt 0.138237 0.623005
vt 0.137462 0.623005
vt 0.136671 0.623005
vt 0.135867 0.623005
vt 0.135054 0.623005
vt 0.134235 0.623005
vt 0.133413 0.623005
vt 0.132589 0.623005
vt 0.131767 0.623005
vt 0.130948 0.623005
vt 0.130135 0.623005
vt 0.129331 0.623005
vt 0.128540 0.623005
vt 0.127766 0.623005
vt 0.127015 0.623005
vt 0.126297 0.623005
vt 0.125627 0.623005
vt 0.125029 0.623005
vt 0.124550 0.623005
vt 0.124294 0.623005
vt 0.124529 0.623005
vt 0.126008 0.623005
vt 0.460807 0.854319
vt 0.464818 0.854319
vt 0.449373 0.854319
vt 0.449117 0.854319
vt 0.458236 0.854319
vt 0.466296 0.854319
vt 0.449353 0.854319
vt 0.457413 0.854319
vt 0.466532 0.854319
vt 0.450831 0.854319
vt 0.456590 0.854319
vt 0.466276 0.854319
vt 0.454842 0.854319
vt 0.455771 0.854319
vt 0.465797 0.854319
vt 0.454958 0.854319
vt 0.465199 0.854319
vt 0.454155 0.854319
vt 0.464528 0.854319
vt 0.453363 0.854319
vt 0.463811 0.854319
vt 0.452589 0.854319
vt 0.463060 0.854319
vt 0.451838 0.854319
vt 0.462286 0.854319
vt 0.451121 0.854319
vt 0.461495 0.854319
vt 0.450450 0.854319
vt 0.460690 0.854319
vt 0.449852 0.854319
vt 0.431114 0.870016
vt 0.431090 0.870016
vt 0.126992 0.628614
vt 0.126387 0.628614
vt 0.141806 0.639579
vt 0.116945 0.639579
vt 0.126909 0.628130
vt 0.126962 0.628614
vt 0.126266 0.628614
vt 0.126235 0.628614
vt 0.104193 0.918017
vt 0.104193 0.942878
vt 0.087619 0.934591
vt 0.126357 0.628372
vt 0.127083 0.628372
vt 0.127174 0.628614
vt 0.126693 0.628130
vt 0.451612 0.859443
vt 0.451588 0.859443
vt 0.451353 0.859443
vt 0.451375 0.859443
vt 0.451398 0.859443
vt 0.451761 0.859443
vt 0.451775 0.859443
vt 0.451492 0.859443
vt 0.451783 0.859443
vt 0.451776 0.859443
vt 0.451564 0.859443
vt 0.127204 0.628614
vt 0.821018 0.277844
vt 0.818268 0.277844
vt 0.818268 0.247578
vt 0.818268 0.261260
vt 0.818268 0.248753
vt 0.818268 0.244695
vt 0.821655 0.244695
vt 0.851417 0.277844
vt 0.822582 0.277844
vt 0.120582 0.627879
vt 0.121560 0.608429
vt 0.834842 0.244695
vt 0.851417 0.244695
vt 0.819961 0.244695
vt 0.109562 0.909107
vt 0.082494 0.911568
vt 0.120777 0.929135
vt 0.818268 0.264595
vt 0.818268 0.247092
vt 0.158112 0.861883
vt 0.101696 0.946974
vt 0.142487 0.904852
vt 0.142487 0.924751
vt 0.142487 0.922639
vt 0.142487 0.907248
vt 0.142487 0.908909
vt 0.120777 0.929649
vt 0.769052 0.631038
vt 0.105484 0.923005
vt 0.148346 0.922430
vt 0.818268 0.247657
vt 0.132721 0.914617
vt 0.132721 0.917499
vt 0.819687 0.253924
vt 0.827530 0.253958
vt 0.089752 0.924383
vt 0.471424 0.864813
vt 0.479712 0.873100
vt 0.471424 0.873100
vt 0.471424 0.881387
vt 0.479712 0.881387
vt 0.471424 0.889674
vt 0.479712 0.889674
vt 0.471424 0.897962
vt 0.487999 0.881387
vt 0.479645 0.925030
vt 0.478743 0.908456
vt 0.480228 0.908456
vt 0.471357 0.925030
vt 0.470904 0.908456
vt 0.472551 0.908456
vt 0.468222 0.925030
vt 0.467372 0.908456
vt 0.469420 0.908456
vt 0.462006 0.925030
vt 0.461156 0.908456
vt 0.463228 0.908456
vt 0.459934 0.925030
vt 0.459509 0.908456
vt 0.449603 0.925030
vt 0.449150 0.908456
vt 0.450742 0.908456
vt 0.456402 0.925030
vt 0.457070 0.925030
vt 0.454783 0.925030
vt 0.469868 0.925030
vt 0.468835 0.925030
vt 0.451222 0.925030
vt 0.450190 0.925030
vt 0.478156 0.925030
vt 0.477122 0.925030
vt 0.476509 0.925030
vt 0.472976 0.925030
vt 0.471944 0.925030
vt 0.463653 0.925030
vt 0.463657 0.925030
vt 0.481263 0.925030
vt 0.480098 0.925030
vt 0.460548 0.925030
vt 0.466761 0.925030
vt 0.466336 0.925030
vt 0.465142 0.925030
vt 0.457863 0.925030
vt 0.460468 0.908456
vt 0.463544 0.908456
vt 0.465300 0.908456
vt 0.476695 0.908456
vt 0.477042 0.908456
vt 0.468828 0.908456
vt 0.450705 0.908456
vt 0.452800 0.908456
vt 0.454883 0.908456
vt 0.454941 0.908456
vt 0.480119 0.908456
vt 0.481874 0.908456
vt 0.471938 0.908456
vt 0.466174 0.908456
vt 0.456402 0.908456
vt 0.482299 0.925030
vt 0.474623 0.908456
vt 0.474437 0.925030
vt 0.458049 0.908456
vt 0.452776 0.925030
vt 0.474623 0.925030
vt 0.453424 0.925030
vt 0.474474 0.908456
vt 0.457900 0.908456
vt 0.482299 0.908456
vt 0.161316 0.919749
vt 0.162315 0.920748
vt 0.161316 0.920748
vt 0.161316 0.921746
vt 0.161316 0.922744
vt 0.162315 0.923742
vt 0.161316 0.923742
vt 0.160318 0.921746
vt 0.160318 0.922744
vt 0.163313 0.921746
vt 0.162315 0.922744
vt 0.162315 0.921746
vt 0.489377 0.923854
vt 0.481089 0.932141
vt 0.481089 0.923854
vt 0.481089 0.915567
vt 0.472802 0.923854
vt 0.472802 0.915567
vt 0.489377 0.907279
vt 0.489377 0.898992
vt 0.489377 0.932141
vt 0.487497 0.932141
vt 0.137652 0.883313
vt 0.141407 0.883313
vt 0.472802 0.917381
vt 0.472802 0.922040
vt 0.481089 0.907279
vt 0.481089 0.898992
vt 0.481217 0.932141
vt 0.489249 0.932141
vt 0.482969 0.932141
vt 0.137422 0.883313
vt 0.141794 0.883313
vt 0.141638 0.883313
vt 0.137266 0.883313
vt 0.141366 0.916516
vt 0.143024 0.916516
vt 0.146339 0.916516
vt 0.144681 0.899942
vt 0.146339 0.899942
vt 0.116505 0.916516
vt 0.114847 0.916516
vt 0.144681 0.916516
vt 0.143024 0.899942
vt 0.121477 0.916516
vt 0.119820 0.916516
vt 0.141366 0.899942
vt 0.126449 0.916516
vt 0.124792 0.916516
vt 0.139709 0.899942
vt 0.129764 0.916516
vt 0.131422 0.916516
vt 0.139709 0.916516
vt 0.138051 0.899942
vt 0.134737 0.916516
vt 0.136394 0.916516
vt 0.138051 0.916516
vt 0.136394 0.899942
vt 0.134737 0.899942
vt 0.133079 0.899942
vt 0.118162 0.916516
vt 0.133079 0.916516
vt 0.131422 0.899942
vt 0.123134 0.916516
vt 0.129764 0.899942
vt 0.128107 0.916516
vt 0.128107 0.899942
vt 0.126449 0.899942
vt 0.124792 0.899942
vt 0.123134 0.899942
vt 0.113190 0.916516
vt 0.121477 0.899942
vt 0.119820 0.899942
vt 0.118162 0.899942
vt 0.116505 0.899942
vt 0.114847 0.899942
vt 0.113190 0.899942
vt 0.155155 0.905801
vt 0.154119 0.922375
vt 0.154119 0.905801
vt 0.153083 0.905801
vt 0.153083 0.922375
vt 0.152047 0.905801
vt 0.152047 0.922375
vt 0.151011 0.905801
vt 0.151011 0.922375
vt 0.149975 0.905801
vt 0.149975 0.922375
vt 0.148939 0.905801
vt 0.148939 0.922375
vt 0.147904 0.905801
vt 0.146868 0.922375
vt 0.146868 0.905801
vt 0.145832 0.905801
vt 0.145832 0.922375
vt 0.144796 0.905801
vt 0.144796 0.922375
vt 0.143760 0.905801
vt 0.143760 0.922375
vt 0.142724 0.905801
vt 0.142724 0.922375
vt 0.141688 0.905801
vt 0.141688 0.922375
vt 0.140652 0.905801
vt 0.146868 0.891446
vt 0.145684 0.891562
vt 0.140652 0.922375
vt 0.139616 0.905801
vt 0.139616 0.922375
vt 0.138580 0.905801
vt 0.146868 0.889558
vt 0.145316 0.889711
vt 0.143823 0.890164
vt 0.142448 0.890899
vt 0.141242 0.891888
vt 0.140253 0.893094
vt 0.139517 0.894469
vt 0.139065 0.895962
vt 0.138912 0.897514
vt 0.139065 0.899066
vt 0.139517 0.900558
vt 0.140253 0.901934
vt 0.141242 0.903139
vt 0.142448 0.904129
vt 0.143823 0.904864
vt 0.145316 0.905317
vt 0.146868 0.905470
vt 0.143496 0.892468
vt 0.144545 0.891908
vt 0.142577 0.893223
vt 0.141822 0.894143
vt 0.140916 0.896330
vt 0.141261 0.895192
vt 0.140800 0.897514
vt 0.140916 0.898698
vt 0.141261 0.899836
vt 0.141822 0.900885
vt 0.142577 0.901805
vt 0.143496 0.902559
vt 0.144545 0.903120
vt 0.146868 0.903582
vt 0.145684 0.903465
vt 0.147904 0.922375
vt 0.142487 0.921417
vt 0.479712 0.864813
vt 0.162315 0.919749
vt 0.155155 0.922375
vt 0.479712 0.897962
vt 0.487999 0.889674
vt 0.163313 0.922744
vt 0.138580 0.922375
s 0
f 2/1/1 3/2/1 1/3/1
f 4/4/2 5/5/2 3/2/2
f 6/6/3 7/7/3 5/5/3
f 8/8/4 9/9/4 7/7/4
f 10/10/5 11/11/5 9/9/5
f 12/12/6 13/13/6 11/11/6
f 14/14/7 15/15/7 13/13/7
f 16/16/8 17/17/8 15/15/8
f 17/17/9 20/18/9 19/19/9
f 19/19/10 22/20/10 21/21/10
f 21/21/11 24/22/11 23/23/11
f 23/23/12 26/24/12 25/25/12
f 25/25/13 28/26/13 27/27/13
f 27/27/14 30/28/14 29/29/14
f 29/29/15 32/30/15 31/31/15
f 31/31/16 34/32/16 33/33/16
f 33/33/17 36/34/17 35/35/17
f 35/35/18 38/36/18 37/37/18
f 37/37/19 40/38/19 39/39/19
f 39/39/20 42/40/20 41/41/20
f 41/41/21 44/42/21 43/43/21
f 43/43/22 46/44/22 45/45/22
f 45/45/23 48/46/23 47/47/23
f 47/47/24 50/48/24 49/49/24
f 50/48/25 51/50/25 49/49/25
f 52/51/26 53/52/26 51/50/26
f 54/53/27 55/54/27 53/52/27
f 56/55/28 57/56/28 55/54/28
f 58/57/29 59/58/29 57/56/29
f 60/59/30 61/60/30 59/58/30
f 62/61/31 63/62/31 61/60/31
f 64/63/32 1/64/32 63/62/32
f 129/65/33 65/66/33 467/67/33
f 75/68/34 73/69/34 133/70/34
f 89/71/35 87/72/35 140/73/35
f 97/74/36 95/75/36 144/76/36
f 147/77/37 101/78/37 99/79/37
f 107/80/38 105/81/38 149/82/38
f 117/83/39 115/84/39 154/85/39
f 158/86/40 123/87/40 121/88/40
f 332/84/41 115/84/41 117/83/41
f 333/83/42 117/83/42 119/89/42
f 123/87/43 125/90/43 369/90/43
f 73/69/44 75/68/44 312/68/44
f 85/91/45 87/72/45 318/72/45
f 322/75/46 95/75/46 97/74/46
f 99/79/47 101/78/47 325/78/47
f 105/81/48 107/80/48 328/80/48
f 309/92/49 163/93/49 162/94/49
f 166/95/49 165/96/49 311/69/49
f 319/71/49 173/97/49 172/98/49
f 174/99/49 173/97/49 319/71/49
f 292/100/49 291/101/49 323/74/49
f 329/102/49 297/103/49 296/104/49
f 333/83/49 301/105/49 300/106/49
f 381/107/42 171/107/42 172/98/42
f 396/106/50 395/108/50 299/108/50
f 370/109/46 160/109/46 161/110/46
f 398/111/51 302/111/51 303/112/51
f 374/113/52 373/93/52 163/93/52
f 387/101/53 291/101/53 292/100/53
f 390/114/54 294/114/54 295/115/54
f 392/104/55 296/104/55 297/103/55
f 71/116/56 69/92/56 131/117/56
f 113/118/57 111/119/57 152/120/57
f 101/78/52 103/121/52 326/121/52
f 394/122/58 298/122/58 299/108/58
f 137/123/59 81/124/59 79/125/59
f 69/92/60 71/116/60 310/116/60
f 175/126/49 174/99/49 320/127/49
f 374/113/61 164/113/61 165/96/61
f 156/128/62 119/89/62 117/83/62
f 161/110/49 160/109/49 306/67/49
f 397/105/63 396/106/63 300/106/63
f 91/127/64 89/71/64 141/129/64
f 312/68/55 75/68/55 77/130/55
f 327/81/49 295/115/49 294/114/49
f 377/131/65 376/95/65 166/95/65
f 125/90/66 123/87/66 158/86/66
f 164/113/49 163/93/49 309/92/49
f 384/99/43 174/99/43 175/126/43
f 146/132/67 99/79/67 97/74/67
f 319/71/68 89/71/68 91/127/68
f 331/118/49 299/108/49 298/122/49
f 379/133/69 378/134/69 168/134/69
f 125/90/70 467/67/70 306/67/70
f 169/133/49 168/134/49 314/125/49
f 385/126/70 175/126/70 290/135/70
f 103/121/71 101/78/71 147/77/71
f 97/74/72 99/79/72 324/79/72
f 335/88/49 303/112/49 302/111/49
f 127/136/73 467/67/73 125/90/73
f 380/137/41 170/137/41 171/107/41
f 307/66/53 65/66/53 67/138/53
f 172/98/49 171/107/49 317/91/49
f 387/101/74 386/135/74 290/135/74
f 88/115/75 86/139/75 82/140/75
f 415/95/76 376/95/76 377/131/76
f 120/112/76 399/112/76 400/141/76
f 92/104/77 90/142/77 86/139/77
f 68/135/76 466/126/76 385/126/76
f 72/101/76 68/135/76 386/135/76
f 106/143/78 102/144/78 104/108/78
f 100/122/76 394/122/76 395/108/76
f 409/93/76 373/93/76 374/113/76
f 110/145/79 106/143/79 108/106/79
f 406/146/80 404/147/80 405/110/80
f 124/141/76 400/141/76 401/148/76
f 118/149/81 114/150/81 116/111/81
f 408/151/82 406/146/82 407/94/82
f 419/134/76 378/134/76 379/133/76
f 414/152/83 412/153/83 413/96/83
f 411/113/76 374/113/76 375/96/76
f 416/154/84 414/152/84 415/95/84
f 336/87/49 303/112/49 335/88/49
f 419/134/85 418/155/85 416/154/85
f 429/97/76 383/97/76 384/99/76
f 423/137/86 422/156/86 420/157/86
f 423/137/76 421/133/76 379/133/76
f 431/99/87 430/158/87 428/159/87
f 76/100/76 388/100/76 389/160/76
f 68/135/88 66/161/88 432/162/88
f 431/99/76 384/99/76 385/126/76
f 72/101/89 70/163/89 66/161/89
f 96/103/76 393/103/76 394/122/76
f 84/114/90 82/140/90 78/164/90
f 405/110/76 371/110/76 372/94/76
f 427/98/76 425/107/76 381/107/76
f 57/56/76 205/58/76 204/56/76
f 15/15/76 182/13/76 13/13/76
f 31/31/76 192/33/76 191/31/76
f 51/50/76 200/49/76 49/49/76
f 5/5/76 179/7/76 178/5/76
f 25/25/76 187/23/76 23/23/76
f 41/41/76 197/43/76 196/41/76
f 61/60/76 205/58/76 59/58/76
f 17/17/76 183/15/76 15/15/76
f 35/35/76 192/33/76 33/33/76
f 53/52/76 201/50/76 51/50/76
f 9/9/76 179/7/76 7/7/76
f 27/27/76 188/25/76 25/25/76
f 43/43/76 198/45/76 197/43/76
f 63/62/76 206/60/76 61/60/76
f 19/19/76 184/17/76 17/17/76
f 37/37/76 193/35/76 35/35/76
f 55/54/76 202/52/76 53/52/76
f 9/9/76 181/11/76 180/9/76
f 27/27/76 190/29/76 189/27/76
f 47/47/76 198/45/76 45/45/76
f 3/2/76 176/3/76 1/3/76
f 1/64/76 207/62/76 63/62/76
f 21/21/76 185/19/76 19/19/76
f 39/39/76 194/37/76 37/37/76
f 57/56/76 203/54/76 55/54/76
f 13/13/76 181/11/76 11/11/76
f 29/29/76 191/31/76 190/29/76
f 49/49/76 199/47/76 47/47/76
f 5/5/76 177/2/76 3/2/76
f 21/21/76 187/23/76 186/21/76
f 39/39/76 196/41/76 195/39/76
f 197/43/41 278/41/41 196/41/41
f 184/17/91 265/15/91 183/15/91
f 197/43/92 280/45/92 279/43/92
f 185/19/55 266/17/55 184/17/55
f 198/45/69 281/47/69 280/45/69
f 186/21/44 267/19/44 185/19/44
f 200/49/93 281/47/93 199/47/93
f 187/23/54 268/21/54 186/21/54
f 200/49/65 283/50/65 282/49/65
f 187/23/60 270/25/60 269/23/60
f 202/52/48 283/50/48 201/50/48
f 189/27/94 270/25/94 188/25/94
f 203/54/61 284/52/61 202/52/61
f 190/29/53 271/27/53 189/27/53
f 177/2/95 258/3/95 176/3/95
f 203/54/52 286/56/52 285/54/52
f 190/29/74 273/31/74 272/29/74
f 178/5/68 259/2/68 177/2/68
f 204/56/47 287/58/47 286/56/47
f 192/33/70 273/31/70 191/31/70
f 179/7/51 260/5/51 178/5/51
f 206/60/72 287/58/72 205/58/72
f 193/35/43 274/33/43 192/33/43
f 180/9/45 261/7/45 179/7/45
f 207/62/46 288/60/46 206/60/46
f 193/35/96 276/37/96 275/35/96
f 180/9/63 263/11/63 262/9/63
f 176/64/97 289/62/97 207/62/97
f 195/39/98 276/37/98 194/37/98
f 181/11/50 264/13/50 263/11/50
f 196/41/42 277/39/42 195/39/42
f 183/15/58 264/13/58 182/13/58
f 69/92/60 310/116/60 309/92/60
f 242/165/49 241/166/49 240/167/49
f 240/168/99 245/169/99 244/170/99
f 242/171/100 244/170/100 246/172/100
f 247/173/101 241/174/101 243/175/101
f 250/176/49 249/177/49 248/178/49
f 254/107/102 251/179/102 250/176/102
f 248/180/103 253/181/103 252/182/103
f 250/93/104 252/182/104 254/107/104
f 253/181/105 251/105/105 255/160/105
f 243/175/106 246/172/106 247/173/106
f 256/175/106 247/173/106 243/175/106
f 258/64/49 209/183/49 208/184/49
f 209/183/49 260/5/49 210/185/49
f 210/185/49 261/7/49 211/186/49
f 261/7/49 212/187/49 211/186/49
f 212/187/49 263/11/49 213/188/49
f 213/188/49 264/13/49 214/189/49
f 214/189/49 265/15/49 215/190/49
f 265/15/49 216/191/49 215/190/49
f 216/191/49 267/19/49 217/192/49
f 217/192/49 268/21/49 218/193/49
f 218/193/49 269/23/49 219/194/49
f 219/194/49 270/25/49 220/195/49
f 220/195/49 271/27/49 221/196/49
f 271/27/49 222/197/49 221/196/49
f 222/197/49 273/31/49 223/198/49
f 223/198/49 274/33/49 224/199/49
f 274/33/49 225/200/49 224/199/49
f 275/35/49 226/201/49 225/200/49
f 226/201/49 277/39/49 227/202/49
f 277/39/49 228/203/49 227/202/49
f 278/41/49 229/204/49 228/203/49
f 279/43/49 230/205/49 229/204/49
f 280/45/49 231/206/49 230/205/49
f 281/47/49 232/207/49 231/206/49
f 232/207/49 283/50/49 233/208/49
f 283/50/49 234/209/49 233/208/49
f 234/209/49 285/54/49 235/210/49
f 285/54/49 236/211/49 235/210/49
f 236/211/49 287/58/49 237/212/49
f 287/58/49 238/213/49 237/212/49
f 288/60/49 239/214/49 238/213/49
f 239/214/49 258/64/49 208/184/49
f 217/192/65 441/191/65 216/191/65
f 159/215/49 158/216/49 468/215/49
f 89/71/35 140/73/35 141/129/35
f 97/74/36 144/76/36 145/217/36
f 148/218/49 147/219/49 468/218/49
f 134/220/49 133/221/49 468/220/49
f 149/222/49 148/218/49 468/222/49
f 150/223/49 149/222/49 468/223/49
f 156/128/62 117/83/62 155/224/62
f 109/102/93 330/119/93 329/102/93
f 332/84/41 117/83/41 333/83/41
f 119/89/98 335/88/98 334/89/98
f 121/88/96 336/87/96 335/88/96
f 139/225/49 138/226/49 468/225/49
f 152/227/49 151/228/49 468/227/49
f 140/229/49 139/225/49 468/229/49
f 85/91/45 318/72/45 317/91/45
f 127/230/49 159/215/49 468/230/49
f 99/79/47 325/78/47 324/79/47
f 103/121/61 327/81/61 326/121/61
f 161/110/49 306/67/49 307/66/49
f 164/113/49 309/92/49 310/116/49
f 130/231/49 129/232/49 468/231/49
f 143/233/49 142/234/49 468/233/49
f 170/137/49 315/124/49 316/235/49
f 174/99/49 319/71/49 320/127/49
f 158/216/49 157/236/49 468/216/49
f 129/65/33 467/67/33 127/136/33
f 71/116/56 131/117/56 132/237/56
f 69/92/107 130/238/107 131/117/107
f 136/239/108 77/130/108 135/240/108
f 135/240/109 75/68/109 134/241/109
f 132/242/49 131/243/49 468/242/49
f 351/244/49 352/245/49 465/244/49
f 417/131/76 378/134/76 419/134/76
f 443/193/48 217/192/48 218/193/48
f 73/69/44 312/68/44 311/69/44
f 444/194/61 218/193/61 219/194/61
f 77/130/91 314/125/91 313/130/91
f 445/195/52 219/194/52 220/195/52
f 81/124/50 316/235/50 315/124/50
f 316/235/63 85/91/63 317/91/63
f 446/196/47 220/195/47 221/196/47
f 91/127/95 321/246/95 320/127/95
f 447/197/72 221/196/72 222/197/72
f 97/74/72 324/79/72 323/74/72
f 223/198/46 447/197/46 222/197/46
f 449/199/97 223/198/97 224/199/97
f 101/78/52 326/121/52 325/78/52
f 306/67/49 305/247/49 369/90/49
f 450/200/95 224/199/95 225/200/95
f 309/92/49 162/94/49 308/138/49
f 226/201/68 450/200/68 225/200/68
f 166/95/49 311/69/49 312/68/49
f 452/202/51 226/201/51 227/202/51
f 168/134/49 313/130/49 314/125/49
f 453/203/45 227/202/45 228/203/45
f 169/133/49 314/125/49 315/124/49
f 229/204/63 453/203/63 228/203/63
f 319/71/49 172/98/49 318/72/49
f 455/205/50 229/204/50 230/205/50
f 323/74/49 290/135/49 322/75/49
f 456/206/58 230/205/58 231/206/58
f 325/78/49 292/100/49 324/79/49
f 457/207/91 231/206/91 232/207/91
f 137/123/59 79/125/59 136/239/59
f 326/121/49 293/160/49 325/78/49
f 233/208/55 457/207/55 232/207/55
f 87/72/110 139/248/110 140/73/110
f 329/102/49 296/104/49 328/80/49
f 459/209/44 233/208/44 234/209/44
f 95/75/111 143/249/111 144/76/111
f 331/118/49 298/122/49 330/119/49
f 460/210/54 234/209/54 235/210/54
f 146/132/67 97/74/67 145/217/67
f 434/183/43 208/184/43 209/183/43
f 332/84/49 299/108/49 331/118/49
f 461/211/60 235/210/60 236/211/60
f 149/82/112 103/121/112 148/250/112
f 435/185/96 209/183/96 210/185/96
f 138/251/113 81/124/113 137/123/113
f 462/212/94 236/211/94 237/212/94
f 436/186/98 210/185/98 211/186/98
f 109/102/114 150/252/114 151/253/114
f 238/213/53 462/212/53 237/212/53
f 212/187/42 436/186/42 211/186/42
f 113/118/57 152/120/57 153/254/57
f 464/214/74 238/213/74 239/214/74
f 213/188/41 437/187/41 212/187/41
f 117/83/39 154/85/39 155/224/39
f 433/184/70 239/214/70 208/184/70
f 214/189/92 438/188/92 213/188/92
f 125/90/66 158/86/66 159/255/66
f 440/190/69 214/189/69 215/190/69
f 125/90/70 306/67/70 369/90/70
f 441/191/93 215/190/93 216/191/93
f 307/66/53 67/138/53 308/138/53
f 381/107/42 172/98/42 382/98/42
f 397/105/63 300/106/63 301/105/63
f 384/99/43 175/126/43 385/126/43
f 398/111/51 303/112/51 399/112/51
f 387/101/74 290/135/74 291/101/74
f 400/141/95 305/148/95 401/148/95
f 375/96/48 166/95/48 376/95/48
f 390/114/54 295/115/54 391/115/54
f 379/133/69 168/134/69 169/133/69
f 380/137/92 169/133/92 170/137/92
f 427/98/76 381/107/76 382/98/76
f 120/112/76 400/141/76 124/141/76
f 409/93/76 374/113/76 411/113/76
f 124/141/76 401/148/76 128/148/76
f 112/105/76 396/106/76 397/105/76
f 429/97/76 384/99/76 431/99/76
f 423/137/76 379/133/76 380/137/76
f 431/99/76 385/126/76 466/126/76
f 405/110/76 372/94/76 407/94/76
f 415/95/76 377/131/76 417/131/76
f 100/122/76 395/108/76 104/108/76
f 406/146/80 405/110/80 407/94/80
f 412/153/115 411/113/115 413/96/115
f 416/154/84 415/95/84 417/131/84
f 425/107/116 422/156/116 423/137/116
f 429/97/117 426/256/117 427/98/117
f 68/135/88 432/162/88 466/126/88
f 80/160/118 74/257/118 76/100/118
f 96/103/119 90/142/119 92/104/119
f 102/144/120 100/122/120 104/108/120
f 118/149/81 116/111/81 120/112/81
f 382/98/98 173/97/98 383/97/98
f 433/184/66 338/258/66 337/259/66
f 338/258/40 435/185/40 339/260/40
f 339/260/121 436/186/121 340/261/121
f 340/261/62 437/187/62 341/262/62
f 437/187/39 342/263/39 341/262/39
f 438/188/122 343/264/122 342/263/122
f 439/189/57 344/265/57 343/264/57
f 440/190/123 345/266/123 344/265/123
f 441/191/114 346/267/114 345/266/114
f 442/192/38 347/268/38 346/267/38
f 347/268/112 444/194/112 348/269/112
f 444/194/71 349/270/71 348/269/71
f 349/270/37 446/196/37 350/271/37
f 350/271/67 447/197/67 351/272/67
f 447/197/36 352/273/36 351/272/36
f 448/198/111 353/274/111 352/273/111
f 353/274/124 450/200/124 354/275/124
f 450/200/64 355/276/64 354/275/64
f 451/201/35 356/277/35 355/276/35
f 452/202/110 357/278/110 356/277/110
f 357/278/125 454/204/125 358/279/125
f 358/279/113 455/205/113 359/280/113
f 359/280/59 456/206/59 360/281/59
f 360/281/108 457/207/108 361/282/108
f 361/282/109 458/208/109 362/283/109
f 458/208/34 363/284/34 362/283/34
f 459/209/126 364/285/126 363/284/126
f 460/210/56 365/286/56 364/285/56
f 461/211/107 366/287/107 365/286/107
f 462/212/127 367/288/127 366/287/127
f 367/288/33 464/214/33 368/289/33
f 368/289/73 433/184/73 337/259/73
f 338/290/49 339/291/49 465/290/49
f 365/292/49 366/293/49 465/292/49
f 352/245/49 353/294/49 465/245/49
f 339/291/49 340/295/49 465/291/49
f 366/293/49 367/296/49 465/293/49
f 353/294/49 354/297/49 465/294/49
f 340/295/49 341/298/49 465/295/49
f 367/296/49 368/299/49 465/296/49
f 354/297/49 355/300/49 465/297/49
f 341/298/49 342/301/49 465/298/49
f 368/299/49 337/302/49 465/299/49
f 355/300/49 356/303/49 465/300/49
f 342/301/49 343/304/49 465/301/49
f 356/303/49 357/305/49 465/303/49
f 343/304/49 344/306/49 465/304/49
f 357/305/49 358/307/49 465/305/49
f 344/306/49 345/308/49 465/306/49
f 358/307/49 359/309/49 465/307/49
f 345/308/49 346/310/49 465/308/49
f 359/309/49 360/311/49 465/309/49
f 346/310/49 347/312/49 465/310/49
f 360/311/49 361/313/49 465/311/49
f 347/312/49 348/314/49 465/312/49
f 361/313/49 362/315/49 465/313/49
f 348/314/49 349/316/49 465/314/49
f 362/315/49 363/317/49 465/315/49
f 349/316/49 350/318/49 465/316/49
f 363/317/49 364/319/49 465/317/49
f 350/320/49 351/321/49 465/320/49
f 337/302/49 338/290/49 465/302/49
f 364/319/49 365/292/49 465/319/49
f 427/98/128 424/180/128 425/107/128
f 104/108/76 396/106/76 108/106/76
f 466/126/129 430/158/129 431/99/129
f 128/247/76 370/109/76 403/109/76
f 394/122/58 299/108/58 395/108/58
f 76/100/130 70/163/130 72/101/130
f 76/100/76 387/101/76 388/100/76
f 401/247/97 160/109/97 370/109/97
f 92/104/77 86/139/77 88/115/77
f 411/113/76 375/96/76 413/96/76
f 397/105/45 302/111/45 398/111/45
f 98/322/131 96/103/131 100/122/131
f 403/109/76 371/110/76 405/110/76
f 371/110/72 162/94/72 372/94/72
f 114/150/132 112/105/132 116/111/132
f 413/96/76 376/95/76 415/95/76
f 399/112/68 304/141/68 400/141/68
f 396/106/50 299/108/50 300/106/50
f 96/103/76 394/122/76 100/122/76
f 374/113/52 163/93/52 164/113/52
f 120/112/76 398/111/76 399/112/76
f 388/100/94 293/160/94 389/160/94
f 68/135/76 385/126/76 386/135/76
f 377/131/65 166/95/65 167/131/65
f 404/147/133 403/109/133 405/110/133
f 391/115/44 296/104/44 392/104/44
f 410/323/134 409/93/134 411/113/134
f 392/104/55 297/103/55 393/103/55
f 414/152/83 413/96/83 415/95/83
f 380/137/41 171/107/41 381/107/41
f 423/137/86 420/157/86 421/133/86
f 2/1/1 4/4/1 3/2/1
f 4/4/2 6/6/2 5/5/2
f 6/6/3 8/8/3 7/7/3
f 8/8/4 10/10/4 9/9/4
f 10/10/5 12/12/5 11/11/5
f 12/12/6 14/14/6 13/13/6
f 14/14/7 16/16/7 15/15/7
f 16/16/8 18/324/8 17/17/8
f 17/17/135 18/324/135 20/18/135
f 19/19/10 20/18/10 22/20/10
f 21/21/11 22/20/11 24/22/11
f 23/23/136 24/22/136 26/24/136
f 25/25/137 26/24/137 28/26/137
f 27/27/14 28/26/14 30/28/14
f 29/29/138 30/28/138 32/30/138
f 31/31/139 32/30/139 34/32/139
f 33/33/17 34/32/17 36/34/17
f 35/35/140 36/34/140 38/36/140
f 37/37/19 38/36/19 40/38/19
f 39/39/20 40/38/20 42/40/20
f 41/41/21 42/40/21 44/42/21
f 43/43/22 44/42/22 46/44/22
f 45/45/23 46/44/23 48/46/23
f 47/47/24 48/46/24 50/48/24
f 50/48/25 52/51/25 51/50/25
f 52/51/26 54/53/26 53/52/26
f 54/53/27 56/55/27 55/54/27
f 56/55/28 58/57/28 57/56/28
f 58/57/29 60/59/29 59/58/29
f 60/59/30 62/61/30 61/60/30
f 62/61/31 64/63/31 63/62/31
f 64/63/32 2/325/32 1/64/32
f 73/69/126 71/116/126 132/237/126
f 139/248/125 85/91/125 83/235/125
f 138/251/113 83/235/113 81/124/113
f 143/249/124 93/246/124 91/127/124
f 149/82/112 105/81/112 103/121/112
f 115/84/122 113/118/122 153/254/122
f 157/326/121 121/88/121 119/89/121
f 331/118/92 113/118/92 115/84/92
f 111/119/69 113/118/69 331/118/69
f 121/88/96 123/87/96 336/87/96
f 67/138/94 69/92/94 309/92/94
f 81/124/50 83/235/50 316/235/50
f 79/125/58 81/124/58 315/124/58
f 91/127/95 93/246/95 321/246/95
f 103/121/61 105/81/61 327/81/61
f 162/94/49 161/110/49 307/66/49
f 311/69/49 165/96/49 164/113/49
f 171/107/49 170/137/49 316/235/49
f 170/137/49 169/133/49 315/124/49
f 323/74/49 291/101/49 290/135/49
f 328/80/49 296/104/49 295/115/49
f 332/84/49 300/106/49 299/108/49
f 305/247/49 304/141/49 336/87/49
f 336/87/49 304/141/49 303/112/49
f 384/99/96 383/97/96 173/97/96
f 371/110/72 161/110/72 162/94/72
f 399/112/68 303/112/68 304/141/68
f 373/93/47 372/94/47 162/94/47
f 390/114/60 389/160/60 293/160/60
f 375/96/48 165/96/48 166/95/48
f 391/115/44 295/115/44 296/104/44
f 67/138/127 65/66/127 129/65/127
f 109/102/114 107/80/114 150/252/114
f 306/67/49 160/109/49 305/247/49
f 401/247/97 305/247/97 160/109/97
f 135/240/109 77/130/109 75/68/109
f 77/130/91 79/125/91 314/125/91
f 326/121/49 294/114/49 293/160/49
f 377/131/93 167/131/93 168/134/93
f 109/102/93 111/119/93 330/119/93
f 328/80/65 107/80/65 109/102/65
f 382/98/98 172/98/98 173/97/98
f 87/72/110 85/91/110 139/248/110
f 87/72/51 89/71/51 319/71/51
f 325/78/49 293/160/49 292/100/49
f 380/137/92 379/133/92 169/133/92
f 467/67/74 65/66/74 307/66/74
f 168/134/49 167/131/49 313/130/49
f 397/105/45 301/105/45 302/111/45
f 95/75/111 93/246/111 143/249/111
f 316/235/63 83/235/63 85/91/63
f 298/122/49 297/103/49 329/102/49
f 393/103/91 297/103/91 298/122/91
f 119/89/98 121/88/98 335/88/98
f 313/130/49 167/131/49 166/95/49
f 400/141/95 304/141/95 305/148/95
f 111/119/123 109/102/123 151/253/123
f 93/246/97 95/75/97 322/75/97
f 302/111/49 301/105/49 333/83/49
f 136/239/108 79/125/108 77/130/108
f 69/92/107 67/138/107 130/238/107
f 71/116/54 73/69/54 311/69/54
f 322/75/49 290/135/49 175/126/49
f 388/100/94 292/100/94 293/160/94
f 96/103/119 94/327/119 90/142/119
f 80/160/76 389/160/76 390/114/76
f 104/108/76 395/108/76 396/106/76
f 102/144/120 98/322/120 100/122/120
f 409/93/76 407/94/76 372/94/76
f 427/98/76 382/98/76 383/97/76
f 98/322/131 94/327/131 96/103/131
f 404/147/133 402/328/133 403/109/133
f 128/247/76 401/247/76 370/109/76
f 114/150/132 110/145/132 112/105/132
f 402/328/141 126/329/141 128/247/141
f 88/115/76 391/115/76 392/104/76
f 88/115/76 84/114/76 390/114/76
f 412/153/142 410/323/142 411/113/142
f 112/105/76 108/106/76 396/106/76
f 410/323/134 408/151/134 409/93/134
f 76/100/76 72/101/76 387/101/76
f 421/133/143 420/157/143 418/155/143
f 305/247/49 336/87/49 369/90/49
f 425/107/116 424/180/116 422/156/116
f 403/109/76 370/109/76 371/110/76
f 429/97/117 428/159/117 426/256/117
f 92/104/76 392/104/76 393/103/76
f 427/98/144 426/256/144 424/180/144
f 413/96/76 375/96/76 376/95/76
f 466/126/129 432/162/129 430/158/129
f 112/105/76 397/105/76 398/111/76
f 80/160/145 78/164/145 74/257/145
f 425/107/76 423/137/76 380/137/76
f 76/100/130 74/257/130 70/163/130
f 120/112/76 116/111/76 398/111/76
f 417/131/76 377/131/76 378/134/76
f 57/56/76 59/58/76 205/58/76
f 15/15/76 183/15/76 182/13/76
f 31/31/76 33/33/76 192/33/76
f 51/50/76 201/50/76 200/49/76
f 5/5/76 7/7/76 179/7/76
f 25/25/76 188/25/76 187/23/76
f 41/41/76 43/43/76 197/43/76
f 61/60/76 206/60/76 205/58/76
f 17/17/76 184/17/76 183/15/76
f 35/35/76 193/35/76 192/33/76
f 53/52/76 202/52/76 201/50/76
f 9/9/76 180/9/76 179/7/76
f 27/27/76 189/27/76 188/25/76
f 43/43/76 45/45/76 198/45/76
f 63/62/76 207/62/76 206/60/76
f 19/19/76 185/19/76 184/17/76
f 37/37/76 194/37/76 193/35/76
f 55/54/76 203/54/76 202/52/76
f 9/9/76 11/11/76 181/11/76
f 27/27/76 29/29/76 190/29/76
f 47/47/76 199/47/76 198/45/76
f 3/2/76 177/2/76 176/3/76
f 1/64/76 176/64/76 207/62/76
f 21/21/76 186/21/76 185/19/76
f 39/39/76 195/39/76 194/37/76
f 57/56/76 204/56/76 203/54/76
f 13/13/76 182/13/76 181/11/76
f 29/29/76 31/31/76 191/31/76
f 49/49/76 200/49/76 199/47/76
f 5/5/76 178/5/76 177/2/76
f 21/21/76 23/23/76 187/23/76
f 39/39/76 41/41/76 196/41/76
f 197/43/41 279/43/41 278/41/41
f 184/17/91 266/17/91 265/15/91
f 197/43/92 198/45/92 280/45/92
f 185/19/55 267/19/55 266/17/55
f 198/45/69 199/47/69 281/47/69
f 186/21/44 268/21/44 267/19/44
f 200/49/93 282/49/93 281/47/93
f 187/23/54 269/23/54 268/21/54
f 200/49/65 201/50/65 283/50/65
f 187/23/60 188/25/60 270/25/60
f 202/52/48 284/52/48 283/50/48
f 189/27/94 271/27/94 270/25/94
f 203/54/61 285/54/61 284/52/61
f 190/29/53 272/29/53 271/27/53
f 177/2/95 259/2/95 258/3/95
f 203/54/52 204/56/52 286/56/52
f 190/29/74 191/31/74 273/31/74
f 178/5/68 260/5/68 259/2/68
f 204/56/47 205/58/47 287/58/47
f 192/33/70 274/33/70 273/31/70
f 179/7/51 261/7/51 260/5/51
f 206/60/72 288/60/72 287/58/72
f 193/35/43 275/35/43 274/33/43
f 180/9/45 262/9/45 261/7/45
f 207/62/46 289/62/46 288/60/46
f 193/35/96 194/37/96 276/37/96
f 180/9/63 181/11/63 263/11/63
f 176/64/97 258/64/97 289/62/97
f 195/39/98 277/39/98 276/37/98
f 181/11/50 182/13/50 264/13/50
f 196/41/42 278/41/42 277/39/42
f 183/15/58 265/15/58 264/13/58
f 71/116/54 311/69/54 310/116/54
f 242/165/49 243/330/49 241/166/49
f 240/168/99 241/331/99 245/169/99
f 242/171/100 240/332/100 244/170/100
f 247/173/101 245/169/101 241/174/101
f 250/176/49 251/179/49 249/177/49
f 254/107/102 255/160/102 251/179/102
f 248/180/103 249/164/103 253/181/103
f 250/93/104 248/333/104 252/182/104
f 253/181/105 249/334/105 251/105/105
f 256/175/106 257/173/106 247/173/106
f 258/64/49 259/2/49 209/183/49
f 209/183/49 259/2/49 260/5/49
f 210/185/49 260/5/49 261/7/49
f 261/7/49 262/9/49 212/187/49
f 212/187/49 262/9/49 263/11/49
f 213/188/49 263/11/49 264/13/49
f 214/189/49 264/13/49 265/15/49
f 265/15/49 266/17/49 216/191/49
f 216/191/49 266/17/49 267/19/49
f 217/192/49 267/19/49 268/21/49
f 218/193/49 268/21/49 269/23/49
f 219/194/49 269/23/49 270/25/49
f 220/195/49 270/25/49 271/27/49
f 271/27/49 272/29/49 222/197/49
f 222/197/49 272/29/49 273/31/49
f 223/198/49 273/31/49 274/33/49
f 274/33/49 275/35/49 225/200/49
f 275/35/49 276/37/49 226/201/49
f 226/201/49 276/37/49 277/39/49
f 277/39/49 278/41/49 228/203/49
f 278/41/49 279/43/49 229/204/49
f 279/43/49 280/45/49 230/205/49
f 280/45/49 281/47/49 231/206/49
f 281/47/49 282/49/49 232/207/49
f 232/207/49 282/49/49 283/50/49
f 283/50/49 284/52/49 234/209/49
f 234/209/49 284/52/49 285/54/49
f 285/54/49 286/56/49 236/211/49
f 236/211/49 286/56/49 287/58/49
f 287/58/49 288/60/49 238/213/49
f 288/60/49 289/62/49 239/214/49
f 239/214/49 289/62/49 258/64/49
f 217/192/65 442/192/65 441/191/65
f 122/335/146 118/149/146 120/112/146
f 91/127/64 141/129/64 142/336/64
f 133/221/49 132/242/49 468/221/49
f 146/337/49 145/338/49 468/337/49
f 147/219/49 146/337/49 468/219/49
f 135/339/49 134/220/49 468/339/49
f 136/340/49 135/339/49 468/340/49
f 157/326/121 119/89/121 156/128/121
f 111/119/69 331/118/69 330/119/69
f 467/67/74 307/66/74 306/67/74
f 123/87/43 369/90/43 336/87/43
f 151/228/49 150/223/49 468/228/49
f 137/341/49 136/340/49 468/341/49
f 138/226/49 137/341/49 468/226/49
f 153/342/49 152/227/49 468/342/49
f 93/246/97 322/75/97 321/246/97
f 154/343/49 153/342/49 468/343/49
f 141/344/49 140/229/49 468/344/49
f 105/81/48 328/80/48 327/81/48
f 155/345/49 154/343/49 468/345/49
f 142/234/49 141/344/49 468/234/49
f 129/232/49 127/230/49 468/232/49
f 156/346/49 155/345/49 468/346/49
f 175/126/49 320/127/49 321/246/49
f 144/347/49 143/233/49 468/347/49
f 157/236/49 156/346/49 468/236/49
f 131/243/49 130/231/49 468/243/49
f 127/136/73 125/90/73 159/255/73
f 67/138/127 129/65/127 130/238/127
f 73/69/126 132/237/126 133/70/126
f 75/68/34 133/70/34 134/241/34
f 126/348/147 122/335/147 124/141/147
f 443/193/48 442/192/48 217/192/48
f 312/68/55 77/130/55 313/130/55
f 444/194/61 443/193/61 218/193/61
f 79/125/58 315/124/58 314/125/58
f 445/195/52 444/194/52 219/194/52
f 319/71/68 91/127/68 320/127/68
f 87/72/51 319/71/51 318/72/51
f 446/196/47 445/195/47 220/195/47
f 322/75/46 97/74/46 323/74/46
f 447/197/72 446/196/72 221/196/72
f 328/80/65 109/102/65 329/102/65
f 223/198/46 448/198/46 447/197/46
f 449/199/97 448/198/97 223/198/97
f 145/338/49 144/347/49 468/338/49
f 162/94/49 307/66/49 308/138/49
f 450/200/95 449/199/95 224/199/95
f 311/69/49 164/113/49 310/116/49
f 226/201/68 451/201/68 450/200/68
f 313/130/49 166/95/49 312/68/49
f 452/202/51 451/201/51 226/201/51
f 172/98/49 317/91/49 318/72/49
f 453/203/45 452/202/45 227/202/45
f 171/107/49 316/235/49 317/91/49
f 229/204/63 454/204/63 453/203/63
f 322/75/49 175/126/49 321/246/49
f 455/205/50 454/204/50 229/204/50
f 292/100/49 323/74/49 324/79/49
f 456/206/58 455/205/58 230/205/58
f 328/80/49 295/115/49 327/81/49
f 457/207/91 456/206/91 231/206/91
f 139/248/125 83/235/125 138/251/125
f 327/81/49 294/114/49 326/121/49
f 233/208/55 458/208/55 457/207/55
f 143/249/124 91/127/124 142/336/124
f 298/122/49 329/102/49 330/119/49
f 459/209/44 458/208/44 233/208/44
f 103/121/71 147/77/71 148/250/71
f 302/111/49 333/83/49 334/89/49
f 460/210/54 459/209/54 234/209/54
f 147/77/37 99/79/37 146/132/37
f 434/183/43 433/184/43 208/184/43
f 333/83/49 300/106/49 332/84/49
f 461/211/60 460/210/60 235/210/60
f 107/80/38 149/82/38 150/252/38
f 435/185/96 434/183/96 209/183/96
f 335/88/49 302/111/49 334/89/49
f 462/212/94 461/211/94 236/211/94
f 436/186/98 435/185/98 210/185/98
f 111/119/123 151/253/123 152/120/123
f 238/213/53 463/213/53 462/212/53
f 212/187/42 437/187/42 436/186/42
f 115/84/122 153/254/122 154/85/122
f 464/214/74 463/213/74 238/213/74
f 213/188/41 438/188/41 437/187/41
f 158/86/40 121/88/40 157/326/40
f 433/184/70 464/214/70 239/214/70
f 214/189/92 439/189/92 438/188/92
f 331/118/92 115/84/92 332/84/92
f 440/190/69 439/189/69 214/189/69
f 333/83/42 119/89/42 334/89/42
f 441/191/93 440/190/93 215/190/93
f 67/138/94 309/92/94 308/138/94
f 370/109/46 161/110/46 371/110/46
f 384/99/96 173/97/96 174/99/96
f 373/93/47 162/94/47 163/93/47
f 385/126/70 290/135/70 386/135/70
f 374/113/61 165/96/61 375/96/61
f 387/101/53 292/100/53 388/100/53
f 390/114/60 293/160/60 294/114/60
f 377/131/93 168/134/93 378/134/93
f 393/103/91 298/122/91 394/122/91
f 88/115/76 390/114/76 391/115/76
f 72/101/76 386/135/76 387/101/76
f 88/115/76 392/104/76 92/104/76
f 427/98/76 383/97/76 429/97/76
f 419/134/76 379/133/76 421/133/76
f 92/104/76 393/103/76 96/103/76
f 112/105/76 398/111/76 116/111/76
f 76/100/76 389/160/76 80/160/76
f 80/160/76 390/114/76 84/114/76
f 425/107/76 380/137/76 381/107/76
f 402/328/141 128/247/141 403/109/141
f 409/93/76 372/94/76 373/93/76
f 408/151/82 407/94/82 409/93/82
f 421/133/143 418/155/143 419/134/143
f 419/134/85 416/154/85 417/131/85
f 431/99/87 428/159/87 429/97/87
f 72/101/89 66/161/89 68/135/89
f 88/115/75 82/140/75 84/114/75
f 84/114/148 78/164/148 80/160/148
f 110/145/79 108/106/79 112/105/79
f 106/143/78 104/108/78 108/106/78
f 126/348/147 124/141/147 128/148/147
f 122/335/146 120/112/146 124/141/146
f 433/184/66 434/183/66 338/258/66
f 338/258/40 434/183/40 435/185/40
f 339/260/121 435/185/121 436/186/121
f 340/261/62 436/186/62 437/187/62
f 437/187/39 438/188/39 342/263/39
f 438/188/122 439/189/122 343/264/122
f 439/189/57 440/190/57 344/265/57
f 440/190/123 441/191/123 345/266/123
f 441/191/114 442/192/114 346/267/114
f 442/192/38 443/193/38 347/268/38
f 347/268/112 443/193/112 444/194/112
f 444/194/71 445/195/71 349/270/71
f 349/270/37 445/195/37 446/196/37
f 350/271/67 446/196/67 447/197/67
f 447/197/36 448/198/36 352/273/36
f 448/198/111 449/199/111 353/274/111
f 353/274/124 449/199/124 450/200/124
f 450/200/64 451/201/64 355/276/64
f 451/201/35 452/202/35 356/277/35
f 452/202/110 453/203/110 357/278/110
f 357/278/125 453/203/125 454/204/125
f 358/279/113 454/204/113 455/205/113
f 359/280/59 455/205/59 456/206/59
f 360/281/108 456/206/108 457/207/108
f 361/282/109 457/207/109 458/208/109
f 458/208/34 459/209/34 363/284/34
f 459/209/126 460/210/126 364/285/126
f 460/210/56 461/211/56 365/286/56
f 461/211/107 462/212/107 366/287/107
f 462/212/127 463/213/127 367/288/127
f 367/288/33 463/213/33 464/214/33
f 368/289/73 464/214/73 433/184/73
f 483/349/149 471/350/149 650/351/149
f 510/352/150 511/353/150 472/354/150
f 481/354/151 538/354/151 502/354/151
f 482/355/152 487/356/152 689/357/152
f 471/350/153 483/354/153 484/354/153
f 485/358/154 480/358/154 483/358/154
f 475/354/155 480/354/155 479/354/155
f 488/359/156 494/359/156 479/359/156
f 494/354/157 493/354/157 479/354/157
f 567/354/158 493/354/158 568/354/158
f 494/354/159 496/354/159 493/354/159
f 593/354/160 495/354/160 489/354/160
f 565/354/161 479/354/161 567/354/161
f 482/355/162 500/360/162 470/361/162
f 499/362/106 498/354/106 500/360/106
f 499/362/163 469/354/163 649/354/163
f 473/354/164 499/362/164 472/354/164
f 476/363/165 584/363/165 585/363/165
f 490/363/166 580/363/166 476/363/166
f 595/364/167 597/364/167 598/364/167
f 535/365/168 520/365/168 519/365/168
f 474/354/169 502/354/169 503/354/169
f 508/366/170 474/350/170 506/354/170
f 474/354/171 503/354/171 506/354/171
f 484/354/172 481/354/172 471/350/172
f 505/354/173 701/354/173 504/354/173
f 509/367/174 473/354/174 511/353/174
f 473/354/175 472/354/175 511/353/175
f 565/354/176 566/354/176 512/354/176
f 478/354/177 565/354/177 512/354/177
f 513/354/178 570/354/178 514/354/178
f 566/354/179 517/354/179 516/354/179
f 522/368/180 524/368/180 521/368/180
f 522/354/181 516/354/181 523/354/181
f 520/368/182 522/368/182 521/368/182
f 516/354/183 512/354/183 566/354/183
f 525/368/184 524/368/184 523/368/184
f 527/369/185 524/369/185 526/369/185
f 517/354/186 523/354/186 516/354/186
f 525/354/187 513/354/187 528/354/187
f 514/354/188 528/354/188 513/354/188
f 525/368/189 530/368/189 526/368/189
f 529/368/190 530/368/190 528/368/190
f 529/368/191 531/368/191 530/368/191
f 531/368/192 532/368/192 533/368/192
f 515/354/193 529/354/193 514/354/193
f 516/354/194 518/354/194 512/354/194
f 520/368/195 512/368/195 518/368/195
f 512/368/196 534/368/196 478/368/196
f 537/368/197 502/368/197 538/368/197
f 537/365/198 541/365/198 536/365/198
f 519/365/199 521/365/199 527/365/199
f 478/354/200 538/354/200 475/354/200
f 537/368/201 478/368/201 534/368/201
f 541/365/202 534/365/202 535/365/202
f 539/365/203 536/365/203 541/365/203
f 539/365/204 542/365/204 540/365/204
f 502/368/205 539/368/205 503/368/205
f 701/370/206 503/370/206 540/370/206
f 505/370/207 540/370/207 544/370/207
f 543/365/49 540/365/49 542/365/49
f 508/371/208 506/370/208 507/372/208
f 544/370/209 506/370/209 702/370/209
f 545/370/210 508/371/210 507/372/210
f 547/370/211 509/373/211 511/374/211
f 511/374/212 545/370/212 547/370/212
f 507/375/213 549/365/213 545/365/213
f 548/365/214 544/365/214 543/365/214
f 546/365/215 550/365/215 551/365/215
f 551/365/216 552/365/216 546/365/216
f 545/365/217 550/365/217 547/365/217
f 473/354/218 555/354/218 556/354/218
f 555/354/219 554/354/219 556/354/219
f 546/370/220 555/370/220 509/373/220
f 546/370/221 554/370/221 555/370/221
f 559/365/222 552/365/222 553/365/222
f 560/365/223 558/365/223 559/365/223
f 552/370/224 557/370/224 554/370/224
f 557/370/225 561/370/225 554/370/225
f 563/365/226 557/365/226 560/365/226
f 554/354/227 561/354/227 564/354/227
f 497/354/106 473/354/106 556/354/106
f 554/354/106 497/354/106 556/354/106
f 564/354/228 497/354/228 554/354/228
f 477/354/229 565/354/229 476/354/229
f 491/354/230 567/354/230 568/354/230
f 476/354/231 567/354/231 490/354/231
f 492/354/232 568/354/232 593/354/232
f 579/354/233 593/354/233 570/354/233
f 501/354/234 566/354/234 477/354/234
f 581/363/235 574/363/235 575/363/235
f 583/376/236 588/376/236 799/376/236
f 501/363/237 585/363/237 587/363/237
f 492/363/238 575/363/238 491/363/238
f 490/363/239 575/363/239 574/363/239
f 579/363/240 581/363/240 492/363/240
f 586/363/240 501/363/240 587/363/240
f 571/376/241 798/376/241 578/376/241
f 571/363/242 581/363/242 572/363/242
f 572/363/243 586/363/243 577/363/243
f 571/363/244 584/363/244 580/363/244
f 577/363/245 584/363/245 578/363/245
f 798/376/246 796/376/246 797/376/246
f 571/376/247 796/376/247 795/376/247
f 578/376/248 797/376/248 577/376/248
f 572/376/249 797/376/249 796/376/249
f 583/363/250 585/363/250 584/363/250
f 582/363/251 587/363/251 576/363/251
f 576/363/252 585/363/252 573/363/252
f 583/363/253 586/363/253 582/363/253
f 800/376/254 588/376/254 801/376/254
f 582/376/255 801/376/255 588/376/255
f 573/376/256 801/376/256 576/376/256
f 583/376/257 800/376/257 573/376/257
f 591/377/258 604/377/258 608/377/258
f 570/354/259 603/354/259 514/354/259
f 515/354/260 603/354/260 592/354/260
f 569/354/261 489/354/261 594/354/261
f 596/354/262 593/354/262 569/354/262
f 596/354/263 590/354/263 570/354/263
f 597/364/264 599/364/264 598/364/264
f 569/364/265 597/364/265 596/364/265
f 594/364/266 600/364/266 569/364/266
f 602/354/267 589/354/267 590/354/267
f 605/354/268 603/354/268 591/354/268
f 605/354/269 590/354/269 592/354/269
f 601/354/270 603/354/270 589/354/270
f 606/377/271 608/377/271 604/377/271
f 605/377/272 612/377/272 607/377/272
f 602/377/273 607/377/273 606/377/273
f 602/354/274 604/354/274 601/354/274
f 609/377/49 615/377/49 613/377/49
f 605/354/275 609/354/275 610/354/275
f 607/377/276 611/377/276 608/377/276
f 591/377/277 611/377/277 609/377/277
f 613/377/278 616/377/278 614/377/278
f 613/377/279 617/377/279 609/377/279
f 610/377/76 616/377/76 612/377/76
f 612/377/280 615/377/280 611/377/280
f 617/377/281 623/377/281 621/377/281
f 610/377/282 617/377/282 618/377/282
f 614/377/283 618/377/283 620/377/283
f 614/377/284 619/377/284 613/377/284
f 621/377/49 627/377/49 625/377/49
f 617/377/285 622/377/285 618/377/285
f 620/377/286 622/377/286 624/377/286
f 620/377/287 623/377/287 619/377/287
f 626/377/288 627/377/288 628/377/288
f 625/377/289 629/377/289 621/377/289
f 622/377/76 628/377/76 624/377/76
f 623/377/290 628/377/290 627/377/290
f 631/377/49 633/377/49 629/377/49
f 621/377/291 630/377/291 622/377/291
f 626/377/292 630/377/292 632/377/292
f 625/377/293 632/377/293 631/377/293
f 629/377/294 634/377/294 630/377/294
f 632/377/76 634/377/76 636/377/76
f 631/377/295 636/377/295 635/377/295
f 548/378/296 645/378/296 549/378/296
f 535/378/297 641/378/297 541/378/297
f 553/378/298 647/378/298 648/378/298
f 543/378/299 644/378/299 548/378/299
f 638/365/300 527/365/300 526/365/300
f 542/378/301 641/378/301 642/378/301
f 519/378/302 640/378/302 535/378/302
f 549/378/303 646/378/303 550/378/303
f 542/378/304 643/378/304 543/378/304
f 527/378/305 637/378/305 519/378/305
f 551/378/306 646/378/306 647/378/306
f 531/365/307 638/365/307 526/365/307
f 526/365/308 530/365/308 531/365/308
f 654/354/49 659/379/49 655/379/49
f 469/354/309 654/354/309 649/354/309
f 469/354/310 652/351/310 653/354/310
f 657/354/311 659/379/311 658/354/311
f 653/354/312 658/354/312 654/354/312
f 655/379/313 656/351/313 652/351/313
f 653/380/106 663/380/106 657/380/106
f 657/380/314 662/381/314 656/381/314
f 656/381/315 660/381/315 652/381/315
f 652/381/316 661/380/316 653/380/316
f 483/349/317 684/354/317 664/354/317
f 685/354/318 667/354/318 484/354/318
f 488/354/319 672/354/319 673/354/319
f 690/354/320 664/354/320 684/354/320
f 483/354/321 670/354/321 668/354/321
f 483/354/322 664/354/322 484/354/322
f 665/354/323 676/354/323 667/354/323
f 669/354/324 670/354/324 671/354/324
f 485/354/325 668/354/325 669/354/325
f 671/354/326 676/354/326 678/354/326
f 667/354/327 670/354/327 484/354/327
f 673/354/99 674/354/99 675/354/99
f 674/354/328 677/354/328 676/354/328
f 679/354/329 681/354/329 677/354/329
f 671/354/330 679/354/330 669/354/330
f 485/354/331 677/354/331 672/354/331
f 669/354/332 677/354/332 485/354/332
f 666/354/333 685/354/333 688/354/333
f 666/354/334 674/354/334 665/354/334
f 680/354/335 683/354/335 682/354/335
f 677/354/336 680/354/336 676/354/336
f 678/354/337 680/354/337 682/354/337
f 678/354/338 683/354/338 679/354/338
f 690/354/339 688/354/339 685/354/339
f 483/349/340 696/357/340 695/349/340
f 686/354/341 690/354/341 684/354/341
f 695/349/342 693/382/342 694/354/342
f 692/382/343 487/356/343 691/383/343
f 689/357/344 693/382/344 696/357/344
f 693/382/345 698/354/345 694/354/345
f 691/383/346 693/382/346 692/382/346
f 483/349/347 694/354/347 684/354/347
f 684/354/348 698/354/348 686/354/348
f 703/384/349 705/384/349 706/384/349
f 700/354/350 503/354/350 699/354/350
f 702/384/351 706/384/351 701/384/351
f 699/354/352 706/354/352 705/354/352
f 700/354/353 703/354/353 702/354/353
f 700/384/354 705/384/354 704/384/354
f 563/378/355 560/378/355 648/378/355
f 648/378/356 560/378/356 553/378/356
f 559/378/357 553/378/357 560/378/357
f 496/354/358 707/354/358 493/354/358
f 707/354/359 568/354/359 493/354/359
f 708/385/49 711/386/49 710/387/49
f 711/386/360 714/388/360 710/387/360
f 715/389/76 712/390/76 714/388/76
f 713/391/361 708/392/361 712/390/361
f 716/385/49 719/386/49 718/387/49
f 711/393/362 713/391/362 715/389/362
f 719/386/360 722/388/360 718/387/360
f 723/389/76 720/390/76 722/388/76
f 721/391/361 716/392/361 720/390/361
f 719/393/363 721/391/363 723/389/363
f 729/394/364 728/395/364 727/396/364
f 738/397/365 737/398/365 735/399/365
f 742/400/366 741/401/366 739/402/366
f 749/403/367 748/404/367 746/405/367
f 751/406/368 750/407/368 748/404/368
f 725/408/369 724/409/369 760/410/369
f 755/411/370 771/412/370 757/413/370
f 740/414/371 767/415/371 742/400/371
f 761/416/372 762/417/372 725/408/372
f 730/418/373 764/419/373 732/420/373
f 736/421/374 766/422/374 738/397/374
f 747/423/375 769/424/375 749/403/375
f 726/425/376 763/426/376 729/394/376
f 749/403/377 769/424/377 770/427/377
f 743/428/378 768/429/378 745/430/378
f 753/431/379 771/412/379 755/411/379
f 749/403/380 770/427/380 751/406/380
f 750/407/381 780/432/381 748/404/381
f 746/405/382 779/433/382 744/434/382
f 731/435/383 774/436/383 728/395/383
f 741/401/384 777/437/384 739/402/384
f 724/409/385 783/438/385 760/410/385
f 758/439/386 782/440/386 756/441/386
f 727/396/387 773/442/387 724/443/387
f 737/398/388 776/444/388 735/399/388
f 758/439/389 783/438/389 782/440/389
f 744/434/390 778/445/390 741/401/390
f 760/410/391 783/438/391 758/439/391
f 756/441/392 782/440/392 754/446/392
f 725/447/393 726/425/393 724/443/393
f 731/435/394 730/418/394 732/420/394
f 729/394/395 730/418/395 728/395/395
f 733/448/396 732/420/396 734/449/396
f 733/448/397 736/421/397 735/399/397
f 737/398/398 740/414/398 739/402/398
f 736/421/399 738/397/399 735/399/399
f 744/434/400 743/428/400 745/430/400
f 740/414/401 742/400/401 739/402/401
f 742/400/402 743/428/402 741/401/402
f 744/434/403 747/423/403 746/405/403
f 750/407/404 753/431/404 752/450/404
f 747/423/405 749/403/405 746/405/405
f 749/403/406 751/406/406 748/404/406
f 754/446/407 753/431/407 755/411/407
f 756/441/408 755/411/408 757/413/408
f 758/439/409 757/413/409 759/451/409
f 761/416/410 758/439/410 759/451/410
f 767/415/411 789/429/411 768/429/411
f 761/416/412 725/408/412 760/410/412
f 728/395/413 774/436/413 773/442/413
f 763/426/414 730/418/414 729/394/414
f 745/430/415 768/429/415 769/424/415
f 736/421/416 765/452/416 766/422/416
f 762/447/417 726/425/417 725/447/417
f 747/423/418 745/430/418 769/424/418
f 757/413/419 771/412/419 772/453/419
f 753/431/420 770/427/420 771/412/420
f 768/429/421 742/400/421 767/415/421
f 759/451/422 757/413/422 772/453/422
f 765/452/423 732/420/423 764/419/423
f 766/422/424 740/414/424 738/397/424
f 761/416/425 772/453/425 762/417/425
f 775/454/426 735/399/426 776/444/426
f 727/396/427 726/425/427 729/394/427
f 750/407/428 781/455/428 780/432/428
f 779/433/429 748/404/429 780/432/429
f 724/443/430 773/442/430 783/456/430
f 741/401/431 778/445/431 777/437/431
f 731/435/432 775/454/432 774/436/432
f 781/455/433 754/446/433 782/440/433
f 777/437/434 737/398/434 739/402/434
f 727/396/435 728/395/435 773/442/435
f 744/434/436 779/433/436 778/445/436
f 772/453/437 791/417/437 762/417/437
f 762/447/438 785/426/438 763/426/438
f 766/422/439 786/415/439 767/415/439
f 766/422/440 794/452/440 787/422/440
f 771/412/441 792/453/441 772/453/441
f 769/424/442 789/429/442 788/424/442
f 764/419/443 794/452/443 765/452/443
f 771/412/444 790/427/444 793/412/444
f 769/424/445 790/427/445 770/427/445
f 764/419/446 785/426/446 784/419/446
f 781/455/447 775/454/447 778/445/447
f 782/440/448 783/438/448 773/442/448
f 773/442/449 774/436/449 775/454/449
f 775/454/450 776/444/450 778/445/450
f 776/444/451 777/437/451 778/445/451
f 778/445/452 779/433/452 780/432/452
f 781/455/453 778/445/453 780/432/453
f 781/455/454 782/440/454 773/442/454
f 773/442/455 775/454/455 781/455/455
f 655/379/456 649/354/456 654/354/456
f 655/379/457 650/351/457 651/354/457
f 650/351/458 471/350/458 651/354/458
f 650/351/459 469/354/459 482/355/459
f 482/355/460 483/349/460 650/351/460
f 508/366/461 481/354/461 474/354/461
f 472/354/462 651/354/462 510/352/462
f 502/354/463 474/354/463 481/354/463
f 481/354/464 475/354/464 538/354/464
f 480/354/465 484/354/465 670/354/465
f 480/354/466 481/354/466 484/354/466
f 471/350/462 510/352/462 651/354/462
f 802/457/467 805/458/467 804/459/467
f 805/458/468 808/460/468 804/459/468
f 806/461/469 803/462/469 802/463/469
f 804/464/470 806/461/470 802/465/470
f 805/466/471 807/467/471 809/468/471
f 256/175/472 811/173/472 257/173/472
f 817/469/106 812/470/106 816/471/106
f 818/472/167 812/473/167 814/474/167
f 815/475/49 819/476/49 820/475/49
f 813/477/473 821/469/473 819/477/473
f 839/478/106 813/476/106 835/477/106
f 815/475/474 835/476/474 813/476/474
f 812/473/475 850/474/475 814/474/475
f 858/473/167 830/474/167 852/474/167
f 827/479/476 849/480/476 828/480/476
f 825/475/266 859/476/266 835/476/266
f 826/481/49 857/482/49 836/482/49
f 861/476/49 830/483/49 860/484/49
f 831/485/99 865/486/99 832/486/99
f 829/475/266 861/476/266 859/476/266
f 851/470/106 812/473/106 838/487/106
f 841/478/106 858/470/106 840/487/106
f 841/478/106 835/477/106 859/477/106
f 840/487/106 851/470/106 838/487/106
f 813/476/106 838/487/106 812/473/106
f 842/488/477 839/489/477 843/490/477
f 845/490/478 840/491/478 844/488/478
f 843/490/479 841/489/479 845/490/479
f 844/488/480 838/491/480 842/488/480
f 823/479/106 843/490/106 824/480/106
f 828/480/106 844/488/106 827/479/106
f 828/480/106 843/490/106 845/490/106
f 827/479/106 842/488/106 823/479/106
f 847/480/106 848/479/106 846/479/106
f 828/480/481 847/480/481 824/480/481
f 823/479/482 847/480/482 846/479/482
f 827/479/483 846/479/483 848/479/483
f 822/481/167 851/473/167 834/482/167
f 826/481/167 858/473/167 852/474/167
f 826/481/167 850/474/167 822/481/167
f 836/482/167 851/473/167 858/473/167
f 822/481/99 856/481/99 826/481/99
f 834/482/76 854/481/76 822/481/76
f 836/482/106 855/482/106 834/482/106
f 853/485/484 859/477/484 837/486/484
f 832/486/485 860/470/485 831/485/485
f 831/485/486 858/470/486 853/485/486
f 832/486/487 859/477/487 861/477/487
f 862/485/167 868/485/167 864/485/167
f 831/485/167 862/485/167 864/485/167
f 837/486/106 862/485/106 853/485/106
f 832/486/266 863/486/266 837/486/266
f 869/486/266 871/486/266 867/486/266
f 863/486/488 866/485/488 862/485/488
f 863/486/266 869/486/266 867/486/266
f 864/485/489 869/486/489 865/486/489
f 868/485/76 873/486/76 869/486/76
f 868/485/167 870/485/167 872/485/167
f 867/486/49 870/485/49 866/485/49
f 883/492/490 916/493/490 917/492/490
f 877/494/491 878/495/491 876/496/491
f 913/497/492 933/498/492 915/498/492
f 879/499/493 880/500/493 878/495/493
f 907/501/494 930/502/494 909/502/494
f 881/493/495 882/503/495 880/500/495
f 901/504/496 927/505/496 903/505/496
f 883/492/497 884/506/497 882/503/497
f 897/507/498 923/508/498 924/507/498
f 885/509/499 886/510/499 884/506/499
f 891/511/500 920/512/500 921/511/500
f 887/513/501 888/514/501 886/510/501
f 885/509/502 917/492/502 918/509/502
f 889/512/503 890/515/503 888/514/503
f 879/499/504 874/494/504 875/499/504
f 891/511/505 892/516/505 890/515/505
f 909/502/506 931/517/506 911/517/506
f 893/518/507 894/519/507 892/516/507
f 903/505/508 928/520/508 905/520/508
f 895/508/509 896/521/509 894/519/509
f 897/507/510 925/522/510 899/522/510
f 897/507/511 898/523/511 896/521/511
f 893/518/512 921/511/512 922/518/512
f 899/522/513 900/524/513 898/523/513
f 887/513/514 918/509/514 919/513/514
f 901/504/515 902/525/515 900/524/515
f 881/493/516 875/499/516 916/493/516
f 903/505/517 904/526/517 902/525/517
f 915/498/518 874/527/518 877/527/518
f 905/520/519 906/528/519 904/526/519
f 911/517/520 932/497/520 913/497/520
f 907/501/521 908/529/521 906/528/521
f 905/520/522 929/501/522 907/501/522
f 909/502/523 910/530/523 908/529/523
f 899/522/524 926/504/524 901/504/524
f 911/517/525 912/531/525 910/530/525
f 895/508/526 922/518/526 923/508/526
f 932/497/527 935/498/527 933/498/527
f 913/497/528 914/532/528 912/531/528
f 889/512/529 919/513/529 920/512/529
f 915/498/530 876/533/530 914/532/530
f 929/501/531 938/502/531 930/502/531
f 926/504/532 941/505/532 927/505/532
f 923/508/533 944/507/533 924/507/533
f 920/512/534 947/511/534 921/511/534
f 917/492/535 950/509/535 918/509/535
f 874/494/536 953/499/536 875/499/536
f 930/502/537 937/517/537 931/517/537
f 927/505/538 940/520/538 928/520/538
f 924/507/539 943/522/539 925/522/539
f 921/511/540 946/518/540 922/518/540
f 918/509/541 949/513/541 919/513/541
f 875/499/542 952/493/542 916/493/542
f 931/517/543 936/497/543 932/497/543
f 928/520/544 939/501/544 929/501/544
f 933/498/545 934/527/545 874/527/545
f 925/522/546 942/504/546 926/504/546
f 922/518/547 945/508/547 923/508/547
f 919/513/548 948/512/548 920/512/548
f 916/493/549 951/492/549 917/492/549
f 939/501/106 958/502/106 938/502/106
f 953/499/106 954/494/106 973/499/106
f 946/518/106 967/511/106 966/518/106
f 940/520/106 959/501/106 939/501/106
f 947/511/106 968/512/106 967/511/106
f 941/505/106 960/520/106 940/520/106
f 948/512/106 969/513/106 968/512/106
f 942/504/106 961/505/106 941/505/106
f 935/498/106 954/527/106 934/527/106
f 949/513/106 970/509/106 969/513/106
f 942/504/106 963/522/106 962/504/106
f 935/498/106 956/497/106 955/498/106
f 950/509/106 971/492/106 970/509/106
f 943/522/106 964/507/106 963/522/106
f 936/497/106 957/517/106 956/497/106
f 952/493/106 971/492/106 951/492/106
f 945/508/106 964/507/106 944/507/106
f 938/502/106 957/517/106 937/517/106
f 953/499/106 972/493/106 952/493/106
f 946/518/106 965/508/106 945/508/106
f 956/497/547 975/498/547 955/498/547
f 971/492/538 990/509/538 970/509/538
f 964/507/536 983/522/536 963/522/536
f 957/517/540 976/497/540 956/497/540
f 972/493/532 991/492/532 971/492/532
f 965/508/545 984/507/545 964/507/545
f 958/502/534 977/517/534 957/517/534
f 973/499/546 992/493/546 972/493/546
f 966/518/527 985/508/527 965/508/527
f 959/501/548 978/502/548 958/502/548
f 954/494/539 993/499/539 973/499/539
f 967/511/543 986/518/543 966/518/543
f 960/520/541 979/501/541 959/501/541
f 968/512/537 987/511/537 967/511/537
f 961/505/535 980/520/535 960/520/535
f 969/513/531 988/512/531 968/512/531
f 962/504/549 981/505/549 961/505/549
f 955/498/533 974/527/533 954/527/533
f 970/509/544 989/513/544 969/513/544
f 963/522/542 982/504/542 962/504/542
f 981/505/106 989/513/106 993/499/106
f 1003/492/490 1036/493/490 1037/492/490
f 997/494/491 998/495/491 996/496/491
f 1033/497/492 1053/498/492 1035/498/492
f 999/499/493 1000/500/493 998/495/493
f 1027/501/494 1050/502/494 1029/502/494
f 1001/493/495 1002/503/495 1000/500/495
f 1021/504/496 1047/505/496 1023/505/496
f 1003/492/497 1004/506/497 1002/503/497
f 1017/507/498 1043/508/498 1044/507/498
f 1005/509/499 1006/510/499 1004/506/499
f 1011/511/500 1040/512/500 1041/511/500
f 1007/513/501 1008/514/501 1006/510/501
f 1005/509/502 1037/492/502 1038/509/502
f 1009/512/503 1010/515/503 1008/514/503
f 999/499/504 994/494/504 995/499/504
f 1011/511/505 1012/516/505 1010/515/505
f 1029/502/506 1051/517/506 1031/517/506
f 1013/518/507 1014/519/507 1012/516/507
f 1023/505/508 1048/520/508 1025/520/508
f 1015/508/509 1016/521/509 1014/519/509
f 1017/507/510 1045/522/510 1019/522/510
f 1017/507/511 1018/523/511 1016/521/511
f 1013/518/512 1041/511/512 1042/518/512
f 1019/522/513 1020/524/513 1018/523/513
f 1007/513/514 1038/509/514 1039/513/514
f 1021/504/515 1022/525/515 1020/524/515
f 1001/493/516 995/499/516 1036/493/516
f 1023/505/517 1024/526/517 1022/525/517
f 1035/498/518 994/527/518 997/527/518
f 1025/520/519 1026/528/519 1024/526/519
f 1031/517/520 1052/497/520 1033/497/520
f 1027/501/521 1028/529/521 1026/528/521
f 1025/520/522 1049/501/522 1027/501/522
f 1029/502/523 1030/530/523 1028/529/523
f 1019/522/524 1046/504/524 1021/504/524
f 1031/517/525 1032/531/525 1030/530/525
f 1015/508/526 1042/518/526 1043/508/526
f 1052/497/527 1055/498/527 1053/498/527
f 1033/497/528 1034/532/528 1032/531/528
f 1009/512/529 1039/513/529 1040/512/529
f 1035/498/530 996/533/530 1034/532/530
f 1049/501/531 1058/502/531 1050/502/531
f 1046/504/532 1061/505/532 1047/505/532
f 1043/508/533 1064/507/533 1044/507/533
f 1040/512/534 1067/511/534 1041/511/534
f 1037/492/535 1070/509/535 1038/509/535
f 994/494/536 1073/499/536 995/499/536
f 1050/502/537 1057/517/537 1051/517/537
f 1047/505/538 1060/520/538 1048/520/538
f 1044/507/539 1063/522/539 1045/522/539
f 1041/511/540 1066/518/540 1042/518/540
f 1038/509/541 1069/513/541 1039/513/541
f 995/499/542 1072/493/542 1036/493/542
f 1051/517/543 1056/497/543 1052/497/543
f 1048/520/544 1059/501/544 1049/501/544
f 1053/498/545 1054/527/545 994/527/545
f 1045/522/546 1062/504/546 1046/504/546
f 1042/518/547 1065/508/547 1043/508/547
f 1039/513/548 1068/512/548 1040/512/548
f 1036/493/549 1071/492/549 1037/492/549
f 1059/501/106 1078/502/106 1058/502/106
f 1073/499/106 1074/494/106 1093/499/106
f 1066/518/106 1087/511/106 1086/518/106
f 1060/520/106 1079/501/106 1059/501/106
f 1067/511/106 1088/512/106 1087/511/106
f 1061/505/106 1080/520/106 1060/520/106
f 1068/512/106 1089/513/106 1088/512/106
f 1062/504/106 1081/505/106 1061/505/106
f 1055/498/106 1074/527/106 1054/527/106
f 1069/513/106 1090/509/106 1089/513/106
f 1062/504/106 1083/522/106 1082/504/106
f 1055/498/106 1076/497/106 1075/498/106
f 1070/509/106 1091/492/106 1090/509/106
f 1063/522/106 1084/507/106 1083/522/106
f 1056/497/106 1077/517/106 1076/497/106
f 1072/493/106 1091/492/106 1071/492/106
f 1065/508/106 1084/507/106 1064/507/106
f 1058/502/106 1077/517/106 1057/517/106
f 1073/499/106 1092/493/106 1072/493/106
f 1066/518/106 1085/508/106 1065/508/106
f 1076/497/547 1095/498/547 1075/498/547
f 1091/492/538 1110/509/538 1090/509/538
f 1084/507/536 1103/522/536 1083/522/536
f 1077/517/540 1096/497/540 1076/497/540
f 1092/493/532 1111/492/532 1091/492/532
f 1085/508/545 1104/507/545 1084/507/545
f 1078/502/534 1097/517/534 1077/517/534
f 1093/499/546 1112/493/546 1092/493/546
f 1086/518/527 1105/508/527 1085/508/527
f 1079/501/548 1098/502/548 1078/502/548
f 1074/494/539 1113/499/539 1093/499/539
f 1087/511/543 1106/518/543 1086/518/543
f 1080/520/541 1099/501/541 1079/501/541
f 1088/512/537 1107/511/537 1087/511/537
f 1081/505/535 1100/520/535 1080/520/535
f 1089/513/531 1108/512/531 1088/512/531
f 1082/504/549 1101/505/549 1081/505/549
f 1075/498/533 1094/527/533 1074/527/533
f 1090/509/544 1109/513/544 1089/513/544
f 1083/522/542 1102/504/542 1082/504/542
f 1101/505/106 1109/513/106 1113/499/106
f 1116/534/550 1150/535/550 1118/536/550
f 1150/535/551 1120/537/551 1118/536/551
f 1151/538/552 1122/539/552 1120/537/552
f 1152/540/553 1124/541/553 1122/539/553
f 1153/542/554 1126/543/554 1124/541/554
f 1154/544/555 1128/545/555 1126/543/555
f 1155/546/556 1130/547/556 1128/545/556
f 1130/547/557 1157/548/557 1132/549/557
f 1157/548/558 1134/550/558 1132/549/558
f 1158/551/559 1136/552/559 1134/550/559
f 1159/553/560 1138/554/560 1136/552/560
f 1160/555/561 1140/556/561 1138/554/561
f 1161/557/562 1142/558/562 1140/556/562
f 1162/559/563 1144/560/563 1142/558/563
f 1117/561/564 1184/562/564 1119/562/564
f 1163/563/565 1146/564/565 1144/560/565
f 1164/565/566 1114/566/566 1146/564/566
f 1166/567/567 1150/568/567 1149/567/567
f 1167/568/568 1151/569/568 1150/568/568
f 1169/570/569 1151/569/569 1168/569/569
f 1169/570/570 1153/571/570 1152/570/570
f 1171/572/571 1153/571/571 1170/571/571
f 1171/572/572 1155/573/572 1154/572/572
f 1173/574/573 1155/573/573 1172/573/573
f 1174/575/574 1156/574/574 1173/574/574
f 1174/575/575 1158/576/575 1157/575/575
f 1176/577/576 1158/576/576 1175/576/576
f 1177/578/577 1159/577/577 1176/577/577
f 1178/579/578 1160/578/578 1177/578/578
f 1179/580/579 1161/579/579 1178/579/579
f 1180/581/580 1162/580/580 1179/580/580
f 1181/582/581 1163/581/581 1180/581/581
f 1165/583/582 1164/582/582 1181/582/582
f 1117/561/106 1167/568/106 1166/567/106
f 1119/562/106 1168/569/106 1167/568/106
f 1123/584/106 1168/569/106 1121/585/106
f 1125/586/106 1169/570/106 1123/584/106
f 1125/586/106 1171/572/106 1170/571/106
f 1127/587/106 1172/573/106 1171/572/106
f 1131/588/106 1172/573/106 1129/589/106
f 1133/590/106 1173/574/106 1131/588/106
f 1135/591/106 1174/575/106 1133/590/106
f 1137/592/106 1175/576/106 1135/591/106
f 1139/593/106 1176/577/106 1137/592/106
f 1141/594/106 1177/578/106 1139/593/106
f 1143/595/106 1178/579/106 1141/594/106
f 1143/595/106 1180/581/106 1179/580/106
f 1145/596/106 1181/582/106 1180/581/106
f 1115/597/106 1181/582/106 1147/598/106
f 1186/584/106 1204/586/106 1187/586/106
f 1145/596/583 1198/598/583 1147/598/583
f 1119/562/584 1185/585/584 1121/585/584
f 1147/598/585 1182/597/585 1115/597/585
f 1121/585/586 1186/584/586 1123/584/586
f 1123/584/587 1187/586/587 1125/586/587
f 1125/586/588 1188/587/588 1127/587/588
f 1127/587/589 1189/589/589 1129/589/589
f 1129/589/590 1190/588/590 1131/588/590
f 1131/588/591 1191/590/591 1133/590/591
f 1133/590/592 1192/591/592 1135/591/592
f 1135/591/593 1193/592/593 1137/592/593
f 1137/592/594 1194/593/594 1139/593/594
f 1139/593/595 1195/594/595 1141/594/595
f 1141/594/596 1196/595/596 1143/595/596
f 1143/595/597 1197/596/597 1145/596/597
f 1206/589/590 1224/588/590 1207/588/590
f 1187/586/106 1205/587/106 1188/587/106
f 1188/587/106 1206/589/106 1189/589/106
f 1189/589/106 1207/588/106 1190/588/106
f 1190/588/106 1208/590/106 1191/590/106
f 1192/591/106 1208/590/106 1209/591/106
f 1192/591/106 1210/592/106 1193/592/106
f 1193/592/106 1211/593/106 1194/593/106
f 1194/593/106 1212/594/106 1195/594/106
f 1195/594/106 1213/595/106 1196/595/106
f 1196/595/106 1214/596/106 1197/596/106
f 1184/562/106 1200/561/106 1201/562/106
f 1198/598/106 1214/596/106 1215/598/106
f 1184/562/106 1202/585/106 1185/585/106
f 1198/598/106 1199/597/106 1182/597/106
f 1186/584/106 1202/585/106 1203/584/106
f 1207/588/591 1225/590/591 1208/590/591
f 1208/590/592 1226/591/592 1209/591/592
f 1209/591/593 1227/592/593 1210/592/593
f 1210/592/594 1228/593/594 1211/593/594
f 1211/593/595 1229/594/595 1212/594/595
f 1212/594/596 1230/595/596 1213/595/596
f 1213/595/597 1231/596/597 1214/596/597
f 1200/561/76 1218/562/76 1201/562/76
f 1214/596/598 1232/598/598 1215/598/598
f 1201/562/599 1219/585/599 1202/585/599
f 1215/598/76 1216/597/76 1199/597/76
f 1202/585/586 1220/584/586 1203/584/586
f 1203/584/587 1221/586/587 1204/586/587
f 1204/586/588 1222/587/588 1205/587/588
f 1205/587/589 1223/589/589 1206/589/589
f 1235/534/550 1269/535/550 1237/536/550
f 1269/535/551 1239/537/551 1237/536/551
f 1270/538/552 1241/539/552 1239/537/552
f 1271/540/553 1243/541/553 1241/539/553
f 1272/542/554 1245/543/554 1243/541/554
f 1273/544/555 1247/545/555 1245/543/555
f 1274/546/556 1249/547/556 1247/545/556
f 1275/599/557 1251/549/557 1249/547/557
f 1276/548/558 1253/550/558 1251/549/558
f 1277/551/559 1255/552/559 1253/550/559
f 1278/553/560 1257/554/560 1255/552/560
f 1279/555/561 1259/556/561 1257/554/561
f 1280/557/562 1261/558/562 1259/556/562
f 1281/559/563 1263/560/563 1261/558/563
f 1236/561/564 1303/562/564 1238/562/564
f 1282/563/565 1265/564/565 1263/560/565
f 1283/565/566 1233/566/566 1265/564/566
f 1285/567/567 1269/568/567 1268/567/567
f 1286/568/568 1270/569/568 1269/568/568
f 1288/570/569 1270/569/569 1287/569/569
f 1288/570/570 1272/571/570 1271/570/570
f 1289/571/571 1273/572/571 1272/571/571
f 1290/572/572 1274/573/572 1273/572/572
f 1291/573/573 1275/574/573 1274/573/573
f 1292/574/574 1276/575/574 1275/574/574
f 1294/576/600 1276/575/600 1293/575/600
f 1295/577/576 1277/576/576 1294/576/576
f 1296/578/577 1278/577/577 1295/577/577
f 1297/579/578 1279/578/578 1296/578/578
f 1297/579/579 1281/580/579 1280/579/579
f 1299/581/580 1281/580/580 1298/580/580
f 1299/581/581 1283/582/581 1282/581/581
f 1284/583/582 1283/582/582 1300/582/582
f 1236/561/106 1286/568/106 1285/567/106
f 1238/562/106 1287/569/106 1286/568/106
f 1242/584/106 1287/569/106 1240/585/106
f 1244/586/106 1288/570/106 1242/584/106
f 1246/587/106 1289/571/106 1244/586/106
f 1248/589/106 1290/572/106 1246/587/106
f 1248/589/106 1292/574/106 1291/573/106
f 1250/588/106 1293/575/106 1292/574/106
f 1252/590/106 1294/576/106 1293/575/106
f 1256/592/106 1294/576/106 1254/591/106
f 1258/593/106 1295/577/106 1256/592/106
f 1260/594/106 1296/578/106 1258/593/106
f 1260/594/106 1298/580/106 1297/579/106
f 1262/595/106 1299/581/106 1298/580/106
f 1266/598/106 1299/581/106 1264/596/106
f 1234/597/106 1300/582/106 1266/598/106
f 1306/586/106 1322/584/106 1323/586/106
f 1264/596/583 1317/598/583 1266/598/583
f 1238/562/584 1304/585/584 1240/585/584
f 1266/598/585 1301/597/585 1234/597/585
f 1240/585/586 1305/584/586 1242/584/586
f 1242/584/587 1306/586/587 1244/586/587
f 1244/586/588 1307/587/588 1246/587/588
f 1246/587/589 1308/589/589 1248/589/589
f 1248/589/590 1309/588/590 1250/588/590
f 1250/588/591 1310/590/591 1252/590/591
f 1252/590/592 1311/591/592 1254/591/592
f 1254/591/593 1312/592/593 1256/592/593
f 1256/592/594 1313/593/594 1258/593/594
f 1258/593/595 1314/594/595 1260/594/595
f 1260/594/596 1315/595/596 1262/595/596
f 1262/595/597 1316/596/597 1264/596/597
f 1325/589/590 1343/588/590 1326/588/590
f 1307/587/106 1323/586/106 1324/587/106
f 1308/589/106 1324/587/106 1325/589/106
f 1308/589/106 1326/588/106 1309/588/106
f 1309/588/106 1327/590/106 1310/590/106
f 1311/591/106 1327/590/106 1328/591/106
f 1311/591/106 1329/592/106 1312/592/106
f 1313/593/106 1329/592/106 1330/593/106
f 1313/593/106 1331/594/106 1314/594/106
f 1314/594/106 1332/595/106 1315/595/106
f 1315/595/106 1333/596/106 1316/596/106
f 1303/562/106 1319/561/106 1320/562/106
f 1317/598/106 1333/596/106 1334/598/106
f 1303/562/106 1321/585/106 1304/585/106
f 1317/598/106 1318/597/106 1301/597/106
f 1305/584/106 1321/585/106 1322/584/106
f 1326/588/591 1344/590/591 1327/590/591
f 1327/590/592 1345/591/592 1328/591/592
f 1328/591/593 1346/592/593 1329/592/593
f 1329/592/594 1347/593/594 1330/593/594
f 1330/593/595 1348/594/595 1331/594/595
f 1331/594/596 1349/595/596 1332/595/596
f 1332/595/597 1350/596/597 1333/596/597
f 1319/561/76 1337/562/76 1320/562/76
f 1333/596/598 1351/598/598 1334/598/598
f 1320/562/599 1338/585/599 1321/585/599
f 1334/598/76 1335/597/76 1318/597/76
f 1321/585/586 1339/584/586 1322/584/586
f 1322/584/587 1340/586/587 1323/586/587
f 1323/586/588 1341/587/588 1324/587/588
f 1324/587/589 1342/589/589 1325/589/589
f 1353/1/601 1352/3/601 1354/2/601
f 1355/4/602 1354/2/602 1356/5/602
f 1357/6/603 1356/5/603 1358/7/603
f 1359/8/604 1358/7/604 1360/9/604
f 1361/10/605 1360/9/605 1362/11/605
f 1363/12/606 1362/11/606 1364/13/606
f 1365/14/607 1364/13/607 1366/15/607
f 1367/16/608 1366/15/608 1368/17/608
f 1368/17/609 1370/19/609 1371/18/609
f 1370/19/610 1372/21/610 1373/20/610
f 1372/21/611 1374/23/611 1375/22/611
f 1374/23/612 1376/25/612 1377/24/612
f 1376/25/613 1378/27/613 1379/26/613
f 1378/27/614 1380/29/614 1381/28/614
f 1380/29/615 1382/31/615 1383/30/615
f 1382/31/616 1384/33/616 1385/32/616
f 1384/33/617 1386/35/617 1387/34/617
f 1386/35/618 1388/37/618 1389/36/618
f 1388/37/619 1390/39/619 1391/38/619
f 1390/39/620 1392/41/620 1393/40/620
f 1392/41/621 1394/43/621 1395/42/621
f 1394/43/622 1396/45/622 1397/44/622
f 1396/45/623 1398/47/623 1399/46/623
f 1398/47/624 1400/49/624 1401/48/624
f 1401/48/625 1400/49/625 1402/50/625
f 1403/51/626 1402/50/626 1404/52/626
f 1405/53/627 1404/52/627 1406/54/627
f 1407/55/628 1406/54/628 1408/56/628
f 1409/57/629 1408/56/629 1410/58/629
f 1411/59/630 1410/58/630 1412/60/630
f 1413/61/631 1412/60/631 1414/62/631
f 1415/63/632 1414/62/632 1352/64/632
f 1464/65/633 1777/67/633 1416/66/633
f 1423/68/634 1468/70/634 1422/69/634
f 1434/71/635 1475/73/635 1432/72/635
f 1440/74/636 1479/76/636 1438/75/636
f 1482/77/637 1441/79/637 1443/78/637
f 1447/80/638 1484/82/638 1446/81/638
f 1455/83/639 1489/85/639 1453/84/639
f 1493/86/640 1458/88/640 1459/87/640
f 1658/84/41 1455/83/41 1453/84/41
f 1659/83/42 1456/89/42 1455/83/42
f 1459/87/43 1695/90/43 1461/90/43
f 1422/69/44 1638/68/44 1423/68/44
f 1431/91/45 1644/72/45 1432/72/45
f 1648/75/46 1440/74/46 1438/75/46
f 1441/79/47 1651/78/47 1443/78/47
f 1446/81/48 1654/80/48 1447/80/48
f 1635/92/76 1497/94/76 1498/93/76
f 1501/95/76 1637/69/76 1500/96/76
f 1645/71/76 1507/98/76 1508/97/76
f 1509/99/76 1645/71/76 1508/97/76
f 1618/100/76 1649/74/76 1617/101/76
f 1655/102/76 1622/104/76 1623/103/76
f 1659/83/76 1626/106/76 1627/105/76
f 1707/107/42 1507/98/42 1506/107/42
f 1722/106/50 1625/108/50 1721/108/50
f 1696/109/46 1496/110/46 1495/109/46
f 1724/111/51 1629/112/51 1628/111/51
f 1700/113/52 1498/93/52 1699/93/52
f 1713/101/53 1618/100/53 1617/101/53
f 1716/114/54 1621/115/54 1620/114/54
f 1718/104/55 1623/103/55 1622/104/55
f 1420/116/641 1466/117/641 1419/92/641
f 1452/118/642 1487/120/642 1450/119/642
f 1443/78/52 1652/121/52 1444/121/52
f 1720/122/58 1625/108/58 1624/122/58
f 1472/123/643 1426/125/643 1428/124/643
f 1419/92/60 1636/116/60 1420/116/60
f 1510/126/76 1646/127/76 1509/99/76
f 1700/113/61 1500/96/61 1499/113/61
f 1491/128/644 1455/83/644 1456/89/644
f 1496/110/76 1632/67/76 1495/109/76
f 1723/105/63 1626/106/63 1722/106/63
f 1435/127/645 1476/129/645 1434/71/645
f 1638/68/55 1425/130/55 1423/68/55
f 1653/81/76 1620/114/76 1621/115/76
f 1703/131/65 1501/95/65 1702/95/65
f 1461/90/646 1493/86/646 1459/87/646
f 1499/113/76 1635/92/76 1498/93/76
f 1710/99/43 1510/126/43 1509/99/43
f 1481/132/647 1440/74/647 1441/79/647
f 1645/71/68 1435/127/68 1434/71/68
f 1657/118/76 1624/122/76 1625/108/76
f 1705/133/69 1503/134/69 1704/134/69
f 1461/90/70 1632/67/70 1777/67/70
f 1504/133/76 1640/125/76 1503/134/76
f 1711/126/70 1616/135/70 1510/126/70
f 1444/121/648 1482/77/648 1443/78/648
f 1440/74/72 1650/79/72 1441/79/72
f 1661/88/76 1628/111/76 1629/112/76
f 1462/136/649 1461/90/649 1777/67/649
f 1706/137/41 1506/107/41 1505/137/41
f 1633/66/53 1417/138/53 1416/66/53
f 1507/98/76 1643/91/76 1506/107/76
f 1713/101/74 1616/135/74 1712/135/74
f 1433/115/650 82/140/650 86/139/650
f 1734/95/49 1703/131/49 1702/95/49
f 1457/112/49 1726/141/49 1725/112/49
f 1436/104/651 86/139/651 90/142/651
f 1418/135/49 1711/126/49 1776/126/49
f 1421/101/49 1712/135/49 1418/135/49
f 106/143/652 1445/108/652 102/144/652
f 1442/122/49 1721/108/49 1720/122/49
f 1731/93/49 1700/113/49 1699/93/49
f 110/145/653 1448/106/653 106/143/653
f 406/146/654 1729/110/654 404/147/654
f 1460/141/49 1727/148/49 1726/141/49
f 118/149/655 1454/111/655 114/150/655
f 408/151/656 1730/94/656 406/146/656
f 1736/134/49 1705/133/49 1704/134/49
f 414/152/657 1733/96/657 412/153/657
f 1732/113/49 1701/96/49 1700/113/49
f 416/154/658 1734/95/658 414/152/658
f 1662/87/76 1661/88/76 1629/112/76
f 1736/134/659 416/154/659 418/155/659
f 1741/97/49 1710/99/49 1709/97/49
f 1738/137/660 420/157/660 422/156/660
f 1738/137/49 1705/133/49 1737/133/49
f 1742/99/661 428/159/661 430/158/661
f 1424/100/49 1715/160/49 1714/100/49
f 1418/135/662 432/162/662 66/161/662
f 1742/99/49 1711/126/49 1710/99/49
f 1421/101/663 66/161/663 70/163/663
f 1439/103/49 1720/122/49 1719/103/49
f 1430/114/664 78/164/664 82/140/664
f 1729/110/49 1698/94/49 1697/110/49
f 1740/98/49 1707/107/49 1739/107/49
f 1408/56/49 1539/56/49 1540/58/49
f 1366/15/49 1364/13/49 1517/13/49
f 1382/31/49 1526/31/49 1527/33/49
f 1402/50/49 1400/49/49 1535/49/49
f 1356/5/49 1513/5/49 1514/7/49
f 1376/25/49 1374/23/49 1522/23/49
f 1392/41/49 1531/41/49 1532/43/49
f 1412/60/49 1410/58/49 1540/58/49
f 1368/17/49 1366/15/49 1518/15/49
f 1386/35/49 1384/33/49 1527/33/49
f 1404/52/49 1402/50/49 1536/50/49
f 1360/9/49 1358/7/49 1514/7/49
f 1378/27/49 1376/25/49 1523/25/49
f 1394/43/49 1532/43/49 1533/45/49
f 1414/62/49 1412/60/49 1541/60/49
f 1370/19/49 1368/17/49 1519/17/49
f 1388/37/49 1386/35/49 1528/35/49
f 1406/54/49 1404/52/49 1537/52/49
f 1360/9/49 1515/9/49 1516/11/49
f 1378/27/49 1524/27/49 1525/29/49
f 1398/47/49 1396/45/49 1533/45/49
f 1354/2/49 1352/3/49 1511/3/49
f 1352/64/49 1414/62/49 1542/62/49
f 1372/21/49 1370/19/49 1520/19/49
f 1390/39/49 1388/37/49 1529/37/49
f 1408/56/49 1406/54/49 1538/54/49
f 1364/13/49 1362/11/49 1516/11/49
f 1380/29/49 1525/29/49 1526/31/49
f 1400/49/49 1398/47/49 1534/47/49
f 1356/5/49 1354/2/49 1512/2/49
f 1372/21/49 1521/21/49 1522/23/49
f 1390/39/49 1530/39/49 1531/41/49
f 1532/43/41 1531/41/41 1604/41/41
f 1519/17/91 1518/15/91 1591/15/91
f 1532/43/92 1605/43/92 1606/45/92
f 1520/19/55 1519/17/55 1592/17/55
f 1533/45/69 1606/45/69 1607/47/69
f 1521/21/44 1520/19/44 1593/19/44
f 1535/49/93 1534/47/93 1607/47/93
f 1522/23/54 1521/21/54 1594/21/54
f 1535/49/65 1608/49/65 1609/50/65
f 1522/23/60 1595/23/60 1596/25/60
f 1537/52/48 1536/50/48 1609/50/48
f 1524/27/94 1523/25/94 1596/25/94
f 1538/54/61 1537/52/61 1610/52/61
f 1525/29/53 1524/27/53 1597/27/53
f 1512/2/95 1511/3/95 1584/3/95
f 1538/54/52 1611/54/52 1612/56/52
f 1525/29/74 1598/29/74 1599/31/74
f 1513/5/68 1512/2/68 1585/2/68
f 1539/56/47 1612/56/47 1613/58/47
f 1527/33/70 1526/31/70 1599/31/70
f 1514/7/51 1513/5/51 1586/5/51
f 1541/60/72 1540/58/72 1613/58/72
f 1528/35/43 1527/33/43 1600/33/43
f 1515/9/45 1514/7/45 1587/7/45
f 1542/62/46 1541/60/46 1614/60/46
f 1528/35/96 1601/35/96 1602/37/96
f 1515/9/63 1588/9/63 1589/11/63
f 1511/64/97 1542/62/97 1615/62/97
f 1530/39/98 1529/37/98 1602/37/98
f 1516/11/50 1589/11/50 1590/13/50
f 1531/41/42 1530/39/42 1603/39/42
f 1518/15/58 1517/13/58 1590/13/58
f 1419/92/60 1635/92/60 1636/116/60
f 1577/165/76 1575/167/76 1576/166/76
f 1575/168/99 244/170/99 245/169/99
f 1577/171/100 246/172/100 244/170/100
f 247/173/101 1578/175/101 1576/174/101
f 1581/176/76 1579/178/76 1580/177/76
f 254/107/102 1581/176/102 1582/179/102
f 1579/180/103 252/182/103 253/181/103
f 1581/93/104 254/107/104 252/182/104
f 253/181/105 255/160/105 1582/105/105
f 246/172/106 1578/175/106 247/173/106
f 1583/175/106 1578/175/106 247/173/106
f 1584/64/76 1543/184/76 1544/183/76
f 1544/183/76 1545/185/76 1586/5/76
f 1545/185/76 1546/186/76 1587/7/76
f 1587/7/76 1546/186/76 1547/187/76
f 1547/187/76 1548/188/76 1589/11/76
f 1548/188/76 1549/189/76 1590/13/76
f 1549/189/76 1550/190/76 1591/15/76
f 1591/15/76 1550/190/76 1551/191/76
f 1551/191/76 1552/192/76 1593/19/76
f 1552/192/76 1553/193/76 1594/21/76
f 1553/193/76 1554/194/76 1595/23/76
f 1554/194/76 1555/195/76 1596/25/76
f 1555/195/76 1556/196/76 1597/27/76
f 1597/27/76 1556/196/76 1557/197/76
f 1557/197/76 1558/198/76 1599/31/76
f 1558/198/76 1559/199/76 1600/33/76
f 1600/33/76 1559/199/76 1560/200/76
f 1601/35/76 1560/200/76 1561/201/76
f 1561/201/76 1562/202/76 1603/39/76
f 1603/39/76 1562/202/76 1563/203/76
f 1604/41/76 1563/203/76 1564/204/76
f 1605/43/76 1564/204/76 1565/205/76
f 1606/45/76 1565/205/76 1566/206/76
f 1607/47/76 1566/206/76 1567/207/76
f 1567/207/76 1568/208/76 1609/50/76
f 1609/50/76 1568/208/76 1569/209/76
f 1569/209/76 1570/210/76 1611/54/76
f 1611/54/76 1570/210/76 1571/211/76
f 1571/211/76 1572/212/76 1613/58/76
f 1613/58/76 1572/212/76 1573/213/76
f 1614/60/76 1573/213/76 1574/214/76
f 1574/214/76 1543/184/76 1584/64/76
f 1552/192/65 1551/191/65 1751/191/65
f 1494/215/76 1778/215/76 1493/216/76
f 1434/71/635 1476/129/635 1475/73/635
f 1440/74/636 1480/217/636 1479/76/636
f 1483/218/76 1778/218/76 1482/219/76
f 1469/220/76 1778/220/76 1468/221/76
f 1484/222/76 1778/222/76 1483/218/76
f 1485/223/76 1778/223/76 1484/222/76
f 1491/128/644 1490/224/644 1455/83/644
f 1449/102/93 1655/102/93 1656/119/93
f 1658/84/41 1659/83/41 1455/83/41
f 1456/89/98 1660/89/98 1661/88/98
f 1458/88/96 1661/88/96 1662/87/96
f 1474/225/76 1778/225/76 1473/226/76
f 1487/227/76 1778/227/76 1486/228/76
f 1475/229/76 1778/229/76 1474/225/76
f 1431/91/45 1643/91/45 1644/72/45
f 1462/230/76 1778/230/76 1494/215/76
f 1441/79/47 1650/79/47 1651/78/47
f 1444/121/61 1652/121/61 1653/81/61
f 1496/110/76 1633/66/76 1632/67/76
f 1499/113/76 1636/116/76 1635/92/76
f 1465/231/76 1778/231/76 1464/232/76
f 1478/233/76 1778/233/76 1477/234/76
f 1505/137/76 1642/235/76 1641/124/76
f 1509/99/76 1646/127/76 1645/71/76
f 1493/216/76 1778/216/76 1492/236/76
f 1464/65/633 1462/136/633 1777/67/633
f 1420/116/641 1467/237/641 1466/117/641
f 1419/92/665 1466/117/665 1465/238/665
f 1471/239/666 1470/240/666 1425/130/666
f 1470/240/667 1469/241/667 1423/68/667
f 1467/242/76 1778/242/76 1466/243/76
f 1677/244/76 1775/244/76 1678/245/76
f 1735/131/49 1736/134/49 1704/134/49
f 1753/193/48 1553/193/48 1552/192/48
f 1422/69/44 1637/69/44 1638/68/44
f 1754/194/61 1554/194/61 1553/193/61
f 1425/130/91 1639/130/91 1640/125/91
f 1755/195/52 1555/195/52 1554/194/52
f 1428/124/50 1641/124/50 1642/235/50
f 1642/235/63 1643/91/63 1431/91/63
f 1756/196/47 1556/196/47 1555/195/47
f 1435/127/95 1646/127/95 1647/246/95
f 1757/197/72 1557/197/72 1556/196/72
f 1440/74/72 1649/74/72 1650/79/72
f 1558/198/46 1557/197/46 1757/197/46
f 1759/199/97 1559/199/97 1558/198/97
f 1443/78/52 1651/78/52 1652/121/52
f 1632/67/76 1695/90/76 1631/247/76
f 1760/200/95 1560/200/95 1559/199/95
f 1635/92/76 1634/138/76 1497/94/76
f 1561/201/68 1560/200/68 1760/200/68
f 1501/95/76 1638/68/76 1637/69/76
f 1762/202/51 1562/202/51 1561/201/51
f 1503/134/76 1640/125/76 1639/130/76
f 1763/203/45 1563/203/45 1562/202/45
f 1504/133/76 1641/124/76 1640/125/76
f 1564/204/63 1563/203/63 1763/203/63
f 1645/71/76 1644/72/76 1507/98/76
f 1765/205/50 1565/205/50 1564/204/50
f 1649/74/76 1648/75/76 1616/135/76
f 1766/206/58 1566/206/58 1565/205/58
f 1651/78/76 1650/79/76 1618/100/76
f 1767/207/91 1567/207/91 1566/206/91
f 1472/123/643 1471/239/643 1426/125/643
f 1652/121/76 1651/78/76 1619/160/76
f 1568/208/55 1567/207/55 1767/207/55
f 1432/72/668 1475/73/668 1474/248/668
f 1655/102/76 1654/80/76 1622/104/76
f 1769/209/44 1569/209/44 1568/208/44
f 1438/75/669 1479/76/669 1478/249/669
f 1657/118/76 1656/119/76 1624/122/76
f 1770/210/54 1570/210/54 1569/209/54
f 1481/132/647 1480/217/647 1440/74/647
f 1744/183/43 1544/183/43 1543/184/43
f 1658/84/76 1657/118/76 1625/108/76
f 1771/211/60 1571/211/60 1570/210/60
f 1484/82/670 1483/250/670 1444/121/670
f 1745/185/96 1545/185/96 1544/183/96
f 1473/251/671 1472/123/671 1428/124/671
f 1772/212/94 1572/212/94 1571/211/94
f 1746/186/98 1546/186/98 1545/185/98
f 1449/102/672 1486/253/672 1485/252/672
f 1573/213/53 1572/212/53 1772/212/53
f 1547/187/42 1546/186/42 1746/186/42
f 1452/118/642 1488/254/642 1487/120/642
f 1774/214/74 1574/214/74 1573/213/74
f 1548/188/41 1547/187/41 1747/187/41
f 1455/83/639 1490/224/639 1489/85/639
f 1743/184/70 1543/184/70 1574/214/70
f 1549/189/92 1548/188/92 1748/188/92
f 1461/90/646 1494/255/646 1493/86/646
f 1750/190/69 1550/190/69 1549/189/69
f 1461/90/70 1695/90/70 1632/67/70
f 1751/191/93 1551/191/93 1550/190/93
f 1633/66/53 1634/138/53 1417/138/53
f 1707/107/42 1708/98/42 1507/98/42
f 1723/105/63 1627/105/63 1626/106/63
f 1710/99/43 1711/126/43 1510/126/43
f 1724/111/51 1725/112/51 1629/112/51
f 1713/101/74 1617/101/74 1616/135/74
f 1726/141/95 1727/148/95 1631/148/95
f 1701/96/48 1702/95/48 1501/95/48
f 1716/114/54 1717/115/54 1621/115/54
f 1705/133/69 1504/133/69 1503/134/69
f 1706/137/92 1505/137/92 1504/133/92
f 1740/98/49 1708/98/49 1707/107/49
f 1457/112/49 1460/141/49 1726/141/49
f 1731/93/49 1732/113/49 1700/113/49
f 1460/141/49 1463/148/49 1727/148/49
f 1451/105/49 1723/105/49 1722/106/49
f 1741/97/49 1742/99/49 1710/99/49
f 1738/137/49 1706/137/49 1705/133/49
f 1742/99/49 1776/126/49 1711/126/49
f 1729/110/49 1730/94/49 1698/94/49
f 1734/95/49 1735/131/49 1703/131/49
f 1442/122/49 1445/108/49 1721/108/49
f 406/146/654 1730/94/654 1729/110/654
f 412/153/673 1733/96/673 1732/113/673
f 416/154/658 1735/131/658 1734/95/658
f 1739/107/674 1738/137/674 422/156/674
f 1741/97/675 1740/98/675 426/256/675
f 1418/135/662 1776/126/662 432/162/662
f 1427/160/676 1424/100/676 74/257/676
f 1439/103/677 1436/104/677 90/142/677
f 102/144/678 1445/108/678 1442/122/678
f 118/149/655 1457/112/655 1454/111/655
f 1708/98/98 1709/97/98 1508/97/98
f 1743/184/646 1663/259/646 1664/258/646
f 1664/258/640 1665/260/640 1745/185/640
f 1665/260/679 1666/261/679 1746/186/679
f 1666/261/644 1667/262/644 1747/187/644
f 1747/187/639 1667/262/639 1668/263/639
f 1748/188/680 1668/263/680 1669/264/680
f 1749/189/642 1669/264/642 1670/265/642
f 1750/190/681 1670/265/681 1671/266/681
f 1751/191/672 1671/266/672 1672/267/672
f 1752/192/638 1672/267/638 1673/268/638
f 1673/268/670 1674/269/670 1754/194/670
f 1754/194/648 1674/269/648 1675/270/648
f 1675/270/637 1676/271/637 1756/196/637
f 1676/271/647 1677/272/647 1757/197/647
f 1757/197/636 1677/272/636 1678/273/636
f 1758/198/669 1678/273/669 1679/274/669
f 1679/274/682 1680/275/682 1760/200/682
f 1760/200/645 1680/275/645 1681/276/645
f 1761/201/635 1681/276/635 1682/277/635
f 1762/202/668 1682/277/668 1683/278/668
f 1683/278/683 1684/279/683 1764/204/683
f 1684/279/671 1685/280/671 1765/205/671
f 1685/280/643 1686/281/643 1766/206/643
f 1686/281/666 1687/282/666 1767/207/666
f 1687/282/667 1688/283/667 1768/208/667
f 1768/208/634 1688/283/634 1689/284/634
f 1769/209/684 1689/284/684 1690/285/684
f 1770/210/641 1690/285/641 1691/286/641
f 1771/211/665 1691/286/665 1692/287/665
f 1772/212/685 1692/287/685 1693/288/685
f 1693/288/633 1694/289/633 1774/214/633
f 1694/289/649 1663/259/649 1743/184/649
f 1664/290/76 1775/290/76 1665/291/76
f 1691/292/76 1775/292/76 1692/293/76
f 1678/245/76 1775/245/76 1679/294/76
f 1665/291/76 1775/291/76 1666/295/76
f 1692/293/76 1775/293/76 1693/296/76
f 1679/294/76 1775/294/76 1680/297/76
f 1666/295/76 1775/295/76 1667/298/76
f 1693/296/76 1775/296/76 1694/299/76
f 1680/297/76 1775/297/76 1681/300/76
f 1667/298/76 1775/298/76 1668/301/76
f 1694/299/76 1775/299/76 1663/302/76
f 1681/300/76 1775/300/76 1682/303/76
f 1668/301/76 1775/301/76 1669/304/76
f 1682/303/76 1775/303/76 1683/305/76
f 1669/304/76 1775/304/76 1670/306/76
f 1683/305/76 1775/305/76 1684/307/76
f 1670/306/76 1775/306/76 1671/308/76
f 1684/307/76 1775/307/76 1685/309/76
f 1671/308/76 1775/308/76 1672/310/76
f 1685/309/76 1775/309/76 1686/311/76
f 1672/310/76 1775/310/76 1673/312/76
f 1686/311/76 1775/311/76 1687/313/76
f 1673/312/76 1775/312/76 1674/314/76
f 1687/313/76 1775/313/76 1688/315/76
f 1674/314/76 1775/314/76 1675/316/76
f 1688/315/76 1775/315/76 1689/317/76
f 1675/316/76 1775/316/76 1676/318/76
f 1689/317/76 1775/317/76 1690/319/76
f 1676/320/76 1775/320/76 1677/321/76
f 1663/302/76 1775/302/76 1664/290/76
f 1690/319/76 1775/319/76 1691/292/76
f 1740/98/686 1739/107/686 424/180/686
f 1445/108/49 1448/106/49 1722/106/49
f 1776/126/687 1742/99/687 430/158/687
f 1463/247/49 1728/109/49 1696/109/49
f 1720/122/58 1721/108/58 1625/108/58
f 1424/100/688 1421/101/688 70/163/688
f 1424/100/49 1714/100/49 1713/101/49
f 1727/247/97 1696/109/97 1495/109/97
f 1436/104/651 1433/115/651 86/139/651
f 1732/113/49 1733/96/49 1701/96/49
f 1723/105/45 1724/111/45 1628/111/45
f 98/322/689 1442/122/689 1439/103/689
f 1728/109/49 1729/110/49 1697/110/49
f 1697/110/72 1698/94/72 1497/94/72
f 114/150/690 1454/111/690 1451/105/690
f 1733/96/49 1734/95/49 1702/95/49
f 1725/112/68 1726/141/68 1630/141/68
f 1722/106/50 1626/106/50 1625/108/50
f 1439/103/49 1442/122/49 1720/122/49
f 1700/113/52 1499/113/52 1498/93/52
f 1457/112/49 1725/112/49 1724/111/49
f 1714/100/94 1715/160/94 1619/160/94
f 1418/135/49 1712/135/49 1711/126/49
f 1703/131/65 1502/131/65 1501/95/65
f 404/147/691 1729/110/691 1728/109/691
f 1717/115/44 1718/104/44 1622/104/44
f 410/323/692 1732/113/692 1731/93/692
f 1718/104/55 1719/103/55 1623/103/55
f 414/152/657 1734/95/657 1733/96/657
f 1706/137/41 1707/107/41 1506/107/41
f 1738/137/660 1737/133/660 420/157/660
f 1353/1/601 1354/2/601 1355/4/601
f 1355/4/602 1356/5/602 1357/6/602
f 1357/6/603 1358/7/603 1359/8/603
f 1359/8/604 1360/9/604 1361/10/604
f 1361/10/605 1362/11/605 1363/12/605
f 1363/12/606 1364/13/606 1365/14/606
f 1365/14/607 1366/15/607 1367/16/607
f 1367/16/608 1368/17/608 1369/324/608
f 1368/17/693 1371/18/693 1369/324/693
f 1370/19/610 1373/20/610 1371/18/610
f 1372/21/611 1375/22/611 1373/20/611
f 1374/23/694 1377/24/694 1375/22/694
f 1376/25/695 1379/26/695 1377/24/695
f 1378/27/614 1381/28/614 1379/26/614
f 1380/29/696 1383/30/696 1381/28/696
f 1382/31/697 1385/32/697 1383/30/697
f 1384/33/617 1387/34/617 1385/32/617
f 1386/35/698 1389/36/698 1387/34/698
f 1388/37/619 1391/38/619 1389/36/619
f 1390/39/620 1393/40/620 1391/38/620
f 1392/41/621 1395/42/621 1393/40/621
f 1394/43/622 1397/44/622 1395/42/622
f 1396/45/623 1399/46/623 1397/44/623
f 1398/47/624 1401/48/624 1399/46/624
f 1401/48/625 1402/50/625 1403/51/625
f 1403/51/626 1404/52/626 1405/53/626
f 1405/53/627 1406/54/627 1407/55/627
f 1407/55/628 1408/56/628 1409/57/628
f 1409/57/629 1410/58/629 1411/59/629
f 1411/59/630 1412/60/630 1413/61/630
f 1413/61/631 1414/62/631 1415/63/631
f 1415/63/632 1352/64/632 1353/325/632
f 1422/69/684 1467/237/684 1420/116/684
f 1474/248/683 1429/235/683 1431/91/683
f 1473/251/671 1428/124/671 1429/235/671
f 1478/249/682 1435/127/682 1437/246/682
f 1484/82/670 1444/121/670 1446/81/670
f 1453/84/680 1488/254/680 1452/118/680
f 1492/326/679 1456/89/679 1458/88/679
f 1657/118/92 1453/84/92 1452/118/92
f 1450/119/69 1657/118/69 1452/118/69
f 1458/88/96 1662/87/96 1459/87/96
f 1417/138/94 1635/92/94 1419/92/94
f 1428/124/50 1642/235/50 1429/235/50
f 1426/125/58 1641/124/58 1428/124/58
f 1435/127/95 1647/246/95 1437/246/95
f 1444/121/61 1653/81/61 1446/81/61
f 1497/94/76 1633/66/76 1496/110/76
f 1637/69/76 1499/113/76 1500/96/76
f 1506/107/76 1642/235/76 1505/137/76
f 1505/137/76 1641/124/76 1504/133/76
f 1649/74/76 1616/135/76 1617/101/76
f 1654/80/76 1621/115/76 1622/104/76
f 1658/84/76 1625/108/76 1626/106/76
f 1631/247/76 1662/87/76 1630/141/76
f 1662/87/76 1629/112/76 1630/141/76
f 1710/99/96 1508/97/96 1709/97/96
f 1697/110/72 1497/94/72 1496/110/72
f 1725/112/68 1630/141/68 1629/112/68
f 1699/93/47 1497/94/47 1698/94/47
f 1716/114/60 1619/160/60 1715/160/60
f 1701/96/48 1501/95/48 1500/96/48
f 1717/115/44 1622/104/44 1621/115/44
f 1417/138/685 1464/65/685 1416/66/685
f 1449/102/672 1485/252/672 1447/80/672
f 1632/67/76 1631/247/76 1495/109/76
f 1727/247/97 1495/109/97 1631/247/97
f 1470/240/667 1423/68/667 1425/130/667
f 1425/130/91 1640/125/91 1426/125/91
f 1652/121/76 1619/160/76 1620/114/76
f 1703/131/93 1503/134/93 1502/131/93
f 1449/102/93 1656/119/93 1450/119/93
f 1654/80/65 1449/102/65 1447/80/65
f 1708/98/98 1508/97/98 1507/98/98
f 1432/72/668 1474/248/668 1431/91/668
f 1432/72/51 1645/71/51 1434/71/51
f 1651/78/76 1618/100/76 1619/160/76
f 1706/137/92 1504/133/92 1705/133/92
f 1777/67/74 1633/66/74 1416/66/74
f 1503/134/76 1639/130/76 1502/131/76
f 1723/105/45 1628/111/45 1627/105/45
f 1438/75/669 1478/249/669 1437/246/669
f 1642/235/63 1431/91/63 1429/235/63
f 1624/122/76 1655/102/76 1623/103/76
f 1719/103/91 1624/122/91 1623/103/91
f 1456/89/98 1661/88/98 1458/88/98
f 1639/130/76 1501/95/76 1502/131/76
f 1726/141/95 1631/148/95 1630/141/95
f 1450/119/681 1486/253/681 1449/102/681
f 1437/246/97 1648/75/97 1438/75/97
f 1628/111/76 1659/83/76 1627/105/76
f 1471/239/666 1425/130/666 1426/125/666
f 1419/92/665 1465/238/665 1417/138/665
f 1420/116/54 1637/69/54 1422/69/54
f 1648/75/76 1510/126/76 1616/135/76
f 1714/100/94 1619/160/94 1618/100/94
f 1439/103/677 90/142/677 94/327/677
f 1427/160/49 1716/114/49 1715/160/49
f 1445/108/49 1722/106/49 1721/108/49
f 102/144/678 1442/122/678 98/322/678
f 1731/93/49 1698/94/49 1730/94/49
f 1740/98/49 1709/97/49 1708/98/49
f 98/322/689 1439/103/689 94/327/689
f 404/147/691 1728/109/691 402/328/691
f 1463/247/49 1696/109/49 1727/247/49
f 114/150/690 1451/105/690 110/145/690
f 402/328/699 1463/247/699 126/329/699
f 1433/115/49 1718/104/49 1717/115/49
f 1433/115/49 1716/114/49 1430/114/49
f 412/153/700 1732/113/700 410/323/700
f 1451/105/49 1722/106/49 1448/106/49
f 410/323/692 1731/93/692 408/151/692
f 1424/100/49 1713/101/49 1421/101/49
f 1737/133/701 418/155/701 420/157/701
f 1631/247/76 1695/90/76 1662/87/76
f 1739/107/674 422/156/674 424/180/674
f 1728/109/49 1697/110/49 1696/109/49
f 1741/97/675 426/256/675 428/159/675
f 1436/104/49 1719/103/49 1718/104/49
f 1740/98/702 424/180/702 426/256/702
f 1733/96/49 1702/95/49 1701/96/49
f 1776/126/687 430/158/687 432/162/687
f 1451/105/49 1724/111/49 1723/105/49
f 1427/160/703 74/257/703 78/164/703
f 1739/107/49 1706/137/49 1738/137/49
f 1424/100/688 70/163/688 74/257/688
f 1457/112/49 1724/111/49 1454/111/49
f 1735/131/49 1704/134/49 1703/131/49
f 1408/56/49 1540/58/49 1410/58/49
f 1366/15/49 1517/13/49 1518/15/49
f 1382/31/49 1527/33/49 1384/33/49
f 1402/50/49 1535/49/49 1536/50/49
f 1356/5/49 1514/7/49 1358/7/49
f 1376/25/49 1522/23/49 1523/25/49
f 1392/41/49 1532/43/49 1394/43/49
f 1412/60/49 1540/58/49 1541/60/49
f 1368/17/49 1518/15/49 1519/17/49
f 1386/35/49 1527/33/49 1528/35/49
f 1404/52/49 1536/50/49 1537/52/49
f 1360/9/49 1514/7/49 1515/9/49
f 1378/27/49 1523/25/49 1524/27/49
f 1394/43/49 1533/45/49 1396/45/49
f 1414/62/49 1541/60/49 1542/62/49
f 1370/19/49 1519/17/49 1520/19/49
f 1388/37/49 1528/35/49 1529/37/49
f 1406/54/49 1537/52/49 1538/54/49
f 1360/9/49 1516/11/49 1362/11/49
f 1378/27/49 1525/29/49 1380/29/49
f 1398/47/49 1533/45/49 1534/47/49
f 1354/2/49 1511/3/49 1512/2/49
f 1352/64/49 1542/62/49 1511/64/49
f 1372/21/49 1520/19/49 1521/21/49
f 1390/39/49 1529/37/49 1530/39/49
f 1408/56/49 1538/54/49 1539/56/49
f 1364/13/49 1516/11/49 1517/13/49
f 1380/29/49 1526/31/49 1382/31/49
f 1400/49/49 1534/47/49 1535/49/49
f 1356/5/49 1512/2/49 1513/5/49
f 1372/21/49 1522/23/49 1374/23/49
f 1390/39/49 1531/41/49 1392/41/49
f 1532/43/41 1604/41/41 1605/43/41
f 1519/17/91 1591/15/91 1592/17/91
f 1532/43/92 1606/45/92 1533/45/92
f 1520/19/55 1592/17/55 1593/19/55
f 1533/45/69 1607/47/69 1534/47/69
f 1521/21/44 1593/19/44 1594/21/44
f 1535/49/93 1607/47/93 1608/49/93
f 1522/23/54 1594/21/54 1595/23/54
f 1535/49/65 1609/50/65 1536/50/65
f 1522/23/60 1596/25/60 1523/25/60
f 1537/52/48 1609/50/48 1610/52/48
f 1524/27/94 1596/25/94 1597/27/94
f 1538/54/61 1610/52/61 1611/54/61
f 1525/29/53 1597/27/53 1598/29/53
f 1512/2/95 1584/3/95 1585/2/95
f 1538/54/52 1612/56/52 1539/56/52
f 1525/29/74 1599/31/74 1526/31/74
f 1513/5/68 1585/2/68 1586/5/68
f 1539/56/47 1613/58/47 1540/58/47
f 1527/33/70 1599/31/70 1600/33/70
f 1514/7/51 1586/5/51 1587/7/51
f 1541/60/72 1613/58/72 1614/60/72
f 1528/35/43 1600/33/43 1601/35/43
f 1515/9/45 1587/7/45 1588/9/45
f 1542/62/46 1614/60/46 1615/62/46
f 1528/35/96 1602/37/96 1529/37/96
f 1515/9/63 1589/11/63 1516/11/63
f 1511/64/97 1615/62/97 1584/64/97
f 1530/39/98 1602/37/98 1603/39/98
f 1516/11/50 1590/13/50 1517/13/50
f 1531/41/42 1603/39/42 1604/41/42
f 1518/15/58 1590/13/58 1591/15/58
f 1420/116/54 1636/116/54 1637/69/54
f 1577/165/76 1576/166/76 1578/330/76
f 1575/168/99 245/169/99 1576/331/99
f 1577/171/100 244/170/100 1575/332/100
f 247/173/101 1576/174/101 245/169/101
f 1581/176/76 1580/177/76 1582/179/76
f 254/107/102 1582/179/102 255/160/102
f 1579/180/103 253/181/103 1580/164/103
f 1581/93/104 252/182/104 1579/333/104
f 253/181/105 1582/105/105 1580/334/105
f 1583/175/106 247/173/106 257/173/106
f 1584/64/76 1544/183/76 1585/2/76
f 1544/183/76 1586/5/76 1585/2/76
f 1545/185/76 1587/7/76 1586/5/76
f 1587/7/76 1547/187/76 1588/9/76
f 1547/187/76 1589/11/76 1588/9/76
f 1548/188/76 1590/13/76 1589/11/76
f 1549/189/76 1591/15/76 1590/13/76
f 1591/15/76 1551/191/76 1592/17/76
f 1551/191/76 1593/19/76 1592/17/76
f 1552/192/76 1594/21/76 1593/19/76
f 1553/193/76 1595/23/76 1594/21/76
f 1554/194/76 1596/25/76 1595/23/76
f 1555/195/76 1597/27/76 1596/25/76
f 1597/27/76 1557/197/76 1598/29/76
f 1557/197/76 1599/31/76 1598/29/76
f 1558/198/76 1600/33/76 1599/31/76
f 1600/33/76 1560/200/76 1601/35/76
f 1601/35/76 1561/201/76 1602/37/76
f 1561/201/76 1603/39/76 1602/37/76
f 1603/39/76 1563/203/76 1604/41/76
f 1604/41/76 1564/204/76 1605/43/76
f 1605/43/76 1565/205/76 1606/45/76
f 1606/45/76 1566/206/76 1607/47/76
f 1607/47/76 1567/207/76 1608/49/76
f 1567/207/76 1609/50/76 1608/49/76
f 1609/50/76 1569/209/76 1610/52/76
f 1569/209/76 1611/54/76 1610/52/76
f 1611/54/76 1571/211/76 1612/56/76
f 1571/211/76 1613/58/76 1612/56/76
f 1613/58/76 1573/213/76 1614/60/76
f 1614/60/76 1574/214/76 1615/62/76
f 1574/214/76 1584/64/76 1615/62/76
f 1552/192/65 1751/191/65 1752/192/65
f 122/335/704 1457/112/704 118/149/704
f 1435/127/645 1477/336/645 1476/129/645
f 1468/221/76 1778/221/76 1467/242/76
f 1481/337/76 1778/337/76 1480/338/76
f 1482/219/76 1778/219/76 1481/337/76
f 1470/339/76 1778/339/76 1469/220/76
f 1471/340/76 1778/340/76 1470/339/76
f 1492/326/679 1491/128/679 1456/89/679
f 1450/119/69 1656/119/69 1657/118/69
f 1777/67/74 1632/67/74 1633/66/74
f 1459/87/43 1662/87/43 1695/90/43
f 1486/228/76 1778/228/76 1485/223/76
f 1472/341/76 1778/341/76 1471/340/76
f 1473/226/76 1778/226/76 1472/341/76
f 1488/342/76 1778/342/76 1487/227/76
f 1437/246/97 1647/246/97 1648/75/97
f 1489/343/76 1778/343/76 1488/342/76
f 1476/344/76 1778/344/76 1475/229/76
f 1446/81/48 1653/81/48 1654/80/48
f 1490/345/76 1778/345/76 1489/343/76
f 1477/234/76 1778/234/76 1476/344/76
f 1464/232/76 1778/232/76 1462/230/76
f 1491/346/76 1778/346/76 1490/345/76
f 1510/126/76 1647/246/76 1646/127/76
f 1479/347/76 1778/347/76 1478/233/76
f 1492/236/76 1778/236/76 1491/346/76
f 1466/243/76 1778/243/76 1465/231/76
f 1462/136/649 1494/255/649 1461/90/649
f 1417/138/685 1465/238/685 1464/65/685
f 1422/69/684 1468/70/684 1467/237/684
f 1423/68/634 1469/241/634 1468/70/634
f 126/348/705 1460/141/705 122/335/705
f 1753/193/48 1552/192/48 1752/192/48
f 1638/68/55 1639/130/55 1425/130/55
f 1754/194/61 1553/193/61 1753/193/61
f 1426/125/58 1640/125/58 1641/124/58
f 1755/195/52 1554/194/52 1754/194/52
f 1645/71/68 1646/127/68 1435/127/68
f 1432/72/51 1644/72/51 1645/71/51
f 1756/196/47 1555/195/47 1755/195/47
f 1648/75/46 1649/74/46 1440/74/46
f 1757/197/72 1556/196/72 1756/196/72
f 1654/80/65 1655/102/65 1449/102/65
f 1558/198/46 1757/197/46 1758/198/46
f 1759/199/97 1558/198/97 1758/198/97
f 1480/338/76 1778/338/76 1479/347/76
f 1497/94/76 1634/138/76 1633/66/76
f 1760/200/95 1559/199/95 1759/199/95
f 1637/69/76 1636/116/76 1499/113/76
f 1561/201/68 1760/200/68 1761/201/68
f 1639/130/76 1638/68/76 1501/95/76
f 1762/202/51 1561/201/51 1761/201/51
f 1507/98/76 1644/72/76 1643/91/76
f 1763/203/45 1562/202/45 1762/202/45
f 1506/107/76 1643/91/76 1642/235/76
f 1564/204/63 1763/203/63 1764/204/63
f 1648/75/76 1647/246/76 1510/126/76
f 1765/205/50 1564/204/50 1764/204/50
f 1618/100/76 1650/79/76 1649/74/76
f 1766/206/58 1565/205/58 1765/205/58
f 1654/80/76 1653/81/76 1621/115/76
f 1767/207/91 1566/206/91 1766/206/91
f 1474/248/683 1473/251/683 1429/235/683
f 1653/81/76 1652/121/76 1620/114/76
f 1568/208/55 1767/207/55 1768/208/55
f 1478/249/682 1477/336/682 1435/127/682
f 1624/122/76 1656/119/76 1655/102/76
f 1769/209/44 1568/208/44 1768/208/44
f 1444/121/648 1483/250/648 1482/77/648
f 1628/111/76 1660/89/76 1659/83/76
f 1770/210/54 1569/209/54 1769/209/54
f 1482/77/637 1481/132/637 1441/79/637
f 1744/183/43 1543/184/43 1743/184/43
f 1659/83/76 1658/84/76 1626/106/76
f 1771/211/60 1570/210/60 1770/210/60
f 1447/80/638 1485/252/638 1484/82/638
f 1745/185/96 1544/183/96 1744/183/96
f 1661/88/76 1660/89/76 1628/111/76
f 1772/212/94 1571/211/94 1771/211/94
f 1746/186/98 1545/185/98 1745/185/98
f 1450/119/681 1487/120/681 1486/253/681
f 1573/213/53 1772/212/53 1773/213/53
f 1547/187/42 1746/186/42 1747/187/42
f 1453/84/680 1489/85/680 1488/254/680
f 1774/214/74 1573/213/74 1773/213/74
f 1548/188/41 1747/187/41 1748/188/41
f 1493/86/640 1492/326/640 1458/88/640
f 1743/184/70 1574/214/70 1774/214/70
f 1549/189/92 1748/188/92 1749/189/92
f 1657/118/92 1658/84/92 1453/84/92
f 1750/190/69 1549/189/69 1749/189/69
f 1659/83/42 1660/89/42 1456/89/42
f 1751/191/93 1550/190/93 1750/190/93
f 1417/138/94 1634/138/94 1635/92/94
f 1696/109/46 1697/110/46 1496/110/46
f 1710/99/96 1509/99/96 1508/97/96
f 1699/93/47 1498/93/47 1497/94/47
f 1711/126/70 1712/135/70 1616/135/70
f 1700/113/61 1701/96/61 1500/96/61
f 1713/101/53 1714/100/53 1618/100/53
f 1716/114/60 1620/114/60 1619/160/60
f 1703/131/93 1704/134/93 1503/134/93
f 1719/103/91 1720/122/91 1624/122/91
f 1433/115/49 1717/115/49 1716/114/49
f 1421/101/49 1713/101/49 1712/135/49
f 1433/115/49 1436/104/49 1718/104/49
f 1740/98/49 1741/97/49 1709/97/49
f 1736/134/49 1737/133/49 1705/133/49
f 1436/104/49 1439/103/49 1719/103/49
f 1451/105/49 1454/111/49 1724/111/49
f 1424/100/49 1427/160/49 1715/160/49
f 1427/160/49 1430/114/49 1716/114/49
f 1739/107/49 1707/107/49 1706/137/49
f 402/328/699 1728/109/699 1463/247/699
f 1731/93/49 1699/93/49 1698/94/49
f 408/151/656 1731/93/656 1730/94/656
f 1737/133/701 1736/134/701 418/155/701
f 1736/134/659 1735/131/659 416/154/659
f 1742/99/661 1741/97/661 428/159/661
f 1421/101/663 1418/135/663 66/161/663
f 1433/115/650 1430/114/650 82/140/650
f 1430/114/706 1427/160/706 78/164/706
f 110/145/653 1451/105/653 1448/106/653
f 106/143/652 1448/106/652 1445/108/652
f 126/348/705 1463/148/705 1460/141/705
f 122/335/704 1460/141/704 1457/112/704
f 1743/184/646 1664/258/646 1744/183/646
f 1664/258/640 1745/185/640 1744/183/640
f 1665/260/679 1746/186/679 1745/185/679
f 1666/261/644 1747/187/644 1746/186/644
f 1747/187/639 1668/263/639 1748/188/639
f 1748/188/680 1669/264/680 1749/189/680
f 1749/189/642 1670/265/642 1750/190/642
f 1750/190/681 1671/266/681 1751/191/681
f 1751/191/672 1672/267/672 1752/192/672
f 1752/192/638 1673/268/638 1753/193/638
f 1673/268/670 1754/194/670 1753/193/670
f 1754/194/648 1675/270/648 1755/195/648
f 1675/270/637 1756/196/637 1755/195/637
f 1676/271/647 1757/197/647 1756/196/647
f 1757/197/636 1678/273/636 1758/198/636
f 1758/198/669 1679/274/669 1759/199/669
f 1679/274/682 1760/200/682 1759/199/682
f 1760/200/645 1681/276/645 1761/201/645
f 1761/201/635 1682/277/635 1762/202/635
f 1762/202/668 1683/278/668 1763/203/668
f 1683/278/683 1764/204/683 1763/203/683
f 1684/279/671 1765/205/671 1764/204/671
f 1685/280/643 1766/206/643 1765/205/643
f 1686/281/666 1767/207/666 1766/206/666
f 1687/282/667 1768/208/667 1767/207/667
f 1768/208/634 1689/284/634 1769/209/634
f 1769/209/684 1690/285/684 1770/210/684
f 1770/210/641 1691/286/641 1771/211/641
f 1771/211/665 1692/287/665 1772/212/665
f 1772/212/685 1693/288/685 1773/213/685
f 1693/288/633 1774/214/633 1773/213/633
f 1694/289/649 1743/184/649 1774/214/649
f 1792/349/707 1926/351/707 1780/350/707
f 1811/352/708 1781/354/708 1812/353/708
f 1790/354/709 1803/354/709 1836/354/709
f 1955/357/710 470/361/710 1791/355/710
f 1780/350/711 1793/354/711 1792/354/711
f 1794/358/712 1789/358/712 1788/358/712
f 1784/354/713 1789/354/713 1790/354/713
f 1788/359/156 486/359/156 488/359/156
f 1799/354/157 1788/354/157 1798/354/157
f 1798/354/714 1861/354/714 1862/354/714
f 1799/354/715 496/354/715 486/354/715
f 495/354/716 1885/354/716 489/354/716
f 1859/354/717 1788/354/717 1784/354/717
f 500/360/718 1791/355/718 470/361/718
f 498/354/106 1801/362/106 500/360/106
f 1925/354/719 1779/354/719 1801/362/719
f 1782/354/106 1801/362/106 1800/354/106
f 1879/363/720 1878/363/720 1785/363/720
f 1874/363/721 1795/363/721 1785/363/721
f 595/364/167 1887/364/167 1886/364/167
f 1820/365/722 1833/365/722 1819/365/722
f 1783/354/723 1804/354/723 1803/354/723
f 1809/366/724 1807/354/724 1783/350/724
f 1783/354/725 1807/354/725 1804/354/725
f 1793/354/726 1780/350/726 1790/354/726
f 1964/354/727 1806/354/727 1805/354/727
f 1810/367/728 1812/353/728 1782/354/728
f 1782/354/729 1812/353/729 1781/354/729
f 1859/354/730 1813/354/730 1860/354/730
f 1859/354/731 1787/354/731 1813/354/731
f 1864/354/732 1814/354/732 1815/354/732
f 1860/354/733 1817/354/733 1814/354/733
f 1822/368/734 1824/368/734 1823/368/734
f 1816/354/735 1822/354/735 1823/354/735
f 1820/368/736 1822/368/736 1818/368/736
f 1816/354/737 1860/354/737 1813/354/737
f 1824/368/738 1825/368/738 1823/368/738
f 1827/369/739 1824/369/739 1821/369/739
f 1823/354/740 1817/354/740 1816/354/740
f 1814/354/741 1825/354/741 1828/354/741
f 1815/354/742 1828/354/742 1829/354/742
f 1830/368/743 1825/368/743 1826/368/743
f 1829/368/744 1828/368/744 1830/368/744
f 1829/368/745 1830/368/745 1831/368/745
f 1831/368/746 532/368/746 1829/368/746
f 515/354/747 1829/354/747 532/354/747
f 1816/354/748 1813/354/748 1818/354/748
f 1820/368/749 1818/368/749 1813/368/749
f 1832/368/750 1813/368/750 1787/368/750
f 1835/368/751 1803/368/751 1834/368/751
f 1835/365/752 1834/365/752 1839/365/752
f 1819/365/753 1821/365/753 1820/365/753
f 1787/354/754 1784/354/754 1836/354/754
f 1835/368/755 1787/368/755 1836/368/755
f 1839/365/756 1832/365/756 1835/365/756
f 1837/365/757 1839/365/757 1834/365/757
f 1840/365/758 1837/365/758 1838/365/758
f 1837/368/759 1803/368/759 1804/368/759
f 1838/370/760 1804/370/760 1964/370/760
f 1806/370/761 1838/370/761 1805/370/761
f 1841/365/762 1838/365/762 1842/365/762
f 1809/371/763 1808/372/763 1807/370/763
f 1965/370/764 1807/370/764 1842/370/764
f 1809/371/765 1843/370/765 1808/372/765
f 1845/370/766 1810/373/766 1844/370/766
f 1812/374/767 1843/370/767 1811/600/767
f 1847/365/768 1808/375/768 1843/365/768
f 1842/365/769 1846/365/769 1841/365/769
f 1848/365/770 1844/365/770 1849/365/770
f 1849/365/771 1850/365/771 1851/365/771
f 1848/365/772 1843/365/772 1845/365/772
f 1782/354/773 1853/354/773 1810/367/773
f 1853/354/774 1854/354/774 1852/354/774
f 1844/370/775 1810/373/775 1853/370/775
f 1844/370/776 1852/370/776 1850/370/776
f 1850/365/777 1857/365/777 1851/365/777
f 1856/365/778 1858/365/778 1857/365/778
f 1855/370/779 1850/370/779 1852/370/779
f 561/370/780 1855/370/780 1852/370/780
f 1855/365/781 563/365/781 1858/365/781
f 1852/354/782 564/354/782 561/354/782
f 1800/354/106 1854/354/106 1782/354/106
f 1852/354/106 1854/354/106 1800/354/106
f 1800/354/783 564/354/783 1852/354/783
f 1859/354/784 1786/354/784 1785/354/784
f 1796/354/785 1861/354/785 1795/354/785
f 1861/354/786 1785/354/786 1795/354/786
f 1797/354/787 1862/354/787 1796/354/787
f 1864/354/788 1797/354/788 1873/354/788
f 1860/354/789 1802/354/789 1786/354/789
f 1868/363/790 1875/363/790 1869/363/790
f 1877/376/791 1882/376/791 1876/376/791
f 1802/363/792 1879/363/792 1786/363/792
f 1869/363/793 1797/363/793 1796/363/793
f 1795/363/794 1869/363/794 1796/363/794
f 1875/363/795 1873/363/795 1797/363/795
f 1880/363/795 1802/363/795 1873/363/795
f 2061/376/796 1865/376/796 1872/376/796
f 1875/363/797 1865/363/797 1866/363/797
f 1880/363/798 1866/363/798 1871/363/798
f 1865/363/799 1878/363/799 1872/363/799
f 1878/363/800 1871/363/800 1872/363/800
f 2059/376/801 2061/376/801 2060/376/801
f 1865/376/802 2059/376/802 1866/376/802
f 2060/376/803 1872/376/803 1871/376/803
f 1866/376/804 2060/376/804 1871/376/804
f 1877/363/805 1879/363/805 1867/363/805
f 1881/363/806 1876/363/806 1870/363/806
f 1879/363/807 1870/363/807 1867/363/807
f 1880/363/808 1877/363/808 1876/363/808
f 2063/376/809 1882/376/809 2062/376/809
f 1876/376/810 2064/376/810 1870/376/810
f 2064/376/811 1867/376/811 1870/376/811
f 2063/376/812 1877/376/812 1867/376/812
f 1884/377/813 1892/377/813 1889/377/813
f 1891/354/814 1864/354/814 1815/354/814
f 515/354/815 1891/354/815 1815/354/815
f 489/354/816 1863/354/816 594/354/816
f 1885/354/817 1886/354/817 1863/354/817
f 1886/354/818 590/354/818 595/354/818
f 599/364/819 1887/364/819 598/364/819
f 1887/364/820 1863/364/820 1886/364/820
f 1888/364/266 594/364/266 1863/364/266
f 1890/354/821 1883/354/821 1889/354/821
f 1891/354/822 1893/354/822 1884/354/822
f 1893/354/823 590/354/823 1890/354/823
f 1889/354/824 1891/354/824 1884/354/824
f 1894/377/825 1896/377/825 1895/377/825
f 1900/377/826 1893/377/826 1895/377/826
f 1890/377/827 1895/377/827 1893/377/827
f 1892/354/828 1890/354/828 1889/354/828
f 1897/377/76 1903/377/76 1899/377/76
f 1893/354/829 1897/354/829 1884/354/829
f 1899/377/830 1895/377/830 1896/377/830
f 1884/377/831 1899/377/831 1896/377/831
f 1904/377/832 1901/377/832 1902/377/832
f 1905/377/833 1901/377/833 1897/377/833
f 1904/377/49 1898/377/49 1900/377/49
f 1903/377/834 1900/377/834 1899/377/834
f 1905/377/835 1911/377/835 1907/377/835
f 1898/377/836 1905/377/836 1897/377/836
f 1902/377/837 1906/377/837 1898/377/837
f 1907/377/838 1902/377/838 1901/377/838
f 1909/377/76 1915/377/76 1911/377/76
f 1910/377/839 1905/377/839 1906/377/839
f 1908/377/840 1910/377/840 1906/377/840
f 1911/377/841 1908/377/841 1907/377/841
f 1914/377/842 1915/377/842 1913/377/842
f 1917/377/843 1913/377/843 1909/377/843
f 1916/377/49 1910/377/49 1912/377/49
f 1911/377/844 1916/377/844 1912/377/844
f 1921/377/76 1919/377/76 1917/377/76
f 1918/377/845 1909/377/845 1910/377/845
f 1914/377/846 1918/377/846 1910/377/846
f 1913/377/847 1920/377/847 1914/377/847
f 1922/377/848 1917/377/848 1918/377/848
f 1920/377/49 1922/377/49 1918/377/49
f 1919/377/849 1924/377/849 1920/377/849
f 645/378/296 1846/378/296 1847/378/296
f 641/378/297 1833/378/297 1839/378/297
f 1851/378/298 647/378/298 1849/378/298
f 644/378/299 1841/378/299 1846/378/299
f 1827/365/300 638/365/300 1826/365/300
f 1840/378/301 641/378/301 1839/378/301
f 640/378/302 1819/378/302 1833/378/302
f 646/378/303 1847/378/303 1848/378/303
f 643/378/304 1840/378/304 1841/378/304
f 637/378/305 1827/378/305 1819/378/305
f 1849/378/306 646/378/306 1848/378/306
f 1831/365/850 638/365/850 533/365/850
f 1826/365/851 1831/365/851 1830/365/851
f 1935/379/76 1930/354/76 1931/379/76
f 1930/354/852 1779/354/852 1925/354/852
f 1779/354/853 1928/351/853 1926/351/853
f 1933/354/854 1935/379/854 1932/351/854
f 1934/354/855 1929/354/855 1930/354/855
f 1932/351/856 1931/379/856 1928/351/856
f 663/380/106 1929/380/106 1933/380/106
f 662/381/314 1933/380/314 1932/381/314
f 660/381/315 1932/381/315 1928/381/315
f 661/380/316 1928/381/316 1929/380/316
f 1792/349/857 1936/354/857 1953/354/857
f 1793/354/858 1937/354/858 1954/354/858
f 488/354/859 1943/354/859 1794/354/859
f 1936/354/860 1956/354/860 1953/354/860
f 1792/354/861 1941/354/861 1793/354/861
f 1792/354/862 1793/354/862 1936/354/862
f 1945/354/863 1937/354/863 1938/354/863
f 1940/354/864 1941/354/864 1939/354/864
f 1794/354/865 1939/354/865 1792/354/865
f 1942/354/866 1945/354/866 1938/354/866
f 1941/354/867 1938/354/867 1793/354/867
f 673/354/99 1944/354/99 1943/354/99
f 1944/354/99 1946/354/99 1943/354/99
f 1950/354/868 1948/354/868 1946/354/868
f 1948/354/869 1942/354/869 1940/354/869
f 1794/354/870 1943/354/870 1946/354/870
f 1946/354/871 1940/354/871 1794/354/871
f 666/354/872 1954/354/872 1937/354/872
f 1944/354/873 666/354/873 1937/354/873
f 1949/354/874 1952/354/874 1950/354/874
f 1949/354/875 1946/354/875 1945/354/875
f 1947/354/876 1949/354/876 1945/354/876
f 1952/354/877 1947/354/877 1948/354/877
f 1956/354/878 688/354/878 687/354/878
f 1792/349/879 1961/357/879 1955/357/879
f 1956/354/880 686/354/880 1953/354/880
f 1960/349/881 1958/382/881 1961/357/881
f 487/356/882 1957/382/882 691/383/882
f 1955/357/883 1958/382/883 1957/382/883
f 698/354/884 1958/382/884 1959/354/884
f 1958/382/885 691/383/885 1957/382/885
f 1959/354/886 1792/349/886 1953/354/886
f 698/354/887 1953/354/887 686/354/887
f 1968/384/888 1966/384/888 1969/384/888
f 1804/354/889 1963/354/889 1962/354/889
f 1969/384/890 1965/384/890 1964/384/890
f 1962/354/891 1969/354/891 1964/354/891
f 1966/354/892 1963/354/892 1965/354/892
f 1963/384/893 1968/384/893 1962/384/893
f 563/378/894 648/378/894 1858/378/894
f 648/378/356 1851/378/356 1858/378/356
f 1857/378/895 1858/378/895 1851/378/895
f 1970/354/896 496/354/896 1798/354/896
f 1862/354/897 1970/354/897 1798/354/897
f 1971/385/76 1974/386/76 1972/601/76
f 1977/388/360 1974/386/360 1973/387/360
f 1975/390/49 1978/389/49 1977/388/49
f 1971/392/361 1976/391/361 1975/390/361
f 1979/385/76 1982/386/76 1980/601/76
f 1976/391/362 1974/393/362 1978/389/362
f 1985/388/360 1982/386/360 1981/387/360
f 1983/390/49 1986/389/49 1985/388/49
f 1979/392/361 1984/391/361 1983/390/361
f 1984/391/363 1982/393/363 1986/389/363
f 1992/394/898 1990/396/898 1991/395/898
f 2001/397/899 1998/399/899 2000/398/899
f 2005/400/900 2002/402/900 2004/401/900
f 2012/403/901 2009/405/901 2011/404/901
f 2014/406/902 2011/404/902 2013/407/902
f 1988/408/903 2023/410/903 1987/409/903
f 2018/411/904 2020/413/904 2034/412/904
f 2003/414/905 2005/400/905 2030/415/905
f 2024/416/906 1988/408/906 2025/417/906
f 1993/418/907 1995/420/907 2027/419/907
f 1999/421/908 2001/397/908 2029/422/908
f 2010/423/909 2012/403/909 2032/424/909
f 1989/425/910 1992/394/910 2026/426/910
f 2012/403/911 2033/427/911 2032/424/911
f 2006/428/912 2008/430/912 2031/429/912
f 2016/431/913 2018/411/913 2034/412/913
f 2012/403/914 2014/406/914 2033/427/914
f 2013/407/915 2011/404/915 2043/432/915
f 2009/405/916 2007/434/916 2042/433/916
f 1994/435/917 1991/395/917 2037/436/917
f 2004/401/918 2002/402/918 2040/437/918
f 1987/409/919 2023/410/919 2046/438/919
f 2021/439/920 2019/441/920 2045/440/920
f 1990/396/921 1987/443/921 2036/442/921
f 2000/398/922 1998/399/922 2039/444/922
f 2021/439/923 2045/440/923 2046/438/923
f 2007/434/924 2004/401/924 2041/445/924
f 2023/410/925 2021/439/925 2046/438/925
f 2019/441/926 2017/446/926 2045/440/926
f 1988/447/927 1987/443/927 1989/425/927
f 1994/435/928 1993/418/928 1991/395/928
f 1992/394/929 1991/395/929 1993/418/929
f 1996/448/930 1995/420/930 1994/435/930
f 1999/421/931 1996/448/931 1998/399/931
f 2003/414/932 2000/398/932 2002/402/932
f 1999/421/933 1998/399/933 2001/397/933
f 2007/434/934 2006/428/934 2004/401/934
f 2003/414/935 2002/402/935 2005/400/935
f 2005/400/936 2004/401/936 2006/428/936
f 2010/423/937 2007/434/937 2009/405/937
f 2016/431/938 2013/407/938 2015/450/938
f 2010/423/939 2009/405/939 2012/403/939
f 2012/403/940 2011/404/940 2014/406/940
f 2017/446/941 2016/431/941 2015/450/941
f 2019/441/942 2018/411/942 2017/446/942
f 2021/439/943 2020/413/943 2019/441/943
f 2024/416/944 2021/439/944 2023/410/944
f 2052/429/945 2030/415/945 2031/429/945
f 2024/416/946 2023/410/946 1988/408/946
f 1991/395/947 2036/442/947 2037/436/947
f 2026/426/948 1993/418/948 2027/419/948
f 2008/430/949 2032/424/949 2031/429/949
f 2028/452/950 1999/421/950 2029/422/950
f 2025/447/951 1989/425/951 2026/426/951
f 2010/423/952 2032/424/952 2008/430/952
f 2020/413/953 2035/453/953 2034/412/953
f 2033/427/954 2016/431/954 2034/412/954
f 2031/429/955 2005/400/955 2006/428/955
f 2022/451/956 2035/453/956 2020/413/956
f 2028/452/957 1995/420/957 1997/449/957
f 2029/422/958 2003/414/958 2030/415/958
f 2035/453/959 2024/416/959 2025/417/959
f 2038/454/960 1998/399/960 1996/448/960
f 1990/396/961 1989/425/961 1987/443/961
f 2044/455/962 2013/407/962 2043/432/962
f 2042/433/963 2011/404/963 2009/405/963
f 1987/443/964 2046/456/964 2036/442/964
f 2004/401/965 2040/437/965 2041/445/965
f 2038/454/966 1994/435/966 2037/436/966
f 2044/455/967 2017/446/967 2015/450/967
f 2040/437/968 2000/398/968 2039/444/968
f 1990/396/969 2036/442/969 1991/395/969
f 2007/434/970 2041/445/970 2042/433/970
f 2054/417/971 2035/453/971 2025/417/971
f 2048/426/972 2025/447/972 2026/426/972
f 2049/415/973 2029/422/973 2030/415/973
f 2029/422/974 2057/452/974 2028/452/974
f 2055/453/975 2034/412/975 2035/453/975
f 2032/424/976 2052/429/976 2031/429/976
f 2057/452/977 2027/419/977 2028/452/977
f 2034/412/978 2053/427/978 2033/427/978
f 2053/427/979 2032/424/979 2033/427/979
f 2027/419/980 2048/426/980 2026/426/980
f 2044/455/981 2041/445/981 2038/454/981
f 2045/440/982 2036/442/982 2046/438/982
f 2036/442/983 2038/454/983 2037/436/983
f 2038/454/984 2041/445/984 2039/444/984
f 2039/444/985 2041/445/985 2040/437/985
f 2041/445/986 2043/432/986 2042/433/986
f 2044/455/987 2043/432/987 2041/445/987
f 2044/455/988 2036/442/988 2045/440/988
f 2036/442/989 2044/455/989 2038/454/989
f 1931/379/990 1925/354/990 1927/354/990
f 1931/379/991 1926/351/991 1928/351/991
f 1926/351/992 1927/354/992 1780/350/992
f 1926/351/993 1791/355/993 1779/354/993
f 1791/355/994 1926/351/994 1792/349/994
f 1790/354/995 1809/366/995 1783/354/995
f 1927/354/996 1781/354/996 1811/352/996
f 1803/354/997 1790/354/997 1783/354/997
f 1790/354/998 1836/354/998 1784/354/998
f 1789/354/999 1941/354/999 1793/354/999
f 1789/354/1000 1793/354/1000 1790/354/1000
f 1780/350/996 1811/352/996 1790/354/996
f 2065/457/1001 2068/458/1001 2066/602/1001
f 808/460/468 2068/458/468 2067/459/468
f 806/461/469 2066/462/469 807/467/469
f 2067/464/470 806/461/470 808/460/470
f 807/467/471 2068/466/471 809/468/471
f 811/173/472 1583/175/472 257/173/472
f 2070/470/106 817/469/106 816/471/106
f 2070/473/167 818/472/167 2072/474/167
f 2073/475/76 2074/476/76 2071/476/76
f 2071/477/473 821/469/473 817/469/473
f 2093/478/106 2089/477/106 2071/476/106
f 2089/476/1002 2073/475/1002 2071/476/1002
f 2104/474/1003 2070/473/1003 2072/474/1003
f 2084/474/167 2112/473/167 2106/474/167
f 2103/480/1004 2081/479/1004 2082/480/1004
f 2113/476/266 2079/475/266 2089/476/266
f 2111/482/76 2080/481/76 2090/482/76
f 2084/483/76 2115/476/76 2114/484/76
f 2119/486/99 2085/485/99 2086/486/99
f 2115/476/266 2083/475/266 2113/476/266
f 2105/470/106 2092/487/106 2070/473/106
f 2112/470/106 2095/478/106 2094/487/106
f 2095/478/106 2089/477/106 2093/478/106
f 2105/470/106 2094/487/106 2092/487/106
f 2071/476/106 2092/487/106 2093/478/106
f 2093/489/478 2096/488/478 2097/490/478
f 2094/491/477 2099/490/477 2098/488/477
f 2099/490/479 2093/489/479 2097/490/479
f 2092/491/480 2098/488/480 2096/488/480
f 2097/490/106 2077/479/106 2078/480/106
f 2081/479/106 2099/490/106 2082/480/106
f 2099/490/106 2078/480/106 2082/480/106
f 2096/488/106 2081/479/106 2077/479/106
f 2102/479/106 2101/480/106 2100/479/106
f 2101/480/481 2082/480/481 2078/480/481
f 2077/479/1005 2101/480/1005 2078/480/1005
f 2081/479/483 2100/479/483 2077/479/483
f 2105/473/167 2076/481/167 2088/482/167
f 2080/481/167 2112/473/167 2090/482/167
f 2104/474/167 2080/481/167 2076/481/167
f 2090/482/167 2105/473/167 2088/482/167
f 2110/481/99 2076/481/99 2080/481/99
f 2108/481/49 2088/482/49 2076/481/49
f 2109/482/106 2090/482/106 2088/482/106
f 2113/477/1006 2107/485/1006 2091/486/1006
f 2085/485/1007 2115/477/1007 2086/486/1007
f 2112/470/1008 2085/485/1008 2107/485/1008
f 2086/486/1009 2113/477/1009 2091/486/1009
f 2122/485/167 2116/485/167 2118/485/167
f 2085/485/167 2116/485/167 2107/485/167
f 2116/485/106 2091/486/106 2107/485/106
f 2117/486/266 2086/486/266 2091/486/266
f 2125/486/266 2123/486/266 2121/486/266
f 2120/485/1010 2117/486/1010 2116/485/1010
f 2117/486/266 2123/486/266 2119/486/266
f 2123/486/1011 2118/485/1011 2119/486/1011
f 2127/486/49 2122/485/49 2123/486/49
f 2122/485/167 2124/485/167 2120/485/167
f 2124/485/76 2121/486/76 2120/485/76
f 2137/492/520 2170/493/520 2135/493/520
f 2132/495/530 2131/494/530 2130/496/530
f 2187/498/1012 2167/497/1012 2169/498/1012
f 2134/500/528 2133/499/528 2132/495/528
f 2184/502/1013 2161/501/1013 2163/502/1013
f 2136/503/525 2135/493/525 2134/500/525
f 2181/505/1014 2155/504/1014 2157/505/1014
f 2138/506/523 2137/492/523 2136/503/523
f 2151/507/510 2177/508/510 2149/508/510
f 2140/510/521 2139/509/521 2138/506/521
f 2145/511/508 2174/512/508 2143/512/508
f 2142/514/519 2141/513/519 2140/510/519
f 2139/509/506 2171/492/506 2137/492/506
f 2144/515/517 2143/512/517 2142/514/517
f 2133/499/518 2128/494/518 2131/494/518
f 2146/516/515 2145/511/515 2144/515/515
f 2185/517/1015 2163/502/1015 2165/517/1015
f 2148/519/513 2147/518/513 2146/516/513
f 2182/520/1016 2157/505/1016 2159/520/1016
f 2150/521/511 2149/508/511 2148/519/511
f 2179/522/1017 2151/507/1017 2153/522/1017
f 2152/523/509 2151/507/509 2150/521/509
f 2147/518/496 2175/511/496 2145/511/496
f 2154/524/507 2153/522/507 2152/523/507
f 2141/513/494 2172/509/494 2139/509/494
f 2156/525/505 2155/504/505 2154/524/505
f 2135/493/492 2129/499/492 2133/499/492
f 2158/526/503 2157/505/503 2156/525/503
f 2128/527/1018 2169/498/1018 2131/527/1018
f 2160/528/501 2159/520/501 2158/526/501
f 2186/497/1019 2165/517/1019 2167/497/1019
f 2162/529/499 2161/501/499 2160/528/499
f 2183/501/1020 2159/520/1020 2161/501/1020
f 2164/530/497 2163/502/497 2162/529/497
f 2180/504/1021 2153/522/1021 2155/504/1021
f 2166/531/495 2165/517/495 2164/530/495
f 2149/508/524 2176/518/524 2147/518/524
f 2189/498/542 2186/497/542 2187/498/542
f 2168/532/493 2167/497/493 2166/531/493
f 2143/512/522 2173/513/522 2141/513/522
f 2130/533/491 2169/498/491 2168/532/491
f 2192/502/541 2183/501/541 2184/502/541
f 2195/505/540 2180/504/540 2181/505/540
f 2198/507/539 2177/508/539 2178/507/539
f 2201/511/538 2174/512/538 2175/511/538
f 2204/509/537 2171/492/537 2172/509/537
f 2207/499/545 2128/494/545 2129/499/545
f 2191/517/535 2184/502/535 2185/517/535
f 2194/520/534 2181/505/534 2182/520/534
f 2197/522/533 2178/507/533 2179/522/533
f 2200/518/532 2175/511/532 2176/518/532
f 2203/513/531 2172/509/531 2173/513/531
f 2206/493/527 2129/499/527 2170/493/527
f 2190/497/549 2185/517/549 2186/497/549
f 2193/501/548 2182/520/548 2183/501/548
f 2188/527/536 2187/498/536 2128/527/536
f 2196/504/547 2179/522/547 2180/504/547
f 2199/508/546 2176/518/546 2177/508/546
f 2202/512/544 2173/513/544 2174/512/544
f 2205/492/543 2170/493/543 2171/492/543
f 2212/502/106 2193/501/106 2192/502/106
f 2207/499/106 2208/494/106 2188/494/106
f 2200/518/106 2221/511/106 2201/511/106
f 2213/501/106 2194/520/106 2193/501/106
f 2201/511/106 2222/512/106 2202/512/106
f 2214/520/106 2195/505/106 2194/520/106
f 2202/512/106 2223/513/106 2203/513/106
f 2215/505/106 2196/504/106 2195/505/106
f 2208/527/106 2189/498/106 2188/527/106
f 2203/513/106 2224/509/106 2204/509/106
f 2196/504/106 2217/522/106 2197/522/106
f 2189/498/106 2210/497/106 2190/497/106
f 2204/509/106 2225/492/106 2205/492/106
f 2197/522/106 2218/507/106 2198/507/106
f 2190/497/106 2211/517/106 2191/517/106
f 2225/492/106 2206/493/106 2205/492/106
f 2218/507/106 2199/508/106 2198/507/106
f 2211/517/106 2192/502/106 2191/517/106
f 2226/493/106 2207/499/106 2206/493/106
f 2219/508/106 2200/518/106 2199/508/106
f 2229/498/546 2210/497/546 2209/498/546
f 2244/509/534 2225/492/534 2224/509/534
f 2237/522/545 2218/507/545 2217/522/545
f 2230/497/532 2211/517/532 2210/497/532
f 2245/492/540 2226/493/540 2225/492/540
f 2238/507/536 2219/508/536 2218/507/536
f 2231/517/538 2212/502/538 2211/517/538
f 2246/493/547 2227/499/547 2226/493/547
f 2239/508/542 2220/518/542 2219/508/542
f 2232/502/544 2213/501/544 2212/502/544
f 2247/499/533 2208/494/533 2227/499/533
f 2240/518/549 2221/511/549 2220/518/549
f 2233/501/531 2214/520/531 2213/501/531
f 2241/511/535 2222/512/535 2221/511/535
f 2234/520/537 2215/505/537 2214/520/537
f 2242/512/541 2223/513/541 2222/512/541
f 2235/505/543 2216/504/543 2215/505/543
f 2228/527/539 2209/498/539 2208/527/539
f 2243/513/548 2224/509/548 2223/513/548
f 2236/504/527 2217/522/527 2216/504/527
f 2241/511/106 2233/501/106 2229/498/106
f 2257/492/520 2290/493/520 2255/493/520
f 2252/495/530 2251/494/530 2250/496/530
f 2307/498/1012 2287/497/1012 2289/498/1012
f 2254/500/528 2253/499/528 2252/495/528
f 2304/502/1013 2281/501/1013 2283/502/1013
f 2256/503/525 2255/493/525 2254/500/525
f 2301/505/1014 2275/504/1014 2277/505/1014
f 2258/506/523 2257/492/523 2256/503/523
f 2271/507/510 2297/508/510 2269/508/510
f 2260/510/521 2259/509/521 2258/506/521
f 2265/511/508 2294/512/508 2263/512/508
f 2262/514/519 2261/513/519 2260/510/519
f 2259/509/506 2291/492/506 2257/492/506
f 2264/515/517 2263/512/517 2262/514/517
f 2253/499/1022 2248/494/1022 2251/494/1022
f 2266/516/515 2265/511/515 2264/515/515
f 2305/517/1015 2283/502/1015 2285/517/1015
f 2268/519/513 2267/518/513 2266/516/513
f 2302/520/1016 2277/505/1016 2279/520/1016
f 2270/521/511 2269/508/511 2268/519/511
f 2299/522/1017 2271/507/1017 2273/522/1017
f 2272/523/509 2271/507/509 2270/521/509
f 2267/518/496 2295/511/496 2265/511/496
f 2274/524/507 2273/522/507 2272/523/507
f 2261/513/494 2292/509/494 2259/509/494
f 2276/525/505 2275/504/505 2274/524/505
f 2255/493/492 2249/499/492 2253/499/492
f 2278/526/503 2277/505/503 2276/525/503
f 2248/527/1018 2289/498/1018 2251/527/1018
f 2280/528/501 2279/520/501 2278/526/501
f 2306/497/1019 2285/517/1019 2287/497/1019
f 2282/529/499 2281/501/499 2280/528/499
f 2303/501/1020 2279/520/1020 2281/501/1020
f 2284/530/497 2283/502/497 2282/529/497
f 2300/504/1021 2273/522/1021 2275/504/1021
f 2286/531/495 2285/517/495 2284/530/495
f 2269/508/524 2296/518/524 2267/518/524
f 2309/498/542 2306/497/542 2307/498/542
f 2288/532/493 2287/497/493 2286/531/493
f 2263/512/522 2293/513/522 2261/513/522
f 2250/533/491 2289/498/491 2288/532/491
f 2312/502/541 2303/501/541 2304/502/541
f 2315/505/540 2300/504/540 2301/505/540
f 2318/507/539 2297/508/539 2298/507/539
f 2321/511/538 2294/512/538 2295/511/538
f 2324/509/537 2291/492/537 2292/509/537
f 2327/499/545 2248/494/545 2249/499/545
f 2311/517/535 2304/502/535 2305/517/535
f 2314/520/534 2301/505/534 2302/520/534
f 2317/522/533 2298/507/533 2299/522/533
f 2320/518/532 2295/511/532 2296/518/532
f 2323/513/531 2292/509/531 2293/513/531
f 2326/493/527 2249/499/527 2290/493/527
f 2310/497/549 2305/517/549 2306/497/549
f 2313/501/548 2302/520/548 2303/501/548
f 2308/527/536 2307/498/536 2248/527/536
f 2316/504/547 2299/522/547 2300/504/547
f 2319/508/546 2296/518/546 2297/508/546
f 2322/512/544 2293/513/544 2294/512/544
f 2325/492/543 2290/493/543 2291/492/543
f 2332/502/106 2313/501/106 2312/502/106
f 2327/499/106 2328/494/106 2308/494/106
f 2320/518/106 2341/511/106 2321/511/106
f 2333/501/106 2314/520/106 2313/501/106
f 2321/511/106 2342/512/106 2322/512/106
f 2334/520/106 2315/505/106 2314/520/106
f 2322/512/106 2343/513/106 2323/513/106
f 2335/505/106 2316/504/106 2315/505/106
f 2328/527/106 2309/498/106 2308/527/106
f 2323/513/106 2344/509/106 2324/509/106
f 2316/504/106 2337/522/106 2317/522/106
f 2309/498/106 2330/497/106 2310/497/106
f 2324/509/106 2345/492/106 2325/492/106
f 2317/522/106 2338/507/106 2318/507/106
f 2310/497/106 2331/517/106 2311/517/106
f 2345/492/106 2326/493/106 2325/492/106
f 2338/507/106 2319/508/106 2318/507/106
f 2331/517/106 2312/502/106 2311/517/106
f 2346/493/106 2327/499/106 2326/493/106
f 2339/508/106 2320/518/106 2319/508/106
f 2349/498/546 2330/497/546 2329/498/546
f 2364/509/534 2345/492/534 2344/509/534
f 2357/522/545 2338/507/545 2337/522/545
f 2350/497/532 2331/517/532 2330/497/532
f 2365/492/540 2346/493/540 2345/492/540
f 2358/507/536 2339/508/536 2338/507/536
f 2351/517/538 2332/502/538 2331/517/538
f 2366/493/547 2347/499/547 2346/493/547
f 2359/508/542 2340/518/542 2339/508/542
f 2352/502/544 2333/501/544 2332/502/544
f 2367/499/533 2328/494/533 2347/499/533
f 2360/518/549 2341/511/549 2340/518/549
f 2353/501/531 2334/520/531 2333/501/531
f 2361/511/535 2342/512/535 2341/511/535
f 2354/520/537 2335/505/537 2334/520/537
f 2362/512/541 2343/513/541 2342/512/541
f 2355/505/543 2336/504/543 2335/505/543
f 2348/527/539 2329/498/539 2328/527/539
f 2363/513/548 2344/509/548 2343/513/548
f 2356/504/527 2337/522/527 2336/504/527
f 2361/511/106 2353/501/106 2349/498/106
f 1116/534/1023 2398/535/1023 1149/603/1023
f 2370/537/583 2398/535/583 2368/536/583
f 2372/539/597 2399/538/597 2370/537/597
f 2372/539/596 2401/542/596 2400/540/596
f 2376/543/595 2401/542/595 2374/541/595
f 2378/545/594 2402/544/594 2376/543/594
f 2380/547/593 2403/546/593 2378/545/593
f 2382/549/592 2404/599/592 2380/547/592
f 2384/550/591 2405/548/591 2382/549/591
f 2386/552/590 2406/551/590 2384/550/590
f 2388/554/589 2407/553/589 2386/552/589
f 2390/556/588 2408/555/588 2388/554/588
f 2392/558/587 2409/557/587 2390/556/587
f 2394/560/586 2410/559/586 2392/558/586
f 2428/562/1024 1117/561/1024 2369/562/1024
f 2396/564/584 2411/563/584 2394/560/584
f 1114/566/1025 2412/565/1025 2396/564/1025
f 1166/567/1026 2398/568/1026 2413/568/1026
f 2413/568/1027 2399/569/1027 2414/569/1027
f 2399/569/1028 2415/570/1028 2414/569/1028
f 2415/570/1029 2401/571/1029 2416/571/1029
f 2401/571/1030 2417/572/1030 2416/571/1030
f 2417/572/1031 2403/573/1031 2418/573/1031
f 2403/573/1032 2419/574/1032 2418/573/1032
f 2404/574/1033 2420/575/1033 2419/574/1033
f 2420/575/1034 2406/576/1034 2421/576/1034
f 2406/576/1035 2422/577/1035 2421/576/1035
f 2407/577/1036 2423/578/1036 2422/577/1036
f 2408/578/1037 2424/579/1037 2423/578/1037
f 2409/579/1038 2425/580/1038 2424/579/1038
f 2410/580/1039 2426/581/1039 2425/580/1039
f 2411/581/1040 2427/582/1040 2426/581/1040
f 2412/582/1041 1165/583/1041 2427/582/1041
f 1117/561/106 2413/568/106 2369/562/106
f 2369/562/106 2414/569/106 2371/585/106
f 2414/569/106 2373/584/106 2371/585/106
f 2415/570/106 2375/586/106 2373/584/106
f 2375/586/106 2417/572/106 2377/587/106
f 2377/587/106 2418/573/106 2379/589/106
f 2418/573/106 2381/588/106 2379/589/106
f 2419/574/106 2383/590/106 2381/588/106
f 2420/575/106 2385/591/106 2383/590/106
f 2421/576/106 2387/592/106 2385/591/106
f 2422/577/106 2389/593/106 2387/592/106
f 2423/578/106 2391/594/106 2389/593/106
f 2424/579/106 2393/595/106 2391/594/106
f 2393/595/106 2426/581/106 2395/596/106
f 2395/596/106 2427/582/106 2397/598/106
f 2427/582/106 1115/597/106 2397/598/106
f 2445/586/106 2430/584/106 2431/586/106
f 2442/598/551 2395/596/551 2397/598/551
f 2429/585/565 2369/562/565 2371/585/565
f 1182/597/1042 2397/598/1042 1115/597/1042
f 2430/584/563 2371/585/563 2373/584/563
f 2431/586/562 2373/584/562 2375/586/562
f 2432/587/561 2375/586/561 2377/587/561
f 2433/589/560 2377/587/560 2379/589/560
f 2434/588/559 2379/589/559 2381/588/559
f 2435/590/558 2381/588/558 2383/590/558
f 2436/591/557 2383/590/557 2385/591/557
f 2437/592/556 2385/591/556 2387/592/556
f 2438/593/555 2387/592/555 2389/593/555
f 2439/594/554 2389/593/554 2391/594/554
f 2440/595/553 2391/594/553 2393/595/553
f 2441/596/552 2393/595/552 2395/596/552
f 2461/588/559 2447/589/559 2448/588/559
f 2446/587/106 2431/586/106 2432/587/106
f 2447/589/106 2432/587/106 2433/589/106
f 2448/588/106 2433/589/106 2434/588/106
f 2449/590/106 2434/588/106 2435/590/106
f 2436/591/106 2449/590/106 2435/590/106
f 2451/592/106 2436/591/106 2437/592/106
f 2452/593/106 2437/592/106 2438/593/106
f 2453/594/106 2438/593/106 2439/594/106
f 2454/595/106 2439/594/106 2440/595/106
f 2455/596/106 2440/595/106 2441/596/106
f 2428/562/106 1200/561/106 1183/561/106
f 2442/598/106 2455/596/106 2441/596/106
f 2443/585/106 2428/562/106 2429/585/106
f 1199/597/106 2442/598/106 1182/597/106
f 2430/584/106 2443/585/106 2429/585/106
f 2462/590/558 2448/588/558 2449/590/558
f 2463/591/557 2449/590/557 2450/591/557
f 2464/592/556 2450/591/556 2451/592/556
f 2465/593/555 2451/592/555 2452/593/555
f 2466/594/554 2452/593/554 2453/594/554
f 2467/595/553 2453/594/553 2454/595/553
f 2468/596/552 2454/595/552 2455/596/552
f 1232/598/1043 2455/596/1043 1215/598/1043
f 2456/585/1044 1201/562/1044 2443/585/1044
f 2457/584/563 2443/585/563 2444/584/563
f 2458/586/562 2444/584/562 2445/586/562
f 2459/587/561 2445/586/561 2446/587/561
f 2460/589/560 2446/587/560 2447/589/560
f 1235/534/1023 2499/535/1023 1268/603/1023
f 2471/537/583 2499/535/583 2469/536/583
f 2473/539/597 2500/538/597 2471/537/597
f 2475/541/596 2501/540/596 2473/539/596
f 2477/543/595 2502/542/595 2475/541/595
f 2479/545/594 2503/544/594 2477/543/594
f 2481/547/593 2504/546/593 2479/545/593
f 2483/549/592 2505/599/592 2481/547/592
f 2485/550/591 2506/548/591 2483/549/591
f 2487/552/590 2507/551/590 2485/550/590
f 2489/554/589 2508/553/589 2487/552/589
f 2491/556/588 2509/555/588 2489/554/588
f 2493/558/587 2510/557/587 2491/556/587
f 2495/560/586 2511/559/586 2493/558/586
f 2529/562/1024 1236/561/1024 2470/562/1024
f 2497/564/584 2512/563/584 2495/560/584
f 1233/566/1025 2513/565/1025 2497/564/1025
f 1285/567/1026 2499/568/1026 2514/568/1026
f 2499/568/1027 2515/569/1027 2514/568/1027
f 2500/569/1028 2516/570/1028 2515/569/1028
f 2516/570/1029 2502/571/1029 2517/571/1029
f 2502/571/1030 2518/572/1030 2517/571/1030
f 2518/572/1031 2504/573/1031 2519/573/1031
f 2519/573/1032 2505/574/1032 2520/574/1032
f 2520/574/1045 2506/575/1045 2521/575/1045
f 2506/575/1046 2522/576/1046 2521/575/1046
f 2507/576/1035 2523/577/1035 2522/576/1035
f 2508/577/1036 2524/578/1036 2523/577/1036
f 2509/578/1037 2525/579/1037 2524/578/1037
f 2525/579/1038 2511/580/1038 2526/580/1038
f 2511/580/1039 2527/581/1039 2526/580/1039
f 2527/581/1040 2513/582/1040 2528/582/1040
f 2513/582/1041 1284/583/1041 2528/582/1041
f 1236/561/106 2514/568/106 2470/562/106
f 2470/562/106 2515/569/106 2472/585/106
f 2515/569/106 2474/584/106 2472/585/106
f 2516/570/106 2476/586/106 2474/584/106
f 2517/571/106 2478/587/106 2476/586/106
f 2518/572/106 2480/589/106 2478/587/106
f 2480/589/106 2520/574/106 2482/588/106
f 2482/588/106 2521/575/106 2484/590/106
f 2521/575/106 2486/591/106 2484/590/106
f 2522/576/106 2488/592/106 2486/591/106
f 2523/577/106 2490/593/106 2488/592/106
f 2524/578/106 2492/594/106 2490/593/106
f 2492/594/106 2526/580/106 2494/595/106
f 2494/595/106 2527/581/106 2496/596/106
f 2527/581/106 2498/598/106 2496/596/106
f 2528/582/106 1234/597/106 2498/598/106
f 2532/586/106 2545/584/106 2531/584/106
f 2543/598/551 2496/596/551 2498/598/551
f 2530/585/565 2470/562/565 2472/585/565
f 1301/597/1042 2498/598/1042 1234/597/1042
f 2531/584/563 2472/585/563 2474/584/563
f 2532/586/562 2474/584/562 2476/586/562
f 2533/587/561 2476/586/561 2478/587/561
f 2534/589/560 2478/587/560 2480/589/560
f 2535/588/559 2480/589/559 2482/588/559
f 2536/590/558 2482/588/558 2484/590/558
f 2537/591/557 2484/590/557 2486/591/557
f 2538/592/556 2486/591/556 2488/592/556
f 2539/593/555 2488/592/555 2490/593/555
f 2540/594/554 2490/593/554 2492/594/554
f 2541/595/553 2492/594/553 2494/595/553
f 2542/596/552 2494/595/552 2496/596/552
f 2562/588/559 2548/589/559 2549/588/559
f 2533/587/106 2546/586/106 2532/586/106
f 2534/589/106 2547/587/106 2533/587/106
f 2549/588/106 2534/589/106 2535/588/106
f 2550/590/106 2535/588/106 2536/590/106
f 2537/591/106 2550/590/106 2536/590/106
f 2552/592/106 2537/591/106 2538/592/106
f 2539/593/106 2552/592/106 2538/592/106
f 2554/594/106 2539/593/106 2540/594/106
f 2555/595/106 2540/594/106 2541/595/106
f 2556/596/106 2541/595/106 2542/596/106
f 2529/562/106 1319/561/106 1302/561/106
f 2543/598/106 2556/596/106 2542/596/106
f 2544/585/106 2529/562/106 2530/585/106
f 1318/597/106 2543/598/106 1301/597/106
f 2531/584/106 2544/585/106 2530/585/106
f 2563/590/558 2549/588/558 2550/590/558
f 2564/591/557 2550/590/557 2551/591/557
f 2565/592/556 2551/591/556 2552/592/556
f 2566/593/555 2552/592/555 2553/593/555
f 2567/594/554 2553/593/554 2554/594/554
f 2568/595/553 2554/594/553 2555/595/553
f 2569/596/552 2555/595/552 2556/596/552
f 1351/598/1043 2556/596/1043 1334/598/1043
f 2557/585/1044 1320/562/1044 2544/585/1044
f 2558/584/563 2544/585/563 2545/584/563
f 2559/586/562 2545/584/562 2546/586/562
f 2560/587/561 2546/586/561 2547/587/561
f 2561/589/560 2547/587/560 2548/589/560
f 243/175/106 242/165/106 246/172/106
f 689/357/1047 483/349/1047 482/355/1047
f 482/355/1048 470/361/1048 487/356/1048
f 485/358/1049 479/358/1049 480/358/1049
f 475/354/1050 481/354/1050 480/354/1050
f 479/359/1051 485/359/1051 488/359/1051
f 488/359/156 486/359/156 494/359/156
f 567/354/1052 479/354/1052 493/354/1052
f 494/354/715 486/354/715 496/354/715
f 593/354/1053 707/354/1053 495/354/1053
f 565/354/1054 475/354/1054 479/354/1054
f 482/355/1055 499/362/1055 500/360/1055
f 499/362/106 497/354/106 498/354/106
f 649/354/1056 472/354/1056 499/362/1056
f 499/362/1057 482/355/1057 469/354/1057
f 473/354/106 497/354/106 499/362/106
f 585/363/165 477/363/165 476/363/165
f 476/363/165 580/363/165 584/363/165
f 490/363/166 574/363/166 580/363/166
f 595/364/167 596/364/167 597/364/167
f 535/365/1058 534/365/1058 520/365/1058
f 505/354/1059 702/354/1059 701/354/1059
f 478/354/1060 475/354/1060 565/354/1060
f 513/354/1061 566/354/1061 570/354/1061
f 566/354/1062 513/354/1062 517/354/1062
f 522/368/1063 523/368/1063 524/368/1063
f 522/354/1064 518/354/1064 516/354/1064
f 520/368/1065 518/368/1065 522/368/1065
f 525/368/1066 526/368/1066 524/368/1066
f 527/369/1067 521/369/1067 524/369/1067
f 517/354/1068 525/354/1068 523/354/1068
f 525/354/1069 517/354/1069 513/354/1069
f 514/354/188 529/354/188 528/354/188
f 525/368/1070 528/368/1070 530/368/1070
f 531/368/1071 529/368/1071 532/368/1071
f 515/354/1072 532/354/1072 529/354/1072
f 512/368/1073 520/368/1073 534/368/1073
f 537/368/1074 536/368/1074 502/368/1074
f 519/365/1075 520/365/1075 521/365/1075
f 537/368/1076 538/368/1076 478/368/1076
f 541/365/1077 537/365/1077 534/365/1077
f 539/365/1078 541/365/1078 542/365/1078
f 502/368/1079 536/368/1079 539/368/1079
f 540/370/206 504/370/206 701/370/206
f 701/370/1080 699/370/1080 503/370/1080
f 503/370/1081 539/370/1081 540/370/1081
f 505/370/1082 504/370/1082 540/370/1082
f 543/365/1083 544/365/1083 540/365/1083
f 702/370/1084 505/370/1084 544/370/1084
f 544/370/1085 507/372/1085 506/370/1085
f 506/370/1086 700/370/1086 702/370/1086
f 545/370/1087 510/600/1087 508/371/1087
f 547/370/1088 546/370/1088 509/373/1088
f 511/374/1089 510/600/1089 545/370/1089
f 507/375/49 548/365/49 549/365/49
f 548/365/1090 507/375/1090 544/365/1090
f 546/365/1091 547/365/1091 550/365/1091
f 551/365/1092 553/365/1092 552/365/1092
f 545/365/1093 549/365/1093 550/365/1093
f 473/354/1094 509/367/1094 555/354/1094
f 546/370/1095 552/370/1095 554/370/1095
f 559/365/1096 558/365/1096 552/365/1096
f 560/365/1097 557/365/1097 558/365/1097
f 552/370/1098 558/370/1098 557/370/1098
f 557/370/1099 562/370/1099 561/370/1099
f 563/365/106 562/365/106 557/365/106
f 564/354/1100 498/354/1100 497/354/1100
f 477/354/1101 566/354/1101 565/354/1101
f 491/354/1102 490/354/1102 567/354/1102
f 476/354/1103 565/354/1103 567/354/1103
f 492/354/1104 491/354/1104 568/354/1104
f 570/354/1105 501/354/1105 579/354/1105
f 579/354/1106 492/354/1106 593/354/1106
f 501/354/1107 570/354/1107 566/354/1107
f 581/363/1108 580/363/1108 574/363/1108
f 583/376/236 582/376/236 588/376/236
f 501/363/237 477/363/237 585/363/237
f 492/363/238 581/363/238 575/363/238
f 490/363/239 491/363/239 575/363/239
f 579/363/240 586/363/240 581/363/240
f 586/363/240 579/363/240 501/363/240
f 571/376/1109 795/376/1109 798/376/1109
f 571/363/1110 580/363/1110 581/363/1110
f 572/363/1111 581/363/1111 586/363/1111
f 571/363/1112 578/363/1112 584/363/1112
f 577/363/1113 586/363/1113 584/363/1113
f 798/376/1114 795/376/1114 796/376/1114
f 571/376/247 572/376/247 796/376/247
f 578/376/1115 798/376/1115 797/376/1115
f 572/376/1116 577/376/1116 797/376/1116
f 583/363/1117 573/363/1117 585/363/1117
f 582/363/1118 586/363/1118 587/363/1118
f 576/363/1119 587/363/1119 585/363/1119
f 583/363/1120 584/363/1120 586/363/1120
f 800/376/1121 799/376/1121 588/376/1121
f 582/376/1122 576/376/1122 801/376/1122
f 573/376/1123 800/376/1123 801/376/1123
f 583/376/1124 799/376/1124 800/376/1124
f 591/377/1125 601/377/1125 604/377/1125
f 570/354/1126 589/354/1126 603/354/1126
f 515/354/1127 514/354/1127 603/354/1127
f 569/354/1128 593/354/1128 489/354/1128
f 596/354/1129 570/354/1129 593/354/1129
f 596/354/1130 595/354/1130 590/354/1130
f 597/364/1131 600/364/1131 599/364/1131
f 569/364/265 600/364/265 597/364/265
f 594/364/266 599/364/266 600/364/266
f 602/354/1132 601/354/1132 589/354/1132
f 605/354/1133 592/354/1133 603/354/1133
f 605/354/1134 602/354/1134 590/354/1134
f 601/354/1135 591/354/1135 603/354/1135
f 606/377/1136 607/377/1136 608/377/1136
f 605/377/1137 610/377/1137 612/377/1137
f 602/377/273 605/377/273 607/377/273
f 602/354/1138 606/354/1138 604/354/1138
f 609/377/49 611/377/49 615/377/49
f 605/354/275 591/354/275 609/354/275
f 607/377/276 612/377/276 611/377/276
f 591/377/277 608/377/277 611/377/277
f 613/377/1139 615/377/1139 616/377/1139
f 613/377/1140 619/377/1140 617/377/1140
f 610/377/76 614/377/76 616/377/76
f 612/377/280 616/377/280 615/377/280
f 617/377/281 619/377/281 623/377/281
f 610/377/1141 609/377/1141 617/377/1141
f 614/377/1142 610/377/1142 618/377/1142
f 614/377/1143 620/377/1143 619/377/1143
f 621/377/49 623/377/49 627/377/49
f 617/377/1144 621/377/1144 622/377/1144
f 620/377/286 618/377/286 622/377/286
f 620/377/1145 624/377/1145 623/377/1145
f 626/377/288 625/377/288 627/377/288
f 625/377/1146 631/377/1146 629/377/1146
f 622/377/76 626/377/76 628/377/76
f 623/377/290 624/377/290 628/377/290
f 631/377/49 635/377/49 633/377/49
f 621/377/1147 629/377/1147 630/377/1147
f 626/377/1148 622/377/1148 630/377/1148
f 625/377/1149 626/377/1149 632/377/1149
f 629/377/294 633/377/294 634/377/294
f 632/377/76 630/377/76 634/377/76
f 631/377/295 632/377/295 636/377/295
f 548/378/296 644/378/296 645/378/296
f 535/378/297 640/378/297 641/378/297
f 553/378/298 551/378/298 647/378/298
f 543/378/299 643/378/299 644/378/299
f 638/365/300 639/365/300 527/365/300
f 542/378/301 541/378/301 641/378/301
f 519/378/302 637/378/302 640/378/302
f 549/378/303 645/378/303 646/378/303
f 542/378/304 642/378/304 643/378/304
f 527/378/305 639/378/305 637/378/305
f 551/378/306 550/378/306 646/378/306
f 531/365/1150 533/365/1150 638/365/1150
f 654/354/49 658/354/49 659/379/49
f 469/354/1151 653/354/1151 654/354/1151
f 469/354/1152 650/351/1152 652/351/1152
f 657/354/1153 656/351/1153 659/379/1153
f 653/354/312 657/354/312 658/354/312
f 655/379/1154 659/379/1154 656/351/1154
f 653/380/106 661/380/106 663/380/106
f 657/380/314 663/380/314 662/381/314
f 656/381/1155 662/381/1155 660/381/1155
f 652/381/316 660/381/316 661/380/316
f 484/354/318 664/354/318 685/354/318
f 685/354/318 665/354/318 667/354/318
f 488/354/1156 485/354/1156 672/354/1156
f 690/354/1157 685/354/1157 664/354/1157
f 483/354/1158 484/354/1158 670/354/1158
f 665/354/1159 674/354/1159 676/354/1159
f 669/354/1160 668/354/1160 670/354/1160
f 485/354/1161 483/354/1161 668/354/1161
f 671/354/1162 667/354/1162 676/354/1162
f 667/354/1163 671/354/1163 670/354/1163
f 673/354/99 672/354/99 674/354/99
f 674/354/99 672/354/99 677/354/99
f 679/354/1164 683/354/1164 681/354/1164
f 671/354/1165 678/354/1165 679/354/1165
f 669/354/1166 679/354/1166 677/354/1166
f 666/354/1167 665/354/1167 685/354/1167
f 666/354/1168 675/354/1168 674/354/1168
f 680/354/1169 681/354/1169 683/354/1169
f 677/354/1170 681/354/1170 680/354/1170
f 678/354/1171 676/354/1171 680/354/1171
f 678/354/1172 682/354/1172 683/354/1172
f 690/354/1173 687/354/1173 688/354/1173
f 483/349/1174 689/357/1174 696/357/1174
f 686/354/1175 687/354/1175 690/354/1175
f 695/349/342 696/357/342 693/382/342
f 692/382/1176 689/357/1176 487/356/1176
f 689/357/1177 692/382/1177 693/382/1177
f 693/382/1178 697/383/1178 698/354/1178
f 691/383/1179 697/383/1179 693/382/1179
f 483/349/1180 695/349/1180 694/354/1180
f 684/354/1181 694/354/1181 698/354/1181
f 703/384/1182 704/384/1182 705/384/1182
f 700/354/1183 506/354/1183 503/354/1183
f 702/384/1184 703/384/1184 706/384/1184
f 699/354/1185 701/354/1185 706/354/1185
f 700/354/1186 704/354/1186 703/354/1186
f 700/384/1187 699/384/1187 705/384/1187
f 496/354/1188 495/354/1188 707/354/1188
f 707/354/1189 593/354/1189 568/354/1189
f 708/385/49 709/601/49 711/386/49
f 711/386/360 715/389/360 714/388/360
f 715/389/76 713/391/76 712/390/76
f 713/391/361 709/604/361 708/392/361
f 716/385/49 717/601/49 719/386/49
f 711/393/362 709/605/362 713/391/362
f 719/386/360 723/389/360 722/388/360
f 723/389/76 721/391/76 720/390/76
f 721/391/361 717/604/361 716/392/361
f 719/393/363 717/605/363 721/391/363
f 731/435/1190 728/395/1190 730/418/1190
f 733/448/1191 731/435/1191 732/420/1191
f 733/448/1192 734/449/1192 736/421/1192
f 737/398/1193 738/397/1193 740/414/1193
f 744/434/1194 741/401/1194 743/428/1194
f 744/434/1195 745/430/1195 747/423/1195
f 750/407/1196 751/406/1196 753/431/1196
f 754/446/1197 752/450/1197 753/431/1197
f 756/441/1198 754/446/1198 755/411/1198
f 758/439/1199 756/441/1199 757/413/1199
f 761/416/1200 760/410/1200 758/439/1200
f 767/415/411 786/415/411 789/429/411
f 763/426/1201 764/419/1201 730/418/1201
f 736/421/1202 734/449/1202 765/452/1202
f 762/447/1203 763/426/1203 726/425/1203
f 753/431/1204 751/406/1204 770/427/1204
f 768/429/1205 743/428/1205 742/400/1205
f 765/452/1206 734/449/1206 732/420/1206
f 766/422/1207 767/415/1207 740/414/1207
f 761/416/1208 759/451/1208 772/453/1208
f 775/454/1209 733/448/1209 735/399/1209
f 727/396/1210 724/443/1210 726/425/1210
f 750/407/1211 752/450/1211 781/455/1211
f 779/433/1212 746/405/1212 748/404/1212
f 731/435/1213 733/448/1213 775/454/1213
f 781/455/1214 752/450/1214 754/446/1214
f 777/437/1215 776/444/1215 737/398/1215
f 772/453/437 792/453/437 791/417/437
f 762/447/438 791/447/438 785/426/438
f 766/422/439 787/422/439 786/415/439
f 766/422/440 765/452/440 794/452/440
f 771/412/441 793/412/441 792/453/441
f 769/424/442 768/429/442 789/429/442
f 764/419/443 784/419/443 794/452/443
f 771/412/444 770/427/444 790/427/444
f 769/424/445 788/424/445 790/427/445
f 764/419/446 763/426/446 785/426/446
f 655/379/1216 651/354/1216 649/354/1216
f 655/379/1217 652/351/1217 650/351/1217
f 508/366/1218 510/352/1218 481/354/1218
f 472/354/462 649/354/462 651/354/462
f 471/350/462 481/354/462 510/352/462
f 802/457/1219 803/602/1219 805/458/1219
f 805/458/468 809/468/468 808/460/468
f 806/461/469 807/467/469 803/462/469
f 804/464/470 808/460/470 806/461/470
f 805/466/471 803/606/471 807/467/471
f 256/175/472 810/175/472 811/173/472
f 817/469/106 813/477/106 812/470/106
f 818/472/167 816/471/167 812/473/167
f 815/475/49 813/476/49 819/476/49
f 813/477/473 817/469/473 821/469/473
f 815/475/474 825/475/474 835/476/474
f 812/473/475 851/473/475 850/474/475
f 858/473/167 860/473/167 830/474/167
f 827/479/476 848/479/476 849/480/476
f 825/475/266 829/475/266 859/476/266
f 826/481/49 856/481/49 857/482/49
f 861/476/49 833/475/49 830/483/49
f 831/485/99 864/485/99 865/486/99
f 829/475/266 833/475/266 861/476/266
f 841/478/106 859/477/106 858/470/106
f 841/478/106 839/478/106 835/477/106
f 840/487/106 858/470/106 851/470/106
f 813/476/106 839/478/106 838/487/106
f 842/488/477 838/491/477 839/489/477
f 845/490/478 841/489/478 840/491/478
f 843/490/479 839/489/479 841/489/479
f 844/488/480 840/491/480 838/491/480
f 823/479/106 842/488/106 843/490/106
f 828/480/106 845/490/106 844/488/106
f 828/480/106 824/480/106 843/490/106
f 827/479/106 844/488/106 842/488/106
f 847/480/106 849/480/106 848/479/106
f 828/480/481 849/480/481 847/480/481
f 823/479/482 824/480/482 847/480/482
f 827/479/483 823/479/483 846/479/483
f 822/481/167 850/474/167 851/473/167
f 826/481/167 836/482/167 858/473/167
f 826/481/167 852/474/167 850/474/167
f 836/482/167 834/482/167 851/473/167
f 822/481/99 854/481/99 856/481/99
f 834/482/76 855/482/76 854/481/76
f 836/482/106 857/482/106 855/482/106
f 853/485/484 858/470/484 859/477/484
f 832/486/485 861/477/485 860/470/485
f 831/485/1220 860/470/1220 858/470/1220
f 832/486/1221 837/486/1221 859/477/1221
f 862/485/167 866/485/167 868/485/167
f 831/485/167 853/485/167 862/485/167
f 837/486/106 863/486/106 862/485/106
f 832/486/266 865/486/266 863/486/266
f 869/486/266 873/486/266 871/486/266
f 863/486/488 867/486/488 866/485/488
f 863/486/266 865/486/266 869/486/266
f 864/485/489 868/485/489 869/486/489
f 868/485/76 872/485/76 873/486/76
f 868/485/167 866/485/167 870/485/167
f 867/486/49 871/486/49 870/485/49
f 883/492/1019 881/493/1019 916/493/1019
f 877/494/491 879/499/491 878/495/491
f 913/497/1222 932/497/1222 933/498/1222
f 879/499/493 881/493/493 880/500/493
f 907/501/1223 929/501/1223 930/502/1223
f 881/493/495 883/492/495 882/503/495
f 901/504/1224 926/504/1224 927/505/1224
f 883/492/497 885/509/497 884/506/497
f 897/507/1017 895/508/1017 923/508/1017
f 885/509/499 887/513/499 886/510/499
f 891/511/1016 889/512/1016 920/512/1016
f 887/513/501 889/512/501 888/514/501
f 885/509/1015 883/492/1015 917/492/1015
f 889/512/503 891/511/503 890/515/503
f 879/499/1018 877/494/1018 874/494/1018
f 891/511/505 893/518/505 892/516/505
f 909/502/1225 930/502/1225 931/517/1225
f 893/518/507 895/508/507 894/519/507
f 903/505/1226 927/505/1226 928/520/1226
f 895/508/509 897/507/509 896/521/509
f 897/507/1227 924/507/1227 925/522/1227
f 897/507/511 899/522/511 898/523/511
f 893/518/1014 891/511/1014 921/511/1014
f 899/522/513 901/504/513 900/524/513
f 887/513/1013 885/509/1013 918/509/1013
f 901/504/515 903/505/515 902/525/515
f 881/493/1012 879/499/1012 875/499/1012
f 903/505/517 905/520/517 904/526/517
f 915/498/1228 933/498/1228 874/527/1228
f 905/520/519 907/501/519 906/528/519
f 911/517/1229 931/517/1229 932/497/1229
f 907/501/521 909/502/521 908/529/521
f 905/520/1230 928/520/1230 929/501/1230
f 909/502/523 911/517/523 910/530/523
f 899/522/1231 925/522/1231 926/504/1231
f 911/517/525 913/497/525 912/531/525
f 895/508/1021 893/518/1021 922/518/1021
f 932/497/527 936/497/527 935/498/527
f 913/497/528 915/498/528 914/532/528
f 889/512/1020 887/513/1020 919/513/1020
f 915/498/530 877/527/530 876/533/530
f 929/501/531 939/501/531 938/502/531
f 926/504/532 942/504/532 941/505/532
f 923/508/533 945/508/533 944/507/533
f 920/512/534 948/512/534 947/511/534
f 917/492/535 951/492/535 950/509/535
f 874/494/536 934/494/536 953/499/536
f 930/502/537 938/502/537 937/517/537
f 927/505/538 941/505/538 940/520/538
f 924/507/539 944/507/539 943/522/539
f 921/511/540 947/511/540 946/518/540
f 918/509/541 950/509/541 949/513/541
f 875/499/542 953/499/542 952/493/542
f 931/517/543 937/517/543 936/497/543
f 928/520/544 940/520/544 939/501/544
f 933/498/545 935/498/545 934/527/545
f 925/522/546 943/522/546 942/504/546
f 922/518/547 946/518/547 945/508/547
f 919/513/548 949/513/548 948/512/548
f 916/493/549 952/493/549 951/492/549
f 939/501/106 959/501/106 958/502/106
f 953/499/106 934/494/106 954/494/106
f 946/518/106 947/511/106 967/511/106
f 940/520/106 960/520/106 959/501/106
f 947/511/106 948/512/106 968/512/106
f 941/505/106 961/505/106 960/520/106
f 948/512/106 949/513/106 969/513/106
f 942/504/106 962/504/106 961/505/106
f 935/498/106 955/498/106 954/527/106
f 949/513/106 950/509/106 970/509/106
f 942/504/106 943/522/106 963/522/106
f 935/498/106 936/497/106 956/497/106
f 950/509/106 951/492/106 971/492/106
f 943/522/106 944/507/106 964/507/106
f 936/497/106 937/517/106 957/517/106
f 952/493/106 972/493/106 971/492/106
f 945/508/106 965/508/106 964/507/106
f 938/502/106 958/502/106 957/517/106
f 953/499/106 973/499/106 972/493/106
f 946/518/106 966/518/106 965/508/106
f 956/497/547 976/497/547 975/498/547
f 971/492/538 991/492/538 990/509/538
f 964/507/536 984/507/536 983/522/536
f 957/517/540 977/517/540 976/497/540
f 972/493/532 992/493/532 991/492/532
f 965/508/545 985/508/545 984/507/545
f 958/502/534 978/502/534 977/517/534
f 973/499/546 993/499/546 992/493/546
f 966/518/527 986/518/527 985/508/527
f 959/501/548 979/501/548 978/502/548
f 954/494/539 974/494/539 993/499/539
f 967/511/543 987/511/543 986/518/543
f 960/520/541 980/520/541 979/501/541
f 968/512/537 988/512/537 987/511/537
f 961/505/535 981/505/535 980/520/535
f 969/513/531 989/513/531 988/512/531
f 962/504/549 982/504/549 981/505/549
f 955/498/533 975/498/533 974/527/533
f 970/509/544 990/509/544 989/513/544
f 963/522/542 983/522/542 982/504/542
f 993/499/1232 974/494/1232 975/498/1232
f 975/498/106 976/497/106 977/517/106
f 977/517/1232 978/502/1232 979/501/1232
f 979/501/1233 980/520/1233 981/505/1233
f 981/505/106 982/504/106 983/522/106
f 983/522/1233 984/507/1233 985/508/1233
f 985/508/1233 986/518/1233 987/511/1233
f 987/511/106 988/512/106 989/513/106
f 989/513/106 990/509/106 991/492/106
f 991/492/106 992/493/106 993/499/106
f 993/499/106 975/498/106 977/517/106
f 977/517/106 979/501/106 981/505/106
f 981/505/106 983/522/106 985/508/106
f 985/508/106 987/511/106 989/513/106
f 989/513/106 991/492/106 993/499/106
f 993/499/106 977/517/106 981/505/106
f 981/505/106 985/508/106 989/513/106
f 1003/492/1019 1001/493/1019 1036/493/1019
f 997/494/491 999/499/491 998/495/491
f 1033/497/1222 1052/497/1222 1053/498/1222
f 999/499/493 1001/493/493 1000/500/493
f 1027/501/1223 1049/501/1223 1050/502/1223
f 1001/493/495 1003/492/495 1002/503/495
f 1021/504/1224 1046/504/1224 1047/505/1224
f 1003/492/497 1005/509/497 1004/506/497
f 1017/507/1017 1015/508/1017 1043/508/1017
f 1005/509/499 1007/513/499 1006/510/499
f 1011/511/1016 1009/512/1016 1040/512/1016
f 1007/513/501 1009/512/501 1008/514/501
f 1005/509/1015 1003/492/1015 1037/492/1015
f 1009/512/503 1011/511/503 1010/515/503
f 999/499/1234 997/494/1234 994/494/1234
f 1011/511/505 1013/518/505 1012/516/505
f 1029/502/1225 1050/502/1225 1051/517/1225
f 1013/518/507 1015/508/507 1014/519/507
f 1023/505/1226 1047/505/1226 1048/520/1226
f 1015/508/509 1017/507/509 1016/521/509
f 1017/507/1227 1044/507/1227 1045/522/1227
f 1017/507/511 1019/522/511 1018/523/511
f 1013/518/1014 1011/511/1014 1041/511/1014
f 1019/522/513 1021/504/513 1020/524/513
f 1007/513/1013 1005/509/1013 1038/509/1013
f 1021/504/515 1023/505/515 1022/525/515
f 1001/493/1012 999/499/1012 995/499/1012
f 1023/505/517 1025/520/517 1024/526/517
f 1035/498/1228 1053/498/1228 994/527/1228
f 1025/520/519 1027/501/519 1026/528/519
f 1031/517/1229 1051/517/1229 1052/497/1229
f 1027/501/521 1029/502/521 1028/529/521
f 1025/520/1235 1048/520/1235 1049/501/1235
f 1029/502/523 1031/517/523 1030/530/523
f 1019/522/1231 1045/522/1231 1046/504/1231
f 1031/517/525 1033/497/525 1032/531/525
f 1015/508/1021 1013/518/1021 1042/518/1021
f 1052/497/527 1056/497/527 1055/498/527
f 1033/497/528 1035/498/528 1034/532/528
f 1009/512/1020 1007/513/1020 1039/513/1020
f 1035/498/530 997/527/530 996/533/530
f 1049/501/531 1059/501/531 1058/502/531
f 1046/504/532 1062/504/532 1061/505/532
f 1043/508/533 1065/508/533 1064/507/533
f 1040/512/534 1068/512/534 1067/511/534
f 1037/492/535 1071/492/535 1070/509/535
f 994/494/536 1054/494/536 1073/499/536
f 1050/502/537 1058/502/537 1057/517/537
f 1047/505/538 1061/505/538 1060/520/538
f 1044/507/539 1064/507/539 1063/522/539
f 1041/511/540 1067/511/540 1066/518/540
f 1038/509/541 1070/509/541 1069/513/541
f 995/499/542 1073/499/542 1072/493/542
f 1051/517/543 1057/517/543 1056/497/543
f 1048/520/544 1060/520/544 1059/501/544
f 1053/498/545 1055/498/545 1054/527/545
f 1045/522/546 1063/522/546 1062/504/546
f 1042/518/547 1066/518/547 1065/508/547
f 1039/513/548 1069/513/548 1068/512/548
f 1036/493/549 1072/493/549 1071/492/549
f 1059/501/106 1079/501/106 1078/502/106
f 1073/499/106 1054/494/106 1074/494/106
f 1066/518/106 1067/511/106 1087/511/106
f 1060/520/106 1080/520/106 1079/501/106
f 1067/511/106 1068/512/106 1088/512/106
f 1061/505/106 1081/505/106 1080/520/106
f 1068/512/106 1069/513/106 1089/513/106
f 1062/504/106 1082/504/106 1081/505/106
f 1055/498/106 1075/498/106 1074/527/106
f 1069/513/106 1070/509/106 1090/509/106
f 1062/504/106 1063/522/106 1083/522/106
f 1055/498/106 1056/497/106 1076/497/106
f 1070/509/106 1071/492/106 1091/492/106
f 1063/522/106 1064/507/106 1084/507/106
f 1056/497/106 1057/517/106 1077/517/106
f 1072/493/106 1092/493/106 1091/492/106
f 1065/508/106 1085/508/106 1084/507/106
f 1058/502/106 1078/502/106 1077/517/106
f 1073/499/106 1093/499/106 1092/493/106
f 1066/518/106 1086/518/106 1085/508/106
f 1076/497/547 1096/497/547 1095/498/547
f 1091/492/538 1111/492/538 1110/509/538
f 1084/507/536 1104/507/536 1103/522/536
f 1077/517/540 1097/517/540 1096/497/540
f 1092/493/532 1112/493/532 1111/492/532
f 1085/508/545 1105/508/545 1104/507/545
f 1078/502/534 1098/502/534 1097/517/534
f 1093/499/546 1113/499/546 1112/493/546
f 1086/518/527 1106/518/527 1105/508/527
f 1079/501/548 1099/501/548 1098/502/548
f 1074/494/539 1094/494/539 1113/499/539
f 1087/511/543 1107/511/543 1106/518/543
f 1080/520/541 1100/520/541 1099/501/541
f 1088/512/537 1108/512/537 1107/511/537
f 1081/505/535 1101/505/535 1100/520/535
f 1089/513/531 1109/513/531 1108/512/531
f 1082/504/549 1102/504/549 1101/505/549
f 1075/498/533 1095/498/533 1094/527/533
f 1090/509/544 1110/509/544 1109/513/544
f 1083/522/542 1103/522/542 1102/504/542
f 1113/499/1232 1094/494/1232 1095/498/1232
f 1095/498/1232 1096/497/1232 1097/517/1232
f 1097/517/106 1098/502/106 1099/501/106
f 1099/501/106 1100/520/106 1101/505/106
f 1101/505/106 1102/504/106 1103/522/106
f 1103/522/1233 1104/507/1233 1105/508/1233
f 1105/508/106 1106/518/106 1107/511/106
f 1107/511/1233 1108/512/1233 1109/513/1233
f 1109/513/1232 1110/509/1232 1111/492/1232
f 1111/492/106 1112/493/106 1113/499/106
f 1113/499/106 1095/498/106 1097/517/106
f 1097/517/106 1099/501/106 1101/505/106
f 1101/505/106 1103/522/106 1105/508/106
f 1105/508/106 1107/511/106 1109/513/106
f 1109/513/106 1111/492/106 1113/499/106
f 1113/499/106 1097/517/106 1101/505/106
f 1101/505/106 1105/508/106 1109/513/106
f 1116/534/550 1149/603/550 1150/535/550
f 1150/535/551 1151/538/551 1120/537/551
f 1151/538/552 1152/540/552 1122/539/552
f 1152/540/553 1153/542/553 1124/541/553
f 1153/542/554 1154/544/554 1126/543/554
f 1154/544/555 1155/546/555 1128/545/555
f 1155/546/556 1156/599/556 1130/547/556
f 1130/547/557 1156/599/557 1157/548/557
f 1157/548/558 1158/551/558 1134/550/558
f 1158/551/559 1159/553/559 1136/552/559
f 1159/553/560 1160/555/560 1138/554/560
f 1160/555/561 1161/557/561 1140/556/561
f 1161/557/562 1162/559/562 1142/558/562
f 1162/559/563 1163/563/563 1144/560/563
f 1117/561/564 1183/561/564 1184/562/564
f 1163/563/565 1164/565/565 1146/564/565
f 1164/565/566 1148/607/566 1114/566/566
f 1166/567/567 1167/568/567 1150/568/567
f 1167/568/568 1168/569/568 1151/569/568
f 1169/570/569 1152/570/569 1151/569/569
f 1169/570/570 1170/571/570 1153/571/570
f 1171/572/571 1154/572/571 1153/571/571
f 1171/572/572 1172/573/572 1155/573/572
f 1173/574/573 1156/574/573 1155/573/573
f 1174/575/574 1157/575/574 1156/574/574
f 1174/575/575 1175/576/575 1158/576/575
f 1176/577/576 1159/577/576 1158/576/576
f 1177/578/577 1160/578/577 1159/577/577
f 1178/579/578 1161/579/578 1160/578/578
f 1179/580/579 1162/580/579 1161/579/579
f 1180/581/580 1163/581/580 1162/580/580
f 1181/582/581 1164/582/581 1163/581/581
f 1165/583/582 1148/583/582 1164/582/582
f 1117/561/106 1119/562/106 1167/568/106
f 1119/562/106 1121/585/106 1168/569/106
f 1123/584/106 1169/570/106 1168/569/106
f 1125/586/106 1170/571/106 1169/570/106
f 1125/586/106 1127/587/106 1171/572/106
f 1127/587/106 1129/589/106 1172/573/106
f 1131/588/106 1173/574/106 1172/573/106
f 1133/590/106 1174/575/106 1173/574/106
f 1135/591/106 1175/576/106 1174/575/106
f 1137/592/106 1176/577/106 1175/576/106
f 1139/593/106 1177/578/106 1176/577/106
f 1141/594/106 1178/579/106 1177/578/106
f 1143/595/106 1179/580/106 1178/579/106
f 1143/595/106 1145/596/106 1180/581/106
f 1145/596/106 1147/598/106 1181/582/106
f 1115/597/106 1165/583/106 1181/582/106
f 1186/584/106 1203/584/106 1204/586/106
f 1145/596/583 1197/596/583 1198/598/583
f 1119/562/584 1184/562/584 1185/585/584
f 1147/598/585 1198/598/585 1182/597/585
f 1121/585/586 1185/585/586 1186/584/586
f 1123/584/587 1186/584/587 1187/586/587
f 1125/586/588 1187/586/588 1188/587/588
f 1127/587/589 1188/587/589 1189/589/589
f 1129/589/590 1189/589/590 1190/588/590
f 1131/588/591 1190/588/591 1191/590/591
f 1133/590/592 1191/590/592 1192/591/592
f 1135/591/593 1192/591/593 1193/592/593
f 1137/592/594 1193/592/594 1194/593/594
f 1139/593/595 1194/593/595 1195/594/595
f 1141/594/596 1195/594/596 1196/595/596
f 1143/595/597 1196/595/597 1197/596/597
f 1206/589/590 1223/589/590 1224/588/590
f 1187/586/106 1204/586/106 1205/587/106
f 1188/587/106 1205/587/106 1206/589/106
f 1189/589/106 1206/589/106 1207/588/106
f 1190/588/106 1207/588/106 1208/590/106
f 1192/591/106 1191/590/106 1208/590/106
f 1192/591/106 1209/591/106 1210/592/106
f 1193/592/106 1210/592/106 1211/593/106
f 1194/593/106 1211/593/106 1212/594/106
f 1195/594/106 1212/594/106 1213/595/106
f 1196/595/106 1213/595/106 1214/596/106
f 1184/562/106 1183/561/106 1200/561/106
f 1198/598/106 1197/596/106 1214/596/106
f 1184/562/106 1201/562/106 1202/585/106
f 1198/598/106 1215/598/106 1199/597/106
f 1186/584/106 1185/585/106 1202/585/106
f 1207/588/591 1224/588/591 1225/590/591
f 1208/590/592 1225/590/592 1226/591/592
f 1209/591/593 1226/591/593 1227/592/593
f 1210/592/594 1227/592/594 1228/593/594
f 1211/593/595 1228/593/595 1229/594/595
f 1212/594/596 1229/594/596 1230/595/596
f 1213/595/597 1230/595/597 1231/596/597
f 1200/561/76 1217/561/76 1218/562/76
f 1214/596/598 1231/596/598 1232/598/598
f 1201/562/599 1218/562/599 1219/585/599
f 1215/598/76 1232/598/76 1216/597/76
f 1202/585/586 1219/585/586 1220/584/586
f 1203/584/587 1220/584/587 1221/586/587
f 1204/586/588 1221/586/588 1222/587/588
f 1205/587/589 1222/587/589 1223/589/589
f 1235/534/550 1268/603/550 1269/535/550
f 1269/535/551 1270/538/551 1239/537/551
f 1270/538/552 1271/540/552 1241/539/552
f 1271/540/553 1272/542/553 1243/541/553
f 1272/542/554 1273/544/554 1245/543/554
f 1273/544/555 1274/546/555 1247/545/555
f 1274/546/556 1275/599/556 1249/547/556
f 1275/599/557 1276/548/557 1251/549/557
f 1276/548/558 1277/551/558 1253/550/558
f 1277/551/559 1278/553/559 1255/552/559
f 1278/553/560 1279/555/560 1257/554/560
f 1279/555/561 1280/557/561 1259/556/561
f 1280/557/562 1281/559/562 1261/558/562
f 1281/559/563 1282/563/563 1263/560/563
f 1236/561/564 1302/561/564 1303/562/564
f 1282/563/565 1283/565/565 1265/564/565
f 1283/565/566 1267/607/566 1233/566/566
f 1285/567/567 1286/568/567 1269/568/567
f 1286/568/568 1287/569/568 1270/569/568
f 1288/570/569 1271/570/569 1270/569/569
f 1288/570/570 1289/571/570 1272/571/570
f 1289/571/571 1290/572/571 1273/572/571
f 1290/572/572 1291/573/572 1274/573/572
f 1291/573/573 1292/574/573 1275/574/573
f 1292/574/1236 1293/575/1236 1276/575/1236
f 1294/576/575 1277/576/575 1276/575/575
f 1295/577/576 1278/577/576 1277/576/576
f 1296/578/577 1279/578/577 1278/577/577
f 1297/579/578 1280/579/578 1279/578/578
f 1297/579/579 1298/580/579 1281/580/579
f 1299/581/580 1282/581/580 1281/580/580
f 1299/581/581 1300/582/581 1283/582/581
f 1284/583/582 1267/583/582 1283/582/582
f 1236/561/106 1238/562/106 1286/568/106
f 1238/562/106 1240/585/106 1287/569/106
f 1242/584/106 1288/570/106 1287/569/106
f 1244/586/106 1289/571/106 1288/570/106
f 1246/587/106 1290/572/106 1289/571/106
f 1248/589/106 1291/573/106 1290/572/106
f 1248/589/106 1250/588/106 1292/574/106
f 1250/588/106 1252/590/106 1293/575/106
f 1252/590/106 1254/591/106 1294/576/106
f 1256/592/106 1295/577/106 1294/576/106
f 1258/593/106 1296/578/106 1295/577/106
f 1260/594/106 1297/579/106 1296/578/106
f 1260/594/106 1262/595/106 1298/580/106
f 1262/595/106 1264/596/106 1299/581/106
f 1266/598/106 1300/582/106 1299/581/106
f 1234/597/106 1284/583/106 1300/582/106
f 1306/586/106 1305/584/106 1322/584/106
f 1264/596/583 1316/596/583 1317/598/583
f 1238/562/584 1303/562/584 1304/585/584
f 1266/598/585 1317/598/585 1301/597/585
f 1240/585/586 1304/585/586 1305/584/586
f 1242/584/587 1305/584/587 1306/586/587
f 1244/586/588 1306/586/588 1307/587/588
f 1246/587/589 1307/587/589 1308/589/589
f 1248/589/590 1308/589/590 1309/588/590
f 1250/588/591 1309/588/591 1310/590/591
f 1252/590/592 1310/590/592 1311/591/592
f 1254/591/593 1311/591/593 1312/592/593
f 1256/592/594 1312/592/594 1313/593/594
f 1258/593/595 1313/593/595 1314/594/595
f 1260/594/596 1314/594/596 1315/595/596
f 1262/595/597 1315/595/597 1316/596/597
f 1325/589/590 1342/589/590 1343/588/590
f 1307/587/106 1306/586/106 1323/586/106
f 1308/589/106 1307/587/106 1324/587/106
f 1308/589/106 1325/589/106 1326/588/106
f 1309/588/106 1326/588/106 1327/590/106
f 1311/591/106 1310/590/106 1327/590/106
f 1311/591/106 1328/591/106 1329/592/106
f 1313/593/106 1312/592/106 1329/592/106
f 1313/593/106 1330/593/106 1331/594/106
f 1314/594/106 1331/594/106 1332/595/106
f 1315/595/106 1332/595/106 1333/596/106
f 1303/562/106 1302/561/106 1319/561/106
f 1317/598/106 1316/596/106 1333/596/106
f 1303/562/106 1320/562/106 1321/585/106
f 1317/598/106 1334/598/106 1318/597/106
f 1305/584/106 1304/585/106 1321/585/106
f 1326/588/591 1343/588/591 1344/590/591
f 1327/590/592 1344/590/592 1345/591/592
f 1328/591/593 1345/591/593 1346/592/593
f 1329/592/594 1346/592/594 1347/593/594
f 1330/593/595 1347/593/595 1348/594/595
f 1331/594/596 1348/594/596 1349/595/596
f 1332/595/597 1349/595/597 1350/596/597
f 1319/561/76 1336/561/76 1337/562/76
f 1333/596/598 1350/596/598 1351/598/598
f 1320/562/599 1337/562/599 1338/585/599
f 1334/598/76 1351/598/76 1335/597/76
f 1321/585/586 1338/585/586 1339/584/586
f 1322/584/587 1339/584/587 1340/586/587
f 1323/586/588 1340/586/588 1341/587/588
f 1324/587/589 1341/587/589 1342/589/589
f 246/172/106 1577/165/106 1578/175/106
f 1791/355/1237 1792/349/1237 1955/357/1237
f 1955/357/1238 487/356/1238 470/361/1238
f 1794/358/1239 1792/358/1239 1789/358/1239
f 1784/354/1240 1788/354/1240 1789/354/1240
f 488/359/1241 1794/359/1241 1788/359/1241
f 1788/359/167 1799/359/167 486/359/167
f 1798/354/1242 1788/354/1242 1861/354/1242
f 1799/354/1243 1798/354/1243 496/354/1243
f 495/354/1244 1970/354/1244 1885/354/1244
f 1859/354/1245 1861/354/1245 1788/354/1245
f 500/360/1246 1801/362/1246 1791/355/1246
f 498/354/106 1800/354/106 1801/362/106
f 1801/362/1247 1781/354/1247 1925/354/1247
f 1779/354/1248 1791/355/1248 1801/362/1248
f 1782/354/1249 1781/354/1249 1801/362/1249
f 1785/363/720 1786/363/720 1879/363/720
f 1878/363/720 1874/363/720 1785/363/720
f 1874/363/721 1868/363/721 1795/363/721
f 595/364/167 598/364/167 1887/364/167
f 1820/365/1250 1832/365/1250 1833/365/1250
f 1964/354/1251 1965/354/1251 1806/354/1251
f 1859/354/1252 1784/354/1252 1787/354/1252
f 1864/354/1253 1860/354/1253 1814/354/1253
f 1860/354/1254 1816/354/1254 1817/354/1254
f 1822/368/1255 1821/368/1255 1824/368/1255
f 1816/354/1256 1818/354/1256 1822/354/1256
f 1820/368/1257 1821/368/1257 1822/368/1257
f 1824/368/1258 1826/368/1258 1825/368/1258
f 1827/369/1259 1826/369/1259 1824/369/1259
f 1823/354/1260 1825/354/1260 1817/354/1260
f 1814/354/1261 1817/354/1261 1825/354/1261
f 1815/354/742 1814/354/742 1828/354/742
f 1830/368/1262 1828/368/1262 1825/368/1262
f 1831/368/1263 533/368/1263 532/368/1263
f 515/354/1264 1815/354/1264 1829/354/1264
f 1832/368/1265 1820/368/1265 1813/368/1265
f 1835/368/1266 1836/368/1266 1803/368/1266
f 1819/365/1267 1827/365/1267 1821/365/1267
f 1835/368/1268 1832/368/1268 1787/368/1268
f 1839/365/1269 1833/365/1269 1832/365/1269
f 1840/365/1270 1839/365/1270 1837/365/1270
f 1837/368/1271 1834/368/1271 1803/368/1271
f 1964/370/760 1805/370/760 1838/370/760
f 1838/370/1272 1837/370/1272 1804/370/1272
f 1804/370/1273 1962/370/1273 1964/370/1273
f 1806/370/1274 1842/370/1274 1838/370/1274
f 1841/365/76 1840/365/76 1838/365/76
f 1842/370/1275 1806/370/1275 1965/370/1275
f 1965/370/1276 1963/370/1276 1807/370/1276
f 1807/370/1277 1808/372/1277 1842/370/1277
f 1809/371/1278 1811/600/1278 1843/370/1278
f 1845/370/1279 1812/374/1279 1810/373/1279
f 1812/374/1280 1845/370/1280 1843/370/1280
f 1847/365/76 1846/365/76 1808/375/76
f 1842/365/1281 1808/375/1281 1846/365/1281
f 1848/365/1282 1845/365/1282 1844/365/1282
f 1849/365/1283 1844/365/1283 1850/365/1283
f 1848/365/1284 1847/365/1284 1843/365/1284
f 1782/354/1285 1854/354/1285 1853/354/1285
f 1844/370/1286 1853/370/1286 1852/370/1286
f 1850/365/1287 1856/365/1287 1857/365/1287
f 1856/365/1288 1855/365/1288 1858/365/1288
f 1855/370/1289 1856/370/1289 1850/370/1289
f 561/370/1099 562/370/1099 1855/370/1099
f 1855/365/106 562/365/106 563/365/106
f 1800/354/1100 498/354/1100 564/354/1100
f 1859/354/1290 1860/354/1290 1786/354/1290
f 1796/354/1291 1862/354/1291 1861/354/1291
f 1861/354/1292 1859/354/1292 1785/354/1292
f 1797/354/1293 1885/354/1293 1862/354/1293
f 1873/354/788 1802/354/788 1864/354/788
f 1864/354/1294 1885/354/1294 1797/354/1294
f 1860/354/1295 1864/354/1295 1802/354/1295
f 1868/363/1296 1874/363/1296 1875/363/1296
f 1877/376/791 2062/376/791 1882/376/791
f 1802/363/792 1881/363/792 1879/363/792
f 1869/363/793 1875/363/793 1797/363/793
f 1795/363/794 1868/363/794 1869/363/794
f 1875/363/795 1880/363/795 1873/363/795
f 1880/363/795 1881/363/795 1802/363/795
f 2061/376/1297 2058/376/1297 1865/376/1297
f 1875/363/1298 1874/363/1298 1865/363/1298
f 1880/363/1299 1875/363/1299 1866/363/1299
f 1865/363/1300 1874/363/1300 1878/363/1300
f 1878/363/1301 1880/363/1301 1871/363/1301
f 2059/376/1302 2058/376/1302 2061/376/1302
f 1865/376/802 2058/376/802 2059/376/802
f 2060/376/1303 2061/376/1303 1872/376/1303
f 1866/376/1304 2059/376/1304 2060/376/1304
f 1877/363/1305 1878/363/1305 1879/363/1305
f 1881/363/1306 1880/363/1306 1876/363/1306
f 1879/363/1307 1881/363/1307 1870/363/1307
f 1880/363/1308 1878/363/1308 1877/363/1308
f 2063/376/1309 2064/376/1309 1882/376/1309
f 1876/376/1310 1882/376/1310 2064/376/1310
f 2064/376/1311 2063/376/1311 1867/376/1311
f 2063/376/1312 2062/376/1312 1877/376/1312
f 1884/377/1313 1896/377/1313 1892/377/1313
f 1891/354/1314 1883/354/1314 1864/354/1314
f 515/354/1315 592/354/1315 1891/354/1315
f 489/354/1316 1885/354/1316 1863/354/1316
f 1885/354/1317 1864/354/1317 1886/354/1317
f 1886/354/1318 1864/354/1318 590/354/1318
f 599/364/1319 1888/364/1319 1887/364/1319
f 1887/364/820 1888/364/820 1863/364/820
f 1888/364/266 599/364/266 594/364/266
f 1890/354/1320 590/354/1320 1883/354/1320
f 1891/354/1321 592/354/1321 1893/354/1321
f 1893/354/1322 592/354/1322 590/354/1322
f 1889/354/1323 1883/354/1323 1891/354/1323
f 1894/377/1324 1892/377/1324 1896/377/1324
f 1900/377/1325 1898/377/1325 1893/377/1325
f 1890/377/827 1894/377/827 1895/377/827
f 1892/354/1326 1894/354/1326 1890/354/1326
f 1897/377/76 1901/377/76 1903/377/76
f 1893/354/829 1898/354/829 1897/354/829
f 1899/377/830 1900/377/830 1895/377/830
f 1884/377/831 1897/377/831 1899/377/831
f 1904/377/1327 1903/377/1327 1901/377/1327
f 1905/377/1328 1907/377/1328 1901/377/1328
f 1904/377/49 1902/377/49 1898/377/49
f 1903/377/834 1904/377/834 1900/377/834
f 1905/377/835 1909/377/835 1911/377/835
f 1898/377/1329 1906/377/1329 1905/377/1329
f 1902/377/1330 1908/377/1330 1906/377/1330
f 1907/377/1331 1908/377/1331 1902/377/1331
f 1909/377/76 1913/377/76 1915/377/76
f 1910/377/1332 1909/377/1332 1905/377/1332
f 1908/377/840 1912/377/840 1910/377/840
f 1911/377/1333 1912/377/1333 1908/377/1333
f 1914/377/842 1916/377/842 1915/377/842
f 1917/377/1334 1919/377/1334 1913/377/1334
f 1916/377/49 1914/377/49 1910/377/49
f 1911/377/844 1915/377/844 1916/377/844
f 1921/377/76 1923/377/76 1919/377/76
f 1918/377/1335 1917/377/1335 1909/377/1335
f 1914/377/1336 1920/377/1336 1918/377/1336
f 1913/377/1337 1919/377/1337 1920/377/1337
f 1922/377/848 1921/377/848 1917/377/848
f 1920/377/49 1924/377/49 1922/377/49
f 1919/377/849 1923/377/849 1924/377/849
f 645/378/296 644/378/296 1846/378/296
f 641/378/297 640/378/297 1833/378/297
f 1851/378/298 648/378/298 647/378/298
f 644/378/299 643/378/299 1841/378/299
f 1827/365/300 639/365/300 638/365/300
f 1840/378/301 642/378/301 641/378/301
f 640/378/302 637/378/302 1819/378/302
f 646/378/303 645/378/303 1847/378/303
f 643/378/304 642/378/304 1840/378/304
f 637/378/305 639/378/305 1827/378/305
f 1849/378/306 647/378/306 646/378/306
f 1831/365/307 1826/365/307 638/365/307
f 1935/379/76 1934/354/76 1930/354/76
f 1930/354/1338 1929/354/1338 1779/354/1338
f 1779/354/1339 1929/354/1339 1928/351/1339
f 1933/354/1340 1934/354/1340 1935/379/1340
f 1934/354/855 1933/354/855 1929/354/855
f 1932/351/1341 1935/379/1341 1931/379/1341
f 663/380/106 661/380/106 1929/380/106
f 662/381/314 663/380/314 1933/380/314
f 660/381/1155 662/381/1155 1932/381/1155
f 661/380/316 660/381/316 1928/381/316
f 1954/354/858 1936/354/858 1793/354/858
f 1793/354/858 1938/354/858 1937/354/858
f 488/354/1342 673/354/1342 1943/354/1342
f 1936/354/1343 1954/354/1343 1956/354/1343
f 1792/354/1344 1939/354/1344 1941/354/1344
f 1945/354/1345 1944/354/1345 1937/354/1345
f 1940/354/1346 1942/354/1346 1941/354/1346
f 1794/354/1347 1940/354/1347 1939/354/1347
f 1942/354/1348 1947/354/1348 1945/354/1348
f 1941/354/1349 1942/354/1349 1938/354/1349
f 673/354/99 675/354/99 1944/354/99
f 1944/354/1350 1945/354/1350 1946/354/1350
f 1950/354/1351 1952/354/1351 1948/354/1351
f 1948/354/1352 1947/354/1352 1942/354/1352
f 1946/354/1353 1948/354/1353 1940/354/1353
f 666/354/1354 688/354/1354 1954/354/1354
f 1944/354/1355 675/354/1355 666/354/1355
f 1949/354/1356 1951/354/1356 1952/354/1356
f 1949/354/1357 1950/354/1357 1946/354/1357
f 1947/354/1358 1951/354/1358 1949/354/1358
f 1952/354/1359 1951/354/1359 1947/354/1359
f 1956/354/1360 1954/354/1360 688/354/1360
f 1792/349/1361 1960/349/1361 1961/357/1361
f 1956/354/1362 687/354/1362 686/354/1362
f 1960/349/881 1959/354/881 1958/382/881
f 487/356/1363 1955/357/1363 1957/382/1363
f 1955/357/1364 1961/357/1364 1958/382/1364
f 698/354/1365 697/383/1365 1958/382/1365
f 1958/382/1366 697/383/1366 691/383/1366
f 1959/354/1367 1960/349/1367 1792/349/1367
f 698/354/1368 1959/354/1368 1953/354/1368
f 1968/384/1369 1967/384/1369 1966/384/1369
f 1804/354/1370 1807/354/1370 1963/354/1370
f 1969/384/1371 1966/384/1371 1965/384/1371
f 1962/354/1372 1968/354/1372 1969/354/1372
f 1966/354/1373 1967/354/1373 1963/354/1373
f 1963/384/1374 1967/384/1374 1968/384/1374
f 1970/354/1375 495/354/1375 496/354/1375
f 1862/354/1376 1885/354/1376 1970/354/1376
f 1971/385/76 1973/387/76 1974/386/76
f 1977/388/360 1978/389/360 1974/386/360
f 1975/390/49 1976/391/49 1978/389/49
f 1971/392/361 1972/604/361 1976/391/361
f 1979/385/76 1981/387/76 1982/386/76
f 1976/391/362 1972/605/362 1974/393/362
f 1985/388/360 1986/389/360 1982/386/360
f 1983/390/49 1984/391/49 1986/389/49
f 1979/392/361 1980/604/361 1984/391/361
f 1984/391/363 1980/605/363 1982/393/363
f 1994/435/1377 1995/420/1377 1993/418/1377
f 1996/448/1378 1997/449/1378 1995/420/1378
f 1999/421/1379 1997/449/1379 1996/448/1379
f 2003/414/1380 2001/397/1380 2000/398/1380
f 2007/434/1381 2008/430/1381 2006/428/1381
f 2010/423/1382 2008/430/1382 2007/434/1382
f 2016/431/1383 2014/406/1383 2013/407/1383
f 2017/446/1384 2018/411/1384 2016/431/1384
f 2019/441/1385 2020/413/1385 2018/411/1385
f 2021/439/1386 2022/451/1386 2020/413/1386
f 2024/416/1387 2022/451/1387 2021/439/1387
f 2052/429/945 2049/415/945 2030/415/945
f 2026/426/1388 1992/394/1388 1993/418/1388
f 2028/452/1389 1997/449/1389 1999/421/1389
f 2025/447/1390 1988/447/1390 1989/425/1390
f 2033/427/1391 2014/406/1391 2016/431/1391
f 2031/429/1392 2030/415/1392 2005/400/1392
f 2028/452/1393 2027/419/1393 1995/420/1393
f 2029/422/1394 2001/397/1394 2003/414/1394
f 2035/453/1395 2022/451/1395 2024/416/1395
f 2038/454/1396 2039/444/1396 1998/399/1396
f 1990/396/1397 1992/394/1397 1989/425/1397
f 2044/455/1398 2015/450/1398 2013/407/1398
f 2042/433/1399 2043/432/1399 2011/404/1399
f 2038/454/1400 1996/448/1400 1994/435/1400
f 2044/455/1401 2045/440/1401 2017/446/1401
f 2040/437/1402 2002/402/1402 2000/398/1402
f 2054/417/971 2055/453/971 2035/453/971
f 2048/426/972 2054/447/972 2025/447/972
f 2049/415/973 2050/422/973 2029/422/973
f 2029/422/974 2050/422/974 2057/452/974
f 2055/453/975 2056/412/975 2034/412/975
f 2032/424/976 2051/424/976 2052/429/976
f 2057/452/977 2047/419/977 2027/419/977
f 2034/412/978 2056/412/978 2053/427/978
f 2053/427/979 2051/424/979 2032/424/979
f 2027/419/980 2047/419/980 2048/426/980
f 1931/379/1403 1930/354/1403 1925/354/1403
f 1931/379/1404 1927/354/1404 1926/351/1404
f 1790/354/1405 1811/352/1405 1809/366/1405
f 1927/354/996 1925/354/996 1781/354/996
f 1780/350/996 1927/354/996 1811/352/996
f 2065/457/1406 2067/459/1406 2068/458/1406
f 808/460/468 809/468/468 2068/458/468
f 806/461/469 2065/463/469 2066/462/469
f 2067/464/470 2065/465/470 806/461/470
f 807/467/471 2066/606/471 2068/466/471
f 811/173/472 2069/175/472 1583/175/472
f 2070/470/106 2071/477/106 817/469/106
f 2070/473/167 816/471/167 818/472/167
f 2073/475/76 2075/475/76 2074/476/76
f 2071/477/473 2074/477/473 821/469/473
f 2089/476/1002 2079/475/1002 2073/475/1002
f 2104/474/1003 2105/473/1003 2070/473/1003
f 2084/474/167 2114/473/167 2112/473/167
f 2103/480/1004 2102/479/1004 2081/479/1004
f 2113/476/266 2083/475/266 2079/475/266
f 2111/482/76 2110/481/76 2080/481/76
f 2084/483/76 2087/475/76 2115/476/76
f 2119/486/99 2118/485/99 2085/485/99
f 2115/476/266 2087/475/266 2083/475/266
f 2112/470/106 2113/477/106 2095/478/106
f 2095/478/106 2113/477/106 2089/477/106
f 2105/470/106 2112/470/106 2094/487/106
f 2071/476/106 2070/473/106 2092/487/106
f 2093/489/478 2092/491/478 2096/488/478
f 2094/491/477 2095/489/477 2099/490/477
f 2099/490/479 2095/489/479 2093/489/479
f 2092/491/480 2094/491/480 2098/488/480
f 2097/490/106 2096/488/106 2077/479/106
f 2081/479/106 2098/488/106 2099/490/106
f 2099/490/106 2097/490/106 2078/480/106
f 2096/488/106 2098/488/106 2081/479/106
f 2102/479/106 2103/480/106 2101/480/106
f 2101/480/481 2103/480/481 2082/480/481
f 2077/479/1005 2100/479/1005 2101/480/1005
f 2081/479/483 2102/479/483 2100/479/483
f 2105/473/167 2104/474/167 2076/481/167
f 2080/481/167 2106/474/167 2112/473/167
f 2104/474/167 2106/474/167 2080/481/167
f 2090/482/167 2112/473/167 2105/473/167
f 2110/481/99 2108/481/99 2076/481/99
f 2108/481/49 2109/482/49 2088/482/49
f 2109/482/106 2111/482/106 2090/482/106
f 2113/477/1006 2112/470/1006 2107/485/1006
f 2085/485/1007 2114/470/1007 2115/477/1007
f 2112/470/1407 2114/470/1407 2085/485/1407
f 2086/486/1408 2115/477/1408 2113/477/1408
f 2122/485/167 2120/485/167 2116/485/167
f 2085/485/167 2118/485/167 2116/485/167
f 2116/485/106 2117/486/106 2091/486/106
f 2117/486/266 2119/486/266 2086/486/266
f 2125/486/266 2127/486/266 2123/486/266
f 2120/485/1010 2121/486/1010 2117/486/1010
f 2117/486/266 2121/486/266 2123/486/266
f 2123/486/1011 2122/485/1011 2118/485/1011
f 2127/486/49 2126/485/49 2122/485/49
f 2122/485/167 2126/485/167 2124/485/167
f 2124/485/76 2125/486/76 2121/486/76
f 2137/492/1229 2171/492/1229 2170/493/1229
f 2132/495/530 2133/499/530 2131/494/530
f 2187/498/516 2186/497/516 2167/497/516
f 2134/500/528 2135/493/528 2133/499/528
f 2184/502/514 2183/501/514 2161/501/514
f 2136/503/525 2137/492/525 2135/493/525
f 2181/505/512 2180/504/512 2155/504/512
f 2138/506/523 2139/509/523 2137/492/523
f 2151/507/1227 2178/507/1227 2177/508/1227
f 2140/510/521 2141/513/521 2139/509/521
f 2145/511/1226 2175/511/1226 2174/512/1226
f 2142/514/519 2143/512/519 2141/513/519
f 2139/509/1225 2172/509/1225 2171/492/1225
f 2144/515/517 2145/511/517 2143/512/517
f 2133/499/1228 2129/499/1228 2128/494/1228
f 2146/516/515 2147/518/515 2145/511/515
f 2185/517/502 2184/502/502 2163/502/502
f 2148/519/513 2149/508/513 2147/518/513
f 2182/520/500 2181/505/500 2157/505/500
f 2150/521/511 2151/507/511 2149/508/511
f 2179/522/498 2178/507/498 2151/507/498
f 2152/523/509 2153/522/509 2151/507/509
f 2147/518/1224 2176/518/1224 2175/511/1224
f 2154/524/507 2155/504/507 2153/522/507
f 2141/513/1223 2173/513/1223 2172/509/1223
f 2156/525/505 2157/505/505 2155/504/505
f 2135/493/1222 2170/493/1222 2129/499/1222
f 2158/526/503 2159/520/503 2157/505/503
f 2128/527/504 2187/498/504 2169/498/504
f 2160/528/501 2161/501/501 2159/520/501
f 2186/497/490 2185/517/490 2165/517/490
f 2162/529/499 2163/502/499 2161/501/499
f 2183/501/1409 2182/520/1409 2159/520/1409
f 2164/530/497 2165/517/497 2163/502/497
f 2180/504/526 2179/522/526 2153/522/526
f 2166/531/495 2167/497/495 2165/517/495
f 2149/508/1231 2177/508/1231 2176/518/1231
f 2189/498/542 2190/497/542 2186/497/542
f 2168/532/493 2169/498/493 2167/497/493
f 2143/512/1235 2174/512/1235 2173/513/1235
f 2130/533/491 2131/527/491 2169/498/491
f 2192/502/541 2193/501/541 2183/501/541
f 2195/505/540 2196/504/540 2180/504/540
f 2198/507/539 2199/508/539 2177/508/539
f 2201/511/538 2202/512/538 2174/512/538
f 2204/509/537 2205/492/537 2171/492/537
f 2207/499/545 2188/494/545 2128/494/545
f 2191/517/535 2192/502/535 2184/502/535
f 2194/520/534 2195/505/534 2181/505/534
f 2197/522/533 2198/507/533 2178/507/533
f 2200/518/532 2201/511/532 2175/511/532
f 2203/513/531 2204/509/531 2172/509/531
f 2206/493/527 2207/499/527 2129/499/527
f 2190/497/549 2191/517/549 2185/517/549
f 2193/501/548 2194/520/548 2182/520/548
f 2188/527/536 2189/498/536 2187/498/536
f 2196/504/547 2197/522/547 2179/522/547
f 2199/508/546 2200/518/546 2176/518/546
f 2202/512/544 2203/513/544 2173/513/544
f 2205/492/543 2206/493/543 2170/493/543
f 2212/502/106 2213/501/106 2193/501/106
f 2207/499/106 2227/499/106 2208/494/106
f 2200/518/106 2220/518/106 2221/511/106
f 2213/501/106 2214/520/106 2194/520/106
f 2201/511/106 2221/511/106 2222/512/106
f 2214/520/106 2215/505/106 2195/505/106
f 2202/512/106 2222/512/106 2223/513/106
f 2215/505/106 2216/504/106 2196/504/106
f 2208/527/106 2209/498/106 2189/498/106
f 2203/513/106 2223/513/106 2224/509/106
f 2196/504/106 2216/504/106 2217/522/106
f 2189/498/106 2209/498/106 2210/497/106
f 2204/509/106 2224/509/106 2225/492/106
f 2197/522/106 2217/522/106 2218/507/106
f 2190/497/106 2210/497/106 2211/517/106
f 2225/492/106 2226/493/106 2206/493/106
f 2218/507/106 2219/508/106 2199/508/106
f 2211/517/106 2212/502/106 2192/502/106
f 2226/493/106 2227/499/106 2207/499/106
f 2219/508/106 2220/518/106 2200/518/106
f 2229/498/546 2230/497/546 2210/497/546
f 2244/509/534 2245/492/534 2225/492/534
f 2237/522/545 2238/507/545 2218/507/545
f 2230/497/532 2231/517/532 2211/517/532
f 2245/492/540 2246/493/540 2226/493/540
f 2238/507/536 2239/508/536 2219/508/536
f 2231/517/538 2232/502/538 2212/502/538
f 2246/493/547 2247/499/547 2227/499/547
f 2239/508/542 2240/518/542 2220/518/542
f 2232/502/544 2233/501/544 2213/501/544
f 2247/499/533 2228/494/533 2208/494/533
f 2240/518/549 2241/511/549 2221/511/549
f 2233/501/531 2234/520/531 2214/520/531
f 2241/511/535 2242/512/535 2222/512/535
f 2234/520/537 2235/505/537 2215/505/537
f 2242/512/541 2243/513/541 2223/513/541
f 2235/505/543 2236/504/543 2216/504/543
f 2228/527/539 2229/498/539 2209/498/539
f 2243/513/548 2244/509/548 2224/509/548
f 2236/504/527 2237/522/527 2217/522/527
f 2229/498/1232 2228/494/1232 2247/499/1232
f 2247/499/1232 2246/493/1232 2245/492/1232
f 2245/492/106 2244/509/106 2243/513/106
f 2243/513/106 2242/512/106 2241/511/106
f 2241/511/106 2240/518/106 2239/508/106
f 2239/508/1233 2238/507/1233 2237/522/1233
f 2237/522/106 2236/504/106 2235/505/106
f 2235/505/1233 2234/520/1233 2233/501/1233
f 2233/501/1232 2232/502/1232 2231/517/1232
f 2231/517/106 2230/497/106 2229/498/106
f 2229/498/106 2247/499/106 2245/492/106
f 2245/492/106 2243/513/106 2241/511/106
f 2241/511/106 2239/508/106 2237/522/106
f 2237/522/106 2235/505/106 2233/501/106
f 2233/501/106 2231/517/106 2229/498/106
f 2229/498/106 2245/492/106 2241/511/106
f 2241/511/106 2237/522/106 2233/501/106
f 2257/492/1229 2291/492/1229 2290/493/1229
f 2252/495/530 2253/499/530 2251/494/530
f 2307/498/516 2306/497/516 2287/497/516
f 2254/500/528 2255/493/528 2253/499/528
f 2304/502/514 2303/501/514 2281/501/514
f 2256/503/525 2257/492/525 2255/493/525
f 2301/505/512 2300/504/512 2275/504/512
f 2258/506/523 2259/509/523 2257/492/523
f 2271/507/1227 2298/507/1227 2297/508/1227
f 2260/510/521 2261/513/521 2259/509/521
f 2265/511/1226 2295/511/1226 2294/512/1226
f 2262/514/519 2263/512/519 2261/513/519
f 2259/509/1225 2292/509/1225 2291/492/1225
f 2264/515/517 2265/511/517 2263/512/517
f 2253/499/1228 2249/499/1228 2248/494/1228
f 2266/516/515 2267/518/515 2265/511/515
f 2305/517/502 2304/502/502 2283/502/502
f 2268/519/513 2269/508/513 2267/518/513
f 2302/520/500 2301/505/500 2277/505/500
f 2270/521/511 2271/507/511 2269/508/511
f 2299/522/498 2298/507/498 2271/507/498
f 2272/523/509 2273/522/509 2271/507/509
f 2267/518/1224 2296/518/1224 2295/511/1224
f 2274/524/507 2275/504/507 2273/522/507
f 2261/513/1223 2293/513/1223 2292/509/1223
f 2276/525/505 2277/505/505 2275/504/505
f 2255/493/1222 2290/493/1222 2249/499/1222
f 2278/526/503 2279/520/503 2277/505/503
f 2248/527/504 2307/498/504 2289/498/504
f 2280/528/501 2281/501/501 2279/520/501
f 2306/497/490 2305/517/490 2285/517/490
f 2282/529/499 2283/502/499 2281/501/499
f 2303/501/529 2302/520/529 2279/520/529
f 2284/530/497 2285/517/497 2283/502/497
f 2300/504/526 2299/522/526 2273/522/526
f 2286/531/495 2287/497/495 2285/517/495
f 2269/508/1231 2297/508/1231 2296/518/1231
f 2309/498/542 2310/497/542 2306/497/542
f 2288/532/493 2289/498/493 2287/497/493
f 2263/512/1235 2294/512/1235 2293/513/1235
f 2250/533/491 2251/527/491 2289/498/491
f 2312/502/541 2313/501/541 2303/501/541
f 2315/505/540 2316/504/540 2300/504/540
f 2318/507/539 2319/508/539 2297/508/539
f 2321/511/538 2322/512/538 2294/512/538
f 2324/509/537 2325/492/537 2291/492/537
f 2327/499/545 2308/494/545 2248/494/545
f 2311/517/535 2312/502/535 2304/502/535
f 2314/520/534 2315/505/534 2301/505/534
f 2317/522/533 2318/507/533 2298/507/533
f 2320/518/532 2321/511/532 2295/511/532
f 2323/513/531 2324/509/531 2292/509/531
f 2326/493/527 2327/499/527 2249/499/527
f 2310/497/549 2311/517/549 2305/517/549
f 2313/501/548 2314/520/548 2302/520/548
f 2308/527/536 2309/498/536 2307/498/536
f 2316/504/547 2317/522/547 2299/522/547
f 2319/508/546 2320/518/546 2296/518/546
f 2322/512/544 2323/513/544 2293/513/544
f 2325/492/543 2326/493/543 2290/493/543
f 2332/502/106 2333/501/106 2313/501/106
f 2327/499/106 2347/499/106 2328/494/106
f 2320/518/106 2340/518/106 2341/511/106
f 2333/501/106 2334/520/106 2314/520/106
f 2321/511/106 2341/511/106 2342/512/106
f 2334/520/106 2335/505/106 2315/505/106
f 2322/512/106 2342/512/106 2343/513/106
f 2335/505/106 2336/504/106 2316/504/106
f 2328/527/106 2329/498/106 2309/498/106
f 2323/513/106 2343/513/106 2344/509/106
f 2316/504/106 2336/504/106 2337/522/106
f 2309/498/106 2329/498/106 2330/497/106
f 2324/509/106 2344/509/106 2345/492/106
f 2317/522/106 2337/522/106 2338/507/106
f 2310/497/106 2330/497/106 2331/517/106
f 2345/492/106 2346/493/106 2326/493/106
f 2338/507/106 2339/508/106 2319/508/106
f 2331/517/106 2332/502/106 2312/502/106
f 2346/493/106 2347/499/106 2327/499/106
f 2339/508/106 2340/518/106 2320/518/106
f 2349/498/546 2350/497/546 2330/497/546
f 2364/509/534 2365/492/534 2345/492/534
f 2357/522/545 2358/507/545 2338/507/545
f 2350/497/532 2351/517/532 2331/517/532
f 2365/492/540 2366/493/540 2346/493/540
f 2358/507/536 2359/508/536 2339/508/536
f 2351/517/538 2352/502/538 2332/502/538
f 2366/493/547 2367/499/547 2347/499/547
f 2359/508/542 2360/518/542 2340/518/542
f 2352/502/544 2353/501/544 2333/501/544
f 2367/499/533 2348/494/533 2328/494/533
f 2360/518/549 2361/511/549 2341/511/549
f 2353/501/531 2354/520/531 2334/520/531
f 2361/511/535 2362/512/535 2342/512/535
f 2354/520/537 2355/505/537 2335/505/537
f 2362/512/541 2363/513/541 2343/513/541
f 2355/505/543 2356/504/543 2336/504/543
f 2348/527/539 2349/498/539 2329/498/539
f 2363/513/548 2364/509/548 2344/509/548
f 2356/504/527 2357/522/527 2337/522/527
f 2349/498/1232 2348/494/1232 2367/499/1232
f 2367/499/106 2366/493/106 2365/492/106
f 2365/492/1232 2364/509/1232 2363/513/1232
f 2363/513/1233 2362/512/1233 2361/511/1233
f 2361/511/106 2360/518/106 2359/508/106
f 2359/508/1233 2358/507/1233 2357/522/1233
f 2357/522/1233 2356/504/1233 2355/505/1233
f 2355/505/106 2354/520/106 2353/501/106
f 2353/501/106 2352/502/106 2351/517/106
f 2351/517/106 2350/497/106 2349/498/106
f 2349/498/106 2367/499/106 2365/492/106
f 2365/492/106 2363/513/106 2361/511/106
f 2361/511/106 2359/508/106 2357/522/106
f 2357/522/106 2355/505/106 2353/501/106
f 2353/501/106 2351/517/106 2349/498/106
f 2349/498/106 2365/492/106 2361/511/106
f 2361/511/106 2357/522/106 2353/501/106
f 1116/534/1023 2368/536/1023 2398/535/1023
f 2370/537/583 2399/538/583 2398/535/583
f 2372/539/597 2400/540/597 2399/538/597
f 2372/539/596 2374/541/596 2401/542/596
f 2376/543/595 2402/544/595 2401/542/595
f 2378/545/594 2403/546/594 2402/544/594
f 2380/547/593 2404/599/593 2403/546/593
f 2382/549/592 2405/548/592 2404/599/592
f 2384/550/591 2406/551/591 2405/548/591
f 2386/552/590 2407/553/590 2406/551/590
f 2388/554/589 2408/555/589 2407/553/589
f 2390/556/588 2409/557/588 2408/555/588
f 2392/558/587 2410/559/587 2409/557/587
f 2394/560/586 2411/563/586 2410/559/586
f 2428/562/1024 1183/561/1024 1117/561/1024
f 2396/564/584 2412/565/584 2411/563/584
f 1114/566/1025 1148/607/1025 2412/565/1025
f 1166/567/1026 1149/567/1026 2398/568/1026
f 2413/568/1027 2398/568/1027 2399/569/1027
f 2399/569/1028 2400/570/1028 2415/570/1028
f 2415/570/1029 2400/570/1029 2401/571/1029
f 2401/571/1030 2402/572/1030 2417/572/1030
f 2417/572/1031 2402/572/1031 2403/573/1031
f 2403/573/1032 2404/574/1032 2419/574/1032
f 2404/574/1033 2405/575/1033 2420/575/1033
f 2420/575/1034 2405/575/1034 2406/576/1034
f 2406/576/1035 2407/577/1035 2422/577/1035
f 2407/577/1036 2408/578/1036 2423/578/1036
f 2408/578/1037 2409/579/1037 2424/579/1037
f 2409/579/1038 2410/580/1038 2425/580/1038
f 2410/580/1039 2411/581/1039 2426/581/1039
f 2411/581/1040 2412/582/1040 2427/582/1040
f 2412/582/1041 1148/583/1041 1165/583/1041
f 1117/561/106 1166/567/106 2413/568/106
f 2369/562/106 2413/568/106 2414/569/106
f 2414/569/106 2415/570/106 2373/584/106
f 2415/570/106 2416/571/106 2375/586/106
f 2375/586/106 2416/571/106 2417/572/106
f 2377/587/106 2417/572/106 2418/573/106
f 2418/573/106 2419/574/106 2381/588/106
f 2419/574/106 2420/575/106 2383/590/106
f 2420/575/106 2421/576/106 2385/591/106
f 2421/576/106 2422/577/106 2387/592/106
f 2422/577/106 2423/578/106 2389/593/106
f 2423/578/106 2424/579/106 2391/594/106
f 2424/579/106 2425/580/106 2393/595/106
f 2393/595/106 2425/580/106 2426/581/106
f 2395/596/106 2426/581/106 2427/582/106
f 2427/582/106 1165/583/106 1115/597/106
f 2445/586/106 2444/584/106 2430/584/106
f 2442/598/551 2441/596/551 2395/596/551
f 2429/585/565 2428/562/565 2369/562/565
f 1182/597/1042 2442/598/1042 2397/598/1042
f 2430/584/563 2429/585/563 2371/585/563
f 2431/586/562 2430/584/562 2373/584/562
f 2432/587/561 2431/586/561 2375/586/561
f 2433/589/560 2432/587/560 2377/587/560
f 2434/588/559 2433/589/559 2379/589/559
f 2435/590/558 2434/588/558 2381/588/558
f 2436/591/557 2435/590/557 2383/590/557
f 2437/592/556 2436/591/556 2385/591/556
f 2438/593/555 2437/592/555 2387/592/555
f 2439/594/554 2438/593/554 2389/593/554
f 2440/595/553 2439/594/553 2391/594/553
f 2441/596/552 2440/595/552 2393/595/552
f 2461/588/559 2460/589/559 2447/589/559
f 2446/587/106 2445/586/106 2431/586/106
f 2447/589/106 2446/587/106 2432/587/106
f 2448/588/106 2447/589/106 2433/589/106
f 2449/590/106 2448/588/106 2434/588/106
f 2436/591/106 2450/591/106 2449/590/106
f 2451/592/106 2450/591/106 2436/591/106
f 2452/593/106 2451/592/106 2437/592/106
f 2453/594/106 2452/593/106 2438/593/106
f 2454/595/106 2453/594/106 2439/594/106
f 2455/596/106 2454/595/106 2440/595/106
f 2428/562/106 1201/562/106 1200/561/106
f 2442/598/106 1215/598/106 2455/596/106
f 2443/585/106 1201/562/106 2428/562/106
f 1199/597/106 1215/598/106 2442/598/106
f 2430/584/106 2444/584/106 2443/585/106
f 2462/590/558 2461/588/558 2448/588/558
f 2463/591/557 2462/590/557 2449/590/557
f 2464/592/556 2463/591/556 2450/591/556
f 2465/593/555 2464/592/555 2451/592/555
f 2466/594/554 2465/593/554 2452/593/554
f 2467/595/553 2466/594/553 2453/594/553
f 2468/596/552 2467/595/552 2454/595/552
f 1232/598/1043 2468/596/1043 2455/596/1043
f 2456/585/1044 1218/562/1044 1201/562/1044
f 2457/584/563 2456/585/563 2443/585/563
f 2458/586/562 2457/584/562 2444/584/562
f 2459/587/561 2458/586/561 2445/586/561
f 2460/589/560 2459/587/560 2446/587/560
f 1235/534/1023 2469/536/1023 2499/535/1023
f 2471/537/583 2500/538/583 2499/535/583
f 2473/539/597 2501/540/597 2500/538/597
f 2475/541/596 2502/542/596 2501/540/596
f 2477/543/595 2503/544/595 2502/542/595
f 2479/545/594 2504/546/594 2503/544/594
f 2481/547/593 2505/599/593 2504/546/593
f 2483/549/592 2506/548/592 2505/599/592
f 2485/550/591 2507/551/591 2506/548/591
f 2487/552/590 2508/553/590 2507/551/590
f 2489/554/589 2509/555/589 2508/553/589
f 2491/556/588 2510/557/588 2509/555/588
f 2493/558/587 2511/559/587 2510/557/587
f 2495/560/586 2512/563/586 2511/559/586
f 2529/562/1024 1302/561/1024 1236/561/1024
f 2497/564/584 2513/565/584 2512/563/584
f 1233/566/1025 1267/607/1025 2513/565/1025
f 1285/567/1026 1268/567/1026 2499/568/1026
f 2499/568/1027 2500/569/1027 2515/569/1027
f 2500/569/1028 2501/570/1028 2516/570/1028
f 2516/570/1029 2501/570/1029 2502/571/1029
f 2502/571/1030 2503/572/1030 2518/572/1030
f 2518/572/1031 2503/572/1031 2504/573/1031
f 2519/573/1032 2504/573/1032 2505/574/1032
f 2520/574/1033 2505/574/1033 2506/575/1033
f 2506/575/1034 2507/576/1034 2522/576/1034
f 2507/576/1035 2508/577/1035 2523/577/1035
f 2508/577/1036 2509/578/1036 2524/578/1036
f 2509/578/1037 2510/579/1037 2525/579/1037
f 2525/579/1038 2510/579/1038 2511/580/1038
f 2511/580/1039 2512/581/1039 2527/581/1039
f 2527/581/1040 2512/581/1040 2513/582/1040
f 2513/582/1041 1267/583/1041 1284/583/1041
f 1236/561/106 1285/567/106 2514/568/106
f 2470/562/106 2514/568/106 2515/569/106
f 2515/569/106 2516/570/106 2474/584/106
f 2516/570/106 2517/571/106 2476/586/106
f 2517/571/106 2518/572/106 2478/587/106
f 2518/572/106 2519/573/106 2480/589/106
f 2480/589/106 2519/573/106 2520/574/106
f 2482/588/106 2520/574/106 2521/575/106
f 2521/575/106 2522/576/106 2486/591/106
f 2522/576/106 2523/577/106 2488/592/106
f 2523/577/106 2524/578/106 2490/593/106
f 2524/578/106 2525/579/106 2492/594/106
f 2492/594/106 2525/579/106 2526/580/106
f 2494/595/106 2526/580/106 2527/581/106
f 2527/581/106 2528/582/106 2498/598/106
f 2528/582/106 1284/583/106 1234/597/106
f 2532/586/106 2546/586/106 2545/584/106
f 2543/598/551 2542/596/551 2496/596/551
f 2530/585/565 2529/562/565 2470/562/565
f 1301/597/1042 2543/598/1042 2498/598/1042
f 2531/584/563 2530/585/563 2472/585/563
f 2532/586/562 2531/584/562 2474/584/562
f 2533/587/561 2532/586/561 2476/586/561
f 2534/589/560 2533/587/560 2478/587/560
f 2535/588/559 2534/589/559 2480/589/559
f 2536/590/558 2535/588/558 2482/588/558
f 2537/591/557 2536/590/557 2484/590/557
f 2538/592/556 2537/591/556 2486/591/556
f 2539/593/555 2538/592/555 2488/592/555
f 2540/594/554 2539/593/554 2490/593/554
f 2541/595/553 2540/594/553 2492/594/553
f 2542/596/552 2541/595/552 2494/595/552
f 2562/588/559 2561/589/559 2548/589/559
f 2533/587/106 2547/587/106 2546/586/106
f 2534/589/106 2548/589/106 2547/587/106
f 2549/588/106 2548/589/106 2534/589/106
f 2550/590/106 2549/588/106 2535/588/106
f 2537/591/106 2551/591/106 2550/590/106
f 2552/592/106 2551/591/106 2537/591/106
f 2539/593/106 2553/593/106 2552/592/106
f 2554/594/106 2553/593/106 2539/593/106
f 2555/595/106 2554/594/106 2540/594/106
f 2556/596/106 2555/595/106 2541/595/106
f 2529/562/106 1320/562/106 1319/561/106
f 2543/598/106 1334/598/106 2556/596/106
f 2544/585/106 1320/562/106 2529/562/106
f 1318/597/106 1334/598/106 2543/598/106
f 2531/584/106 2545/584/106 2544/585/106
f 2563/590/558 2562/588/558 2549/588/558
f 2564/591/557 2563/590/557 2550/590/557
f 2565/592/556 2564/591/556 2551/591/556
f 2566/593/555 2565/592/555 2552/592/555
f 2567/594/554 2566/593/554 2553/593/554
f 2568/595/553 2567/594/553 2554/594/553
f 2569/596/552 2568/595/552 2555/595/552
f 1351/598/1043 2569/596/1043 2556/596/1043
f 2557/585/1044 1337/562/1044 1320/562/1044
f 2558/584/563 2557/585/563 2544/585/563
f 2559/586/562 2558/584/562 2545/584/562
f 2560/587/561 2559/586/561 2546/586/561
f 2561/589/560 2560/587/560 2547/587/560
