# Blender 5.0.0
# www.blender.org
o Ball
v 13.735287 -69.860550 0.812131
v 13.735287 -97.738106 0.812130
v 12.674260 -69.860550 -4.522009
v 12.674260 -97.738106 -4.522011
v 9.652713 -69.860550 -9.044074
v 9.652713 -97.738106 -9.044075
v 5.130648 -69.860550 -12.065621
v 5.130648 -97.738106 -12.065622
v -0.203493 -69.860550 -13.126649
v -0.203493 -97.738106 -13.126650
v -5.537633 -69.860550 -12.065621
v -5.537633 -97.738106 -12.065622
v -10.059698 -69.860550 -9.044074
v -10.059698 -97.738106 -9.044075
v -13.081245 -69.860550 -4.522009
v -13.081245 -97.738106 -4.522011
v -14.142274 -69.860550 0.812131
v -14.142274 -97.738106 0.812130
v -13.081245 -69.860550 6.146272
v -13.081245 -97.738106 6.146270
v -10.059698 -69.860550 10.668338
v -10.059698 -97.738106 10.668337
v -5.537633 -69.860550 13.689884
v -5.537633 -97.738106 13.689883
v -0.203493 -69.860550 14.750912
v -0.203493 -97.738106 14.750911
v 5.130648 -69.860550 13.689884
v 5.130648 -97.738106 13.689883
v 9.652713 -69.860550 10.668338
v 9.652713 -97.738106 10.668337
v 12.674260 -69.860550 6.146272
v 12.674260 -97.738106 6.146270
v 10.542675 -97.738106 -3.639079
v 11.428075 -97.738106 0.812130
v 8.021268 -97.738106 -7.412631
v 4.247716 -97.738106 -9.934036
v -0.203493 -97.738106 -10.819437
v -4.654701 -97.738106 -9.934036
v -8.428253 -97.738106 -7.412631
v -10.949660 -97.738106 -3.639079
v -11.835061 -97.738106 0.812130
v -10.949660 -97.738106 5.263339
v -8.428253 -97.738106 9.036891
v -4.654701 -97.738106 11.558298
v -0.203493 -97.738106 12.443698
v 4.247716 -97.738106 11.558298
v 8.021268 -97.738106 9.036891
v 10.542675 -97.738106 5.263339
v 8.025942 -95.191231 -2.596613
v 8.703982 -95.191231 0.812130
v 6.095043 -95.191231 -5.486406
v 3.205251 -95.191231 -7.417304
v -0.203493 -95.191231 -8.095345
v -3.612236 -95.191231 -7.417304
v -6.502028 -95.191231 -5.486406
v -8.432926 -95.191231 -2.596613
v -9.110968 -95.191231 0.812130
v -8.432926 -95.191231 4.220873
v -6.502028 -95.191231 7.110665
v -3.612236 -95.191231 9.041564
v -0.203493 -95.191231 9.719605
v 3.205251 -95.191231 9.041564
v 6.095043 -95.191231 7.110665
v 8.025942 -95.191231 4.220873
v 13.735287 0.812134 69.860550
v 13.735287 0.812134 97.738106
v 12.674260 -4.522007 69.860550
v 12.674260 -4.522007 97.738106
v 9.652713 -9.044071 69.860550
v 9.652713 -9.044071 97.738106
v 5.130648 -12.065618 69.860550
v 5.130648 -12.065618 97.738106
v -0.203493 -13.126645 69.860550
v -0.203493 -13.126645 97.738106
v -5.537633 -12.065618 69.860550
v -5.537633 -12.065618 97.738106
v -10.059698 -9.044071 69.860550
v -10.059698 -9.044071 97.738106
v -13.081245 -4.522007 69.860550
v -13.081245 -4.522007 97.738106
v -14.142274 0.812134 69.860550
v -14.142274 0.812134 97.738106
v -13.081245 6.146275 69.860550
v -13.081245 6.146274 97.738106
v -10.059698 10.668342 69.860550
v -10.059698 10.668342 97.738106
v -5.537633 13.689888 69.860550
v -5.537633 13.689888 97.738106
v -0.203493 14.750915 69.860550
v -0.203493 14.750916 97.738106
v 5.130648 13.689888 69.860550
v 5.130648 13.689888 97.738106
v 9.652713 10.668342 69.860550
v 9.652713 10.668342 97.738106
v 12.674260 6.146275 69.860550
v 12.674260 6.146274 97.738106
v 10.542675 -3.639075 97.738106
v 11.428075 0.812134 97.738106
v 8.021268 -7.412626 97.738106
v 4.247716 -9.934032 97.738106
v -0.203493 -10.819432 97.738106
v -4.654701 -9.934032 97.738106
v -8.428253 -7.412626 97.738106
v -10.949660 -3.639075 97.738106
v -11.835061 0.812134 97.738106
v -10.949660 5.263343 97.738106
v -8.428253 9.036895 97.738106
v -4.654701 11.558303 97.738106
v -0.203493 12.443703 97.738106
v 4.247716 11.558303 97.738106
v 8.021268 9.036895 97.738106
v 10.542675 5.263343 97.738106
v 8.025942 -2.596609 95.191231
v 8.703982 0.812134 95.191231
v 6.095043 -5.486402 95.191231
v 3.205251 -7.417299 95.191231
v -0.203493 -8.095341 95.191231
v -3.612236 -7.417299 95.191231
v -6.502028 -5.486402 95.191231
v -8.432926 -2.596609 95.191231
v -9.110968 0.812134 95.191231
v -8.432926 4.220877 95.191231
v -6.502028 7.110670 95.191231
v -3.612236 9.041568 95.191231
v -0.203493 9.719610 95.191231
v 3.205251 9.041568 95.191231
v 6.095043 7.110670 95.191231
v 8.025942 4.220877 95.191231
v 13.735287 69.860550 -0.812137
v 13.735287 97.738106 -0.812138
v 12.674260 69.860550 4.522004
v 12.674260 97.738106 4.522003
v 9.652713 69.860550 9.044068
v 9.652713 97.738106 9.044066
v 5.130648 69.860550 12.065616
v 5.130648 97.738106 12.065614
v -0.203493 69.860550 13.126642
v -0.203493 97.738106 13.126641
v -5.537633 69.860550 12.065616
v -5.537633 97.738106 12.065614
v -10.059698 69.860550 9.044068
v -10.059698 97.738106 9.044066
v -13.081245 69.860550 4.522004
v -13.081245 97.738106 4.522003
v -14.142274 69.860550 -0.812137
v -14.142274 97.738106 -0.812138
v -13.081245 69.860550 -6.146277
v -13.081245 97.738106 -6.146278
v -10.059698 69.860550 -10.668344
v -10.059698 97.738106 -10.668345
v -5.537633 69.860550 -13.689890
v -5.537633 97.738106 -13.689892
v -0.203493 69.860550 -14.750917
v -0.203493 97.738106 -14.750918
v 5.130648 69.860550 -13.689890
v 5.130648 97.738106 -13.689892
v 9.652713 69.860550 -10.668344
v 9.652713 97.738106 -10.668345
v 12.674260 69.860550 -6.146277
v 12.674260 97.738106 -6.146278
v 10.542675 97.738106 3.639071
v 11.428075 97.738106 -0.812138
v 8.021268 97.738106 7.412622
v 4.247716 97.738106 9.934029
v -0.203493 97.738106 10.819429
v -4.654701 97.738106 9.934029
v -8.428253 97.738106 7.412622
v -10.949660 97.738106 3.639071
v -11.835061 97.738106 -0.812138
v -10.949660 97.738106 -5.263347
v -8.428253 97.738106 -9.036900
v -4.654701 97.738106 -11.558307
v -0.203493 97.738106 -12.443707
v 4.247716 97.738106 -11.558307
v 8.021268 97.738106 -9.036900
v 10.542675 97.738106 -5.263347
v 8.025942 95.191231 2.596605
v 8.703982 95.191231 -0.812138
v 6.095043 95.191231 5.486398
v 3.205251 95.191231 7.417295
v -0.203493 95.191231 8.095336
v -3.612236 95.191231 7.417295
v -6.502028 95.191231 5.486398
v -8.432926 95.191231 2.596605
v -9.110968 95.191231 -0.812138
v -8.432926 95.191231 -4.220881
v -6.502028 95.191231 -7.110674
v -3.612236 95.191231 -9.041573
v -0.203493 95.191231 -9.719614
v 3.205251 95.191231 -9.041573
v 6.095043 95.191231 -7.110674
v 8.025942 95.191231 -4.220881
v 13.735287 -0.812140 -69.860550
v 13.735287 -0.812142 -97.738106
v 12.674260 4.522000 -69.860550
v 12.674260 4.521998 -97.738106
v 9.652713 9.044065 -69.860550
v 9.652713 9.044063 -97.738106
v 5.130648 12.065612 -69.860550
v 5.130648 12.065609 -97.738106
v -0.203493 13.126638 -69.860550
v -0.203493 13.126637 -97.738106
v -5.537633 12.065612 -69.860550
v -5.537633 12.065609 -97.738106
v -10.059698 9.044065 -69.860550
v -10.059698 9.044063 -97.738106
v -13.081245 4.522000 -69.860550
v -13.081245 4.521998 -97.738106
v -14.142274 -0.812140 -69.860550
v -14.142274 -0.812142 -97.738106
v -13.081245 -6.146280 -69.860550
v -13.081245 -6.146283 -97.738106
v -10.059698 -10.668347 -69.860550
v -10.059698 -10.668350 -97.738106
v -5.537633 -13.689894 -69.860550
v -5.537633 -13.689897 -97.738106
v -0.203493 -14.750921 -69.860550
v -0.203493 -14.750924 -97.738106
v 5.130648 -13.689894 -69.860550
v 5.130648 -13.689897 -97.738106
v 9.652713 -10.668347 -69.860550
v 9.652713 -10.668350 -97.738106
v 12.674260 -6.146280 -69.860550
v 12.674260 -6.146283 -97.738106
v 10.542675 3.639066 -97.738106
v 11.428075 -0.812143 -97.738106
v 8.021268 7.412618 -97.738106
v 4.247716 9.934024 -97.738106
v -0.203493 10.819424 -97.738106
v -4.654701 9.934024 -97.738106
v -8.428253 7.412618 -97.738106
v -10.949660 3.639066 -97.738106
v -11.835061 -0.812143 -97.738106
v -10.949660 -5.263351 -97.738106
v -8.428253 -9.036903 -97.738106
v -4.654701 -11.558311 -97.738106
v -0.203493 -12.443711 -97.738106
v 4.247716 -11.558311 -97.738106
v 8.021268 -9.036903 -97.738106
v 10.542675 -5.263351 -97.738106
v 8.025942 2.596601 -95.191231
v 8.703982 -0.812142 -95.191231
v 6.095043 5.486394 -95.191231
v 3.205251 7.417291 -95.191231
v -0.203493 8.095332 -95.191231
v -3.612236 7.417291 -95.191231
v -6.502028 5.486394 -95.191231
v -8.432926 2.596601 -95.191231
v -9.110968 -0.812142 -95.191231
v -8.432926 -4.220885 -95.191231
v -6.502028 -7.110678 -95.191231
v -3.612236 -9.041576 -95.191231
v -0.203493 -9.719618 -95.191231
v 3.205251 -9.041576 -95.191231
v 6.095043 -7.110678 -95.191231
v 8.025942 -4.220885 -95.191231
v 69.860550 13.735291 0.812133
v 97.738106 13.735292 0.812133
v 69.860550 12.674264 -4.522008
v 97.738106 12.674265 -4.522008
v 69.860550 9.652715 -9.044072
v 97.738106 9.652716 -9.044072
v 69.860550 5.130650 -12.065619
v 97.738106 5.130651 -12.065619
v 69.860550 -0.203491 -13.126646
v 97.738106 -0.203490 -13.126646
v 69.860550 -5.537631 -12.065619
v 97.738106 -5.537630 -12.065619
v 69.860550 -10.059696 -9.044070
v 97.738106 -10.059695 -9.044070
v 69.860550 -13.081242 -4.522006
v 97.738106 -13.081241 -4.522006
v 69.860550 -14.142270 0.812135
v 97.738106 -14.142269 0.812135
v 69.860550 -13.081242 6.146276
v 97.738106 -13.081241 6.146276
v 69.860550 -10.059694 10.668342
v 97.738106 -10.059693 10.668342
v 69.860550 -5.537629 13.689887
v 97.738106 -5.537627 13.689887
v 69.860550 -0.203489 14.750915
v 97.738106 -0.203487 14.750915
v 69.860550 5.130652 13.689887
v 97.738106 5.130653 13.689887
v 69.860550 9.652717 10.668340
v 97.738106 9.652719 10.668340
v 69.860550 12.674264 6.146273
v 97.738106 12.674265 6.146273
v 97.738106 10.542680 -3.639076
v 97.738106 11.428080 0.812133
v 97.738106 8.021271 -7.412627
v 97.738106 4.247720 -9.934033
v 97.738106 -0.203489 -10.819433
v 97.738106 -4.654697 -9.934032
v 97.738106 -8.428250 -7.412625
v 97.738106 -10.949656 -3.639074
v 97.738106 -11.835055 0.812135
v 97.738106 -10.949656 5.263343
v 97.738106 -8.428247 9.036896
v 97.738106 -4.654696 11.558302
v 97.738106 -0.203488 12.443702
v 97.738106 4.247721 11.558302
v 97.738106 8.021274 9.036894
v 97.738106 10.542680 5.263342
v 95.191231 8.025946 -2.596610
v 95.191231 8.703986 0.812133
v 95.191231 6.095047 -5.486403
v 95.191231 3.205254 -7.417299
v 95.191231 -0.203489 -8.095341
v 95.191231 -3.612232 -7.417299
v 95.191231 -6.502025 -5.486402
v 95.191231 -8.432922 -2.596609
v 95.191231 -9.110964 0.812135
v 95.191231 -8.432921 4.220878
v 95.191231 -6.502024 7.110670
v 95.191231 -3.612231 9.041568
v 95.191231 -0.203488 9.719609
v 95.191231 3.205255 9.041568
v 95.191231 6.095048 7.110670
v 95.191231 8.025947 4.220877
v -69.860550 13.735291 -0.812127
v -97.738106 13.735292 -0.812124
v -69.860550 12.674264 4.522014
v -97.738106 12.674265 4.522016
v -69.860550 9.652716 9.044078
v -97.738106 9.652717 9.044080
v -69.860550 5.130650 12.065624
v -97.738106 5.130651 12.065627
v -69.860550 -0.203491 13.126652
v -97.738106 -0.203490 13.126654
v -69.860550 -5.537631 12.065624
v -97.738106 -5.537630 12.065627
v -69.860550 -10.059695 9.044078
v -97.738106 -10.059694 9.044080
v -69.860550 -13.081242 4.522012
v -97.738106 -13.081241 4.522014
v -69.860550 -14.142270 -0.812129
v -97.738106 -14.142269 -0.812126
v -69.860550 -13.081242 -6.146269
v -97.738106 -13.081241 -6.146267
v -69.860550 -10.059695 -10.668336
v -97.738106 -10.059694 -10.668333
v -69.860550 -5.537629 -13.689881
v -97.738106 -5.537628 -13.689878
v -69.860550 -0.203489 -14.750908
v -97.738106 -0.203487 -14.750906
v -69.860550 5.130652 -13.689881
v -97.738106 5.130653 -13.689878
v -69.860550 9.652716 -10.668333
v -97.738106 9.652717 -10.668331
v -69.860550 12.674264 -6.146267
v -97.738106 12.674265 -6.146265
v -97.738106 10.542680 3.639084
v -97.738106 11.428080 -0.812125
v -97.738106 8.021272 7.412635
v -97.738106 4.247719 9.934042
v -97.738106 -0.203489 10.819442
v -97.738106 -4.654698 9.934041
v -97.738106 -8.428249 7.412634
v -97.738106 -10.949656 3.639082
v -97.738106 -11.835055 -0.812126
v -97.738106 -10.949656 -5.263335
v -97.738106 -8.428249 -9.036886
v -97.738106 -4.654696 -11.558293
v -97.738106 -0.203488 -12.443694
v -97.738106 4.247721 -11.558293
v -97.738106 8.021272 -9.036886
v -97.738106 10.542680 -5.263334
v -95.191231 8.025946 2.596618
v -95.191231 8.703986 -0.812125
v -95.191231 6.095046 5.486412
v -95.191231 3.205254 7.417308
v -95.191231 -0.203489 8.095349
v -95.191231 -3.612232 7.417308
v -95.191231 -6.502026 5.486410
v -95.191231 -8.432922 2.596616
v -95.191231 -9.110964 -0.812126
v -95.191231 -8.432921 -4.220870
v -95.191231 -6.502024 -7.110662
v -95.191231 -3.612231 -9.041559
v -95.191231 -0.203488 -9.719601
v -95.191231 3.205256 -9.041559
v -95.191231 6.095048 -7.110660
v -95.191231 8.025947 -4.220868
v -49.732700 -68.451988 -42.306187
v -80.469933 26.145824 -42.306221
v 80.469933 26.145824 -42.306221
v 49.732700 -68.451988 -42.306187
v -0.000000 -92.471741 0.000000
v -80.469933 -26.145824 42.306221
v -49.732700 68.451988 42.306187
v 49.732700 68.451988 42.306187
v 80.469933 -26.145824 42.306221
v -75.097809 24.400345 -52.093868
v -67.785622 22.024508 -62.200169
v -58.430138 18.984777 -71.932793
v -47.298683 15.368011 -80.470413
v -35.057953 11.390827 -87.120720
v -22.595051 7.341452 -91.566360
v -10.728160 3.485731 -93.923317
v -0.000000 -91.680649 12.069981
v -13.964391 -19.220562 -91.566345
v -21.666822 -29.822172 -87.120697
v 12.069981 -91.680649 0.000000
v -29.231937 -40.234779 -80.470406
v -36.111492 -49.703785 -71.932770
v -41.893436 -57.662048 -62.200138
v -46.412586 -63.882191 -52.093838
v -57.140900 -60.396484 -45.122173
v -64.488808 -50.320671 -47.516865
v -71.169876 -38.313087 -49.150646
v -76.531097 -24.866928 -49.733864
v -80.097382 -10.837546 -49.150650
v -0.000000 -89.320847 23.933445
v -81.750313 2.803825 -47.516888
v -81.728287 15.274332 -45.122208
v 23.933445 -89.320847 0.000000
v 39.782215 -73.008217 -45.122124
v 27.928976 -76.882767 -47.516758
v 14.444617 -79.526169 -49.150494
v -14.444618 -79.526169 -49.150494
v -27.928976 -76.882767 -47.516758
v -39.782215 -73.008217 -45.122124
v 13.964391 -19.220562 -91.566345
v 21.666822 -29.822172 -87.120697
v -0.000000 -85.432762 35.387398
v 29.231937 -40.234779 -80.470406
v 36.111492 -49.703785 -71.932770
v 41.893436 -57.662048 -62.200138
v 35.387398 -85.432762 0.000000
v 46.412586 -63.882191 -52.093838
v -75.097893 35.680859 -45.122192
v -0.000000 -80.082870 46.235886
v -67.785751 45.782860 -47.516857
v -58.430305 55.847580 -49.150589
v -47.298828 65.101517 -49.733719
v -35.058071 72.828560 -49.150429
v -22.595114 78.615944 -47.516579
v -10.728183 82.448502 -45.121830
v 75.097809 24.400345 -52.093868
v 67.785622 22.024508 -62.200169
v 46.235886 -80.082870 0.000000
v 58.430138 18.984777 -71.932793
v 47.298683 15.368011 -80.470413
v 35.057953 11.390827 -87.120720
v 22.595051 7.341452 -91.566360
v -0.000000 -73.362770 56.293224
v 10.728160 3.485731 -93.923317
v 10.728185 82.448502 -45.121841
v 22.595118 78.615936 -47.516579
v 35.058075 72.828552 -49.150429
v 47.298840 65.101509 -49.733734
v 58.430305 55.847572 -49.150589
v 67.785751 45.782856 -47.516857
v 56.293224 -73.362778 0.000000
v 75.097893 35.680855 -45.122192
v 81.728287 15.274332 -45.122208
v 81.750313 2.803823 -47.516888
v 80.097389 -10.837553 -49.150658
v 76.531090 -24.866932 -49.733864
v -0.000000 -65.387390 65.387413
v 71.169876 -38.313095 -49.150646
v 64.488800 -50.320671 -47.516865
v 57.140900 -60.396492 -45.122177
v -13.964440 -90.495125 23.758299
v -21.666910 -91.260010 12.287613
v 65.387405 -65.387390 0.000000
v -36.111622 -86.566704 -12.287650
v -41.893559 -81.420494 -23.758432
v -46.412643 -75.162758 -33.841644
v 46.412643 -75.162758 -33.841644
v -0.000000 -56.293243 73.362762
v 41.893555 -81.420494 -23.758432
v 36.111618 -86.566727 -12.287650
v 21.666906 -91.260010 12.287614
v 13.964437 -90.495125 23.758305
v -85.826256 -20.914631 33.841690
v -90.381271 -14.683077 23.758497
v 73.362755 -56.293243 0.000000
v -93.488907 -7.593968 12.287701
v -93.488899 7.593968 -12.287701
v -90.381271 14.683077 -23.758497
v -85.826256 20.914631 -33.841690
v -0.000000 -46.235870 80.082893
v -57.141029 -67.368172 -33.841709
v -64.489090 -65.003998 -23.758535
v -71.170296 -61.095268 -12.287732
v -80.097839 -48.807549 12.287735
v -81.750664 -41.245483 23.758547
v -81.728455 -33.526489 33.841728
v 80.082893 -46.235870 0.000000
v -46.412643 75.162758 33.841644
v -41.893555 81.420494 23.758432
v -36.111618 86.566727 12.287650
v -21.666906 91.260010 -12.287614
v -0.000000 -35.387432 85.432747
v -13.964437 90.495125 -23.758305
v -81.728455 33.526489 -33.841728
v -81.750664 41.245487 -23.758547
v -80.097839 48.807564 -12.287737
v 85.432747 -35.387432 0.000000
v -71.170280 61.095268 12.287732
v -64.489075 65.004005 23.758537
v -57.141026 67.368179 33.841709
v 57.141029 67.368172 33.841709
v 64.489090 65.003998 23.758535
v 71.170296 61.095268 12.287732
v -0.000000 -23.933449 89.320847
v 80.097839 48.807549 -12.287735
v 81.750664 41.245483 -23.758547
v 81.728455 33.526489 -33.841728
v 13.964440 90.495125 -23.758299
v 89.320847 -23.933449 0.000000
v 21.666910 91.260010 -12.287613
v 36.111622 86.566704 12.287650
v 41.893559 81.420494 23.758432
v 46.412643 75.162758 33.841644
v 81.728455 -33.526489 33.841728
v -0.000000 -12.069967 91.680649
v 81.750664 -41.245487 23.758547
v 80.097839 -48.807564 12.287737
v 71.170280 -61.095268 -12.287732
v 64.489075 -65.004005 -23.758537
v 57.141026 -67.368179 -33.841709
v 91.680649 -12.069967 0.000000
v 85.826256 20.914631 -33.841690
v 90.381271 14.683077 -23.758497
v 93.488907 7.593968 -12.287701
v 93.488899 -7.593968 12.287701
v -0.000000 -0.000007 92.471741
v 90.381271 -14.683077 23.758497
v 85.826256 -20.914631 33.841690
v -10.728185 -82.448502 45.121841
v -22.595118 -78.615936 47.516579
v -35.058075 -72.828552 49.150429
v -47.298840 -65.101509 49.733734
v 92.471741 -0.000007 0.000000
v -58.430305 -55.847572 49.150589
v -67.785751 -45.782856 47.516857
v -75.097893 -35.680855 45.122192
v -81.728287 -15.274332 45.122208
v -81.750313 -2.803823 47.516888
v -80.097389 10.837553 49.150658
v -0.000000 12.069998 91.680634
v -76.531090 24.866932 49.733864
v -71.169876 38.313095 49.150646
v -64.488800 50.320671 47.516865
v -57.140900 60.396492 45.122177
v -39.782215 73.008217 45.122124
v 91.680634 12.069998 -0.000000
v -27.928976 76.882767 47.516758
v -14.444617 79.526169 49.150494
v 14.444618 79.526169 49.150494
v 27.928976 76.882767 47.516758
v 39.782215 73.008217 45.122124
v 57.140900 60.396484 45.122173
v 64.488808 50.320671 47.516865
v -0.000000 23.933439 89.320847
v 71.169876 38.313087 49.150646
v 76.531097 24.866928 49.733864
v 80.097382 10.837546 49.150650
v 89.320847 23.933437 -0.000000
v 81.750313 -2.803825 47.516888
v 81.728287 -15.274332 45.122208
v 75.097893 -35.680859 45.122192
v 67.785751 -45.782860 47.516857
v 58.430305 -55.847580 49.150589
v 47.298828 -65.101517 49.733719
v 35.058071 -72.828560 49.150429
v 22.595114 -78.615944 47.516579
v -0.000000 35.387413 85.432747
v 10.728183 -82.448502 45.121830
v -10.728162 -3.485732 93.923317
v -22.595051 -7.341452 91.566353
v 85.432747 35.387413 -0.000000
v -35.057953 -11.390827 87.120705
v -47.298679 -15.368011 80.470413
v -58.430134 -18.984777 71.932793
v -67.785614 -22.024509 62.200169
v -75.097809 -24.400347 52.093868
v -0.000000 46.235855 80.082893
v -13.964391 19.220562 91.566345
v -21.666822 29.822172 87.120697
v -29.231937 40.234779 80.470406
v -36.111492 49.703785 71.932770
v -41.893436 57.662048 62.200138
v -46.412586 63.882191 52.093838
v 13.964391 19.220562 91.566345
v 80.082893 46.235855 -0.000000
v -0.000000 56.293236 73.362762
v 21.666822 29.822172 87.120697
v 29.231937 40.234779 80.470406
v 36.111492 49.703785 71.932770
v 41.893436 57.662048 62.200138
v 46.412586 63.882191 52.093838
v 10.728162 -3.485732 93.923317
v 22.595051 -7.341452 91.566353
v 35.057953 -11.390827 87.120705
v 47.298679 -15.368011 80.470413
v 58.430134 -18.984777 71.932793
v 67.785614 -22.024509 62.200169
v 73.362770 56.293236 -0.000000
v 75.097809 -24.400347 52.093868
v -0.000000 65.387421 65.387383
v 11.422669 -15.722010 92.580620
v 11.968372 -29.057486 89.225845
v 23.936745 -20.361784 89.225906
v 12.272291 -42.699265 83.516426
v 24.866377 -34.225677 84.611443
v 36.816875 -24.866266 83.516556
v 12.272317 -55.603233 75.541382
v 25.201225 -47.935650 77.562248
v 37.801838 -38.780628 77.562332
v 49.089272 -28.853746 75.541611
v 65.387383 65.387413 -0.000000
v 11.968440 -66.810745 65.893173
v 24.866486 -60.371998 68.452255
v -0.000000 73.362778 56.293232
v 37.801918 -52.029812 69.373947
v 49.732971 -42.305210 68.452400
v 59.842201 -32.027992 65.893471
v 11.422773 -75.775253 55.465862
v 23.936935 -70.699524 58.115681
v 36.817112 -63.578236 59.591423
v 49.089478 -54.661747 59.591492
v 59.842327 -44.612450 58.115875
v 56.293236 73.362770 -0.000000
v 68.536629 -34.279163 55.466198
v 18.482208 6.005347 92.580635
v 31.333525 2.403550 89.225914
v 26.761955 16.473175 89.225914
v -0.000000 80.082870 46.235893
v 44.401489 -1.522859 83.516579
v 40.234478 13.073220 84.611511
v 35.026154 27.330942 83.516571
v 56.673878 -5.510309 75.541634
v 53.376865 9.155142 77.562393
v 48.563789 23.967995 77.562393
v 42.610863 37.770473 75.541618
v 46.235893 80.082870 -0.000000
v 67.238983 -9.262584 65.893494
v 65.101089 4.993798 68.452469
v 61.164505 19.873913 69.374062
v 55.602818 34.225990 68.452461
v 48.952591 47.016212 65.893471
v 75.596184 -12.551700 55.466217
v -0.000000 85.432747 35.387405
v 74.635948 0.918404 58.115940
v 71.843407 15.368700 59.591606
v 67.155708 29.795677 59.591591
v 60.921116 43.127563 58.115917
v 53.780331 54.589447 55.466206
v 15.169239 41.757820 83.516518
v 35.387409 85.432747 -0.000000
v -15.169239 41.757820 83.516518
v 22.753897 52.197365 75.541557
v -0.000000 89.320847 23.933435
v -7.787521 53.593632 77.562279
v -22.753897 52.197365 75.541557
v 29.587303 61.085857 65.893410
v 15.368151 63.458084 68.452324
v -15.368156 63.458084 68.452324
v -29.587303 61.085850 65.893394
v 35.297932 68.017609 55.466137
v 22.190483 71.266876 58.115799
v 23.933437 89.320847 -0.000000
v -0.000000 91.680634 12.069998
v -22.190487 71.266876 58.115799
v -35.297932 68.017609 55.466137
v -18.482208 6.005348 92.580635
v -26.761957 16.473173 89.225914
v -31.333529 2.403549 89.225914
v -35.026154 27.330942 83.516571
v -40.234482 13.073216 84.611511
v -44.401489 -1.522859 83.516579
v -42.610863 37.770470 75.541618
v 12.069998 91.680634 -0.000000
v -48.563786 23.967989 77.562393
v -53.376850 9.155138 77.562393
v -56.673874 -5.510312 75.541634
v -48.952591 47.016212 65.893471
v -55.602818 34.225990 68.452461
v -61.164497 19.873913 69.374062
v -65.101082 4.993798 68.452469
v -67.238983 -9.262584 65.893494
v -53.780331 54.589447 55.466206
v -60.921116 43.127560 58.115921
v -67.155708 29.795675 59.591610
v -71.843407 15.368697 59.591610
v -74.635941 0.918401 58.115940
v -75.596184 -12.551702 55.466225
v -11.422669 -15.722009 92.580620
v -0.000000 91.680634 -12.069998
v -23.936745 -20.361784 89.225906
v -11.968372 -29.057486 89.225845
v -36.816875 -24.866266 83.516556
v -24.866377 -34.225681 84.611443
v -12.272291 -42.699265 83.516426
v -49.089272 -28.853746 75.541611
v -37.801838 -38.780628 77.562332
v -12.069998 91.680634 -0.000000
v -25.201223 -47.935650 77.562241
v -12.272315 -55.603233 75.541382
v -59.842201 -32.027992 65.893471
v -49.732971 -42.305210 68.452400
v -37.801922 -52.029812 69.373947
v -0.000000 89.320847 -23.933439
v -24.866486 -60.371998 68.452255
v -11.968441 -66.810745 65.893173
v -68.536629 -34.279163 55.466190
v -59.842331 -44.612450 58.115875
v -49.089489 -54.661747 59.591492
v -36.817120 -63.578239 59.591427
v -23.933437 89.320847 -0.000000
v -23.936935 -70.699516 58.115677
v -11.422774 -75.775253 55.465862
v 18.482273 -85.492195 36.032215
v 26.762077 -87.173035 25.169081
v 31.333668 -80.880753 37.753616
v 35.026340 -86.922218 12.904114
v -0.000000 85.432770 -35.387371
v 40.234707 -81.525177 26.146597
v 44.401695 -74.018066 38.712334
v 48.564095 -80.092529 13.249340
v -35.387371 85.432770 -0.000000
v 53.377190 -73.467850 26.498684
v 56.674152 -65.101601 38.712406
v 48.952827 -79.962982 -12.584610
v 61.164917 -70.937553 13.249378
v 65.101486 -63.458450 26.146713
v 67.239304 -54.793770 37.753834
v -0.000000 80.082893 -46.235855
v 53.780521 -74.023270 -24.021666
v 60.921459 -71.267342 -12.584635
v 71.843872 -60.172836 12.904206
v 74.636345 -52.390388 25.169287
v -46.235855 80.082893 -0.000000
v 75.596443 -43.996204 36.032509
v 87.019196 -8.840308 36.032475
v 91.176392 -1.485173 25.169228
v 86.604683 4.807133 37.753819
v 93.491615 6.452074 12.904154
v 89.968155 13.073337 26.146679
v 84.116066 19.356224 38.712460
v -0.000000 73.362762 -56.293236
v 91.179558 21.437670 13.249340
v 86.366394 28.062342 26.498714
v 79.428368 33.783264 38.712463
v -56.293236 73.362770 -0.000000
v 91.176483 21.847265 -12.584668
v 86.366501 36.250694 13.249347
v 80.469894 42.305767 26.146700
v 72.889847 47.016457 37.753826
v 87.019341 28.274029 -24.021719
v 86.604958 35.917099 -12.584679
v -0.000000 65.387405 -65.387390
v 79.428635 49.733322 12.904170
v 72.890007 54.794029 25.169254
v -65.387383 65.387413 -0.000000
v 65.203331 58.301071 36.032494
v 35.297993 80.028427 36.032372
v 29.587399 86.255035 25.169127
v 22.190535 83.851494 37.753670
v 22.753990 90.909676 12.904102
v 15.368210 89.604713 26.146568
v -0.000000 56.293270 -73.362740
v -7.787591 93.341515 13.249364
v -73.362732 56.293274 -0.000000
v -15.368232 89.604691 26.146633
v -22.190538 83.851463 37.753723
v -7.396890 93.465218 -12.584420
v -22.754066 90.909653 12.904247
v -29.587442 86.254990 25.169247
v -35.298012 80.028389 36.032440
v -0.000000 46.235855 -80.082893
v -65.203323 58.301102 36.032478
v -72.889977 54.794067 25.169235
v -72.889839 47.016499 37.753803
v -79.428604 49.733372 12.904145
v -80.082893 46.235855 -0.000000
v -80.469864 42.305832 26.146658
v -79.428360 33.783321 38.712437
v -86.366463 36.250774 13.249309
v -86.366379 28.062428 26.498672
v -84.116058 19.356285 38.712437
v -86.604935 35.917137 -12.584695
v -0.000000 35.387413 -85.432747
v -91.179543 21.437746 13.249307
v -89.968155 13.073408 26.146652
v -86.604675 4.807178 37.753799
v -85.432747 35.387413 -0.000000
v -87.019333 28.274050 -24.021721
v -91.176476 21.847303 -12.584677
v -93.491623 6.452124 12.904140
v -91.176392 -1.485135 25.169216
v -87.019203 -8.840287 36.032475
v -75.596451 -43.996197 36.032478
v -74.636391 -52.390381 25.169220
v -67.239342 -54.793758 37.753769
v -0.000000 23.933477 -89.320847
v -71.843903 -60.172806 12.904114
v -89.320847 23.933479 -0.000000
v -65.101555 -63.458424 26.146591
v -56.674225 -65.101593 38.712334
v -61.165005 -70.937515 13.249215
v -53.377289 -73.467819 26.498529
v -44.401783 -74.018059 38.712250
v -60.921497 -71.267281 -12.584741
v -48.564228 -80.092484 13.249142
v -40.234840 -81.525154 26.146433
v -31.333742 -80.880760 37.753532
v -53.780556 -74.023224 -24.021761
v -91.680626 12.070040 -0.000000
v -0.000000 12.070040 -91.680626
v -48.952900 -79.962898 -12.584779
v -35.026485 -86.922188 12.903905
v -26.762197 -87.173050 25.168926
v -18.482340 -85.492218 36.032131
v 87.019341 -28.274054 24.021704
v 86.604935 -35.917145 12.584653
v 91.176483 -21.847311 12.584643
v -92.471741 -0.000007 0.000000
v -0.000000 -0.000007 -92.471741
v 79.428612 -49.733372 -12.904207
v 86.366463 -36.250759 -13.249401
v 91.179543 -21.437737 -13.249393
v 93.491615 -6.452119 -12.904187
v 72.889969 -54.794064 -25.169287
v 80.469841 -42.305809 -26.146742
v 86.366356 -28.062405 -26.498762
v 89.968147 -13.073391 -26.146729
v 91.176384 1.485142 -25.169260
v 65.203316 -58.301090 -36.032505
v 72.889832 -47.016483 -37.753853
v 79.428352 -33.783291 -38.712494
v -91.680649 -12.069967 0.000000
v -0.000000 -12.069967 -91.680649
v 84.116051 -19.356255 -38.712490
v 86.604668 -4.807158 -37.753845
v 87.019173 8.840296 -36.032486
v 53.780552 74.023254 24.021669
v 60.921505 71.267281 12.584636
v 48.952881 79.962936 12.584609
v 71.843956 60.172752 -12.904197
v -89.320854 -23.933409 0.000000
v 61.165062 70.937439 -13.249376
v 48.564259 80.092438 -13.249350
v -0.000000 -23.933409 -89.320854
v 35.026455 86.922150 -12.904121
v 74.636421 52.390293 -25.169273
v 65.101639 63.458317 -26.146706
v 53.377388 73.467705 -26.498686
v 40.234898 81.525078 -26.146612
v 26.762192 87.173004 -25.169100
v 75.596497 43.996105 -36.032490
v 67.239433 54.793606 -37.753803
v 56.674362 65.101433 -38.712402
v 44.401928 74.017914 -38.712341
v -85.432747 -35.387432 0.000000
v 31.333858 80.880669 -37.753639
v 18.482380 85.492157 -36.032234
v -53.780540 74.023262 24.021669
v -0.000000 -35.387432 -85.432747
v -48.952881 79.962944 12.584609
v -60.921497 71.267296 12.584636
v -35.026455 86.922165 -12.904121
v -48.564259 80.092438 -13.249349
v -80.082893 -46.235870 0.000000
v -61.165047 70.937439 -13.249373
v -71.843933 60.172756 -12.904197
v -26.762190 87.173012 -25.169100
v -40.234898 81.525078 -26.146612
v -0.000000 -46.235870 -80.082893
v -53.377388 73.467712 -26.498686
v -65.101631 63.458317 -26.146702
v -74.636421 52.390297 -25.169273
v -18.482380 85.492157 -36.032234
v -31.333858 80.880653 -37.753643
v -44.401928 74.017914 -38.712345
v -56.674362 65.101433 -38.712406
v -73.362778 -56.293209 0.000000
v -67.239433 54.793606 -37.753811
v -75.596497 43.996105 -36.032494
v -87.019341 -28.274054 24.021704
v -91.176483 -21.847307 12.584642
v -86.604935 -35.917137 12.584651
v -0.000000 -56.293213 -73.362778
v -93.491623 -6.452122 -12.904187
v -91.179543 -21.437742 -13.249392
v -86.366463 -36.250751 -13.249398
v -79.428612 -49.733368 -12.904206
v -65.387444 -65.387367 0.000000
v -91.176384 1.485141 -25.169250
v -89.968140 -13.073391 -26.146721
v -86.366356 -28.062405 -26.498760
v -80.469856 -42.305805 -26.146736
v -72.889977 -54.794060 -25.169281
v -0.000000 -65.387367 -65.387436
v -87.019196 8.840294 -36.032486
v -86.604668 -4.807159 -37.753838
v -84.116035 -19.356255 -38.712482
v -79.428345 -33.783291 -38.712482
v -72.889832 -47.016479 -37.753849
v -65.203323 -58.301086 -36.032505
v -56.293224 -73.362778 0.000000
v -7.396821 -93.465218 12.584530
v -0.000000 -73.362778 -56.293224
v -22.753990 -90.909691 -12.904113
v 22.753981 -90.909691 -12.904111
v -29.587389 -86.255035 -25.169146
v -15.368202 -89.604706 -26.146580
v 15.368200 -89.604713 -26.146584
v -46.235886 -80.082870 0.000000
v 29.587385 -86.255035 -25.169146
v -35.297985 -80.028427 -36.032387
v -22.190523 -83.851479 -37.753689
v -7.584657 -85.980576 -38.712307
v -0.000000 -80.082870 -46.235882
v 22.190523 -83.851479 -37.753689
v 35.297985 -80.028427 -36.032387
v 53.780334 -54.589447 -55.466194
v 48.952625 -47.016212 -65.893448
v 60.921146 -43.127560 -58.115902
v 42.610920 -37.770466 -75.541588
v -35.387444 -85.432747 0.000000
v 55.602890 -34.225979 -68.452400
v 67.155762 -29.795668 -59.591553
v 35.026245 -27.330929 -83.516541
v 48.563919 -23.967968 -77.562317
v 61.164608 -19.873882 -69.373970
v -0.000000 -85.432747 -35.387444
v 71.843452 -15.368682 -59.591534
v 26.762062 -16.473152 -89.225891
v 40.234650 -13.073177 -84.611443
v 53.377029 -9.155089 -77.562271
v 65.101227 -4.993758 -68.452347
v -23.933428 -89.320847 0.000000
v 74.636009 -0.918383 -58.115860
v 18.482319 -6.005316 -92.580620
v 31.333719 -2.403492 -89.225845
v 44.401707 1.522928 -83.516457
v 56.674080 5.510376 -75.541466
v 67.239128 9.262631 -65.893349
v 75.596252 12.551723 -55.466129
v -0.000000 -89.320847 -23.933426
v 68.536575 34.279251 -55.466206
v 59.842152 32.028069 -65.893463
v 59.842216 44.612598 -58.115883
v 49.089241 28.853823 -75.541603
v 49.732868 42.305344 -68.452393
v -12.069981 -91.680649 0.000000
v 49.089314 54.661911 -59.591480
v 36.816853 24.866329 -83.516556
v 37.801765 38.780743 -77.562302
v 37.801788 52.029942 -69.373909
v 36.816929 63.578377 -59.591389
v 23.936729 20.361822 -89.225891
v 24.866341 34.225761 -84.611412
v -0.000000 -91.680649 -12.069981
v 25.201147 47.935745 -77.562202
v 24.866367 60.372108 -68.452194
v 23.936777 70.699608 -58.115627
v 11.422668 15.722035 -92.580612
v 11.968357 29.057537 -89.225822
v 12.272263 42.699341 -83.516396
v 12.272267 55.603313 -75.541336
v 11.968369 66.810806 -65.893120
v 11.422687 75.775284 -55.465820
v -11.422704 75.775284 -55.465832
v -11.968409 66.810799 -65.893135
v -23.936813 70.699593 -58.115627
v -12.272328 55.603294 -75.541351
v -24.866444 60.372086 -68.452171
v -36.816982 63.578373 -59.591366
v -12.272347 42.699329 -83.516388
v -25.201279 47.935745 -77.562172
v -37.801910 52.029938 -69.373856
v -49.089382 54.661896 -59.591427
v -11.968458 29.057535 -89.225815
v -24.866505 34.225769 -84.611366
v -37.801937 38.780743 -77.562210
v -49.733009 42.305340 -68.452286
v -59.842285 44.612587 -58.115814
v -11.422776 15.722054 -92.580597
v -23.936922 20.361866 -89.225838
v -36.817081 24.866367 -83.516441
v -49.089439 28.853851 -75.541458
v -59.842297 32.028084 -65.893333
v -68.536652 34.279255 -55.466125
v 35.297928 -68.017601 -55.466133
v 22.190481 -71.266876 -58.115799
v 29.587294 -61.085857 -65.893387
v 15.368130 -63.458115 -68.452293
v 22.753880 -52.197392 -75.541534
v -7.584673 -73.076454 -59.591396
v 15.169210 -41.757866 -83.516495
v -22.190523 -71.266899 -58.115738
v -15.368219 -63.458172 -68.452240
v -7.787600 -53.593746 -77.562195
v -35.297974 -68.017647 -55.466057
v -29.587379 -61.085949 -65.893265
v -22.754007 -52.197510 -75.541412
v -15.169357 -41.757984 -83.516411
v -75.596191 12.551682 -55.466209
v -67.239021 9.262547 -65.893463
v -74.635963 -0.918442 -58.115910
v -56.673916 5.510259 -75.541595
v -65.101135 -4.993874 -68.452415
v -71.843422 -15.368754 -59.591560
v -44.401546 1.522791 -83.516556
v -53.376938 -9.155249 -77.562332
v -61.164558 -19.874023 -69.373985
v -67.155739 -29.795748 -59.591534
v -31.333590 -2.403625 -89.225883
v -40.234589 -13.073354 -84.611443
v -48.563889 -23.968142 -77.562271
v -55.602886 -34.226116 -68.452332
v -60.921146 -43.127632 -58.115837
v -18.482277 -6.005432 -92.580620
v -26.762072 -16.473322 -89.225853
v -35.026291 -27.331123 -83.516457
v -42.610977 -37.770641 -75.541458
v -48.952675 -47.016331 -65.893333
v -53.780354 -54.589500 -55.466114
v -6.869315 2.231938 -94.166084
v -6.942702 6.236089 -93.923302
v 6.942700 6.236090 -93.923302
v 6.869314 2.231938 -94.166084
v 7.211808 -7.336311 -93.923302
v -6.995585 83.200951 -44.142071
v -6.987983 87.596481 -34.825932
v 6.287646 -81.541931 47.078270
v 6.995591 -83.200951 44.142071
v 6.942688 -6.236099 93.923302
v 6.827926 -18.954500 92.172615
v 6.675834 -32.508911 88.294853
v 6.672326 -26.712477 90.261497
v 6.760443 -40.077763 85.135139
v 6.439318 -58.376198 73.826057
v 6.749701 -52.961647 77.759361
v 6.604466 -64.402534 68.599838
v 6.029554 -66.529800 66.529831
v 6.750667 -68.756668 64.282990
v 6.926404 -77.029922 54.138371
v 6.459455 -73.819519 58.391811
v 6.242793 -12.288306 93.339081
v 6.087111 -24.355591 90.896309
v 5.965428 -35.999119 86.909500
v 6.056008 -47.047222 81.488182
v 7.211808 7.336313 93.923302
v 6.286077 -0.000007 94.156097
v 7.177507 9.879107 93.747437
v 6.381556 12.293188 93.375938
v 6.789571 19.329950 92.087471
v -6.381556 12.293188 93.375938
v -6.789564 19.329950 92.087471
v 6.039196 24.352257 90.883911
v -6.039196 24.352257 90.883911
v 7.510674 30.707111 89.142227
v 5.963258 35.998886 86.908966
v 6.674088 42.064407 84.129692
v -5.963259 35.998886 86.908966
v -7.510678 30.707117 89.142220
v -6.674074 42.064407 84.129692
v 5.817598 47.015270 81.432861
v -5.817598 47.015270 81.432861
v 7.215652 54.380760 76.960983
v 6.043014 57.278946 74.647377
v 6.555015 63.948029 68.980827
v -6.043014 57.278946 74.647377
v -6.555015 63.948029 68.980827
v 5.809813 66.488197 66.488152
v 7.309288 72.758263 59.946579
v -5.809814 66.488197 66.488152
v 6.382886 74.719635 57.334393
v 6.581926 80.039818 49.467953
v -7.106126 73.542877 58.969513
v -6.581924 80.039818 49.467953
v -6.869309 -2.231936 94.166084
v -7.315668 8.945494 93.845657
v -6.942691 -6.236098 93.923302
v -6.667225 -13.872881 93.139595
v -6.827932 -18.954493 92.172615
v -6.672327 -26.712479 90.261497
v -6.087110 -24.355591 90.896309
v -6.675836 -32.508911 88.294853
v -5.965428 -35.999119 86.909500
v -6.760437 -40.077763 85.135147
v -6.056008 -47.047222 81.488182
v -6.749707 -52.961658 77.759361
v -6.439315 -58.376198 73.826057
v -6.604461 -64.402534 68.599838
v -6.029555 -66.529800 66.529831
v -6.750667 -68.756668 64.282990
v -6.148940 -74.669899 57.296227
v -6.926409 -77.029922 54.138374
v -6.484063 -81.069496 47.879837
v -6.995598 -83.200951 44.142082
v 6.987986 -87.596474 34.825939
v 6.176581 90.919464 -24.361786
v 5.941650 81.461632 47.031921
v 7.329092 85.794899 39.083679
v 5.860525 90.837662 24.339865
v 6.992309 93.083130 14.602286
v 6.340782 87.002426 36.037594
v -7.061912 86.313499 37.870522
v -5.941647 81.461632 47.031921
v 6.691069 93.518463 11.383842
v -6.404724 90.308327 26.351929
v 6.811293 93.490105 -12.308218
v -6.302535 91.045128 -23.902662
v -7.245753 -88.290680 32.995285
v -6.535516 -87.050636 36.057549
v 7.220840 87.959381 -33.950539
v 6.535517 87.050644 -36.057522
v 6.995589 83.200951 -44.142075
v -6.302535 -91.045120 23.902693
v 6.176599 -90.919472 24.361790
v 6.868204 -93.546204 11.685170
v -6.691047 -93.518471 -11.383762
v 6.952961 -93.341537 -13.249297
v -6.404715 -90.308327 -26.351894
v -6.992281 -93.083115 -14.602331
v 6.404727 -90.308327 -26.351896
v -6.340757 -87.002411 -36.037624
v 6.340758 -87.002411 -36.037624
v -5.941653 -81.461632 -47.031914
v -6.581932 -80.039810 -49.467953
v 7.329068 -85.794876 -39.083706
v 5.941652 -81.461632 -47.031914
v 6.581929 -80.039810 -49.467953
v 7.177507 -9.879107 -93.747437
v 6.667201 13.872889 -93.139595
v 6.827909 18.954525 -92.172607
v 6.672337 26.712513 -90.261490
v 6.087111 24.355621 -90.896294
v 6.675852 32.508923 -88.294853
v 5.965442 35.999104 -86.909508
v 6.760461 40.077827 -85.135124
v 6.350870 46.093151 -82.046577
v 6.749726 52.961716 -77.759323
v 6.439333 58.376217 -73.826050
v 6.604464 64.402588 -68.599785
v 6.029573 66.529823 -66.529800
v 6.750680 68.756683 -64.282974
v 6.148931 74.669891 -57.296230
v 6.926404 77.029922 -54.138367
v 6.287643 81.541946 -47.078243
v -6.484056 81.069496 -47.879837
v -6.148937 74.669899 -57.296230
v -6.926413 77.029922 -54.138371
v -6.029576 66.529823 -66.529800
v -6.604474 64.402573 -68.599800
v -6.750683 68.756683 -64.282974
v -6.439333 58.376228 -73.826042
v -6.749717 52.961689 -77.759338
v -6.760456 40.077793 -85.135132
v -6.350852 46.093185 -82.046562
v -6.675815 32.508980 -88.294823
v -6.672304 26.712475 -90.261490
v -6.827910 18.954578 -92.172585
v -5.965432 35.999104 -86.909508
v -6.087100 24.355621 -90.896294
v -6.242783 12.288380 -93.339073
v 6.382903 -74.719650 -57.334377
v -6.382893 -74.719643 -57.334377
v 7.309310 -72.758331 -59.946507
v 5.809794 -66.488152 -66.488213
v 6.554981 -63.948071 -68.980789
v 6.043020 -57.278927 -74.647392
v -5.809803 -66.488152 -66.488213
v -6.554995 -63.948101 -68.980766
v -6.043058 -57.278938 -74.647400
v 7.367167 -52.984444 -77.942680
v 5.817568 -47.015274 -81.432854
v 6.674056 -42.064484 -84.129639
v 7.510678 -30.707239 -89.142159
v 5.963250 -35.998898 -86.908958
v -6.674074 -42.064541 -84.129623
v -5.817589 -47.015278 -81.432861
v -5.963255 -35.998898 -86.908966
v 6.039203 -24.352230 -90.883911
v 6.789572 -19.329990 -92.087456
v 6.381561 -12.293159 -93.375946
v -7.514238 -30.340614 -89.267632
v -6.039189 -24.352228 -90.883911
v -6.789585 -19.329992 -92.087456
v -6.381565 -12.293159 -93.375946
v -7.315661 -8.945501 -93.845657
v 32.233162 -88.390656 6.683594
v 32.942150 -88.133896 -6.626638
v 35.997829 -86.906464 -5.953126
v 39.077774 -85.604294 -6.679955
v 38.780338 -85.702492 6.517344
v 35.989082 -86.885353 5.867852
v 45.816425 -82.185982 -6.360709
v 52.043594 -78.368332 -6.735863
v 47.021114 -81.442924 5.861015
v 52.075363 -78.316353 6.640226
v 58.229927 -73.889702 6.257559
v 58.289467 -73.872696 -6.356581
v 63.876099 -69.067284 -6.620732
v 64.200813 -68.752243 6.535604
v 66.504623 -66.504608 5.896580
v 69.562561 -63.312790 6.624291
v 66.517662 -66.517647 -5.965365
v 69.357155 -63.592934 -6.737542
v 74.658745 -57.287693 6.096560
v 78.492043 -51.867599 6.754872
v 94.073509 -0.000007 5.977866
v 93.994003 -4.136328 6.692937
v 94.030022 3.312982 6.625968
v 93.994003 4.136340 -6.692957
v 93.259743 12.277891 5.944162
v 92.327911 17.955725 6.668815
v 92.255516 18.388954 -6.719398
v 93.292992 12.282269 -6.069324
v 90.577415 25.509192 -6.344586
v 90.540771 25.548405 6.261972
v 88.192108 32.693401 6.533752
v 88.198051 32.750801 -6.623780
v 85.426254 39.405014 -6.624139
v 86.884300 35.988670 -5.863638
v 86.862190 35.979511 5.774312
v 85.238403 39.775475 6.606726
v 78.492043 51.867599 -6.754856
v 81.492050 47.049435 -6.072621
v 81.471863 47.037773 5.985612
v 78.047577 52.531693 6.752604
v 73.734840 58.468296 6.409934
v 32.942150 88.133896 6.626629
v 18.767414 92.203415 -6.804378
v 25.332760 90.634148 -6.333391
v 24.346392 90.862015 5.954606
v 19.085701 92.101585 6.663113
v 11.726509 93.358917 6.179383
v 11.280085 93.419693 -6.297050
v 6.528920 93.793221 -6.528916
v 6.433740 93.773979 6.433731
v -11.280122 93.419693 -6.297029
v -6.528917 93.793221 -6.528910
v -11.726643 93.358894 6.179357
v -6.433724 93.773979 6.433735
v -19.085709 92.101585 6.663125
v -18.767485 92.203392 -6.804381
v -25.332760 90.634148 -6.333388
v -24.346392 90.862015 5.954608
v -32.942150 88.133904 6.626631
v -74.646797 57.278576 6.040465
v -78.047554 52.531723 6.752600
v -82.027489 46.153904 -6.387317
v -78.492043 51.867592 -6.754878
v -81.860069 46.386780 6.210939
v -85.238380 39.775524 6.606741
v -85.426247 39.405075 -6.624147
v -86.884300 35.988670 -5.863649
v -88.198036 32.750847 -6.623788
v -88.192078 32.693481 6.533722
v -86.862190 35.979511 5.774309
v -90.540749 25.548471 6.261959
v -90.577393 25.509258 -6.344581
v -92.255508 18.388981 -6.719383
v -92.327881 17.955803 6.668819
v -93.491631 10.489043 6.372057
v -93.490204 10.839005 -6.452321
v -93.994003 4.136333 -6.692945
v -94.030022 3.313020 6.625983
v -94.073509 -0.000007 5.977877
v -93.994003 -4.136339 6.692955
v -78.492043 -51.867599 6.754856
v -74.658775 -57.287663 6.096560
v -69.357162 -63.592934 -6.737547
v -73.734833 -58.468300 -6.409948
v -69.562622 -63.312717 6.624269
v -66.504646 -66.504570 5.896556
v -64.200813 -68.752251 6.535614
v -63.876209 -69.067184 -6.620696
v -66.517685 -66.517609 -5.965361
v -58.289474 -73.872696 -6.356591
v -57.263798 -74.627655 5.950193
v -52.075367 -78.316353 6.640244
v -52.043774 -78.368217 -6.735861
v -47.033260 -81.463974 -5.951708
v -47.021114 -81.442940 5.861032
v -38.780357 -85.702484 6.517324
v -39.077888 -85.604240 -6.679941
v -35.997871 -86.906448 -5.953091
v -32.942150 -88.133896 -6.626627
v -35.989128 -86.885338 5.867846
v -32.233292 -88.390617 6.683604
v 82.027481 -46.153912 6.387310
v 78.047554 -52.531731 -6.752610
v 74.646828 -57.278545 -6.040471
v 85.426247 -39.405052 6.624139
v 86.884293 -35.988682 5.863643
v 88.198021 -32.750874 6.623773
v 90.869431 -24.348391 5.983259
v 92.255508 -18.389025 6.719408
v 93.490204 -10.839005 6.452299
v 81.860085 -46.386761 -6.210962
v 85.238373 -39.775551 -6.606743
v 88.192093 -32.693443 -6.533741
v 86.862190 -35.979523 -5.774310
v 92.327888 -17.955767 -6.668822
v 90.845825 -24.342070 -5.892065
v 93.259750 -12.277864 -5.944180
v 94.030022 -3.312999 -6.625969
v 94.073509 -0.000007 -5.977876
v 69.357201 63.592896 6.737568
v 74.250809 57.826660 -6.278537
v 66.517632 66.517662 5.965374
v 63.876163 69.067215 6.620703
v 57.276878 74.644676 6.030304
v 52.043686 78.368263 6.735842
v 45.816490 82.185944 6.360681
v 39.077824 85.604271 6.679939
v 35.997837 86.906456 5.953105
v 69.562645 63.312702 -6.624303
v 66.504593 66.504631 -5.896596
v 64.200920 68.752159 -6.535602
v 58.230064 73.889587 -6.257587
v 52.075508 78.316261 -6.640229
v 45.474453 82.358170 -6.372590
v 38.780449 85.702438 -6.517343
v 35.989094 86.885345 -5.867839
v 32.233215 88.390625 -6.683579
v -35.997803 86.906479 5.953103
v -39.077824 85.604271 6.679936
v -32.233212 88.390640 -6.683579
v -45.816475 82.185959 6.360668
v -52.043678 78.368271 6.735855
v -57.276878 74.644676 6.030302
v -63.876163 69.067215 6.620699
v -66.517632 66.517662 5.965363
v -69.357193 63.592903 6.737549
v -38.780445 85.702438 -6.517337
v -35.989056 86.885368 -5.867828
v -45.474438 82.358170 -6.372570
v -52.075500 78.316261 -6.640224
v -58.230057 73.889587 -6.257576
v -64.200920 68.752151 -6.535590
v -69.562622 63.312717 -6.624283
v -66.504593 66.504623 -5.896585
v -74.250809 57.826660 -6.278521
v -93.490204 -10.838993 6.452317
v -94.030022 -3.313004 -6.625980
v -94.073509 -0.000007 -5.977872
v -92.255508 -18.389019 6.719403
v -90.869431 -24.348351 5.983265
v -88.198021 -32.750862 6.623769
v -85.426247 -39.405045 6.624136
v -86.884293 -35.988682 5.863636
v -82.027489 -46.153904 6.387301
v -93.491631 -10.489079 -6.372044
v -92.327888 -17.955767 -6.668826
v -90.540749 -25.548491 -6.262002
v -88.192093 -32.693439 -6.533741
v -86.862190 -35.979523 -5.774299
v -85.238365 -39.775555 -6.606727
v -81.860085 -46.386757 -6.210956
v -78.047554 -52.531727 -6.752608
v -24.352385 -90.884422 6.041174
v -18.767414 -92.203407 6.804379
v -25.998926 -90.438187 -6.440300
v -12.281313 -93.285858 6.042451
v -6.528910 -93.793236 6.528913
v 6.528910 -93.793236 6.528911
v 12.281313 -93.285858 6.042451
v 18.767408 -92.203407 6.804372
v 24.352400 -90.884415 6.041165
v -19.085709 -92.101585 -6.663124
v -11.726522 -93.358902 -6.179358
v -6.433733 -93.773979 -6.433735
v 11.726514 -93.358917 -6.179365
v 6.433740 -93.773979 -6.433741
v 19.085697 -92.101585 -6.663113
v 24.346395 -90.862015 -5.954611
v -0.000005 92.471741 0.000008
vn 0.9808 -0.0000 -0.1951
vn 0.8315 -0.0000 -0.5556
vn 0.5556 -0.0000 -0.8315
vn 0.1951 -0.0000 -0.9808
vn -0.1951 -0.0000 -0.9808
vn -0.5556 -0.0000 -0.8315
vn -0.8315 -0.0000 -0.5556
vn -0.9808 -0.0000 -0.1951
vn -0.9808 -0.0000 0.1951
vn -0.8315 -0.0000 0.5556
vn -0.5556 -0.0000 0.8315
vn -0.1951 -0.0000 0.9808
vn 0.1951 -0.0000 0.9808
vn 0.5556 -0.0000 0.8315
vn -0.0000 -1.0000 -0.0000
vn 0.8315 -0.0000 0.5556
vn 0.9808 -0.0000 0.1951
vn -0.0000 1.0000 -0.0000
vn 0.5737 -0.7238 -0.3833
vn -0.3833 -0.7238 0.5737
vn 0.3833 -0.7238 -0.5737
vn -0.1346 -0.7238 0.6767
vn 0.1346 -0.7238 -0.6767
vn 0.1346 -0.7238 0.6767
vn -0.1346 -0.7238 -0.6767
vn 0.3833 -0.7238 0.5737
vn -0.3833 -0.7238 -0.5737
vn 0.5737 -0.7238 0.3833
vn -0.5737 -0.7238 -0.3833
vn 0.6767 -0.7238 0.1346
vn -0.6767 -0.7238 0.1346
vn -0.6767 -0.7238 -0.1346
vn 0.6767 -0.7238 -0.1346
vn -0.5737 -0.7238 0.3833
vn 0.9808 -0.1951 -0.0000
vn 0.8315 -0.5556 -0.0000
vn 0.5556 -0.8315 -0.0000
vn 0.1951 -0.9808 -0.0000
vn -0.1951 -0.9808 -0.0000
vn -0.5556 -0.8315 -0.0000
vn -0.8315 -0.5556 -0.0000
vn -0.9808 -0.1951 -0.0000
vn -0.9808 0.1951 -0.0000
vn -0.8315 0.5556 -0.0000
vn -0.5556 0.8315 -0.0000
vn -0.1951 0.9808 -0.0000
vn 0.1951 0.9808 -0.0000
vn 0.5556 0.8315 -0.0000
vn -0.0000 -0.0000 1.0000
vn 0.8315 0.5556 -0.0000
vn 0.9808 0.1951 -0.0000
vn -0.0000 -0.0000 -1.0000
vn 0.5737 -0.3833 0.7238
vn -0.3833 0.5737 0.7238
vn 0.3833 -0.5737 0.7238
vn -0.1346 0.6767 0.7238
vn 0.1346 -0.6767 0.7238
vn 0.1346 0.6767 0.7238
vn -0.1346 -0.6767 0.7238
vn 0.3833 0.5737 0.7238
vn -0.3833 -0.5737 0.7238
vn 0.5737 0.3833 0.7238
vn -0.5737 -0.3833 0.7238
vn 0.6767 0.1346 0.7238
vn -0.6767 0.1346 0.7238
vn -0.6767 -0.1346 0.7238
vn 0.6767 -0.1346 0.7238
vn -0.5737 0.3833 0.7238
vn 0.5737 0.7238 0.3833
vn -0.3833 0.7238 -0.5737
vn 0.3833 0.7238 0.5737
vn -0.1346 0.7238 -0.6767
vn 0.1346 0.7238 0.6767
vn 0.1346 0.7238 -0.6767
vn -0.1346 0.7238 0.6767
vn 0.3833 0.7238 -0.5737
vn -0.3833 0.7238 0.5737
vn 0.5737 0.7238 -0.3833
vn -0.5737 0.7238 0.3833
vn 0.6767 0.7238 -0.1346
vn -0.6767 0.7238 -0.1346
vn -0.6767 0.7238 0.1346
vn 0.6767 0.7238 0.1346
vn -0.5737 0.7238 -0.3833
vn 0.5737 0.3833 -0.7238
vn -0.3833 -0.5737 -0.7238
vn 0.3833 0.5737 -0.7238
vn -0.1346 -0.6767 -0.7238
vn 0.1346 0.6767 -0.7238
vn 0.1346 -0.6767 -0.7238
vn -0.1346 0.6767 -0.7238
vn 0.3833 -0.5737 -0.7238
vn -0.3833 0.5737 -0.7238
vn 0.5737 -0.3833 -0.7238
vn -0.5737 0.3833 -0.7238
vn 0.6767 -0.1346 -0.7238
vn -0.6767 -0.1346 -0.7238
vn -0.6767 0.1346 -0.7238
vn 0.6767 0.1346 -0.7238
vn -0.5737 -0.3833 -0.7238
vn -0.0000 0.9808 -0.1951
vn -0.0000 0.8315 -0.5556
vn -0.0000 0.5556 -0.8315
vn -0.0000 0.1951 -0.9808
vn -0.0000 -0.1951 -0.9808
vn -0.0000 -0.5556 -0.8315
vn -0.0000 -0.8315 -0.5556
vn -0.0000 -0.9808 -0.1951
vn -0.0000 -0.9808 0.1951
vn -0.0000 -0.8315 0.5556
vn -0.0000 -0.5556 0.8315
vn -0.0000 -0.1951 0.9808
vn -0.0000 0.1951 0.9808
vn -0.0000 0.5556 0.8315
vn 1.0000 -0.0000 -0.0000
vn -0.0000 0.8315 0.5556
vn -0.0000 0.9808 0.1951
vn -1.0000 -0.0000 -0.0000
vn 0.7238 0.5737 -0.3833
vn 0.7238 -0.3833 0.5737
vn 0.7238 0.3833 -0.5737
vn 0.7238 -0.1346 0.6767
vn 0.7238 0.1346 -0.6767
vn 0.7238 0.1346 0.6767
vn 0.7238 -0.1346 -0.6767
vn 0.7238 0.3833 0.5737
vn 0.7238 -0.3833 -0.5737
vn 0.7238 0.5737 0.3833
vn 0.7238 -0.5737 -0.3833
vn 0.7238 0.6767 0.1346
vn 0.7238 -0.6767 0.1346
vn 0.7238 -0.6767 -0.1346
vn 0.7238 0.6767 -0.1346
vn 0.7238 -0.5737 0.3833
vn -0.7238 0.5737 0.3833
vn -0.7238 -0.3833 -0.5737
vn -0.7238 0.3833 0.5737
vn -0.7238 -0.1346 -0.6767
vn -0.7238 0.1346 0.6767
vn -0.7238 0.1346 -0.6767
vn -0.7238 -0.1346 0.6767
vn -0.7238 0.3833 -0.5737
vn -0.7238 -0.3833 0.5737
vn -0.7238 0.5737 -0.3833
vn -0.7238 -0.5737 0.3833
vn -0.7238 0.6767 -0.1346
vn -0.7238 -0.6767 -0.1346
vn -0.7238 -0.6767 0.1346
vn -0.7238 0.6767 0.1346
vn -0.7238 -0.5737 -0.3833
vn -0.0711 -0.0257 -0.9971
vn -0.4735 -0.7255 -0.4994
vn -0.0434 0.0597 -0.9973
vn 0.0434 0.0597 -0.9973
vn 0.0701 -0.0228 -0.9973
vn -0.4735 -0.7711 -0.4256
vn -0.8797 0.2121 -0.4256
vn -0.0702 0.9022 -0.4256
vn 0.8363 0.3455 -0.4256
vn 0.5870 -0.6887 -0.4256
vn -0.5437 -0.7483 -0.3800
vn -0.8797 0.2858 -0.3800
vn 0.8797 0.2858 -0.3800
vn 0.5437 -0.7483 -0.3800
vn -0.8096 -0.3086 0.4994
vn -0.5437 0.6746 0.4994
vn 0.4735 0.7255 0.4994
vn 0.8363 -0.2262 0.4994
vn 0.0434 -0.8653 0.4994
vn 0.0252 -0.0346 0.9991
vn 0.0318 -0.1696 0.9850
vn 0.0429 -0.3210 0.9461
vn 0.0378 -0.4663 0.8838
vn 0.0425 -0.5888 0.8072
vn 0.0429 -0.7027 0.7102
vn 0.0433 -0.7951 0.6049
vn 0.0759 -0.1045 0.9916
vn 0.1630 -0.0985 0.9817
vn 0.0829 -0.2399 0.9672
vn 0.1699 -0.2339 0.9573
vn 0.2026 -0.1530 0.9672
vn 0.2920 -0.1400 0.9461
vn 0.0879 -0.3829 0.9196
vn 0.1745 -0.3768 0.9097
vn 0.2147 -0.2955 0.9309
vn 0.3045 -0.2824 0.9097
vn 0.3370 -0.2020 0.9196
vn 0.4230 -0.1822 0.8876
vn 0.0898 -0.5236 0.8472
vn 0.1760 -0.5175 0.8374
vn 0.2215 -0.4416 0.8694
vn 0.3113 -0.4285 0.8482
vn 0.3515 -0.3472 0.8694
vn 0.4378 -0.3273 0.8374
vn 0.4702 -0.2472 0.8472
vn 0.5468 -0.2224 0.8072
vn 0.0879 -0.6513 0.7537
vn 0.1745 -0.6451 0.7439
vn 0.2215 -0.5801 0.7838
vn 0.3113 -0.5670 0.7626
vn 0.3568 -0.4911 0.7947
vn 0.4431 -0.4713 0.7626
vn 0.4833 -0.3900 0.7838
vn 0.5596 -0.3653 0.7439
vn 0.5922 -0.2849 0.7537
vn 0.6550 -0.2579 0.7102
vn 0.0829 -0.7578 0.6472
vn 0.1699 -0.7516 0.6373
vn 0.2147 -0.7005 0.6806
vn 0.3045 -0.6874 0.6594
vn 0.3515 -0.6224 0.6993
vn 0.4378 -0.6026 0.6673
vn 0.4833 -0.5267 0.6993
vn 0.5596 -0.5020 0.6594
vn 0.5999 -0.4206 0.6806
vn 0.6623 -0.3939 0.6373
vn 0.6951 -0.3130 0.6472
vn 0.7428 -0.2869 0.6049
vn 0.0628 -0.8435 0.5334
vn 0.1630 -0.8340 0.5271
vn 0.2026 -0.7967 0.5694
vn 0.2920 -0.7836 0.5483
vn 0.3370 -0.7322 0.5919
vn 0.4230 -0.7124 0.5599
vn 0.4702 -0.6472 0.6000
vn 0.5468 -0.6225 0.5599
vn 0.5922 -0.5468 0.5919
vn 0.6550 -0.5199 0.5483
vn 0.6951 -0.4388 0.5694
vn 0.7428 -0.4127 0.5271
vn 0.7756 -0.3318 0.5369
vn 0.8096 -0.3086 0.4994
vn 0.0702 0.0228 0.9973
vn 0.1897 -0.0161 0.9817
vn 0.3185 -0.0584 0.9461
vn 0.4493 -0.1013 0.8876
vn 0.5731 -0.1415 0.8072
vn 0.6815 -0.1763 0.7102
vn 0.7696 -0.2045 0.6049
vn 0.1228 0.0399 0.9916
vn 0.1440 0.1246 0.9817
vn 0.2538 0.0047 0.9672
vn 0.2749 0.0893 0.9573
vn 0.2081 0.1454 0.9672
vn 0.2234 0.2345 0.9461
vn 0.3913 -0.0347 0.9196
vn 0.4123 0.0495 0.9097
vn 0.3473 0.1129 0.9309
vn 0.3626 0.2023 0.9097
vn 0.2962 0.2581 0.9196
vn 0.3040 0.3460 0.8876
vn 0.5257 -0.0764 0.8472
vn 0.5466 0.0075 0.8374
vn 0.4885 0.0742 0.8694
vn 0.5037 0.1637 0.8482
vn 0.4388 0.2271 0.8694
vn 0.4466 0.3152 0.8374
vn 0.3804 0.3708 0.8472
vn 0.3805 0.4513 0.8072
vn 0.6466 -0.1176 0.7537
vn 0.6675 -0.0334 0.7439
vn 0.6202 0.0314 0.7838
vn 0.6355 0.1209 0.7626
vn 0.5773 0.1876 0.7947
vn 0.5852 0.2757 0.7626
vn 0.5202 0.3391 0.7838
vn 0.5203 0.4194 0.7439
vn 0.4539 0.4752 0.7537
vn 0.4477 0.5433 0.7102
vn 0.7463 -0.1553 0.6472
vn 0.7674 -0.0707 0.6373
vn 0.7326 -0.0123 0.6806
vn 0.7478 0.0772 0.6594
vn 0.7005 0.1420 0.6993
vn 0.7084 0.2302 0.6673
vn 0.6502 0.2969 0.6993
vn 0.6504 0.3771 0.6594
vn 0.5854 0.4406 0.6806
vn 0.5793 0.5082 0.6373
vn 0.5125 0.5644 0.6472
vn 0.5024 0.6178 0.6049
vn 0.8225 -0.1874 0.5369
vn 0.8436 -0.1027 0.5271
vn 0.8203 -0.0535 0.5694
vn 0.8355 0.0356 0.5483
vn 0.8005 0.0942 0.5919
vn 0.8083 0.1822 0.5599
vn 0.7608 0.2472 0.6000
vn 0.7610 0.3277 0.5599
vn 0.7030 0.3943 0.5919
vn 0.6968 0.4623 0.5483
vn 0.6322 0.5255 0.5694
vn 0.6221 0.5789 0.5271
vn 0.5553 0.6351 0.5369
vn 0.5437 0.6746 0.4994
vn 0.0740 0.1755 0.9817
vn 0.1530 0.2856 0.9461
vn 0.2352 0.3960 0.8876
vn 0.3117 0.5013 0.8072
vn 0.3783 0.5937 0.7102
vn 0.4323 0.6687 0.6049
vn -0.0740 0.1755 0.9817
vn 0.0740 0.2428 0.9672
vn -0.0767 0.2470 0.9660
vn -0.1530 0.2856 0.9461
vn 0.1539 0.3615 0.9196
vn 0.0804 0.4074 0.9097
vn -0.0804 0.4074 0.9097
vn -0.1539 0.3615 0.9196
vn -0.2352 0.3960 0.8876
vn 0.2351 0.4764 0.8472
vn 0.1506 0.5287 0.8353
vn 0.0920 0.5040 0.8588
vn -0.0803 0.4875 0.8694
vn -0.1618 0.5221 0.8374
vn -0.2351 0.4764 0.8472
vn -0.3117 0.5013 0.8072
vn 0.3116 0.5786 0.7537
vn 0.2381 0.6245 0.7439
vn 0.1558 0.5974 0.7866
vn 0.0814 0.6417 0.7626
vn -0.0814 0.6417 0.7626
vn -0.1618 0.5996 0.7838
vn -0.2381 0.6245 0.7439
vn -0.3116 0.5786 0.7537
vn -0.3783 0.5937 0.7102
vn 0.3784 0.6618 0.6472
vn 0.3043 0.7080 0.6373
vn 0.2381 0.6929 0.6806
vn 0.1548 0.7364 0.6585
vn 0.0814 0.7101 0.6993
vn -0.0863 0.7191 0.6896
vn -0.1487 0.7393 0.6567
vn -0.2381 0.6929 0.6806
vn -0.3043 0.7080 0.6373
vn -0.3784 0.6618 0.6472
vn -0.4323 0.6687 0.6049
vn 0.4324 0.7244 0.5369
vn 0.3584 0.7705 0.5271
vn 0.3044 0.7636 0.5694
vn 0.2244 0.8056 0.5483
vn 0.1523 0.7890 0.5953
vn 0.0765 0.8250 0.5599
vn -0.0765 0.8250 0.5599
vn -0.1527 0.7891 0.5950
vn -0.2244 0.8056 0.5483
vn -0.3044 0.7636 0.5694
vn -0.3584 0.7705 0.5271
vn -0.4324 0.7244 0.5369
vn -0.4735 0.7255 0.4994
vn -0.0711 0.0257 0.9971
vn -0.1440 0.1246 0.9817
vn -0.2234 0.2345 0.9461
vn -0.3040 0.3460 0.8876
vn -0.3805 0.4513 0.8072
vn -0.4477 0.5433 0.7102
vn -0.5024 0.6178 0.6049
vn -0.1228 0.0399 0.9916
vn -0.1897 -0.0161 0.9817
vn -0.2081 0.1454 0.9672
vn -0.2749 0.0893 0.9573
vn -0.2538 0.0047 0.9672
vn -0.3185 -0.0584 0.9461
vn -0.2962 0.2581 0.9196
vn -0.3626 0.2023 0.9097
vn -0.3473 0.1129 0.9309
vn -0.4123 0.0495 0.9097
vn -0.3913 -0.0347 0.9196
vn -0.4493 -0.1013 0.8876
vn -0.3804 0.3708 0.8472
vn -0.4466 0.3152 0.8374
vn -0.4388 0.2271 0.8694
vn -0.5037 0.1637 0.8482
vn -0.4885 0.0742 0.8694
vn -0.5466 0.0075 0.8374
vn -0.5257 -0.0764 0.8472
vn -0.5731 -0.1415 0.8072
vn -0.4539 0.4752 0.7537
vn -0.5203 0.4194 0.7439
vn -0.5202 0.3391 0.7838
vn -0.5852 0.2757 0.7626
vn -0.5773 0.1876 0.7947
vn -0.6355 0.1209 0.7626
vn -0.6202 0.0314 0.7838
vn -0.6675 -0.0334 0.7439
vn -0.6466 -0.1176 0.7537
vn -0.6815 -0.1763 0.7102
vn -0.5125 0.5644 0.6472
vn -0.5793 0.5082 0.6373
vn -0.5854 0.4406 0.6806
vn -0.6504 0.3771 0.6594
vn -0.6502 0.2969 0.6993
vn -0.7084 0.2302 0.6673
vn -0.7005 0.1420 0.6993
vn -0.7478 0.0772 0.6594
vn -0.7326 -0.0123 0.6806
vn -0.7674 -0.0707 0.6373
vn -0.7463 -0.1553 0.6472
vn -0.7696 -0.2045 0.6049
vn -0.5553 0.6351 0.5369
vn -0.6221 0.5789 0.5271
vn -0.6322 0.5255 0.5694
vn -0.6968 0.4623 0.5483
vn -0.7030 0.3943 0.5919
vn -0.7610 0.3277 0.5599
vn -0.7608 0.2472 0.6000
vn -0.8083 0.1822 0.5599
vn -0.8005 0.0942 0.5919
vn -0.8355 0.0356 0.5483
vn -0.8203 -0.0535 0.5694
vn -0.8436 -0.1027 0.5271
vn -0.8225 -0.1874 0.5369
vn -0.8363 -0.2262 0.4994
vn -0.0434 -0.0597 0.9973
vn -0.1630 -0.0985 0.9817
vn -0.2920 -0.1400 0.9461
vn -0.4230 -0.1822 0.8876
vn -0.5468 -0.2224 0.8072
vn -0.6550 -0.2579 0.7102
vn -0.7428 -0.2869 0.6049
vn -0.0759 -0.1045 0.9916
vn -0.0433 -0.1854 0.9817
vn -0.2026 -0.1530 0.9672
vn -0.1699 -0.2339 0.9573
vn -0.0829 -0.2399 0.9672
vn -0.0429 -0.3210 0.9461
vn -0.3370 -0.2020 0.9196
vn -0.3045 -0.2824 0.9097
vn -0.2147 -0.2955 0.9309
vn -0.1745 -0.3768 0.9097
vn -0.0879 -0.3829 0.9196
vn -0.0378 -0.4663 0.8838
vn -0.4702 -0.2472 0.8472
vn -0.4378 -0.3273 0.8374
vn -0.3515 -0.3472 0.8694
vn -0.3113 -0.4285 0.8482
vn -0.2215 -0.4416 0.8694
vn -0.1760 -0.5175 0.8374
vn -0.0898 -0.5236 0.8472
vn -0.0425 -0.5888 0.8072
vn -0.5922 -0.2849 0.7537
vn -0.5596 -0.3653 0.7439
vn -0.4833 -0.3900 0.7838
vn -0.4431 -0.4713 0.7626
vn -0.3568 -0.4911 0.7947
vn -0.3113 -0.5670 0.7626
vn -0.2215 -0.5801 0.7838
vn -0.1745 -0.6451 0.7439
vn -0.0879 -0.6513 0.7537
vn -0.0429 -0.7027 0.7102
vn -0.6951 -0.3130 0.6472
vn -0.6623 -0.3939 0.6373
vn -0.5999 -0.4206 0.6806
vn -0.5596 -0.5020 0.6594
vn -0.4833 -0.5267 0.6993
vn -0.4378 -0.6026 0.6673
vn -0.3515 -0.6224 0.6993
vn -0.3045 -0.6874 0.6594
vn -0.2147 -0.7005 0.6806
vn -0.1699 -0.7516 0.6373
vn -0.0625 -0.7645 0.6416
vn -0.0433 -0.7951 0.6049
vn -0.7756 -0.3318 0.5369
vn -0.7428 -0.4127 0.5271
vn -0.6951 -0.4388 0.5694
vn -0.6550 -0.5199 0.5483
vn -0.5922 -0.5468 0.5919
vn -0.5468 -0.6225 0.5599
vn -0.4702 -0.6472 0.6000
vn -0.4230 -0.7124 0.5599
vn -0.3370 -0.7322 0.5919
vn -0.2920 -0.7836 0.5483
vn -0.2026 -0.7967 0.5694
vn -0.1630 -0.8340 0.5271
vn -0.0759 -0.8402 0.5369
vn -0.0434 -0.8653 0.4994
vn 0.0702 -0.9022 0.4256
vn 0.1363 -0.9339 0.3305
vn 0.2234 -0.9511 0.2134
vn 0.2958 -0.9527 0.0699
vn 0.3805 -0.9238 -0.0427
vn 0.4477 -0.8782 -0.1683
vn 0.5024 -0.8173 -0.2821
vn 0.1228 -0.9048 0.4078
vn 0.1897 -0.8708 0.4535
vn 0.2081 -0.9301 0.3025
vn 0.2749 -0.8962 0.3482
vn 0.2538 -0.8672 0.4284
vn 0.3185 -0.8201 0.4753
vn 0.2962 -0.9379 0.1804
vn 0.3626 -0.9041 0.2259
vn 0.3473 -0.8831 0.3154
vn 0.4123 -0.8358 0.3626
vn 0.3913 -0.8070 0.4423
vn 0.4493 -0.7486 0.4875
vn 0.3804 -0.9236 0.0472
vn 0.4623 -0.8843 0.0651
vn 0.4388 -0.8792 0.1857
vn 0.5037 -0.8319 0.2329
vn 0.4885 -0.8108 0.3224
vn 0.5466 -0.7523 0.3678
vn 0.5257 -0.7236 0.4472
vn 0.5731 -0.6587 0.4875
vn 0.4539 -0.8867 -0.0879
vn 0.5203 -0.8529 -0.0424
vn 0.5202 -0.8527 0.0472
vn 0.5852 -0.8054 0.0944
vn 0.5773 -0.7947 0.1876
vn 0.6355 -0.7362 0.2329
vn 0.6202 -0.7151 0.3224
vn 0.6675 -0.6504 0.3626
vn 0.6466 -0.6216 0.4423
vn 0.6815 -0.5564 0.4754
vn 0.5125 -0.8312 -0.2154
vn 0.5793 -0.7973 -0.1696
vn 0.5854 -0.8058 -0.0897
vn 0.6504 -0.7584 -0.0424
vn 0.6502 -0.7583 0.0472
vn 0.7084 -0.6998 0.0925
vn 0.7005 -0.6890 0.1857
vn 0.7478 -0.6243 0.2259
vn 0.7326 -0.6032 0.3154
vn 0.7674 -0.5384 0.3482
vn 0.7464 -0.5094 0.4284
vn 0.7696 -0.4496 0.4535
vn 0.5553 -0.7643 -0.3279
vn 0.6221 -0.7304 -0.2821
vn 0.6322 -0.7443 -0.2154
vn 0.6968 -0.6972 -0.1683
vn 0.7030 -0.7057 -0.0879
vn 0.7680 -0.6393 -0.0368
vn 0.7647 -0.6429 0.0437
vn 0.8083 -0.5823 0.0874
vn 0.8005 -0.5716 0.1804
vn 0.8355 -0.5063 0.2134
vn 0.8203 -0.4853 0.3025
vn 0.8436 -0.4255 0.3276
vn 0.8225 -0.3964 0.4078
vn 0.8363 -0.3455 0.4256
vn 0.8797 -0.2121 0.4256
vn 0.9326 -0.1516 0.3276
vn 0.9736 -0.0815 0.2134
vn 0.9962 -0.0040 0.0874
vn 0.9955 0.0884 -0.0353
vn 0.9736 0.1544 -0.1683
vn 0.9326 0.2252 -0.2821
vn 0.8985 -0.1628 0.4078
vn 0.8869 -0.0886 0.4535
vn 0.9489 -0.0895 0.3025
vn 0.9373 -0.0155 0.3482
vn 0.9032 -0.0266 0.4284
vn 0.8784 0.0495 0.4754
vn 0.9836 -0.0081 0.1804
vn 0.9720 0.0655 0.2259
vn 0.9472 0.0574 0.3154
vn 0.9223 0.1339 0.3626
vn 0.8884 0.1228 0.4423
vn 0.8508 0.1960 0.4875
vn 0.9952 0.0886 0.0410
vn 0.9844 0.1497 0.0925
vn 0.9717 0.1456 0.1857
vn 0.9468 0.2220 0.2329
vn 0.9221 0.2140 0.3224
vn 0.8844 0.2874 0.3678
vn 0.8506 0.2764 0.4472
vn 0.8035 0.3415 0.4875
vn 0.9836 0.1577 -0.0879
vn 0.9720 0.2313 -0.0424
vn 0.9717 0.2313 0.0472
vn 0.9468 0.3076 0.0944
vn 0.9342 0.3035 0.1876
vn 0.8965 0.3769 0.2329
vn 0.8718 0.3689 0.3224
vn 0.8248 0.4338 0.3626
vn 0.7909 0.4228 0.4423
vn 0.7397 0.4763 0.4753
vn 0.9489 0.2306 -0.2154
vn 0.9373 0.3045 -0.1696
vn 0.9472 0.3078 -0.0897
vn 0.9223 0.3842 -0.0424
vn 0.9221 0.3841 0.0472
vn 0.8821 0.4643 0.0796
vn 0.8718 0.4533 0.1857
vn 0.8248 0.5183 0.2259
vn 0.8001 0.5103 0.3154
vn 0.7492 0.5634 0.3482
vn 0.7151 0.5524 0.4284
vn 0.6654 0.5930 0.4535
vn 0.8985 0.2919 -0.3279
vn 0.8869 0.3659 -0.2821
vn 0.9032 0.3712 -0.2154
vn 0.8784 0.4473 -0.1683
vn 0.8851 0.4604 -0.0683
vn 0.8508 0.5237 -0.0427
vn 0.8507 0.5236 0.0472
vn 0.8035 0.5888 0.0874
vn 0.7909 0.5847 0.1804
vn 0.7397 0.6382 0.2134
vn 0.7151 0.6302 0.3025
vn 0.6654 0.6708 0.3276
vn 0.6312 0.6598 0.4078
vn 0.5870 0.6887 0.4256
vn 0.4735 0.7711 0.4256
vn 0.4323 0.8401 0.3276
vn 0.3783 0.9007 0.2134
vn 0.2976 0.9527 0.0616
vn 0.2352 0.9710 -0.0427
vn 0.1467 0.9756 -0.1635
vn 0.0743 0.9551 -0.2868
vn 0.4324 0.8042 0.4078
vn 0.3584 0.8161 0.4535
vn 0.3784 0.8748 0.3025
vn 0.3043 0.8866 0.3482
vn 0.3044 0.8508 0.4284
vn 0.2244 0.8507 0.4753
vn 0.3116 0.9329 0.1804
vn 0.2381 0.9446 0.2259
vn 0.2381 0.9186 0.3154
vn 0.1528 0.9182 0.3653
vn 0.1551 0.8841 0.4409
vn 0.0765 0.8697 0.4875
vn 0.2351 0.9708 0.0472
vn 0.1488 0.9823 0.1138
vn 0.1417 0.9743 0.1750
vn 0.0814 0.9691 0.2329
vn 0.0644 0.9490 0.3085
vn -0.0814 0.8766 0.4742
vn 0.1539 0.9842 -0.0879
vn 0.0806 0.9956 -0.0483
vn 0.0803 0.9956 0.0472
vn -0.0814 0.9691 0.2329
vn -0.0814 0.9431 0.3224
vn -0.1523 0.9182 0.3656
vn -0.1478 0.8872 0.4371
vn -0.2244 0.8507 0.4753
vn 0.0695 0.9749 -0.2116
vn -0.0804 0.9959 -0.0424
vn -0.0803 0.9956 0.0472
vn -0.1618 0.9825 0.0925
vn -0.1618 0.9692 0.1857
vn -0.2381 0.9446 0.2259
vn -0.2381 0.9186 0.3154
vn -0.3043 0.8866 0.3482
vn -0.3044 0.8508 0.4284
vn -0.3584 0.8161 0.4535
vn -0.0739 0.9523 -0.2960
vn -0.0740 0.9737 -0.2154
vn -0.1540 0.9736 -0.1683
vn -0.1539 0.9842 -0.0879
vn -0.2352 0.9710 -0.0427
vn -0.2351 0.9708 0.0472
vn -0.3117 0.9462 0.0874
vn -0.3116 0.9329 0.1804
vn -0.3783 0.9007 0.2134
vn -0.3784 0.8748 0.3025
vn -0.4323 0.8401 0.3276
vn -0.4324 0.8042 0.4078
vn -0.4735 0.7711 0.4256
vn -0.5870 0.6887 0.4256
vn -0.6654 0.6708 0.3276
vn -0.7397 0.6382 0.2134
vn -0.8035 0.5888 0.0874
vn -0.8508 0.5237 -0.0427
vn -0.8784 0.4473 -0.1683
vn -0.8869 0.3659 -0.2821
vn -0.6312 0.6598 0.4078
vn -0.6654 0.5930 0.4535
vn -0.7151 0.6302 0.3025
vn -0.7492 0.5634 0.3482
vn -0.7151 0.5524 0.4284
vn -0.7397 0.4763 0.4753
vn -0.7909 0.5847 0.1804
vn -0.8248 0.5183 0.2259
vn -0.8001 0.5103 0.3154
vn -0.8248 0.4338 0.3626
vn -0.7909 0.4228 0.4423
vn -0.8035 0.3415 0.4875
vn -0.8507 0.5236 0.0472
vn -0.8844 0.4575 0.0925
vn -0.8718 0.4533 0.1857
vn -0.8965 0.3769 0.2329
vn -0.8718 0.3689 0.3224
vn -0.8844 0.2874 0.3678
vn -0.8506 0.2764 0.4472
vn -0.8508 0.1960 0.4875
vn -0.8884 0.4505 -0.0879
vn -0.9223 0.3842 -0.0424
vn -0.9221 0.3841 0.0472
vn -0.9468 0.3076 0.0944
vn -0.9342 0.3035 0.1876
vn -0.9468 0.2220 0.2329
vn -0.9221 0.2140 0.3224
vn -0.9223 0.1339 0.3626
vn -0.8884 0.1228 0.4423
vn -0.8784 0.0495 0.4753
vn -0.9032 0.3712 -0.2154
vn -0.9373 0.3045 -0.1696
vn -0.9472 0.3078 -0.0897
vn -0.9720 0.2313 -0.0424
vn -0.9717 0.2313 0.0472
vn -0.9844 0.1497 0.0925
vn -0.9717 0.1456 0.1857
vn -0.9720 0.0655 0.2259
vn -0.9472 0.0574 0.3154
vn -0.9373 -0.0155 0.3482
vn -0.9032 -0.0266 0.4284
vn -0.8869 -0.0886 0.4535
vn -0.8985 0.2919 -0.3279
vn -0.9326 0.2252 -0.2821
vn -0.9489 0.2306 -0.2154
vn -0.9736 0.1544 -0.1683
vn -0.9836 0.1577 -0.0879
vn -0.9962 0.0764 -0.0427
vn -0.9960 0.0764 0.0472
vn -0.9962 -0.0040 0.0874
vn -0.9836 -0.0081 0.1804
vn -0.9736 -0.0815 0.2134
vn -0.9489 -0.0895 0.3025
vn -0.9326 -0.1516 0.3276
vn -0.8985 -0.1628 0.4078
vn -0.8797 -0.2121 0.4256
vn -0.8363 -0.3455 0.4256
vn -0.8436 -0.4255 0.3276
vn -0.8355 -0.5063 0.2134
vn -0.8083 -0.5823 0.0874
vn -0.7610 -0.6473 -0.0427
vn -0.6968 -0.6972 -0.1683
vn -0.6221 -0.7304 -0.2821
vn -0.8225 -0.3964 0.4078
vn -0.7696 -0.4496 0.4535
vn -0.8203 -0.4853 0.3025
vn -0.7674 -0.5384 0.3482
vn -0.7464 -0.5094 0.4284
vn -0.6815 -0.5564 0.4754
vn -0.8005 -0.5716 0.1804
vn -0.7478 -0.6243 0.2259
vn -0.7326 -0.6032 0.3154
vn -0.6675 -0.6504 0.3626
vn -0.6466 -0.6216 0.4423
vn -0.5731 -0.6587 0.4875
vn -0.7647 -0.6429 0.0437
vn -0.7084 -0.6998 0.0925
vn -0.7005 -0.6890 0.1857
vn -0.6355 -0.7362 0.2329
vn -0.6202 -0.7151 0.3224
vn -0.5466 -0.7523 0.3678
vn -0.5257 -0.7236 0.4472
vn -0.4493 -0.7486 0.4875
vn -0.7030 -0.7057 -0.0879
vn -0.6504 -0.7584 -0.0424
vn -0.6436 -0.7642 0.0423
vn -0.5852 -0.8054 0.0944
vn -0.5773 -0.7947 0.1876
vn -0.5038 -0.8319 0.2329
vn -0.4885 -0.8108 0.3224
vn -0.4123 -0.8358 0.3626
vn -0.3913 -0.8070 0.4423
vn -0.3185 -0.8201 0.4753
vn -0.6322 -0.7443 -0.2154
vn -0.5793 -0.7973 -0.1696
vn -0.5854 -0.8058 -0.0897
vn -0.5203 -0.8529 -0.0424
vn -0.5202 -0.8527 0.0472
vn -0.4623 -0.8843 0.0651
vn -0.4388 -0.8792 0.1857
vn -0.3626 -0.9041 0.2259
vn -0.3473 -0.8831 0.3154
vn -0.2749 -0.8962 0.3482
vn -0.2538 -0.8672 0.4284
vn -0.1897 -0.8708 0.4535
vn -0.5553 -0.7643 -0.3279
vn -0.5024 -0.8173 -0.2821
vn -0.5125 -0.8312 -0.2154
vn -0.4477 -0.8782 -0.1683
vn -0.4654 -0.8827 -0.0651
vn -0.3805 -0.9238 -0.0427
vn -0.3804 -0.9236 0.0472
vn -0.2958 -0.9527 0.0699
vn -0.2962 -0.9379 0.1804
vn -0.2234 -0.9511 0.2134
vn -0.2081 -0.9301 0.3025
vn -0.1440 -0.9338 0.3276
vn -0.1169 -0.9074 0.4036
vn -0.0702 -0.9022 0.4256
vn 0.8797 -0.2858 0.3800
vn 0.8869 -0.3659 0.2821
vn 0.8784 -0.4473 0.1683
vn 0.8508 -0.5237 0.0427
vn 0.8035 -0.5888 -0.0874
vn 0.7397 -0.6382 -0.2134
vn 0.6654 -0.6708 -0.3276
vn 0.8985 -0.2919 0.3279
vn 0.9326 -0.2252 0.2821
vn 0.9032 -0.3712 0.2154
vn 0.9373 -0.3045 0.1696
vn 0.9489 -0.2306 0.2154
vn 0.9736 -0.1544 0.1683
vn 0.8884 -0.4505 0.0879
vn 0.9223 -0.3842 0.0424
vn 0.9523 -0.2975 0.0684
vn 0.9720 -0.2313 0.0424
vn 0.9836 -0.1577 0.0879
vn 0.9962 -0.0764 0.0427
vn 0.8506 -0.5236 -0.0472
vn 0.8844 -0.4575 -0.0925
vn 0.9221 -0.3841 -0.0472
vn 0.9521 -0.2968 -0.0740
vn 0.9717 -0.2313 -0.0472
vn 0.9844 -0.1497 -0.0925
vn 0.9952 -0.0886 -0.0410
vn 0.9962 0.0040 -0.0874
vn 0.7909 -0.5847 -0.1804
vn 0.8248 -0.5183 -0.2259
vn 0.8718 -0.4533 -0.1857
vn 0.8965 -0.3769 -0.2329
vn 0.9342 -0.3035 -0.1876
vn 0.9468 -0.2220 -0.2329
vn 0.9717 -0.1456 -0.1857
vn 0.9720 -0.0655 -0.2259
vn 0.9836 0.0081 -0.1804
vn 0.9736 0.0815 -0.2134
vn 0.7151 -0.6302 -0.3025
vn 0.7492 -0.5634 -0.3482
vn 0.8001 -0.5103 -0.3154
vn 0.8248 -0.4338 -0.3626
vn 0.8718 -0.3689 -0.3224
vn 0.8844 -0.2874 -0.3678
vn 0.9221 -0.2140 -0.3224
vn 0.9223 -0.1339 -0.3626
vn 0.9472 -0.0574 -0.3154
vn 0.9373 0.0155 -0.3482
vn 0.9489 0.0895 -0.3025
vn 0.9326 0.1516 -0.3276
vn 0.6312 -0.6598 -0.4078
vn 0.6654 -0.5930 -0.4535
vn 0.7151 -0.5524 -0.4284
vn 0.7397 -0.4763 -0.4754
vn 0.7909 -0.4228 -0.4423
vn 0.8035 -0.3415 -0.4875
vn 0.8506 -0.2764 -0.4472
vn 0.8508 -0.1960 -0.4875
vn 0.8884 -0.1228 -0.4423
vn 0.8784 -0.0495 -0.4754
vn 0.9032 0.0266 -0.4284
vn 0.8869 0.0886 -0.4535
vn 0.8985 0.1628 -0.4078
vn 0.8797 0.2121 -0.4256
vn 0.5437 0.7483 0.3800
vn 0.6221 0.7304 0.2821
vn 0.6968 0.6972 0.1683
vn 0.7610 0.6473 0.0427
vn 0.8083 0.5823 -0.0874
vn 0.8355 0.5063 -0.2134
vn 0.8436 0.4255 -0.3276
vn 0.5553 0.7643 0.3279
vn 0.5024 0.8173 0.2821
vn 0.6322 0.7443 0.2154
vn 0.5793 0.7973 0.1696
vn 0.5125 0.8312 0.2154
vn 0.4477 0.8782 0.1683
vn 0.7030 0.7057 0.0879
vn 0.6432 0.7649 0.0365
vn 0.5854 0.8058 0.0897
vn 0.5203 0.8529 0.0424
vn 0.4540 0.8867 0.0879
vn 0.3805 0.9238 0.0427
vn 0.7608 0.6472 -0.0472
vn 0.7084 0.6998 -0.0925
vn 0.6502 0.7583 -0.0472
vn 0.5852 0.8054 -0.0944
vn 0.5202 0.8527 -0.0472
vn 0.4466 0.8899 -0.0925
vn 0.3804 0.9236 -0.0472
vn 0.3040 0.9487 -0.0874
vn 0.8005 0.5716 -0.1804
vn 0.7478 0.6243 -0.2259
vn 0.7005 0.6890 -0.1857
vn 0.6355 0.7362 -0.2329
vn 0.5773 0.7947 -0.1876
vn 0.5038 0.8319 -0.2329
vn 0.4388 0.8792 -0.1857
vn 0.3626 0.9041 -0.2259
vn 0.2962 0.9379 -0.1804
vn 0.2234 0.9511 -0.2134
vn 0.8203 0.4853 -0.3025
vn 0.7674 0.5384 -0.3482
vn 0.7326 0.6032 -0.3154
vn 0.6675 0.6504 -0.3626
vn 0.6202 0.7151 -0.3224
vn 0.5466 0.7523 -0.3678
vn 0.4885 0.8108 -0.3224
vn 0.4123 0.8358 -0.3626
vn 0.3473 0.8831 -0.3154
vn 0.2749 0.8962 -0.3482
vn 0.2081 0.9301 -0.3025
vn 0.1440 0.9338 -0.3276
vn 0.8225 0.3964 -0.4078
vn 0.7696 0.4496 -0.4535
vn 0.7464 0.5094 -0.4284
vn 0.6815 0.5564 -0.4754
vn 0.6466 0.6216 -0.4423
vn 0.5731 0.6587 -0.4875
vn 0.5257 0.7236 -0.4472
vn 0.4493 0.7486 -0.4875
vn 0.3913 0.8070 -0.4423
vn 0.3185 0.8201 -0.4753
vn 0.2538 0.8672 -0.4284
vn 0.1897 0.8708 -0.4535
vn 0.1180 0.8973 -0.4254
vn 0.0702 0.9022 -0.4256
vn -0.5437 0.7483 0.3800
vn -0.5024 0.8173 0.2821
vn -0.4477 0.8782 0.1683
vn -0.3805 0.9238 0.0427
vn -0.3040 0.9487 -0.0874
vn -0.2234 0.9511 -0.2134
vn -0.1363 0.9339 -0.3305
vn -0.5553 0.7643 0.3279
vn -0.6221 0.7304 0.2821
vn -0.5125 0.8312 0.2154
vn -0.5793 0.7973 0.1696
vn -0.6322 0.7443 0.2154
vn -0.6968 0.6972 0.1683
vn -0.4540 0.8867 0.0879
vn -0.5203 0.8529 0.0424
vn -0.5854 0.8058 0.0897
vn -0.6432 0.7649 0.0365
vn -0.7030 0.7057 0.0879
vn -0.7680 0.6393 0.0368
vn -0.3804 0.9236 -0.0472
vn -0.4466 0.8899 -0.0925
vn -0.5202 0.8527 -0.0472
vn -0.5852 0.8054 -0.0944
vn -0.6502 0.7583 -0.0472
vn -0.7084 0.6998 -0.0925
vn -0.7608 0.6472 -0.0472
vn -0.8083 0.5823 -0.0874
vn -0.2962 0.9379 -0.1804
vn -0.3626 0.9041 -0.2259
vn -0.4388 0.8792 -0.1857
vn -0.5038 0.8319 -0.2329
vn -0.5773 0.7947 -0.1876
vn -0.6355 0.7362 -0.2329
vn -0.7005 0.6890 -0.1857
vn -0.7478 0.6243 -0.2259
vn -0.8005 0.5716 -0.1804
vn -0.8355 0.5063 -0.2134
vn -0.2081 0.9301 -0.3025
vn -0.2749 0.8962 -0.3482
vn -0.3473 0.8831 -0.3154
vn -0.4123 0.8358 -0.3626
vn -0.4885 0.8108 -0.3224
vn -0.5466 0.7523 -0.3678
vn -0.6202 0.7151 -0.3224
vn -0.6675 0.6504 -0.3626
vn -0.7326 0.6032 -0.3154
vn -0.7674 0.5384 -0.3482
vn -0.8203 0.4853 -0.3025
vn -0.8436 0.4255 -0.3276
vn -0.1228 0.9048 -0.4078
vn -0.1897 0.8708 -0.4535
vn -0.2538 0.8672 -0.4284
vn -0.3185 0.8201 -0.4753
vn -0.3913 0.8070 -0.4423
vn -0.4493 0.7486 -0.4875
vn -0.5257 0.7236 -0.4472
vn -0.5731 0.6587 -0.4875
vn -0.6466 0.6216 -0.4423
vn -0.6815 0.5564 -0.4754
vn -0.7464 0.5094 -0.4284
vn -0.7696 0.4496 -0.4535
vn -0.8225 0.3964 -0.4078
vn -0.8363 0.3455 -0.4256
vn -0.8797 -0.2858 0.3800
vn -0.9326 -0.2252 0.2821
vn -0.9736 -0.1544 0.1683
vn -0.9962 -0.0764 0.0427
vn -0.9962 0.0040 -0.0874
vn -0.9736 0.0815 -0.2134
vn -0.9326 0.1516 -0.3276
vn -0.8985 -0.2919 0.3279
vn -0.8869 -0.3659 0.2821
vn -0.9489 -0.2306 0.2154
vn -0.9373 -0.3045 0.1696
vn -0.9032 -0.3712 0.2154
vn -0.8784 -0.4473 0.1683
vn -0.9836 -0.1577 0.0879
vn -0.9720 -0.2313 0.0424
vn -0.9523 -0.2975 0.0684
vn -0.9223 -0.3842 0.0424
vn -0.8884 -0.4505 0.0879
vn -0.8508 -0.5237 0.0427
vn -0.9960 -0.0764 -0.0472
vn -0.9844 -0.1497 -0.0925
vn -0.9717 -0.2313 -0.0472
vn -0.9468 -0.3076 -0.0944
vn -0.9221 -0.3841 -0.0472
vn -0.8844 -0.4575 -0.0925
vn -0.8507 -0.5236 -0.0472
vn -0.8035 -0.5888 -0.0874
vn -0.9836 0.0081 -0.1804
vn -0.9720 -0.0655 -0.2259
vn -0.9717 -0.1456 -0.1857
vn -0.9468 -0.2220 -0.2329
vn -0.9342 -0.3035 -0.1876
vn -0.8965 -0.3769 -0.2329
vn -0.8718 -0.4533 -0.1857
vn -0.8248 -0.5183 -0.2259
vn -0.7909 -0.5847 -0.1804
vn -0.7397 -0.6382 -0.2134
vn -0.9489 0.0895 -0.3025
vn -0.9373 0.0155 -0.3482
vn -0.9472 -0.0574 -0.3154
vn -0.9223 -0.1339 -0.3626
vn -0.9221 -0.2140 -0.3224
vn -0.8844 -0.2874 -0.3678
vn -0.8718 -0.3689 -0.3224
vn -0.8248 -0.4338 -0.3626
vn -0.8001 -0.5103 -0.3154
vn -0.7492 -0.5634 -0.3482
vn -0.7151 -0.6302 -0.3025
vn -0.6654 -0.6708 -0.3276
vn -0.8985 0.1628 -0.4078
vn -0.8869 0.0886 -0.4535
vn -0.9032 0.0266 -0.4284
vn -0.8784 -0.0495 -0.4754
vn -0.8884 -0.1228 -0.4423
vn -0.8508 -0.1960 -0.4875
vn -0.8506 -0.2764 -0.4472
vn -0.8035 -0.3415 -0.4875
vn -0.7909 -0.4228 -0.4423
vn -0.7397 -0.4763 -0.4754
vn -0.7151 -0.5524 -0.4284
vn -0.6654 -0.5930 -0.4535
vn -0.6312 -0.6598 -0.4078
vn -0.5870 -0.6887 -0.4256
vn -0.0740 -0.9565 0.2821
vn -0.1540 -0.9736 0.1683
vn -0.2352 -0.9710 0.0427
vn -0.3117 -0.9462 -0.0874
vn -0.3783 -0.9007 -0.2134
vn -0.4323 -0.8401 -0.3276
vn 0.0749 -0.9521 0.2965
vn -0.0740 -0.9737 0.2154
vn 0.0692 -0.9761 0.2060
vn 0.1442 -0.9762 0.1619
vn -0.1539 -0.9842 0.0879
vn -0.0912 -0.9950 0.0408
vn 0.0913 -0.9950 0.0417
vn 0.1539 -0.9842 0.0879
vn 0.2352 -0.9710 0.0427
vn -0.2351 -0.9708 -0.0472
vn -0.1594 -0.9797 -0.1217
vn -0.0804 -0.9956 -0.0472
vn 0.0808 -0.9951 -0.0570
vn 0.1603 -0.9808 -0.1106
vn 0.2351 -0.9708 -0.0472
vn 0.2976 -0.9527 -0.0616
vn -0.3116 -0.9329 -0.1804
vn -0.2381 -0.9446 -0.2259
vn -0.1535 -0.9714 -0.1813
vn -0.0814 -0.9691 -0.2329
vn 0.0814 -0.9703 -0.2280
vn 0.1535 -0.9714 -0.1813
vn 0.2381 -0.9446 -0.2259
vn 0.3116 -0.9329 -0.1804
vn 0.3783 -0.9007 -0.2134
vn -0.3784 -0.8748 -0.3025
vn -0.3043 -0.8866 -0.3482
vn -0.2381 -0.9186 -0.3154
vn -0.1577 -0.9185 -0.3626
vn -0.0814 -0.9431 -0.3224
vn 0.1008 -0.9357 -0.3382
vn 0.1528 -0.9182 -0.3653
vn 0.2381 -0.9186 -0.3154
vn 0.3043 -0.8866 -0.3482
vn 0.3784 -0.8748 -0.3025
vn 0.4323 -0.8401 -0.3276
vn -0.4324 -0.8042 -0.4078
vn -0.3584 -0.8161 -0.4535
vn -0.3044 -0.8508 -0.4284
vn -0.2244 -0.8507 -0.4753
vn -0.1577 -0.8829 -0.4423
vn -0.0765 -0.8697 -0.4875
vn 0.0765 -0.8697 -0.4875
vn 0.1551 -0.8841 -0.4409
vn 0.2244 -0.8507 -0.4753
vn 0.3044 -0.8508 -0.4284
vn 0.3584 -0.8161 -0.4535
vn 0.4324 -0.8042 -0.4078
vn 0.4735 -0.7711 -0.4256
vn 0.5437 -0.6746 -0.4994
vn 0.5024 -0.6178 -0.6049
vn 0.4477 -0.5433 -0.7102
vn 0.3805 -0.4513 -0.8072
vn 0.3040 -0.3460 -0.8876
vn 0.2234 -0.2345 -0.9461
vn 0.1440 -0.1246 -0.9817
vn 0.5553 -0.6351 -0.5369
vn 0.6221 -0.5789 -0.5271
vn 0.5125 -0.5644 -0.6472
vn 0.5793 -0.5082 -0.6373
vn 0.6322 -0.5255 -0.5694
vn 0.6968 -0.4623 -0.5483
vn 0.4539 -0.4752 -0.7537
vn 0.5203 -0.4194 -0.7439
vn 0.5854 -0.4405 -0.6806
vn 0.6504 -0.3771 -0.6594
vn 0.7030 -0.3943 -0.5919
vn 0.7610 -0.3277 -0.5599
vn 0.3804 -0.3708 -0.8472
vn 0.4466 -0.3152 -0.8374
vn 0.5202 -0.3391 -0.7838
vn 0.5852 -0.2757 -0.7626
vn 0.6502 -0.2969 -0.6993
vn 0.7084 -0.2302 -0.6673
vn 0.7608 -0.2472 -0.6000
vn 0.8083 -0.1822 -0.5599
vn 0.2962 -0.2581 -0.9196
vn 0.3626 -0.2023 -0.9097
vn 0.4388 -0.2271 -0.8694
vn 0.5037 -0.1637 -0.8482
vn 0.5773 -0.1876 -0.7947
vn 0.6355 -0.1209 -0.7626
vn 0.7005 -0.1420 -0.6993
vn 0.7478 -0.0772 -0.6594
vn 0.8005 -0.0942 -0.5919
vn 0.8355 -0.0356 -0.5483
vn 0.2081 -0.1454 -0.9672
vn 0.2749 -0.0893 -0.9573
vn 0.3473 -0.1129 -0.9309
vn 0.4123 -0.0495 -0.9097
vn 0.4885 -0.0742 -0.8694
vn 0.5466 -0.0075 -0.8374
vn 0.6202 -0.0314 -0.7838
vn 0.6675 0.0334 -0.7439
vn 0.7326 0.0123 -0.6806
vn 0.7674 0.0707 -0.6373
vn 0.8203 0.0535 -0.5694
vn 0.8436 0.1027 -0.5271
vn 0.1228 -0.0399 -0.9916
vn 0.1897 0.0161 -0.9817
vn 0.2538 -0.0047 -0.9672
vn 0.3185 0.0584 -0.9461
vn 0.3913 0.0347 -0.9196
vn 0.4493 0.1013 -0.8876
vn 0.5257 0.0764 -0.8472
vn 0.5731 0.1415 -0.8072
vn 0.6466 0.1176 -0.7537
vn 0.6815 0.1763 -0.7102
vn 0.7464 0.1553 -0.6472
vn 0.7696 0.2045 -0.6049
vn 0.8225 0.1874 -0.5369
vn 0.8363 0.2262 -0.4994
vn 0.8096 0.3086 -0.4994
vn 0.7428 0.2869 -0.6049
vn 0.6550 0.2579 -0.7102
vn 0.5468 0.2224 -0.8072
vn 0.4230 0.1822 -0.8876
vn 0.2920 0.1400 -0.9461
vn 0.1630 0.0985 -0.9817
vn 0.7756 0.3318 -0.5369
vn 0.7428 0.4127 -0.5271
vn 0.6951 0.3130 -0.6472
vn 0.6623 0.3939 -0.6373
vn 0.6951 0.4389 -0.5694
vn 0.6550 0.5199 -0.5483
vn 0.5922 0.2849 -0.7537
vn 0.5596 0.3653 -0.7439
vn 0.5999 0.4206 -0.6806
vn 0.5596 0.5020 -0.6594
vn 0.5922 0.5468 -0.5919
vn 0.5468 0.6225 -0.5599
vn 0.4702 0.2472 -0.8472
vn 0.4378 0.3273 -0.8374
vn 0.4833 0.3900 -0.7838
vn 0.4431 0.4713 -0.7626
vn 0.4833 0.5267 -0.6993
vn 0.4378 0.6026 -0.6673
vn 0.4702 0.6472 -0.6000
vn 0.4230 0.7124 -0.5599
vn 0.3370 0.2020 -0.9196
vn 0.3045 0.2824 -0.9097
vn 0.3515 0.3472 -0.8694
vn 0.3113 0.4285 -0.8482
vn 0.3568 0.4911 -0.7947
vn 0.3113 0.5670 -0.7626
vn 0.3515 0.6224 -0.6993
vn 0.3045 0.6874 -0.6594
vn 0.3370 0.7322 -0.5919
vn 0.2920 0.7836 -0.5483
vn 0.2026 0.1530 -0.9672
vn 0.1699 0.2339 -0.9573
vn 0.2147 0.2955 -0.9309
vn 0.1745 0.3768 -0.9097
vn 0.2215 0.4416 -0.8694
vn 0.1760 0.5175 -0.8374
vn 0.2215 0.5801 -0.7838
vn 0.1745 0.6451 -0.7439
vn 0.2147 0.7005 -0.6806
vn 0.1699 0.7516 -0.6373
vn 0.2026 0.7967 -0.5694
vn 0.1630 0.8340 -0.5271
vn 0.0759 0.1045 -0.9916
vn 0.0433 0.1854 -0.9817
vn 0.0829 0.2399 -0.9672
vn 0.0429 0.3210 -0.9461
vn 0.0880 0.3829 -0.9196
vn 0.0425 0.4586 -0.8876
vn 0.0898 0.5236 -0.8472
vn 0.0425 0.5888 -0.8072
vn 0.0879 0.6513 -0.7537
vn 0.0429 0.7027 -0.7102
vn 0.0625 0.7645 -0.6416
vn 0.0433 0.7951 -0.6049
vn 0.0628 0.8435 -0.5334
vn 0.0434 0.8653 -0.4994
vn -0.0434 0.8653 -0.4994
vn -0.0433 0.7951 -0.6049
vn -0.0429 0.7027 -0.7102
vn -0.0425 0.5888 -0.8072
vn -0.0425 0.4586 -0.8876
vn -0.0429 0.3210 -0.9461
vn -0.0318 0.1696 -0.9850
vn -0.0759 0.8402 -0.5369
vn -0.1630 0.8340 -0.5271
vn -0.0829 0.7578 -0.6472
vn -0.1699 0.7516 -0.6373
vn -0.2026 0.7967 -0.5694
vn -0.2920 0.7836 -0.5483
vn -0.0879 0.6513 -0.7537
vn -0.1745 0.6451 -0.7439
vn -0.2147 0.7005 -0.6806
vn -0.3045 0.6874 -0.6594
vn -0.3370 0.7322 -0.5919
vn -0.4230 0.7124 -0.5599
vn -0.0898 0.5236 -0.8472
vn -0.1760 0.5175 -0.8374
vn -0.2215 0.5801 -0.7838
vn -0.3113 0.5670 -0.7626
vn -0.3515 0.6224 -0.6993
vn -0.4378 0.6026 -0.6673
vn -0.4702 0.6472 -0.6000
vn -0.5468 0.6225 -0.5599
vn -0.0879 0.3829 -0.9196
vn -0.1745 0.3768 -0.9097
vn -0.2215 0.4416 -0.8694
vn -0.3113 0.4285 -0.8482
vn -0.3568 0.4911 -0.7947
vn -0.4431 0.4713 -0.7626
vn -0.4833 0.5267 -0.6993
vn -0.5596 0.5020 -0.6594
vn -0.5922 0.5468 -0.5919
vn -0.6550 0.5199 -0.5483
vn -0.0829 0.2399 -0.9672
vn -0.1699 0.2339 -0.9573
vn -0.2147 0.2955 -0.9309
vn -0.3045 0.2824 -0.9097
vn -0.3515 0.3472 -0.8694
vn -0.4378 0.3273 -0.8374
vn -0.4833 0.3900 -0.7838
vn -0.5596 0.3653 -0.7439
vn -0.5999 0.4206 -0.6806
vn -0.6623 0.3939 -0.6373
vn -0.6951 0.4389 -0.5694
vn -0.7428 0.4127 -0.5271
vn -0.0759 0.1045 -0.9916
vn -0.1630 0.0985 -0.9817
vn -0.2026 0.1530 -0.9672
vn -0.2920 0.1400 -0.9461
vn -0.3370 0.2020 -0.9196
vn -0.4230 0.1822 -0.8876
vn -0.4702 0.2472 -0.8472
vn -0.5468 0.2224 -0.8072
vn -0.5922 0.2849 -0.7537
vn -0.6550 0.2579 -0.7102
vn -0.6951 0.3130 -0.6472
vn -0.7428 0.2869 -0.6049
vn -0.7756 0.3318 -0.5369
vn -0.8096 0.3086 -0.4994
vn 0.4735 -0.7255 -0.4994
vn 0.3584 -0.7705 -0.5271
vn 0.2244 -0.8056 -0.5483
vn 0.0765 -0.8250 -0.5599
vn -0.0765 -0.8250 -0.5599
vn -0.2244 -0.8056 -0.5483
vn -0.3584 -0.7705 -0.5271
vn 0.4324 -0.7244 -0.5369
vn 0.4323 -0.6687 -0.6049
vn 0.3044 -0.7636 -0.5694
vn 0.3043 -0.7080 -0.6373
vn 0.3784 -0.6618 -0.6472
vn 0.3783 -0.5937 -0.7102
vn 0.1523 -0.7890 -0.5953
vn 0.1548 -0.7364 -0.6585
vn 0.2381 -0.6929 -0.6806
vn 0.2381 -0.6245 -0.7439
vn 0.3116 -0.5786 -0.7537
vn 0.3117 -0.5013 -0.8072
vn 0.0814 -0.7101 -0.6993
vn 0.1002 -0.6250 -0.7742
vn 0.1534 -0.5966 -0.7878
vn 0.1574 -0.5247 -0.8366
vn 0.2351 -0.4764 -0.8472
vn 0.2352 -0.3960 -0.8876
vn -0.1577 -0.7904 -0.5919
vn -0.1577 -0.7351 -0.6594
vn -0.0814 -0.7101 -0.6993
vn -0.0814 -0.6417 -0.7626
vn 0.0803 -0.4875 -0.8694
vn 0.0804 -0.4074 -0.9097
vn 0.1539 -0.3615 -0.9196
vn 0.1530 -0.2856 -0.9461
vn -0.3044 -0.7636 -0.5694
vn -0.3043 -0.7080 -0.6373
vn -0.2381 -0.6929 -0.6806
vn -0.2381 -0.6245 -0.7439
vn -0.1618 -0.5996 -0.7838
vn -0.1618 -0.5222 -0.8374
vn -0.0803 -0.4875 -0.8694
vn -0.0804 -0.4074 -0.9097
vn 0.0740 -0.2428 -0.9672
vn 0.0740 -0.1755 -0.9817
vn -0.4324 -0.7244 -0.5369
vn -0.4323 -0.6687 -0.6049
vn -0.3784 -0.6618 -0.6472
vn -0.3783 -0.5937 -0.7102
vn -0.3116 -0.5786 -0.7537
vn -0.3117 -0.5013 -0.8072
vn -0.2351 -0.4764 -0.8472
vn -0.2352 -0.3960 -0.8876
vn -0.1528 -0.3610 -0.9200
vn -0.1540 -0.2849 -0.9461
vn -0.0740 -0.2428 -0.9672
vn -0.0740 -0.1755 -0.9817
vn -0.8363 0.2262 -0.4994
vn -0.7696 0.2045 -0.6049
vn -0.6815 0.1763 -0.7102
vn -0.5731 0.1415 -0.8072
vn -0.4493 0.1013 -0.8876
vn -0.3185 0.0584 -0.9461
vn -0.1897 0.0161 -0.9817
vn -0.8225 0.1874 -0.5369
vn -0.8436 0.1027 -0.5271
vn -0.7463 0.1553 -0.6472
vn -0.7674 0.0707 -0.6373
vn -0.8203 0.0535 -0.5694
vn -0.8355 -0.0356 -0.5483
vn -0.6466 0.1176 -0.7537
vn -0.6675 0.0334 -0.7439
vn -0.7326 0.0123 -0.6806
vn -0.7478 -0.0772 -0.6594
vn -0.8005 -0.0942 -0.5919
vn -0.8083 -0.1822 -0.5599
vn -0.5257 0.0764 -0.8472
vn -0.5466 -0.0075 -0.8374
vn -0.6202 -0.0314 -0.7838
vn -0.6355 -0.1209 -0.7626
vn -0.7005 -0.1420 -0.6993
vn -0.7084 -0.2302 -0.6673
vn -0.7608 -0.2472 -0.6000
vn -0.7610 -0.3277 -0.5599
vn -0.3913 0.0347 -0.9196
vn -0.4123 -0.0495 -0.9097
vn -0.4885 -0.0742 -0.8694
vn -0.5037 -0.1637 -0.8482
vn -0.5773 -0.1876 -0.7947
vn -0.5852 -0.2757 -0.7626
vn -0.6502 -0.2969 -0.6993
vn -0.6504 -0.3771 -0.6594
vn -0.7030 -0.3943 -0.5919
vn -0.6968 -0.4623 -0.5483
vn -0.2538 -0.0047 -0.9672
vn -0.2749 -0.0893 -0.9573
vn -0.3473 -0.1129 -0.9309
vn -0.3626 -0.2023 -0.9097
vn -0.4388 -0.2271 -0.8694
vn -0.4466 -0.3152 -0.8374
vn -0.5202 -0.3391 -0.7838
vn -0.5203 -0.4194 -0.7439
vn -0.5854 -0.4406 -0.6806
vn -0.5793 -0.5082 -0.6373
vn -0.6322 -0.5255 -0.5694
vn -0.6221 -0.5789 -0.5271
vn -0.1228 -0.0399 -0.9916
vn -0.1440 -0.1246 -0.9817
vn -0.2081 -0.1454 -0.9672
vn -0.2234 -0.2345 -0.9461
vn -0.2962 -0.2581 -0.9196
vn -0.3040 -0.3460 -0.8876
vn -0.3804 -0.3708 -0.8472
vn -0.3805 -0.4513 -0.8072
vn -0.4539 -0.4752 -0.7537
vn -0.4477 -0.5433 -0.7102
vn -0.5125 -0.5644 -0.6472
vn -0.5024 -0.6178 -0.6049
vn -0.5553 -0.6351 -0.5369
vn -0.5437 -0.6746 -0.4994
vn 0.2583 -0.9640 0.0632
vn -0.2583 -0.9640 0.0632
vn 0.2425 -0.9532 0.1804
vn -0.2481 -0.9512 0.1836
vn 0.2583 -0.8664 0.4273
vn -0.2583 -0.8664 0.4273
vn 0.2583 -0.8033 0.5367
vn -0.2583 -0.8033 0.5367
vn 0.2583 -0.7263 0.6370
vn -0.2583 -0.7263 0.6370
vn 0.2583 -0.6370 0.7263
vn -0.2583 -0.6370 0.7263
vn 0.2583 -0.5367 0.8033
vn -0.2583 -0.5367 0.8033
vn 0.2583 -0.4273 0.8664
vn -0.2583 -0.4273 0.8664
vn 0.2583 -0.3105 0.9148
vn -0.2583 -0.3105 0.9148
vn 0.2583 -0.1885 0.9475
vn -0.2583 -0.1885 0.9475
vn 0.2583 -0.0632 0.9640
vn -0.2583 -0.0632 0.9640
vn 0.2583 0.0632 0.9640
vn -0.2583 0.0632 0.9640
vn 0.2583 0.1885 0.9475
vn -0.2583 0.1885 0.9475
vn 0.2583 0.3105 0.9148
vn 0.2583 0.4273 0.8664
vn -0.2583 0.4273 0.8664
vn 0.2478 0.5382 0.8055
vn 0.2583 0.6370 0.7263
vn -0.2583 0.6370 0.7263
vn 0.2583 0.7263 0.6370
vn -0.2583 0.7263 0.6370
vn 0.2583 0.8033 0.5367
vn -0.2583 0.8033 0.5367
vn 0.2583 0.8664 0.4273
vn -0.2583 0.8664 0.4273
vn 0.2304 0.9152 0.3306
vn -0.2583 0.9148 0.3105
vn 0.2218 0.9548 0.1976
vn -0.2583 0.9475 0.1885
vn 0.2227 0.9691 0.1057
vn -0.2583 0.9640 0.0632
vn 0.2583 0.9640 -0.0632
vn -0.2583 0.9640 -0.0632
vn 0.2425 0.9532 -0.1804
vn -0.2583 0.9475 -0.1885
vn 0.2499 0.9187 -0.3057
vn -0.2583 0.9148 -0.3105
vn 0.2455 0.8562 -0.4546
vn -0.2583 0.8664 -0.4273
vn 0.2583 0.8033 -0.5367
vn -0.2583 0.8033 -0.5367
vn 0.2583 0.7263 -0.6370
vn -0.2583 0.7263 -0.6370
vn 0.2583 0.6370 -0.7263
vn -0.2583 0.6370 -0.7263
vn 0.2408 0.5239 -0.8170
vn -0.2387 0.5617 -0.7921
vn 0.2583 0.4273 -0.8664
vn -0.2583 0.4273 -0.8664
vn 0.2583 0.3105 -0.9148
vn -0.2583 0.3105 -0.9148
vn 0.2583 0.1885 -0.9475
vn -0.2583 0.1885 -0.9475
vn 0.2583 0.0632 -0.9640
vn -0.2362 0.0908 -0.9674
vn 0.2583 -0.0632 -0.9640
vn -0.2583 -0.0632 -0.9640
vn 0.2583 -0.1885 -0.9475
vn -0.2583 -0.1885 -0.9475
vn 0.2583 -0.4273 -0.8664
vn -0.2583 -0.4273 -0.8664
vn 0.2580 -0.5213 -0.8135
vn -0.2583 -0.5367 -0.8033
vn 0.2583 -0.6370 -0.7263
vn -0.2583 -0.6370 -0.7263
vn 0.2501 -0.7279 -0.6384
vn -0.2583 -0.7263 -0.6370
vn 0.2583 -0.8033 -0.5367
vn -0.2583 -0.8033 -0.5367
vn 0.2504 -0.8683 -0.4282
vn -0.2583 -0.8664 -0.4273
vn 0.2583 -0.9148 -0.3105
vn -0.2583 -0.9148 -0.3105
vn -0.2262 -0.9510 -0.2107
vn 0.2583 -0.9640 -0.0632
vn 0.0632 -0.9640 -0.2583
vn 0.0632 -0.9640 0.2583
vn 0.1885 -0.9475 -0.2583
vn 0.1790 -0.9519 0.2486
vn 0.3105 -0.9148 -0.2583
vn 0.3105 -0.9148 0.2583
vn 0.4273 -0.8664 -0.2583
vn 0.4273 -0.8664 0.2583
vn 0.5571 -0.7952 -0.2394
vn 0.5181 -0.8217 0.2375
vn 0.6370 -0.7263 -0.2583
vn 0.6370 -0.7263 0.2583
vn 0.7263 -0.6370 -0.2583
vn 0.7263 -0.6370 0.2583
vn 0.8180 -0.5217 -0.2423
vn 0.8033 -0.5367 0.2583
vn 0.8664 -0.4273 -0.2583
vn 0.8664 -0.4273 0.2583
vn 0.9148 -0.3105 -0.2583
vn 0.9148 -0.3105 0.2583
vn 0.9574 -0.1650 -0.2370
vn 0.9475 -0.1885 0.2583
vn 0.9640 -0.0632 -0.2583
vn 0.9640 -0.0632 0.2583
vn 0.9640 0.0632 -0.2583
vn 0.9640 0.0632 0.2583
vn 0.9480 0.2103 -0.2389
vn 0.9475 0.1885 0.2583
vn 0.9148 0.3105 -0.2583
vn 0.9148 0.3105 0.2583
vn 0.8664 0.4273 -0.2583
vn 0.8664 0.4273 0.2583
vn 0.7925 0.5621 -0.2367
vn 0.8033 0.5367 0.2583
vn 0.7263 0.6370 -0.2583
vn 0.7263 0.6370 0.2583
vn 0.6370 0.7263 -0.2583
vn 0.6370 0.7263 0.2583
vn 0.5181 0.8217 -0.2375
vn 0.5571 0.7952 0.2394
vn 0.4273 0.8664 -0.2583
vn 0.4273 0.8664 0.2583
vn 0.3105 0.9148 -0.2583
vn 0.3105 0.9148 0.2583
vn 0.1790 0.9519 -0.2486
vn 0.2090 0.9473 0.2426
vn 0.0632 0.9640 -0.2583
vn 0.0632 0.9640 0.2583
vn -0.0632 0.9640 -0.2583
vn -0.0632 0.9640 0.2583
vn -0.1885 0.9475 -0.2583
vn -0.1715 0.9549 0.2422
vn -0.3105 0.9148 -0.2583
vn -0.3105 0.9148 0.2583
vn -0.4273 0.8664 -0.2583
vn -0.4273 0.8664 0.2583
vn -0.5367 0.8033 -0.2583
vn -0.5147 0.8251 0.2331
vn -0.6370 0.7263 -0.2583
vn -0.6370 0.7263 0.2583
vn -0.7263 0.6370 -0.2583
vn -0.7263 0.6370 0.2583
vn -0.8138 0.5266 -0.2457
vn -0.7987 0.5487 0.2470
vn -0.8664 0.4273 -0.2583
vn -0.8664 0.4273 0.2583
vn -0.9148 0.3105 -0.2583
vn -0.9148 0.3105 0.2583
vn -0.9594 0.1588 -0.2333
vn -0.9476 0.2107 0.2400
vn -0.9640 0.0632 -0.2583
vn -0.9640 0.0632 0.2583
vn -0.9640 -0.0632 -0.2583
vn -0.9640 -0.0632 0.2583
vn -0.9475 -0.1885 -0.2583
vn -0.9594 -0.1588 0.2333
vn -0.9148 -0.3105 -0.2583
vn -0.9148 -0.3105 0.2583
vn -0.8664 -0.4273 -0.2583
vn -0.8664 -0.4273 0.2583
vn -0.8033 -0.5367 -0.2583
vn -0.8138 -0.5266 0.2457
vn -0.7263 -0.6370 -0.2583
vn -0.7263 -0.6370 0.2583
vn -0.6370 -0.7263 -0.2583
vn -0.6370 -0.7263 0.2583
vn -0.5367 -0.8033 -0.2583
vn -0.5577 -0.7949 0.2389
vn -0.4273 -0.8664 -0.2583
vn -0.4273 -0.8664 0.2583
vn -0.3105 -0.9148 -0.2583
vn -0.3105 -0.9148 0.2583
vn -0.1885 -0.9475 -0.2583
vn -0.2202 -0.9467 0.2349
vn -0.0632 -0.9640 -0.2583
vn -0.0632 -0.9640 0.2583
vn -0.2583 -0.9640 -0.0632
vn 0.2583 -0.9148 0.3105
vn -0.2583 -0.9148 0.3105
vn -0.2583 0.3105 0.9148
vn -0.2583 0.5367 0.8033
vn 0.2583 -0.3105 -0.9148
vn -0.2583 -0.3105 -0.9148
vn 0.2583 -0.9475 -0.1885
vn 0.0880 -0.3829 0.9196
vn 0.0759 -0.8402 0.5369
vn 0.1262 0.0701 0.9895
vn -0.0865 0.1621 0.9830
vn 0.0767 0.2470 0.9660
vn -0.0740 0.2428 0.9672
vn 0.0803 0.4875 0.8694
vn -0.0814 0.7101 0.6993
vn 0.0992 0.8123 0.5748
vn -0.0880 -0.3829 0.9196
vn -0.0829 -0.7578 0.6472
vn 0.3040 -0.9487 0.0874
vn 0.4466 -0.8899 0.0925
vn 0.4540 -0.8867 -0.0879
vn 0.8844 0.4575 0.0925
vn 0.8884 0.4505 -0.0879
vn 0.3117 0.9462 0.0874
vn 0.1618 0.9825 0.0925
vn 0.2527 0.9617 0.1064
vn 0.1008 0.9357 0.3382
vn -0.0765 0.8697 0.4875
vn 0.1479 0.9841 -0.0984
vn -0.2976 0.9527 0.0616
vn -0.7084 -0.6997 0.0925
vn -0.4466 -0.8899 0.0925
vn -0.4540 -0.8867 -0.0879
vn -0.3040 -0.9487 0.0874
vn -0.1343 -0.9073 0.3985
vn 0.9472 -0.3078 0.0897
vn 0.9468 -0.3076 -0.0944
vn 0.1191 0.9065 -0.4051
vn -0.9472 -0.3078 0.0897
vn 0.1481 -0.9842 0.0967
vn -0.1466 -0.9839 -0.1017
vn -0.1534 -0.9811 -0.1183
vn 0.1535 -0.9833 -0.0976
vn 0.3117 -0.9462 -0.0874
vn 0.0814 -0.9431 -0.3224
vn 0.1262 -0.0701 -0.9895
vn 0.0879 0.3829 -0.9196
vn 0.0829 0.7578 -0.6472
vn 0.0759 0.8402 -0.5369
vn -0.0625 0.7645 -0.6416
vn -0.0880 0.3829 -0.9196
vn 0.0992 -0.8123 -0.5748
vn 0.0814 -0.6417 -0.7626
vn -0.0838 -0.4029 -0.9114
vn 0.0767 -0.2470 -0.9660
vn -0.0865 -0.1621 -0.9830
vn 0.2393 -0.9671 0.0867
vn 0.2583 -0.9475 0.1885
vn -0.2583 -0.9475 0.1885
vn 0.2455 -0.8562 0.4546
vn -0.2386 -0.8782 0.4145
vn -0.2402 -0.7873 0.5679
vn 0.2387 -0.5617 0.7921
vn -0.2387 -0.5617 0.7921
vn 0.2362 -0.0908 0.9674
vn 0.2280 0.0370 0.9730
vn 0.2580 0.5213 0.8135
vn 0.2581 0.5462 0.7969
vn 0.2303 0.7973 0.5579
vn 0.2583 0.9148 0.3105
vn 0.2322 0.9540 0.1898
vn -0.2472 0.9569 0.1526
vn 0.2583 0.9640 0.0632
vn 0.2393 0.9671 -0.0867
vn 0.2583 0.9475 -0.1885
vn 0.2583 0.9148 -0.3105
vn 0.2386 0.8782 -0.4145
vn 0.2583 0.8664 -0.4273
vn 0.2387 0.5617 -0.7921
vn 0.2583 0.5367 -0.8033
vn -0.2408 0.5239 -0.8170
vn -0.2583 0.5367 -0.8033
vn -0.2583 0.0632 -0.9640
vn 0.2280 -0.0370 -0.9730
vn -0.2293 -0.0329 -0.9728
vn 0.2581 -0.5462 -0.7969
vn 0.2478 -0.5382 -0.8055
vn 0.2578 -0.7106 -0.6546
vn 0.2582 -0.7309 -0.6318
vn 0.2579 -0.8565 -0.4471
vn 0.2582 -0.8694 -0.4213
vn -0.2583 -0.9475 -0.1885
vn 0.2472 -0.9569 -0.1526
vn 0.1885 -0.9475 0.2583
vn 0.5367 -0.8033 -0.2583
vn 0.5577 -0.7949 0.2389
vn 0.5367 -0.8033 0.2583
vn 0.8033 -0.5367 -0.2583
vn 0.8138 -0.5266 0.2457
vn 0.9475 -0.1885 -0.2583
vn 0.9475 0.1885 -0.2583
vn 0.9476 0.2107 0.2400
vn 0.8033 0.5367 -0.2583
vn 0.7987 0.5487 0.2470
vn 0.5367 0.8033 -0.2583
vn 0.5147 0.8251 0.2331
vn 0.5367 0.8033 0.2583
vn 0.1885 0.9475 -0.2583
vn 0.1715 0.9549 0.2422
vn 0.1885 0.9475 0.2583
vn -0.1790 0.9519 -0.2486
vn -0.2090 0.9473 0.2426
vn -0.1885 0.9475 0.2583
vn -0.5181 0.8217 -0.2375
vn -0.5571 0.7952 0.2394
vn -0.5367 0.8033 0.2583
vn -0.8033 0.5367 -0.2583
vn -0.8180 0.5217 0.2423
vn -0.8033 0.5367 0.2583
vn -0.9480 0.2103 -0.2389
vn -0.9475 0.1885 -0.2583
vn -0.9574 0.1650 0.2370
vn -0.9475 0.1885 0.2583
vn -0.9574 -0.1650 -0.2370
vn -0.9480 -0.2103 0.2389
vn -0.9475 -0.1885 0.2583
vn -0.8180 -0.5217 -0.2423
vn -0.7925 -0.5621 0.2367
vn -0.8033 -0.5367 0.2583
vn -0.5367 -0.8033 0.2583
vn -0.1790 -0.9519 0.2486
vn -0.1885 -0.9475 0.2583
vn -0.2444 -0.9664 -0.0799
vn 0.2500 -0.9192 0.3044
vn 0.2270 -0.9503 -0.2131
vt 0.656561 0.918250
vt 0.640477 0.789581
vt 0.656561 0.789581
vt 0.640477 0.918250
vt 0.624394 0.789581
vt 0.624394 0.918250
vt 0.608310 0.789581
vt 0.608310 0.918250
vt 0.592227 0.789581
vt 0.592227 0.918250
vt 0.576143 0.789581
vt 0.576143 0.918250
vt 0.560060 0.789581
vt 0.560060 0.918250
vt 0.543976 0.789581
vt 0.543976 0.918250
vt 0.527893 0.789581
vt 0.527893 0.918250
vt 0.511809 0.789581
vt 0.511809 0.918250
vt 0.495725 0.789581
vt 0.495725 0.918250
vt 0.479642 0.789581
vt 0.479642 0.918250
vt 0.463558 0.789581
vt 0.463558 0.918250
vt 0.447475 0.789581
vt 0.447475 0.918250
vt 0.431391 0.789581
vt 0.431391 0.918250
vt 0.415308 0.789581
vt 0.415308 0.918250
vt 0.399224 0.789581
vt 0.629269 0.535599
vt 0.548575 0.569023
vt 0.582000 0.649718
vt 0.399224 0.918250
vt 0.223763 0.271095
vt 0.136420 0.271095
vt 0.136420 0.183752
vt 0.662694 0.616293
vt 0.459304 0.113752
vt 0.454286 0.113752
vt 0.456353 0.112005
vt 0.480604 0.149207
vt 0.483528 0.144142
vt 0.486453 0.149207
vt 0.647288 0.113752
vt 0.645224 0.113752
vt 0.646236 0.111930
vt 0.595703 0.111930
vt 0.596715 0.113752
vt 0.594651 0.113752
vt 0.553711 0.113752
vt 0.548692 0.113752
vt 0.552659 0.111930
vt 0.483528 0.154272
vt 0.433816 0.149207
vt 0.439664 0.149207
vt 0.436740 0.154272
vt 0.626818 0.149207
vt 0.623994 0.153160
vt 0.624783 0.149207
vt 0.574181 0.149207
vt 0.580030 0.149207
vt 0.577105 0.154272
vt 0.527393 0.149207
vt 0.533241 0.149207
vt 0.530317 0.154272
vt 0.477680 0.154272
vt 0.430891 0.154272
vt 0.571257 0.154272
vt 0.524468 0.154272
vt 0.457210 0.189728
vt 0.463058 0.189728
vt 0.460134 0.194793
vt 0.410421 0.189728
vt 0.416270 0.189728
vt 0.413345 0.194793
vt 0.597575 0.189728
vt 0.603424 0.189728
vt 0.600500 0.194793
vt 0.550787 0.189728
vt 0.556635 0.189728
vt 0.553711 0.194793
vt 0.507812 0.189728
vt 0.509847 0.189728
vt 0.508359 0.191343
vt 0.528253 0.225183
vt 0.530317 0.225183
vt 0.529265 0.227005
vt 0.525040 0.220118
vt 0.527393 0.220118
vt 0.526175 0.222227
vt 0.521882 0.215053
vt 0.524468 0.215053
vt 0.523174 0.217294
vt 0.518722 0.209988
vt 0.521544 0.209988
vt 0.520231 0.212263
vt 0.515840 0.204923
vt 0.518620 0.204923
vt 0.517304 0.207202
vt 0.515696 0.199858
vt 0.513535 0.201143
vt 0.513146 0.199858
vt 0.510469 0.194793
vt 0.512771 0.194793
vt 0.511051 0.196490
vt 0.533241 0.220118
vt 0.523521 0.218316
vt 0.530317 0.215053
vt 0.536165 0.215053
vt 0.520863 0.213945
vt 0.527393 0.209988
vt 0.533241 0.209988
vt 0.539090 0.209988
vt 0.518404 0.209680
vt 0.524468 0.204923
vt 0.530317 0.204923
vt 0.536165 0.204923
vt 0.542014 0.204923
vt 0.514385 0.202128
vt 0.521544 0.199858
vt 0.527393 0.199858
vt 0.533241 0.199858
vt 0.539090 0.199858
vt 0.544938 0.199858
vt 0.511501 0.196994
vt 0.518620 0.194793
vt 0.524468 0.194793
vt 0.530317 0.194793
vt 0.536165 0.194793
vt 0.542014 0.194793
vt 0.547863 0.194793
vt 0.508690 0.191731
vt 0.515696 0.189728
vt 0.521544 0.189728
vt 0.527393 0.189728
vt 0.533241 0.189728
vt 0.539090 0.189728
vt 0.544938 0.189728
vt 0.572309 0.227005
vt 0.571257 0.225183
vt 0.576275 0.225183
vt 0.574181 0.220118
vt 0.568332 0.220118
vt 0.565408 0.215053
vt 0.571257 0.215053
vt 0.562484 0.209988
vt 0.568332 0.209988
vt 0.559560 0.204923
vt 0.565408 0.204923
vt 0.556635 0.199858
vt 0.562484 0.199858
vt 0.559560 0.194793
vt 0.576936 0.224890
vt 0.580030 0.220118
vt 0.577105 0.215053
vt 0.582954 0.215053
vt 0.574181 0.209988
vt 0.580030 0.209988
vt 0.585878 0.209988
vt 0.571257 0.204923
vt 0.577105 0.204923
vt 0.582954 0.204923
vt 0.588803 0.204923
vt 0.568332 0.199858
vt 0.574181 0.199858
vt 0.580030 0.199858
vt 0.585878 0.199858
vt 0.591727 0.199858
vt 0.565408 0.194793
vt 0.571257 0.194793
vt 0.577105 0.194793
vt 0.582954 0.194793
vt 0.588803 0.194793
vt 0.594651 0.194793
vt 0.562484 0.189728
vt 0.568332 0.189728
vt 0.574181 0.189728
vt 0.580030 0.189728
vt 0.585878 0.189728
vt 0.591727 0.189728
vt 0.618195 0.223613
vt 0.615121 0.220118
vt 0.618126 0.220118
vt 0.612197 0.215053
vt 0.617993 0.215144
vt 0.609272 0.209988
vt 0.615121 0.209988
vt 0.606348 0.204923
vt 0.612197 0.204923
vt 0.603424 0.199858
vt 0.609272 0.199858
vt 0.606348 0.194793
vt 0.626818 0.220118
vt 0.623744 0.223613
vt 0.623813 0.220118
vt 0.618518 0.217856
vt 0.623421 0.217856
vt 0.623946 0.215144
vt 0.629742 0.215053
vt 0.623949 0.215053
vt 0.617990 0.215053
vt 0.618632 0.212672
vt 0.618396 0.209988
vt 0.626818 0.209988
vt 0.623307 0.212672
vt 0.623543 0.209988
vt 0.623937 0.214979
vt 0.632667 0.209988
vt 0.618045 0.204923
vt 0.618760 0.207834
vt 0.618203 0.205196
vt 0.623179 0.207834
vt 0.623894 0.204923
vt 0.629742 0.204923
vt 0.635591 0.204923
vt 0.615121 0.199858
vt 0.618695 0.203156
vt 0.618475 0.199858
vt 0.623244 0.203156
vt 0.626818 0.199858
vt 0.623679 0.204551
vt 0.632667 0.199858
vt 0.638515 0.199858
vt 0.612197 0.194793
vt 0.618045 0.194793
vt 0.618748 0.198480
vt 0.618151 0.194977
vt 0.623191 0.198480
vt 0.623894 0.194793
vt 0.629742 0.194793
vt 0.635591 0.194793
vt 0.641439 0.194793
vt 0.609272 0.189728
vt 0.615121 0.189728
vt 0.618230 0.194473
vt 0.618305 0.189728
vt 0.623441 0.193644
vt 0.623635 0.189728
vt 0.626818 0.189728
vt 0.632667 0.189728
vt 0.638515 0.189728
vt 0.644364 0.189728
vt 0.431721 0.225183
vt 0.436740 0.225183
vt 0.434672 0.226930
vt 0.430673 0.224805
vt 0.427967 0.220118
vt 0.433816 0.220118
vt 0.425043 0.215053
vt 0.430891 0.215053
vt 0.422118 0.209988
vt 0.427967 0.209988
vt 0.419194 0.204923
vt 0.425043 0.204923
vt 0.416270 0.199858
vt 0.422118 0.199858
vt 0.419194 0.194793
vt 0.431060 0.224890
vt 0.439664 0.220118
vt 0.436740 0.215053
vt 0.442589 0.215053
vt 0.433816 0.209988
vt 0.439664 0.209988
vt 0.445513 0.209988
vt 0.430891 0.204923
vt 0.436740 0.204923
vt 0.442588 0.204923
vt 0.448437 0.204923
vt 0.427967 0.199858
vt 0.433816 0.199858
vt 0.439664 0.199858
vt 0.445513 0.199858
vt 0.451361 0.199858
vt 0.425043 0.194793
vt 0.430891 0.194793
vt 0.436740 0.194793
vt 0.442588 0.194793
vt 0.448437 0.194793
vt 0.454286 0.194793
vt 0.422118 0.189728
vt 0.427967 0.189728
vt 0.433816 0.189728
vt 0.439664 0.189728
vt 0.445513 0.189728
vt 0.451361 0.189728
vt 0.478732 0.227005
vt 0.477680 0.225183
vt 0.479744 0.225183
vt 0.474756 0.220118
vt 0.480604 0.220118
vt 0.471831 0.215053
vt 0.477680 0.215053
vt 0.468907 0.209988
vt 0.474756 0.209988
vt 0.465983 0.204923
vt 0.471831 0.204923
vt 0.463058 0.199858
vt 0.468907 0.199858
vt 0.465983 0.194793
vt 0.481562 0.222979
vt 0.481822 0.222227
vt 0.482957 0.220118
vt 0.483528 0.215053
vt 0.484822 0.217294
vt 0.486115 0.215053
vt 0.480604 0.209988
vt 0.486453 0.209988
vt 0.487134 0.213945
vt 0.487766 0.212263
vt 0.489275 0.209988
vt 0.477680 0.204923
vt 0.483528 0.204923
vt 0.489377 0.204923
vt 0.490693 0.207202
vt 0.492024 0.205479
vt 0.474756 0.199858
vt 0.480604 0.199858
vt 0.486453 0.199858
vt 0.492301 0.199858
vt 0.493612 0.202128
vt 0.492157 0.204923
vt 0.494461 0.201143
vt 0.494851 0.199858
vt 0.471831 0.194793
vt 0.477680 0.194793
vt 0.483528 0.194793
vt 0.489377 0.194793
vt 0.495226 0.194793
vt 0.496496 0.196994
vt 0.497528 0.194793
vt 0.468907 0.189728
vt 0.474756 0.189728
vt 0.480604 0.189728
vt 0.486453 0.189728
vt 0.492301 0.189728
vt 0.498150 0.189728
vt 0.499307 0.191731
vt 0.500185 0.189728
vt 0.507178 0.185105
vt 0.507168 0.184238
vt 0.509847 0.179598
vt 0.512771 0.184663
vt 0.512771 0.174533
vt 0.515696 0.179598
vt 0.517210 0.172091
vt 0.514188 0.172078
vt 0.518613 0.167014
vt 0.518620 0.164403
vt 0.519954 0.166714
vt 0.521544 0.159338
vt 0.524468 0.164403
vt 0.527393 0.159338
vt 0.507214 0.184663
vt 0.518620 0.184663
vt 0.518620 0.174533
vt 0.521544 0.179598
vt 0.524468 0.184663
vt 0.518827 0.171771
vt 0.524468 0.174533
vt 0.520067 0.172026
vt 0.522951 0.171904
vt 0.527393 0.179598
vt 0.530317 0.184663
vt 0.523022 0.166908
vt 0.525827 0.166757
vt 0.525927 0.172006
vt 0.523637 0.171708
vt 0.530317 0.174533
vt 0.528774 0.171860
vt 0.533241 0.179598
vt 0.536165 0.184663
vt 0.530317 0.164403
vt 0.528366 0.167040
vt 0.528870 0.166909
vt 0.531703 0.166803
vt 0.531799 0.171966
vt 0.533045 0.171747
vt 0.536165 0.174533
vt 0.539090 0.179598
vt 0.542014 0.184663
vt 0.533241 0.159338
vt 0.536165 0.164403
vt 0.534845 0.166690
vt 0.533181 0.167039
vt 0.537564 0.166825
vt 0.534742 0.172068
vt 0.537667 0.171932
vt 0.540697 0.172252
vt 0.542014 0.174533
vt 0.544938 0.179598
vt 0.547863 0.184663
vt 0.553711 0.184663
vt 0.556635 0.179598
vt 0.559560 0.184663
vt 0.562484 0.179598
vt 0.559560 0.174533
vt 0.560891 0.172226
vt 0.562597 0.171867
vt 0.564077 0.166709
vt 0.565408 0.164403
vt 0.566797 0.166808
vt 0.571257 0.164403
vt 0.568332 0.159338
vt 0.574181 0.159338
vt 0.565408 0.184663
vt 0.565408 0.174533
vt 0.568332 0.179598
vt 0.571257 0.184663
vt 0.566889 0.171969
vt 0.563986 0.172068
vt 0.571257 0.174533
vt 0.567580 0.171787
vt 0.569804 0.172017
vt 0.574181 0.179598
vt 0.577105 0.184663
vt 0.569894 0.166763
vt 0.572248 0.167059
vt 0.572799 0.171861
vt 0.575623 0.171965
vt 0.577105 0.174533
vt 0.580030 0.179598
vt 0.582954 0.184663
vt 0.577105 0.164403
vt 0.575720 0.166802
vt 0.572707 0.166914
vt 0.577060 0.167108
vt 0.576991 0.171675
vt 0.578571 0.171993
vt 0.582954 0.174533
vt 0.581437 0.171905
vt 0.585878 0.179598
vt 0.588803 0.184663
vt 0.580030 0.159338
vt 0.582954 0.164403
vt 0.578490 0.166802
vt 0.581550 0.166835
vt 0.584271 0.166683
vt 0.581749 0.171817
vt 0.584348 0.172118
vt 0.588803 0.174533
vt 0.587404 0.172110
vt 0.591727 0.179598
vt 0.594651 0.184663
vt 0.600500 0.184663
vt 0.603424 0.179598
vt 0.606348 0.184663
vt 0.609272 0.179598
vt 0.606348 0.174533
vt 0.612197 0.174533
vt 0.607695 0.172199
vt 0.610732 0.171995
vt 0.610780 0.166857
vt 0.612197 0.164403
vt 0.613502 0.166663
vt 0.618045 0.164403
vt 0.615121 0.159338
vt 0.618330 0.159338
vt 0.617800 0.154697
vt 0.612197 0.184663
vt 0.615121 0.179598
vt 0.618045 0.184663
vt 0.618598 0.188564
vt 0.618144 0.184833
vt 0.611411 0.171805
vt 0.613611 0.172083
vt 0.616485 0.171830
vt 0.618045 0.174533
vt 0.618344 0.175050
vt 0.618532 0.179598
vt 0.618247 0.184314
vt 0.623342 0.188564
vt 0.623894 0.184663
vt 0.616179 0.167028
vt 0.616584 0.166933
vt 0.618254 0.164764
vt 0.618415 0.166840
vt 0.618527 0.171927
vt 0.626818 0.179598
vt 0.623194 0.178813
vt 0.623894 0.174533
vt 0.623412 0.183557
vt 0.623407 0.179598
vt 0.629742 0.184663
vt 0.623894 0.164403
vt 0.625355 0.166933
vt 0.623524 0.166840
vt 0.623482 0.173819
vt 0.623412 0.171927
vt 0.625454 0.171830
vt 0.628328 0.172083
vt 0.629742 0.174533
vt 0.632667 0.179598
vt 0.635591 0.184663
vt 0.626818 0.159338
vt 0.623563 0.159105
vt 0.624139 0.154697
vt 0.623609 0.159338
vt 0.623731 0.164120
vt 0.629742 0.164403
vt 0.630746 0.166977
vt 0.628437 0.166663
vt 0.631207 0.171995
vt 0.634244 0.172199
vt 0.635591 0.174533
vt 0.638515 0.179598
vt 0.641439 0.184663
vt 0.413345 0.184663
vt 0.416270 0.179598
vt 0.419194 0.184663
vt 0.419194 0.174533
vt 0.422118 0.179598
vt 0.425043 0.174533
vt 0.421209 0.171935
vt 0.423649 0.172118
vt 0.423726 0.166683
vt 0.425043 0.164403
vt 0.426030 0.166964
vt 0.427967 0.159338
vt 0.430891 0.164403
vt 0.433816 0.159338
vt 0.425043 0.184663
vt 0.427967 0.179598
vt 0.430891 0.184663
vt 0.426560 0.171905
vt 0.429425 0.171993
vt 0.430891 0.174533
vt 0.433816 0.179598
vt 0.436740 0.184663
vt 0.429506 0.166802
vt 0.426447 0.166835
vt 0.430937 0.167108
vt 0.432276 0.166802
vt 0.431006 0.171675
vt 0.436740 0.174533
vt 0.432374 0.171965
vt 0.435198 0.171861
vt 0.439664 0.179598
vt 0.442588 0.184663
vt 0.436740 0.164403
vt 0.435290 0.166914
vt 0.438103 0.166763
vt 0.438192 0.172017
vt 0.435679 0.171720
vt 0.442588 0.174533
vt 0.441108 0.171969
vt 0.445513 0.179598
vt 0.448437 0.184663
vt 0.439664 0.159338
vt 0.442589 0.164403
vt 0.440604 0.166976
vt 0.441200 0.166808
vt 0.443920 0.166709
vt 0.444011 0.172068
vt 0.445400 0.171867
vt 0.448437 0.174533
vt 0.451361 0.179598
vt 0.454286 0.184663
vt 0.460134 0.184663
vt 0.463058 0.179598
vt 0.465983 0.184663
vt 0.465983 0.174533
vt 0.468907 0.179598
vt 0.471831 0.174533
vt 0.467299 0.172252
vt 0.470330 0.171932
vt 0.470432 0.166825
vt 0.471831 0.164403
vt 0.473152 0.166690
vt 0.474756 0.159338
vt 0.477680 0.164403
vt 0.480604 0.159338
vt 0.471831 0.184663
vt 0.474756 0.179598
vt 0.477680 0.184663
vt 0.473254 0.172068
vt 0.474952 0.171747
vt 0.477680 0.174533
vt 0.480604 0.179598
vt 0.483528 0.184663
vt 0.476294 0.166803
vt 0.474816 0.167039
vt 0.479127 0.166909
vt 0.479223 0.171860
vt 0.476198 0.171966
vt 0.482070 0.172006
vt 0.479679 0.171742
vt 0.483528 0.174533
vt 0.486453 0.179598
vt 0.489377 0.184663
vt 0.483528 0.164403
vt 0.482169 0.166757
vt 0.484429 0.167072
vt 0.485046 0.171904
vt 0.487930 0.172026
vt 0.489377 0.174533
vt 0.492301 0.179598
vt 0.495226 0.184663
vt 0.486453 0.159338
vt 0.489377 0.164403
vt 0.488042 0.166714
vt 0.484975 0.166908
vt 0.489384 0.167014
vt 0.489170 0.171771
vt 0.490787 0.172091
vt 0.495226 0.174533
vt 0.493809 0.172078
vt 0.498150 0.179598
vt 0.500783 0.184663
vt 0.500819 0.185105
vt 0.500974 0.185775
vt 0.550787 0.179598
vt 0.547863 0.174533
vt 0.543418 0.172100
vt 0.542014 0.164403
vt 0.539090 0.159338
vt 0.536165 0.154272
vt 0.553711 0.174533
vt 0.546478 0.172134
vt 0.547908 0.171828
vt 0.549248 0.172133
vt 0.552261 0.172021
vt 0.552719 0.171876
vt 0.555074 0.172172
vt 0.558171 0.172127
vt 0.543219 0.167118
vt 0.540620 0.166817
vt 0.546396 0.166942
vt 0.543531 0.167030
vt 0.547863 0.164403
vt 0.547977 0.167260
vt 0.549345 0.166970
vt 0.553711 0.164403
vt 0.552169 0.167074
vt 0.555164 0.166918
vt 0.557388 0.167148
vt 0.558079 0.166966
vt 0.559560 0.164403
vt 0.560982 0.166867
vt 0.562371 0.167069
vt 0.544938 0.159338
vt 0.550787 0.159338
vt 0.556635 0.159338
vt 0.562484 0.159338
vt 0.542014 0.154272
vt 0.547863 0.154272
vt 0.553711 0.154272
vt 0.559560 0.154272
vt 0.565408 0.154272
vt 0.539090 0.149207
vt 0.544938 0.149207
vt 0.550787 0.149207
vt 0.556635 0.149207
vt 0.562484 0.149207
vt 0.568332 0.149207
vt 0.597575 0.179598
vt 0.594651 0.174533
vt 0.590123 0.172245
vt 0.588803 0.164403
vt 0.585878 0.159338
vt 0.582954 0.154272
vt 0.600500 0.174533
vt 0.591787 0.171896
vt 0.593265 0.172132
vt 0.596098 0.172026
vt 0.596602 0.171895
vt 0.599141 0.172179
vt 0.601946 0.172028
vt 0.605014 0.172221
vt 0.606355 0.171921
vt 0.590226 0.166867
vt 0.587301 0.167003
vt 0.594651 0.164403
vt 0.593169 0.166969
vt 0.591923 0.167188
vt 0.596194 0.167075
vt 0.599041 0.166929
vt 0.600500 0.164403
vt 0.601331 0.167227
vt 0.604901 0.166909
vt 0.602017 0.167031
vt 0.606348 0.164403
vt 0.606141 0.167164
vt 0.607758 0.166844
vt 0.591727 0.159338
vt 0.597575 0.159338
vt 0.603424 0.159338
vt 0.609272 0.159338
vt 0.588803 0.154272
vt 0.594651 0.154272
vt 0.600500 0.154272
vt 0.606348 0.154272
vt 0.612197 0.154272
vt 0.585878 0.149207
vt 0.591727 0.149207
vt 0.597575 0.149207
vt 0.603424 0.149207
vt 0.609272 0.149207
vt 0.615121 0.149207
vt 0.617790 0.153830
vt 0.617754 0.154272
vt 0.617156 0.149207
vt 0.647288 0.184663
vt 0.644364 0.179598
vt 0.641439 0.174533
vt 0.635584 0.171921
vt 0.636926 0.172221
vt 0.634181 0.166844
vt 0.631159 0.166857
vt 0.632667 0.159338
vt 0.624185 0.154272
vt 0.629742 0.154272
vt 0.650212 0.179598
vt 0.647288 0.174533
vt 0.653137 0.174533
vt 0.639993 0.172028
vt 0.640539 0.171863
vt 0.642799 0.172179
vt 0.645841 0.172026
vt 0.648674 0.172132
vt 0.650152 0.171896
vt 0.654535 0.172110
vt 0.651816 0.172245
vt 0.635591 0.164403
vt 0.635798 0.167164
vt 0.637038 0.166909
vt 0.641439 0.164403
vt 0.639922 0.167031
vt 0.642898 0.166929
vt 0.647288 0.164403
vt 0.648770 0.166969
vt 0.645745 0.167075
vt 0.653137 0.164403
vt 0.651713 0.166867
vt 0.650016 0.167188
vt 0.654638 0.167003
vt 0.657668 0.166683
vt 0.638515 0.159338
vt 0.644364 0.159338
vt 0.650212 0.159338
vt 0.656061 0.159338
vt 0.658985 0.164403
vt 0.661909 0.159338
vt 0.635591 0.154272
vt 0.641439 0.154272
vt 0.647288 0.154272
vt 0.653137 0.154272
vt 0.658985 0.154272
vt 0.664834 0.154272
vt 0.624149 0.153830
vt 0.632667 0.149207
vt 0.638515 0.149207
vt 0.644364 0.149207
vt 0.650212 0.149207
vt 0.656061 0.149207
vt 0.661909 0.149207
vt 0.667758 0.149207
vt 0.457210 0.179598
vt 0.454286 0.174533
vt 0.449826 0.172127
vt 0.447106 0.172226
vt 0.448437 0.164403
vt 0.447014 0.166867
vt 0.445625 0.167069
vt 0.445513 0.159338
vt 0.442589 0.154272
vt 0.460134 0.174533
vt 0.452923 0.172172
vt 0.450422 0.171959
vt 0.455736 0.172021
vt 0.458749 0.172133
vt 0.460088 0.171828
vt 0.461519 0.172134
vt 0.464579 0.172100
vt 0.464996 0.171971
vt 0.449917 0.166966
vt 0.452833 0.166918
vt 0.454286 0.164403
vt 0.455347 0.167215
vt 0.458652 0.166970
vt 0.455828 0.167074
vt 0.460020 0.167260
vt 0.460134 0.164403
vt 0.461600 0.166942
vt 0.465983 0.164403
vt 0.464466 0.167030
vt 0.467377 0.166817
vt 0.469817 0.167000
vt 0.451361 0.159338
vt 0.457210 0.159338
vt 0.463058 0.159338
vt 0.468907 0.159338
vt 0.448437 0.154272
vt 0.454286 0.154272
vt 0.460134 0.154272
vt 0.465983 0.154272
vt 0.471831 0.154272
vt 0.445513 0.149207
vt 0.451361 0.149207
vt 0.457210 0.149207
vt 0.463058 0.149207
vt 0.468907 0.149207
vt 0.474756 0.149207
vt 0.500829 0.184238
vt 0.501405 0.179830
vt 0.501074 0.174533
vt 0.496530 0.172272
vt 0.494222 0.171958
vt 0.490724 0.166736
vt 0.495226 0.164403
vt 0.493761 0.166940
vt 0.492301 0.159338
vt 0.489377 0.154272
vt 0.506638 0.179598
vt 0.501359 0.179598
vt 0.501237 0.174815
vt 0.506923 0.174533
vt 0.499613 0.172002
vt 0.501444 0.172095
vt 0.508384 0.172002
vt 0.506714 0.174171
vt 0.506553 0.172095
vt 0.508789 0.171907
vt 0.511466 0.172272
vt 0.496640 0.166852
vt 0.501074 0.164403
vt 0.499297 0.167159
vt 0.499514 0.167105
vt 0.501486 0.165116
vt 0.501556 0.167008
vt 0.506923 0.164403
vt 0.508483 0.167105
vt 0.506441 0.167008
vt 0.511357 0.166852
vt 0.512771 0.164403
vt 0.513557 0.167130
vt 0.517273 0.166736
vt 0.514236 0.166940
vt 0.498150 0.159338
vt 0.501774 0.160122
vt 0.506624 0.163885
vt 0.506436 0.159338
vt 0.509847 0.159338
vt 0.515696 0.159338
vt 0.495226 0.154272
vt 0.501074 0.154272
vt 0.501556 0.155378
vt 0.501276 0.154622
vt 0.506441 0.155378
vt 0.506923 0.154272
vt 0.512771 0.154272
vt 0.518620 0.154272
vt 0.492301 0.149207
vt 0.498150 0.149207
vt 0.501626 0.150371
vt 0.501333 0.149207
vt 0.509847 0.149207
vt 0.506370 0.150371
vt 0.506663 0.149207
vt 0.515696 0.149207
vt 0.521544 0.149207
vt 0.530317 0.144142
vt 0.533241 0.139077
vt 0.536165 0.144142
vt 0.536165 0.134012
vt 0.539090 0.139077
vt 0.539090 0.128947
vt 0.542014 0.134012
vt 0.544938 0.128947
vt 0.542014 0.123882
vt 0.547863 0.123882
vt 0.544938 0.118817
vt 0.550787 0.118817
vt 0.548032 0.114045
vt 0.542014 0.144142
vt 0.544938 0.139077
vt 0.547863 0.144142
vt 0.547863 0.134012
vt 0.550787 0.139077
vt 0.553711 0.144142
vt 0.550787 0.128947
vt 0.553711 0.134012
vt 0.556635 0.139077
vt 0.559560 0.144142
vt 0.553711 0.123882
vt 0.556635 0.128947
vt 0.559560 0.134012
vt 0.562484 0.139077
vt 0.565408 0.144142
vt 0.556635 0.118817
vt 0.559560 0.123882
vt 0.562484 0.128947
vt 0.565408 0.134012
vt 0.568332 0.139077
vt 0.571257 0.144142
vt 0.577105 0.144142
vt 0.580030 0.139077
vt 0.582954 0.144142
vt 0.582954 0.134012
vt 0.585878 0.139077
vt 0.585878 0.128947
vt 0.588803 0.134012
vt 0.588803 0.123882
vt 0.591727 0.128947
vt 0.591727 0.118817
vt 0.594651 0.123882
vt 0.597575 0.118817
vt 0.588803 0.144142
vt 0.591727 0.139077
vt 0.594651 0.144142
vt 0.594651 0.134012
vt 0.597575 0.139077
vt 0.600500 0.144142
vt 0.597575 0.128947
vt 0.600500 0.134012
vt 0.603424 0.139077
vt 0.606348 0.144142
vt 0.600500 0.123882
vt 0.603424 0.128947
vt 0.606348 0.134012
vt 0.609272 0.139077
vt 0.612197 0.144142
vt 0.598793 0.116708
vt 0.599928 0.118817
vt 0.601447 0.120619
vt 0.603086 0.123882
vt 0.601794 0.121641
vt 0.604105 0.124990
vt 0.604737 0.126672
vt 0.606246 0.128947
vt 0.607664 0.131733
vt 0.606564 0.129255
vt 0.609128 0.134012
vt 0.610583 0.136807
vt 0.611433 0.137792
vt 0.611822 0.139077
vt 0.613467 0.141942
vt 0.613917 0.142445
vt 0.614499 0.144142
vt 0.616278 0.147204
vt 0.616609 0.147592
vt 0.625661 0.147204
vt 0.629742 0.144142
vt 0.627440 0.144142
vt 0.628472 0.141942
vt 0.632667 0.139077
vt 0.630506 0.137792
vt 0.631356 0.136807
vt 0.635591 0.134012
vt 0.632943 0.133456
vt 0.634275 0.131733
vt 0.637202 0.126672
vt 0.638515 0.128947
vt 0.635693 0.128947
vt 0.641439 0.123882
vt 0.638853 0.123882
vt 0.640145 0.121641
vt 0.644364 0.118817
vt 0.642011 0.118817
vt 0.643146 0.116708
vt 0.630117 0.139077
vt 0.635591 0.144142
vt 0.632811 0.134012
vt 0.638515 0.139077
vt 0.641439 0.144142
vt 0.641439 0.134012
vt 0.644364 0.139077
vt 0.647288 0.144142
vt 0.637834 0.124990
vt 0.644364 0.128947
vt 0.647288 0.134012
vt 0.650212 0.139077
vt 0.653137 0.144142
vt 0.640492 0.120619
vt 0.647288 0.123882
vt 0.650212 0.128947
vt 0.653137 0.134012
vt 0.656061 0.139077
vt 0.658985 0.144142
vt 0.643406 0.115956
vt 0.650212 0.118817
vt 0.653137 0.123882
vt 0.656061 0.128947
vt 0.658985 0.134012
vt 0.661909 0.139077
vt 0.664834 0.144142
vt 0.524468 0.144142
vt 0.518620 0.144142
vt 0.512771 0.144142
vt 0.506469 0.145291
vt 0.501527 0.145291
vt 0.501259 0.144462
vt 0.495226 0.144142
vt 0.489377 0.144142
vt 0.521544 0.139077
vt 0.515696 0.139077
vt 0.518620 0.134012
vt 0.506923 0.144142
vt 0.509847 0.139077
vt 0.512771 0.134012
vt 0.515696 0.128947
vt 0.506220 0.140455
vt 0.506493 0.139077
vt 0.506272 0.135779
vt 0.506923 0.134012
vt 0.509847 0.128947
vt 0.512771 0.123882
vt 0.501074 0.144142
vt 0.498150 0.139077
vt 0.501777 0.140455
vt 0.501504 0.139077
vt 0.501724 0.135779
vt 0.501289 0.134384
vt 0.506208 0.131101
vt 0.506572 0.128947
vt 0.506336 0.126263
vt 0.506966 0.123956
vt 0.506978 0.123882
vt 0.506975 0.123792
vt 0.509847 0.118817
vt 0.492301 0.139077
vt 0.495226 0.134012
vt 0.501074 0.134012
vt 0.498150 0.128947
vt 0.501789 0.131101
vt 0.501661 0.126263
vt 0.501425 0.128947
vt 0.506450 0.121079
vt 0.506842 0.118817
vt 0.506773 0.115322
vt 0.507141 0.114130
vt 0.486453 0.139077
vt 0.489377 0.134012
vt 0.492301 0.128947
vt 0.495226 0.123882
vt 0.501031 0.123956
vt 0.501019 0.123882
vt 0.498150 0.118817
vt 0.501547 0.121079
vt 0.501022 0.123792
vt 0.501224 0.115322
vt 0.501155 0.118817
vt 0.436740 0.144142
vt 0.439664 0.139077
vt 0.442589 0.144142
vt 0.442589 0.134012
vt 0.445513 0.139077
vt 0.445513 0.128947
vt 0.448437 0.134012
vt 0.448437 0.123882
vt 0.451361 0.128947
vt 0.451361 0.118817
vt 0.454286 0.123882
vt 0.457210 0.118817
vt 0.448437 0.144142
vt 0.451361 0.139077
vt 0.454286 0.144142
vt 0.454286 0.134012
vt 0.457210 0.139077
vt 0.460134 0.144142
vt 0.457210 0.128947
vt 0.460134 0.134012
vt 0.463058 0.139077
vt 0.465983 0.144142
vt 0.460134 0.123882
vt 0.463058 0.128947
vt 0.465983 0.134012
vt 0.468907 0.139077
vt 0.471831 0.144142
vt 0.459965 0.114045
vt 0.463058 0.118817
vt 0.460352 0.114130
vt 0.465983 0.123882
vt 0.468907 0.128947
vt 0.471831 0.134012
vt 0.474756 0.139077
vt 0.477680 0.144142
vt 0.470754 0.369422
vt 0.468236 0.360337
vt 0.465393 0.369422
vt 0.544451 0.108687
vt 0.541933 0.117772
vt 0.544451 0.118164
vt 0.533254 0.918250
vt 0.538408 0.909480
vt 0.533254 0.908772
vt 0.552023 0.536918
vt 0.546662 0.528324
vt 0.547063 0.538042
vt 0.549337 0.918250
vt 0.547866 0.908516
vt 0.557384 0.528324
vt 0.561281 0.538058
vt 0.562745 0.528324
vt 0.554698 0.918250
vt 0.554698 0.909694
vt 0.552974 0.908612
vt 0.566397 0.537962
vt 0.568106 0.528324
vt 0.560060 0.909860
vt 0.558671 0.908857
vt 0.572099 0.537717
vt 0.573467 0.528324
vt 0.565421 0.918250
vt 0.561336 0.909060
vt 0.573467 0.536714
vt 0.574772 0.537514
vt 0.570782 0.918250
vt 0.567707 0.908858
vt 0.578829 0.528324
vt 0.581165 0.537716
vt 0.584190 0.528324
vt 0.576143 0.909949
vt 0.574175 0.908843
vt 0.587633 0.537731
vt 0.589551 0.528324
vt 0.581504 0.918250
vt 0.581504 0.909780
vt 0.580422 0.908966
vt 0.589551 0.536624
vt 0.591202 0.537613
vt 0.586866 0.918250
vt 0.583902 0.908749
vt 0.594912 0.528324
vt 0.594912 0.536794
vt 0.597338 0.537824
vt 0.529727 0.369422
vt 0.527005 0.359761
vt 0.524366 0.369422
vt 0.598063 0.108687
vt 0.598063 0.117373
vt 0.600712 0.118348
vt 0.535088 0.369422
vt 0.532925 0.359388
vt 0.606612 0.118722
vt 0.607720 0.118674
vt 0.608785 0.108687
vt 0.602949 0.918250
vt 0.600718 0.908803
vt 0.597588 0.918250
vt 0.610996 0.528324
vt 0.614098 0.537771
vt 0.616357 0.528324
vt 0.605675 0.907794
vt 0.613671 0.918250
vt 0.611251 0.908963
vt 0.621718 0.528324
vt 0.624605 0.537610
vt 0.627079 0.528324
vt 0.619033 0.918250
vt 0.616710 0.907999
vt 0.622862 0.909129
vt 0.632441 0.528324
vt 0.636238 0.537445
vt 0.637802 0.528324
vt 0.628347 0.908079
vt 0.629755 0.918250
vt 0.637802 0.536408
vt 0.641941 0.538521
vt 0.635116 0.918250
vt 0.635116 0.909982
vt 0.633894 0.909092
vt 0.643163 0.528324
vt 0.643163 0.537205
vt 0.647291 0.537482
vt 0.639057 0.908052
vt 0.648524 0.528324
vt 0.648524 0.536591
vt 0.652638 0.538534
vt 0.644933 0.909338
vt 0.640477 0.909427
vt 0.659246 0.536478
vt 0.653885 0.528324
vt 0.653885 0.537147
vt 0.645839 0.918250
vt 0.650186 0.908521
vt 0.645839 0.910095
vt 0.659246 0.528324
vt 0.663595 0.538053
vt 0.651200 0.918250
vt 0.653757 0.909298
vt 0.651200 0.909079
vt 0.662397 0.108687
vt 0.664955 0.117639
vt 0.667758 0.108687
vt 0.342085 0.369422
vt 0.339568 0.360337
vt 0.336724 0.369422
vt 0.415782 0.108687
vt 0.413265 0.117772
vt 0.415782 0.118164
vt 0.404585 0.918250
vt 0.409739 0.909480
vt 0.404585 0.908772
vt 0.423354 0.536918
vt 0.417993 0.528324
vt 0.418395 0.538042
vt 0.409946 0.918250
vt 0.413872 0.908168
vt 0.409946 0.909656
vt 0.423354 0.528324
vt 0.427717 0.538371
vt 0.420669 0.918250
vt 0.420669 0.909501
vt 0.419204 0.908516
vt 0.428716 0.528324
vt 0.428716 0.537418
vt 0.432605 0.538058
vt 0.426030 0.918250
vt 0.424321 0.908612
vt 0.437713 0.537962
vt 0.439438 0.528324
vt 0.434077 0.528324
vt 0.430023 0.908857
vt 0.443410 0.537717
vt 0.444799 0.528324
vt 0.432696 0.909060
vt 0.436752 0.918250
vt 0.444799 0.536714
vt 0.446075 0.537514
vt 0.442114 0.918250
vt 0.442114 0.909823
vt 0.439088 0.908858
vt 0.450160 0.528324
vt 0.450160 0.536732
vt 0.452446 0.537716
vt 0.447475 0.909949
vt 0.445557 0.908843
vt 0.458915 0.537731
vt 0.460883 0.528324
vt 0.455521 0.528324
vt 0.449126 0.908961
vt 0.452836 0.918250
vt 0.451788 0.908966
vt 0.466244 0.528324
vt 0.462490 0.537613
vt 0.458197 0.918250
vt 0.457512 0.908973
vt 0.455262 0.908749
vt 0.468642 0.537825
vt 0.471605 0.528324
vt 0.462591 0.908692
vt 0.460847 0.908589
vt 0.471605 0.537010
vt 0.474245 0.537984
vt 0.406420 0.369422
vt 0.404247 0.359385
vt 0.401058 0.369422
vt 0.482327 0.528324
vt 0.480164 0.538357
vt 0.481272 0.538312
vt 0.474281 0.918250
vt 0.474281 0.909847
vt 0.472022 0.908802
vt 0.482327 0.537203
vt 0.485458 0.537771
vt 0.485003 0.918250
vt 0.485003 0.910155
vt 0.482529 0.908963
vt 0.493050 0.528324
vt 0.493050 0.536621
vt 0.495991 0.537610
vt 0.490364 0.918250
vt 0.490364 0.909841
vt 0.487991 0.907999
vt 0.502185 0.538364
vt 0.503772 0.528324
vt 0.498411 0.528324
vt 0.495725 0.910166
vt 0.494162 0.909129
vt 0.503772 0.536732
vt 0.507602 0.537445
vt 0.501087 0.918250
vt 0.499657 0.908079
vt 0.509133 0.528324
vt 0.513627 0.538212
vt 0.514494 0.528324
vt 0.506448 0.918250
vt 0.505214 0.909092
vt 0.518634 0.537482
vt 0.519856 0.528324
vt 0.510381 0.908052
vt 0.524368 0.538150
vt 0.525217 0.528324
vt 0.516263 0.909338
vt 0.517170 0.918250
vt 0.530578 0.536478
vt 0.525217 0.537147
vt 0.535939 0.537495
vt 0.530578 0.528324
vt 0.522932 0.908940
vt 0.522531 0.918250
vt 0.525089 0.909298
vt 0.468239 0.360337
vt 0.541895 0.117639
vt 0.544451 0.117074
vt 0.538615 0.918250
vt 0.538615 0.909844
vt 0.536116 0.908782
vt 0.546662 0.536711
vt 0.549669 0.537595
vt 0.543976 0.910085
vt 0.542214 0.908950
vt 0.552023 0.528324
vt 0.552766 0.537285
vt 0.555950 0.537544
vt 0.548554 0.909383
vt 0.545297 0.909181
vt 0.557384 0.536607
vt 0.558840 0.537619
vt 0.554698 0.909971
vt 0.551926 0.909010
vt 0.562745 0.536605
vt 0.565310 0.537696
vt 0.560060 0.910045
vt 0.558657 0.909156
vt 0.568661 0.537169
vt 0.571868 0.537536
vt 0.565126 0.909514
vt 0.561985 0.909033
vt 0.573467 0.536624
vt 0.575243 0.537699
vt 0.570782 0.909800
vt 0.568311 0.908851
vt 0.578829 0.536729
vt 0.581371 0.537720
vt 0.576143 0.910091
vt 0.574525 0.909033
vt 0.584520 0.536966
vt 0.587752 0.537517
vt 0.580983 0.909422
vt 0.577665 0.909033
vt 0.589551 0.536358
vt 0.591096 0.537415
vt 0.586866 0.909805
vt 0.584169 0.908900
vt 0.594912 0.536522
vt 0.597768 0.537603
vt 0.529727 0.361104
vt 0.527925 0.360109
vt 0.598848 0.117553
vt 0.601981 0.117907
vt 0.534302 0.360555
vt 0.531170 0.360202
vt 0.603424 0.108687
vt 0.603424 0.117005
vt 0.605226 0.118000
vt 0.602949 0.910051
vt 0.600094 0.908971
vt 0.610996 0.536769
vt 0.613693 0.537673
vt 0.608310 0.910215
vt 0.606766 0.909159
vt 0.616878 0.537152
vt 0.620196 0.537540
vt 0.613341 0.909608
vt 0.610109 0.909057
vt 0.621718 0.536483
vt 0.623336 0.537541
vt 0.619033 0.909845
vt 0.616490 0.908854
vt 0.627079 0.536774
vt 0.629551 0.537723
vt 0.624394 0.909949
vt 0.622619 0.908875
vt 0.632735 0.537060
vt 0.635876 0.537541
vt 0.629200 0.909405
vt 0.625993 0.909038
vt 0.637802 0.536529
vt 0.639204 0.537418
vt 0.635116 0.909968
vt 0.632551 0.908877
vt 0.643163 0.536603
vt 0.645935 0.537563
vt 0.640477 0.909966
vt 0.639021 0.908955
vt 0.649307 0.537191
vt 0.652565 0.537392
vt 0.645096 0.909289
vt 0.641912 0.909029
vt 0.653885 0.536489
vt 0.655648 0.537624
vt 0.651200 0.909863
vt 0.648192 0.908979
vt 0.659246 0.536730
vt 0.661745 0.537792
vt 0.591255 0.360470
vt 0.588700 0.369422
vt 0.594061 0.369422
vt 0.664912 0.117772
vt 0.339530 0.360470
vt 0.413267 0.117772
vt 0.415782 0.117095
vt 0.409946 0.909964
vt 0.407593 0.908979
vt 0.417993 0.536732
vt 0.420856 0.537792
vt 0.415308 0.909966
vt 0.413873 0.909029
vt 0.423795 0.537136
vt 0.426953 0.537624
vt 0.420053 0.909399
vt 0.416764 0.908955
vt 0.428716 0.536489
vt 0.430036 0.537392
vt 0.426030 0.909859
vt 0.423234 0.908877
vt 0.434077 0.536479
vt 0.436666 0.537563
vt 0.431391 0.909949
vt 0.429792 0.909038
vt 0.439968 0.537031
vt 0.443397 0.537418
vt 0.436099 0.909331
vt 0.433166 0.908875
vt 0.444799 0.536529
vt 0.446725 0.537541
vt 0.442114 0.909921
vt 0.439295 0.908854
vt 0.450160 0.536807
vt 0.453050 0.537723
vt 0.447475 0.910215
vt 0.445676 0.909057
vt 0.455976 0.537211
vt 0.459265 0.537541
vt 0.452294 0.909537
vt 0.449019 0.909159
vt 0.460883 0.536483
vt 0.462405 0.537540
vt 0.458197 0.909979
vt 0.455691 0.908971
vt 0.466244 0.536649
vt 0.468908 0.537673
vt 0.401058 0.361104
vt 0.399615 0.360202
vt 0.469394 0.108687
vt 0.470029 0.117665
vt 0.472954 0.118000
vt 0.405785 0.360444
vt 0.402860 0.360109
vt 0.474755 0.108687
vt 0.474755 0.117005
vt 0.476198 0.117907
vt 0.474281 0.909925
vt 0.471616 0.908900
vt 0.482327 0.536595
vt 0.484833 0.537603
vt 0.479642 0.910091
vt 0.478120 0.909033
vt 0.487689 0.528324
vt 0.488231 0.537037
vt 0.491505 0.537415
vt 0.484549 0.909362
vt 0.481260 0.909033
vt 0.493050 0.536358
vt 0.494848 0.537517
vt 0.490364 0.909767
vt 0.487474 0.908851
vt 0.498411 0.536653
vt 0.501230 0.537720
vt 0.495725 0.910045
vt 0.493800 0.909033
vt 0.504425 0.537243
vt 0.507358 0.537699
vt 0.500557 0.909543
vt 0.497128 0.909156
vt 0.509133 0.536624
vt 0.510732 0.537536
vt 0.506448 0.910095
vt 0.503859 0.909010
vt 0.514494 0.536715
vt 0.517291 0.537696
vt 0.511809 0.910085
vt 0.510488 0.909181
vt 0.520472 0.537174
vt 0.523760 0.537619
vt 0.516729 0.909437
vt 0.513571 0.908950
vt 0.525217 0.536607
vt 0.526651 0.537544
vt 0.522531 0.909842
vt 0.519669 0.908782
vt 0.530578 0.536609
vt 0.532932 0.537595
vt 0.460031 0.369422
vt 0.462546 0.360337
vt 0.460031 0.361014
vt 0.533728 0.108687
vt 0.536284 0.117639
vt 0.539090 0.108687
vt 0.535939 0.528324
vt 0.538497 0.537276
vt 0.541300 0.528324
vt 0.542538 0.908168
vt 0.557384 0.537418
vt 0.619206 0.538774
vt 0.627079 0.536419
vt 0.630811 0.538364
vt 0.479642 0.909952
vt 0.476961 0.907794
vt 0.490583 0.538774
vt 0.521519 0.908521
vt 0.605635 0.654419
vt 0.629269 0.649718
vt 0.649306 0.636330
vt 0.667395 0.592658
vt 0.662694 0.569023
vt 0.649306 0.548987
vt 0.605635 0.530897
vt 0.582000 0.535599
vt 0.561963 0.548987
vt 0.543874 0.592658
vt 0.548575 0.616293
vt 0.561963 0.636330
vt 0.203726 0.284483
vt 0.180091 0.289185
vt 0.156456 0.284483
vt 0.123032 0.251059
vt 0.118330 0.227424
vt 0.123032 0.203789
vt 0.156456 0.170364
vt 0.180091 0.165663
vt 0.203726 0.170364
vt 0.223763 0.183752
vt 0.237151 0.203789
vt 0.241852 0.227424
vt 0.237151 0.251059
vt 0.617827 0.224805
vt 0.624112 0.224805
vt 0.618002 0.214979
vt 0.623464 0.199858
vt 0.484476 0.218316
vt 0.537951 0.171871
vt 0.625671 0.171776
vt 0.587017 0.167064
vt 0.645288 0.167193
vt 0.501561 0.159338
vt 0.506824 0.154102
vt 0.506817 0.143959
vt 0.506765 0.133739
vt 0.500856 0.114130
vt 0.470482 0.359865
vt 0.549337 0.909501
vt 0.543976 0.909156
vt 0.562745 0.537073
vt 0.563152 0.537346
vt 0.568106 0.536880
vt 0.568715 0.537312
vt 0.564816 0.909290
vt 0.578829 0.536732
vt 0.570782 0.909823
vt 0.565421 0.909842
vt 0.584190 0.536750
vt 0.584679 0.537161
vt 0.577750 0.908961
vt 0.593864 0.537608
vt 0.586157 0.908973
vt 0.600273 0.537010
vt 0.600273 0.528324
vt 0.528749 0.359864
vt 0.524365 0.360735
vt 0.603424 0.117434
vt 0.535088 0.360542
vt 0.529727 0.360675
vt 0.608785 0.117566
vt 0.602949 0.909847
vt 0.597588 0.909370
vt 0.610996 0.537203
vt 0.616357 0.536727
vt 0.608310 0.909952
vt 0.613671 0.910155
vt 0.621718 0.536621
vt 0.619033 0.909841
vt 0.624394 0.910166
vt 0.632441 0.536732
vt 0.629755 0.909368
vt 0.664608 0.537495
vt 0.664608 0.528324
vt 0.662798 0.117997
vt 0.341813 0.359865
vt 0.410421 0.108687
vt 0.415308 0.909156
vt 0.434077 0.537073
vt 0.426030 0.909694
vt 0.434479 0.537346
vt 0.439438 0.536880
vt 0.431391 0.909860
vt 0.440036 0.537312
vt 0.436163 0.909290
vt 0.436752 0.909842
vt 0.455521 0.536750
vt 0.455993 0.537161
vt 0.460883 0.536624
vt 0.452836 0.909780
vt 0.465161 0.537608
vt 0.466244 0.536794
vt 0.458197 0.909563
vt 0.476966 0.537071
vt 0.476966 0.528324
vt 0.406419 0.360542
vt 0.401058 0.360675
vt 0.468919 0.909370
vt 0.468920 0.918250
vt 0.487689 0.536727
vt 0.498411 0.536419
vt 0.509133 0.536408
vt 0.501087 0.909368
vt 0.514494 0.537205
vt 0.506448 0.909982
vt 0.519856 0.536591
vt 0.511809 0.909427
vt 0.522531 0.909079
vt 0.470314 0.360660
vt 0.533254 0.909842
vt 0.552023 0.536609
vt 0.549337 0.910095
vt 0.568106 0.536715
vt 0.565421 0.909767
vt 0.584190 0.536653
vt 0.581504 0.909925
vt 0.600273 0.536595
vt 0.524366 0.360977
vt 0.608785 0.117132
vt 0.597588 0.909979
vt 0.616357 0.536649
vt 0.613671 0.909921
vt 0.632441 0.536807
vt 0.629755 0.909859
vt 0.648524 0.536479
vt 0.645839 0.909964
vt 0.664608 0.536732
vt 0.588700 0.361035
vt 0.662837 0.117449
vt 0.341842 0.360824
vt 0.404585 0.909863
vt 0.423354 0.536730
vt 0.420669 0.909968
vt 0.439438 0.536603
vt 0.436752 0.909845
vt 0.455521 0.536774
vt 0.452836 0.910051
vt 0.471605 0.536769
vt 0.395697 0.361151
vt 0.395697 0.369422
vt 0.480117 0.116958
vt 0.480117 0.108687
vt 0.468920 0.909805
vt 0.487689 0.536522
vt 0.485003 0.909800
vt 0.503772 0.536729
vt 0.501087 0.909971
vt 0.519856 0.536605
vt 0.517170 0.909844
vt 0.535939 0.536711
vt 0.533972 0.117285
vt 0.536339 0.537634
vt 0.538615 0.909656
vt 0.517170 0.910095
s 0
f 2/1/1 3/2/1 1/3/1
f 4/4/2 5/5/2 3/2/2
f 6/6/3 7/7/3 5/5/3
f 8/8/4 9/9/4 7/7/4
f 10/10/5 11/11/5 9/9/5
f 12/12/6 13/13/6 11/11/6
f 14/14/7 15/15/7 13/13/7
f 16/16/8 17/17/8 15/15/8
f 18/18/9 19/19/9 17/17/9
f 20/20/10 21/21/10 19/19/10
f 22/22/11 23/23/11 21/21/11
f 24/24/12 25/25/12 23/23/12
f 26/26/13 27/27/13 25/25/13
f 28/28/14 29/29/14 27/27/14
f 4/4/15 35/6/15 6/6/15
f 30/30/16 31/31/16 29/29/16
f 32/32/17 1/33/17 31/31/17
f 15/34/18 23/35/18 31/36/18
f 42/20/19 59/22/19 43/22/19
f 14/14/15 40/16/15 16/16/15
f 26/26/15 44/24/15 45/26/15
f 12/12/15 37/10/15 38/12/15
f 20/20/15 43/22/15 22/22/15
f 32/32/15 47/30/15 48/32/15
f 6/6/15 36/8/15 8/8/15
f 16/16/15 41/18/15 18/18/15
f 2/1/15 33/4/15 4/4/15
f 26/26/15 46/28/15 28/28/15
f 12/12/15 39/14/15 14/14/15
f 22/22/15 44/24/15 24/24/15
f 32/32/15 34/37/15 2/37/15
f 8/8/15 37/10/15 10/10/15
f 20/20/15 41/18/15 42/20/15
f 28/28/15 47/30/15 30/30/15
f 51/38/15 63/39/15 59/40/15
f 36/8/20 51/6/20 52/8/20
f 43/22/21 60/24/21 44/24/21
f 36/8/22 53/10/22 37/10/22
f 44/24/23 61/26/23 45/26/23
f 38/12/24 53/10/24 54/12/24
f 45/26/25 62/28/25 46/28/25
f 38/12/26 55/14/26 39/14/26
f 47/30/27 62/28/27 63/30/27
f 39/14/28 56/16/28 40/16/28
f 47/30/29 64/32/29 48/32/29
f 40/16/30 57/18/30 41/18/30
f 33/4/31 50/1/31 49/4/31
f 34/37/32 64/32/32 50/37/32
f 41/18/33 58/20/33 42/20/33
f 33/4/34 51/6/34 35/6/34
f 66/1/35 67/2/35 65/3/35
f 68/4/36 69/5/36 67/2/36
f 69/5/37 72/8/37 71/7/37
f 72/8/38 73/9/38 71/7/38
f 74/10/39 75/11/39 73/9/39
f 76/12/40 77/13/40 75/11/40
f 77/13/41 80/16/41 79/15/41
f 80/16/42 81/17/42 79/15/42
f 82/18/43 83/19/43 81/17/43
f 84/20/44 85/21/44 83/19/44
f 86/22/45 87/23/45 85/21/45
f 87/23/46 90/26/46 89/25/46
f 90/26/47 91/27/47 89/25/47
f 91/27/48 94/30/48 93/29/48
f 68/4/49 99/6/49 70/6/49
f 94/30/50 95/31/50 93/29/50
f 96/32/51 65/33/51 95/31/51
f 79/34/52 87/35/52 95/36/52
f 107/22/53 122/20/53 123/22/53
f 78/14/49 104/16/49 80/16/49
f 90/26/49 108/24/49 109/26/49
f 74/10/49 102/12/49 76/12/49
f 84/20/49 107/22/49 86/22/49
f 96/32/49 111/30/49 112/32/49
f 72/8/49 99/6/49 100/8/49
f 80/16/49 105/18/49 82/18/49
f 66/1/49 97/4/49 68/4/49
f 90/26/49 110/28/49 92/28/49
f 76/12/49 103/14/49 78/14/49
f 86/22/49 108/24/49 88/24/49
f 96/32/49 98/37/49 66/37/49
f 72/8/49 101/10/49 74/10/49
f 82/18/49 106/20/49 84/20/49
f 94/30/49 110/28/49 111/30/49
f 115/38/49 127/39/49 123/40/49
f 99/6/54 116/8/54 100/8/54
f 107/22/55 124/24/55 108/24/55
f 101/10/56 116/8/56 117/10/56
f 109/26/57 124/24/57 125/26/57
f 102/12/58 117/10/58 118/12/58
f 109/26/59 126/28/59 110/28/59
f 103/14/60 118/12/60 119/14/60
f 110/28/61 127/30/61 111/30/61
f 103/14/62 120/16/62 104/16/62
f 111/30/63 128/32/63 112/32/63
f 105/18/64 120/16/64 121/18/64
f 98/1/65 113/4/65 97/4/65
f 98/37/66 128/32/66 114/37/66
f 105/18/67 122/20/67 106/20/67
f 99/6/68 113/4/68 115/6/68
f 130/1/17 131/2/17 129/3/17
f 132/4/16 133/5/16 131/2/16
f 134/6/14 135/7/14 133/5/14
f 136/8/13 137/9/13 135/7/13
f 138/10/12 139/11/12 137/9/12
f 140/12/11 141/13/11 139/11/11
f 142/14/10 143/15/10 141/13/10
f 144/16/9 145/17/9 143/15/9
f 146/18/8 147/19/8 145/17/8
f 148/20/7 149/21/7 147/19/7
f 150/22/6 151/23/6 149/21/6
f 152/24/5 153/25/5 151/23/5
f 154/26/4 155/27/4 153/25/4
f 156/28/3 157/29/3 155/27/3
f 132/4/18 163/6/18 134/6/18
f 157/29/2 160/32/2 159/31/2
f 160/32/1 129/33/1 159/31/1
f 143/34/15 151/35/15 159/36/15
f 171/22/69 186/20/69 187/22/69
f 142/14/18 168/16/18 144/16/18
f 154/26/18 172/24/18 173/26/18
f 140/12/18 165/10/18 166/12/18
f 148/20/18 171/22/18 150/22/18
f 160/32/18 175/30/18 176/32/18
f 134/6/18 164/8/18 136/8/18
f 144/16/18 169/18/18 146/18/18
f 130/1/18 161/4/18 132/4/18
f 154/26/18 174/28/18 156/28/18
f 140/12/18 167/14/18 142/14/18
f 150/22/18 172/24/18 152/24/18
f 160/32/18 162/37/18 130/37/18
f 136/8/18 165/10/18 138/10/18
f 146/18/18 170/20/18 148/20/18
f 156/28/18 175/30/18 158/30/18
f 179/38/18 191/39/18 187/40/18
f 164/8/70 179/6/70 180/8/70
f 171/22/71 188/24/71 172/24/71
f 164/8/72 181/10/72 165/10/72
f 172/24/73 189/26/73 173/26/73
f 165/10/74 182/12/74 166/12/74
f 173/26/75 190/28/75 174/28/75
f 167/14/76 182/12/76 183/14/76
f 175/30/77 190/28/77 191/30/77
f 167/14/78 184/16/78 168/16/78
f 175/30/79 192/32/79 176/32/79
f 169/18/80 184/16/80 185/18/80
f 162/1/81 177/4/81 161/4/81
f 176/32/82 178/37/82 162/37/82
f 169/18/83 186/20/83 170/20/83
f 163/6/84 177/4/84 179/6/84
f 194/1/51 195/2/51 193/3/51
f 196/4/50 197/5/50 195/2/50
f 198/6/48 199/7/48 197/5/48
f 200/8/47 201/9/47 199/7/47
f 202/10/46 203/11/46 201/9/46
f 204/12/45 205/13/45 203/11/45
f 206/14/44 207/15/44 205/13/44
f 208/16/43 209/17/43 207/15/43
f 210/18/42 211/19/42 209/17/42
f 212/20/41 213/21/41 211/19/41
f 214/22/40 215/23/40 213/21/40
f 216/24/39 217/25/39 215/23/39
f 217/25/38 220/28/38 219/27/38
f 220/28/37 221/29/37 219/27/37
f 196/4/52 227/6/52 198/6/52
f 222/30/36 223/31/36 221/29/36
f 224/32/35 193/33/35 223/31/35
f 207/34/49 215/35/49 223/36/49
f 235/22/85 250/20/85 251/22/85
f 206/14/52 232/16/52 208/16/52
f 218/26/52 236/24/52 237/26/52
f 202/10/52 230/12/52 204/12/52
f 212/20/52 235/22/52 214/22/52
f 224/32/52 239/30/52 240/32/52
f 200/8/52 227/6/52 228/8/52
f 208/16/52 233/18/52 210/18/52
f 194/1/52 225/4/52 196/4/52
f 218/26/52 238/28/52 220/28/52
f 204/12/52 231/14/52 206/14/52
f 214/22/52 236/24/52 216/24/52
f 194/37/52 240/32/52 226/37/52
f 200/8/52 229/10/52 202/10/52
f 210/18/52 234/20/52 212/20/52
f 222/30/52 238/28/52 239/30/52
f 243/38/52 255/39/52 251/40/52
f 228/8/86 243/6/86 244/8/86
f 235/22/87 252/24/87 236/24/87
f 228/8/88 245/10/88 229/10/88
f 236/24/89 253/26/89 237/26/89
f 230/12/90 245/10/90 246/12/90
f 237/26/91 254/28/91 238/28/91
f 230/12/92 247/14/92 231/14/92
f 239/30/93 254/28/93 255/30/93
f 231/14/94 248/16/94 232/16/94
f 239/30/95 256/32/95 240/32/95
f 233/18/96 248/16/96 249/18/96
f 225/4/97 242/1/97 241/4/97
f 226/37/98 256/32/98 242/37/98
f 234/20/99 249/18/99 250/20/99
f 227/6/100 241/4/100 243/6/100
f 257/3/101 260/4/101 259/2/101
f 260/4/102 261/5/102 259/2/102
f 262/6/103 263/7/103 261/5/103
f 264/8/104 265/9/104 263/7/104
f 266/10/105 267/11/105 265/9/105
f 268/12/106 269/13/106 267/11/106
f 270/14/107 271/15/107 269/13/107
f 272/16/108 273/17/108 271/15/108
f 273/17/109 276/20/109 275/19/109
f 276/20/110 277/21/110 275/19/110
f 278/22/111 279/23/111 277/21/111
f 279/23/112 282/26/112 281/25/112
f 282/26/113 283/27/113 281/25/113
f 283/27/114 286/30/114 285/29/114
f 262/6/115 289/4/115 291/6/115
f 286/30/116 287/31/116 285/29/116
f 288/32/117 257/33/117 287/31/117
f 287/36/118 263/41/118 271/34/118
f 299/22/119 314/20/119 315/22/119
f 270/14/115 296/16/115 272/16/115
f 280/24/115 301/26/115 282/26/115
f 266/10/115 294/12/115 268/12/115
f 276/20/115 299/22/115 278/22/115
f 288/32/115 303/30/115 304/32/115
f 262/6/115 292/8/115 264/8/115
f 272/16/115 297/18/115 274/18/115
f 258/1/115 289/4/115 260/4/115
f 282/26/115 302/28/115 284/28/115
f 270/14/115 294/12/115 295/14/115
f 278/22/115 300/24/115 280/24/115
f 288/32/115 290/37/115 258/37/115
f 264/8/115 293/10/115 266/10/115
f 274/18/115 298/20/115 276/20/115
f 284/28/115 303/30/115 286/30/115
f 307/38/115 319/39/115 315/40/115
f 292/8/120 307/6/120 308/8/120
f 299/22/121 316/24/121 300/24/121
f 293/10/122 308/8/122 309/10/122
f 300/24/123 317/26/123 301/26/123
f 293/10/124 310/12/124 294/12/124
f 302/28/125 317/26/125 318/28/125
f 294/12/126 311/14/126 295/14/126
f 303/30/127 318/28/127 319/30/127
f 295/14/128 312/16/128 296/16/128
f 303/30/129 320/32/129 304/32/129
f 296/16/130 313/18/130 297/18/130
f 289/4/131 306/1/131 305/4/131
f 304/32/132 306/37/132 290/37/132
f 297/18/133 314/20/133 298/20/133
f 289/4/134 307/6/134 291/6/134
f 321/3/117 324/4/117 323/2/117
f 324/4/116 325/5/116 323/2/116
f 326/6/114 327/7/114 325/5/114
f 328/8/113 329/9/113 327/7/113
f 330/10/112 331/11/112 329/9/112
f 332/12/111 333/13/111 331/11/111
f 333/13/110 336/16/110 335/15/110
f 336/16/109 337/17/109 335/15/109
f 337/17/108 340/20/108 339/19/108
f 340/20/107 341/21/107 339/19/107
f 342/22/106 343/23/106 341/21/106
f 344/24/105 345/25/105 343/23/105
f 346/26/104 347/27/104 345/25/104
f 348/28/103 349/29/103 347/27/103
f 324/4/118 355/6/118 326/6/118
f 350/30/102 351/31/102 349/29/102
f 352/32/101 321/33/101 351/31/101
f 335/34/115 343/35/115 351/36/115
f 363/22/135 378/20/135 379/22/135
f 336/16/118 359/14/118 360/16/118
f 344/24/118 365/26/118 346/26/118
f 332/12/118 357/10/118 358/12/118
f 340/20/118 363/22/118 342/22/118
f 350/30/118 368/32/118 352/32/118
f 326/6/118 356/8/118 328/8/118
f 336/16/118 361/18/118 338/18/118
f 322/1/118 353/4/118 324/4/118
f 346/26/118 366/28/118 348/28/118
f 332/12/118 359/14/118 334/14/118
f 342/22/118 364/24/118 344/24/118
f 352/32/118 354/37/118 322/37/118
f 328/8/118 357/10/118 330/10/118
f 338/18/118 362/20/118 340/20/118
f 348/28/118 367/30/118 350/30/118
f 371/38/118 383/39/118 379/40/118
f 355/6/136 372/8/136 356/8/136
f 363/22/137 380/24/137 364/24/137
f 356/8/138 373/10/138 357/10/138
f 365/26/139 380/24/139 381/26/139
f 357/10/140 374/12/140 358/12/140
f 365/26/141 382/28/141 366/28/141
f 358/12/142 375/14/142 359/14/142
f 367/30/143 382/28/143 383/30/143
f 360/16/144 375/14/144 376/16/144
f 368/32/145 383/30/145 384/32/145
f 360/16/146 377/18/146 361/18/146
f 354/1/147 369/4/147 353/4/147
f 368/32/148 370/37/148 354/37/148
f 361/18/149 378/20/149 362/20/149
f 353/4/150 371/6/150 355/6/150
f 1189/42/151 400/43/151 1025/44/151
f 385/45/152 408/46/152 423/47/152
f 400/48/153 1026/49/153 1025/50/153
f 1028/51/154 1027/52/154 448/53/154
f 448/54/155 1029/55/155 1028/56/155
f 385/45/156 423/47/156 470/57/156
f 386/58/157 416/59/157 483/60/157
f 439/61/158 1031/62/158 1030/63/158
f 387/64/159 456/65/159 511/66/159
f 388/67/160 464/68/160 524/69/160
f 385/45/161 470/57/161 485/70/161
f 386/58/162 483/60/162 498/71/162
f 387/64/163 511/66/163 526/72/163
f 388/67/164 524/69/164 471/73/164
f 390/74/165 540/75/165 580/76/165
f 391/77/166 548/78/166 587/79/166
f 392/80/167 555/81/167 595/82/167
f 393/83/168 564/84/168 603/85/168
f 1033/86/169 572/87/169 1032/88/169
f 1034/89/170 596/90/170 1051/91/170
f 1035/92/171 605/93/171 1046/94/171
f 1036/95/172 606/96/172 1037/97/172
f 1049/98/173 608/99/173 1038/100/173
f 1039/101/174 611/102/174 1040/103/174
f 616/104/175 1042/105/175 1043/106/175
f 1044/107/176 622/108/176 1045/109/176
f 605/93/177 1034/89/177 1046/94/177
f 597/110/178 596/90/178 605/93/178
f 606/96/179 1035/92/179 1047/111/179
f 607/112/180 605/93/180 606/96/180
f 597/110/181 605/93/181 607/112/181
f 607/112/182 598/113/182 597/110/182
f 606/96/183 1048/114/183 608/99/183
f 609/115/184 606/96/184 608/99/184
f 607/112/185 606/96/185 609/115/185
f 609/115/186 610/116/186 607/112/186
f 607/112/187 610/116/187 598/113/187
f 610/116/188 599/117/188 598/113/188
f 1049/118/189 611/102/189 608/99/189
f 612/119/190 608/99/190 611/102/190
f 609/115/191 608/99/191 612/119/191
f 613/120/192 609/115/192 612/119/192
f 610/116/193 609/115/193 613/120/193
f 613/120/194 614/121/194 610/116/194
f 610/116/195 614/121/195 599/117/195
f 614/121/196 600/122/196 599/117/196
f 1041/123/197 611/102/197 1039/101/197
f 617/124/198 611/102/198 616/104/198
f 612/119/199 611/102/199 617/124/199
f 619/125/200 612/119/200 617/124/200
f 613/120/201 612/119/201 619/125/201
f 619/125/202 620/126/202 613/120/202
f 613/120/203 620/126/203 614/121/203
f 620/126/204 621/127/204 614/121/204
f 614/121/205 621/127/205 600/122/205
f 621/127/206 601/128/206 600/122/206
f 1045/129/207 616/104/207 1043/106/207
f 616/104/208 622/108/208 623/130/208
f 616/104/209 623/130/209 617/124/209
f 617/124/210 623/130/210 624/131/210
f 619/125/211 617/124/211 624/131/211
f 624/131/212 625/132/212 619/125/212
f 619/125/213 625/132/213 620/126/213
f 625/132/214 626/133/214 620/126/214
f 620/126/215 626/133/215 621/127/215
f 626/133/216 628/134/216 621/127/216
f 621/127/217 628/134/217 601/128/217
f 628/134/218 603/135/218 601/128/218
f 572/87/219 1044/107/219 1032/136/219
f 622/108/220 572/87/220 570/137/220
f 622/108/221 570/137/221 623/130/221
f 623/130/222 570/137/222 569/138/222
f 623/130/223 569/138/223 624/131/223
f 569/138/224 568/139/224 624/131/224
f 624/131/225 568/139/225 625/132/225
f 568/139/226 567/140/226 625/132/226
f 625/132/227 567/140/227 626/133/227
f 567/140/228 566/141/228 626/133/228
f 626/133/229 566/141/229 628/134/229
f 566/141/230 565/142/230 628/134/230
f 628/134/231 565/142/231 603/135/231
f 565/142/232 393/83/232 603/135/232
f 1051/143/233 596/144/233 1050/145/233
f 629/146/234 596/144/234 597/147/234
f 598/148/235 630/149/235 597/147/235
f 599/150/236 633/151/236 598/148/236
f 600/152/237 636/153/237 599/150/237
f 601/154/238 641/155/238 600/152/238
f 603/85/239 646/156/239 601/154/239
f 629/146/240 1050/145/240 596/144/240
f 1052/157/241 629/146/241 588/158/241
f 597/147/242 630/149/242 629/146/242
f 630/149/243 631/159/243 629/146/243
f 631/159/244 588/158/244 629/146/244
f 591/160/245 588/158/245 631/159/245
f 598/148/246 633/151/246 630/149/246
f 633/151/247 634/161/247 630/149/247
f 630/149/248 634/161/248 631/159/248
f 634/161/249 635/162/249 631/159/249
f 631/159/250 635/162/250 591/160/250
f 592/163/251 591/160/251 635/162/251
f 599/150/252 636/153/252 633/151/252
f 636/153/253 637/164/253 633/151/253
f 633/151/254 637/164/254 634/161/254
f 637/164/255 638/165/255 634/161/255
f 634/161/256 638/165/256 635/162/256
f 638/165/257 639/166/257 635/162/257
f 635/162/258 639/166/258 592/163/258
f 639/166/259 593/167/259 592/163/259
f 600/152/260 641/155/260 636/153/260
f 641/155/261 642/168/261 636/153/261
f 636/153/262 642/168/262 637/164/262
f 642/168/263 643/169/263 637/164/263
f 637/164/264 643/169/264 638/165/264
f 643/169/265 644/170/265 638/165/265
f 638/165/266 644/170/266 639/166/266
f 644/170/267 645/171/267 639/166/267
f 639/166/268 645/171/268 593/167/268
f 645/171/269 594/172/269 593/167/269
f 601/154/270 646/156/270 641/155/270
f 646/156/271 648/173/271 641/155/271
f 641/155/272 648/173/272 642/168/272
f 648/173/273 649/174/273 642/168/273
f 642/168/274 649/174/274 643/169/274
f 649/174/275 650/175/275 643/169/275
f 643/169/276 650/175/276 644/170/276
f 650/175/277 651/176/277 644/170/277
f 644/170/278 651/176/278 645/171/278
f 651/176/279 652/177/279 645/171/279
f 645/171/280 652/177/280 594/172/280
f 652/177/281 595/178/281 594/172/281
f 603/85/282 564/84/282 646/156/282
f 564/84/283 563/179/283 646/156/283
f 646/156/284 563/179/284 648/173/284
f 563/179/285 561/180/285 648/173/285
f 648/173/286 561/180/286 649/174/286
f 561/180/287 560/181/287 649/174/287
f 649/174/288 560/181/288 650/175/288
f 560/181/289 559/182/289 650/175/289
f 650/175/290 559/182/290 651/176/290
f 559/182/291 557/183/291 651/176/291
f 651/176/292 557/183/292 652/177/292
f 557/183/293 556/184/293 652/177/293
f 652/177/294 556/184/294 595/178/294
f 556/184/295 392/80/295 595/178/295
f 1053/185/296 588/186/296 1054/187/296
f 591/188/297 1059/189/297 588/186/297
f 592/190/298 653/191/298 591/188/298
f 593/192/299 656/193/299 592/190/299
f 594/194/300 660/195/300 593/192/300
f 595/82/301 664/196/301 594/194/301
f 582/197/302 1055/198/302 1056/199/302
f 588/186/303 1057/200/303 1054/187/303
f 582/197/304 1058/201/304 1063/202/304
f 583/203/305 582/197/305 1063/204/305
f 1059/205/306 591/188/306 653/191/306
f 1060/206/307 653/191/307 1061/207/307
f 655/208/308 1062/209/308 1064/210/308
f 1063/211/309 655/208/309 583/203/309
f 655/208/310 584/212/310 583/203/310
f 656/193/311 653/191/311 592/190/311
f 656/193/312 1067/213/312 653/191/312
f 1065/214/313 653/191/313 1067/215/313
f 1066/216/314 655/208/314 1064/210/314
f 658/217/315 659/218/315 655/208/315
f 655/208/316 659/218/316 584/212/316
f 659/218/317 585/219/317 584/212/317
f 660/195/318 656/193/318 593/192/318
f 660/195/319 661/220/319 656/193/319
f 661/220/320 1067/213/320 656/193/320
f 1068/221/321 661/220/321 1069/222/321
f 1070/223/322 662/224/322 658/225/322
f 658/217/323 662/224/323 659/218/323
f 662/224/324 663/226/324 659/218/324
f 659/218/325 663/226/325 585/219/325
f 663/226/326 586/227/326 585/219/326
f 594/194/327 664/196/327 660/195/327
f 660/195/328 664/196/328 665/228/328
f 661/220/329 660/195/329 665/228/329
f 661/220/330 665/228/330 1073/229/330
f 1072/230/331 661/220/331 1073/231/331
f 662/224/332 1074/232/332 1077/233/332
f 662/224/333 1077/233/333 668/234/333
f 663/226/334 662/224/334 668/234/334
f 663/226/335 668/234/335 669/235/335
f 663/226/336 669/235/336 586/227/336
f 669/235/337 587/236/337 586/227/337
f 595/82/338 555/81/338 664/196/338
f 555/81/339 554/237/339 664/196/339
f 665/228/340 664/196/340 554/237/340
f 665/228/341 554/237/341 553/238/341
f 1073/229/342 665/228/342 553/238/342
f 1075/239/343 553/238/343 1076/240/343
f 1077/241/344 1078/242/344 552/243/344
f 668/234/345 1077/233/345 552/243/345
f 668/234/346 552/243/346 551/244/346
f 669/235/347 668/234/347 551/244/347
f 551/244/348 549/245/348 669/235/348
f 669/235/349 549/245/349 587/236/349
f 549/245/350 391/246/350 587/236/350
f 1080/247/351 573/248/351 1079/249/351
f 1080/250/352 582/251/352 670/252/352
f 582/251/353 583/253/353 671/254/353
f 583/253/354 584/255/354 673/256/354
f 585/257/355 676/258/355 584/255/355
f 586/259/356 681/260/356 585/257/356
f 587/79/357 686/261/357 586/259/357
f 670/252/358 573/248/358 1080/262/358
f 573/248/359 670/252/359 574/263/359
f 582/251/360 671/254/360 670/252/360
f 671/254/361 672/264/361 670/252/361
f 670/252/362 672/264/362 574/263/362
f 672/264/363 576/265/363 574/263/363
f 583/253/364 673/256/364 671/254/364
f 673/256/365 674/266/365 671/254/365
f 671/254/366 674/266/366 672/264/366
f 674/266/367 675/267/367 672/264/367
f 672/264/368 675/267/368 576/265/368
f 675/267/369 577/268/369 576/265/369
f 584/255/370 676/258/370 673/256/370
f 676/258/371 678/269/371 673/256/371
f 673/256/372 678/269/372 674/266/372
f 678/269/373 679/270/373 674/266/373
f 674/266/374 679/270/374 675/267/374
f 679/270/375 680/271/375 675/267/375
f 675/267/376 680/271/376 577/268/376
f 680/271/377 578/272/377 577/268/377
f 585/257/378 681/260/378 676/258/378
f 681/260/379 682/273/379 676/258/379
f 676/258/380 682/273/380 678/269/380
f 682/273/381 683/274/381 678/269/381
f 678/269/382 683/274/382 679/270/382
f 683/274/383 684/275/383 679/270/383
f 679/270/384 684/275/384 680/271/384
f 684/275/385 685/276/385 680/271/385
f 680/271/386 685/276/386 578/272/386
f 685/276/387 579/277/387 578/272/387
f 586/259/388 686/261/388 681/260/388
f 686/261/389 687/278/389 681/260/389
f 681/260/390 687/278/390 682/273/390
f 687/278/391 688/279/391 682/273/391
f 682/273/392 688/279/392 683/274/392
f 688/279/393 689/280/393 683/274/393
f 683/274/394 689/280/394 684/275/394
f 689/280/395 690/281/395 684/275/395
f 684/275/396 690/281/396 685/276/396
f 690/281/397 691/282/397 685/276/397
f 685/276/398 691/282/398 579/277/398
f 691/282/399 580/283/399 579/277/399
f 587/79/400 548/78/400 686/261/400
f 548/78/401 547/284/401 686/261/401
f 686/261/402 547/284/402 687/278/402
f 547/284/403 546/285/403 687/278/403
f 687/278/404 546/285/404 688/279/404
f 546/285/405 545/286/405 688/279/405
f 688/279/406 545/286/406 689/280/406
f 545/286/407 543/287/407 689/280/407
f 689/280/408 543/287/408 690/281/408
f 543/287/409 542/288/409 690/281/409
f 690/281/410 542/288/410 691/282/410
f 542/288/411 541/289/411 691/282/411
f 691/282/412 541/289/412 580/283/412
f 541/289/413 390/74/413 580/283/413
f 1079/290/414 573/291/414 1081/292/414
f 573/291/415 574/293/415 692/294/415
f 576/295/416 694/296/416 574/293/416
f 577/297/417 696/298/417 576/295/417
f 578/299/418 699/300/418 577/297/418
f 579/301/419 704/302/419 578/299/419
f 580/76/420 710/303/420 579/301/420
f 1081/292/421 692/294/421 1082/304/421
f 1082/305/422 692/294/422 1083/306/422
f 692/294/423 574/293/423 694/296/423
f 692/294/424 694/296/424 695/307/424
f 1083/306/425 692/294/425 695/307/425
f 1084/308/426 695/307/426 1086/309/426
f 576/295/427 696/298/427 694/296/427
f 696/298/428 697/310/428 694/296/428
f 695/307/429 694/296/429 697/310/429
f 695/307/430 697/310/430 698/311/430
f 698/311/431 1087/312/431 695/307/431
f 1088/313/432 698/311/432 1089/314/432
f 577/297/433 699/300/433 696/298/433
f 699/300/434 700/315/434 696/298/434
f 697/310/435 696/298/435 700/315/435
f 697/310/436 700/315/436 702/316/436
f 698/311/437 697/310/437 702/316/437
f 698/311/438 702/316/438 703/317/438
f 1089/314/439 703/317/439 1090/318/439
f 1090/318/440 703/317/440 1091/319/440
f 578/299/441 704/302/441 699/300/441
f 704/302/442 705/320/442 699/300/442
f 699/300/443 705/320/443 700/315/443
f 705/320/444 706/321/444 700/315/444
f 702/316/445 700/315/445 706/321/445
f 702/316/446 706/321/446 708/322/446
f 703/317/447 702/316/447 708/322/447
f 703/317/448 708/322/448 709/323/448
f 703/317/449 1092/324/449 1091/325/449
f 1093/326/450 709/323/450 1094/327/450
f 579/301/451 710/303/451 704/302/451
f 710/303/452 711/328/452 704/302/452
f 704/302/453 711/328/453 705/320/453
f 711/328/454 712/329/454 705/320/454
f 705/320/455 712/329/455 706/321/455
f 712/329/456 713/330/456 706/321/456
f 708/322/457 706/321/457 713/330/457
f 708/322/458 713/330/458 715/331/458
f 708/322/459 715/331/459 709/323/459
f 709/323/460 715/331/460 716/332/460
f 1094/327/461 716/332/461 1095/333/461
f 1095/333/462 716/332/462 1096/334/462
f 580/76/463 540/75/463 710/303/463
f 540/75/464 539/335/464 710/303/464
f 710/303/465 539/335/465 711/328/465
f 539/335/466 538/336/466 711/328/466
f 711/328/467 538/336/467 712/329/467
f 538/336/468 536/337/468 712/329/468
f 712/329/469 536/337/469 713/330/469
f 536/337/470 535/338/470 713/330/470
f 713/330/471 535/338/471 715/331/471
f 715/331/472 535/338/472 534/339/472
f 715/331/473 534/339/473 716/332/473
f 716/332/474 534/339/474 533/340/474
f 716/332/475 1097/341/475 1096/334/475
f 1097/341/476 533/340/476 1098/342/476
f 1099/343/477 572/87/477 1033/86/477
f 1099/344/478 476/345/478 717/346/478
f 476/345/479 475/347/479 718/348/479
f 1190/349/480 475/347/480 1370/350/480
f 1192/351/481 474/352/481 1193/353/481
f 474/352/482 473/354/482 728/355/482
f 473/354/483 471/73/483 733/356/483
f 1099/357/484 717/346/484 572/87/484
f 572/87/485 717/346/485 570/137/485
f 717/346/486 476/345/486 718/348/486
f 717/346/487 718/348/487 719/358/487
f 570/137/488 717/346/488 719/358/488
f 570/137/489 719/358/489 569/138/489
f 718/348/490 475/347/490 720/359/490
f 718/348/491 720/359/491 722/360/491
f 719/358/492 718/348/492 722/360/492
f 722/360/493 723/361/493 719/358/493
f 719/358/494 723/361/494 569/138/494
f 723/361/495 568/139/495 569/138/495
f 1195/362/496 720/359/496 1190/349/496
f 724/363/497 1194/364/497 1198/365/497
f 722/360/498 720/359/498 724/363/498
f 722/360/499 724/363/499 726/366/499
f 723/361/500 722/360/500 726/366/500
f 726/366/501 727/367/501 723/361/501
f 723/361/502 727/367/502 568/139/502
f 727/367/503 567/140/503 568/139/503
f 474/352/504 1196/368/504 1193/353/504
f 1196/368/505 728/355/505 1197/369/505
f 1199/370/506 724/363/506 1198/371/506
f 729/372/507 1199/370/507 1200/373/507
f 726/366/508 724/363/508 729/372/508
f 726/366/509 729/372/509 730/374/509
f 727/367/510 726/366/510 730/374/510
f 730/374/511 731/375/511 727/367/511
f 727/367/512 731/375/512 567/140/512
f 731/375/513 566/141/513 567/140/513
f 728/355/514 473/354/514 733/356/514
f 728/355/515 733/356/515 734/376/515
f 1197/369/516 734/376/516 1201/377/516
f 1201/378/517 734/376/517 1202/379/517
f 1203/380/518 729/372/518 1200/373/518
f 729/372/519 1203/380/519 1204/381/519
f 730/374/520 729/372/520 735/382/520
f 736/383/521 730/374/521 735/382/521
f 731/375/522 730/374/522 736/383/522
f 736/383/523 738/384/523 731/375/523
f 731/375/524 738/384/524 566/141/524
f 738/384/525 565/142/525 566/141/525
f 471/73/526 524/69/526 733/356/526
f 733/356/527 524/69/527 523/385/527
f 734/376/528 733/356/528 523/385/528
f 734/376/529 523/385/529 522/386/529
f 522/386/530 1207/387/530 1206/388/530
f 1207/387/531 522/386/531 1293/389/531
f 735/382/532 1205/390/532 1208/391/532
f 735/382/533 1209/392/533 521/393/533
f 736/383/534 735/382/534 521/393/534
f 520/394/535 736/383/535 521/393/535
f 738/384/536 736/383/536 520/394/536
f 520/394/537 518/395/537 738/384/537
f 738/384/538 518/395/538 565/142/538
f 518/395/539 393/83/539 565/142/539
f 532/396/540 564/84/540 393/83/540
f 531/397/541 739/398/541 532/396/541
f 740/399/542 531/397/542 529/400/542
f 529/400/543 1211/401/543 1210/402/543
f 1213/403/544 528/404/544 1217/405/544
f 750/406/545 528/404/545 527/407/545
f 754/408/546 527/407/546 526/72/546
f 532/396/547 739/398/547 564/84/547
f 739/398/548 563/179/548 564/84/548
f 531/397/549 740/399/549 739/398/549
f 740/399/550 741/409/550 739/398/550
f 739/398/551 741/409/551 563/179/551
f 741/409/552 561/180/552 563/179/552
f 740/399/553 529/400/553 742/410/553
f 743/411/554 740/399/554 742/410/554
f 740/399/555 743/411/555 741/409/555
f 743/411/556 744/412/556 741/409/556
f 741/409/557 744/412/557 561/180/557
f 744/412/558 560/181/558 561/180/558
f 1214/413/559 742/410/559 1212/414/559
f 746/415/560 1214/416/560 1215/417/560
f 743/411/561 742/410/561 746/415/561
f 747/418/562 743/411/562 746/415/562
f 744/412/563 743/411/563 747/418/563
f 747/418/564 748/419/564 744/412/564
f 744/412/565 748/419/565 560/181/565
f 748/419/566 559/182/566 560/181/566
f 528/404/567 1216/420/567 1217/405/567
f 750/406/568 1218/421/568 1216/420/568
f 1219/422/569 746/415/569 1215/417/569
f 746/415/570 1220/423/570 751/424/570
f 747/418/571 746/415/571 751/424/571
f 752/425/572 747/418/572 751/424/572
f 748/419/573 747/418/573 752/425/573
f 752/425/574 753/426/574 748/419/574
f 748/419/575 753/426/575 559/182/575
f 753/426/576 557/183/576 559/182/576
f 750/406/577 527/407/577 754/408/577
f 755/427/578 750/406/578 754/408/578
f 750/406/579 1221/428/579 1218/429/579
f 755/427/580 1223/430/580 1221/428/580
f 751/424/581 1224/431/581 1225/432/581
f 757/433/582 1225/432/582 1228/434/582
f 752/425/583 751/424/583 757/433/583
f 758/435/584 752/425/584 757/433/584
f 753/426/585 752/425/585 758/435/585
f 758/435/586 760/436/586 753/426/586
f 753/426/587 760/436/587 557/183/587
f 760/436/588 556/184/588 557/183/588
f 526/72/589 511/66/589 754/408/589
f 510/437/590 754/408/590 511/66/590
f 755/427/591 754/408/591 510/437/591
f 509/438/592 755/427/592 510/437/592
f 1222/439/593 509/438/593 1227/440/593
f 1227/440/594 509/438/594 1226/441/594
f 757/433/595 1228/442/595 1229/443/595
f 507/444/596 1229/443/596 1230/445/596
f 758/435/597 757/433/597 507/444/597
f 506/446/598 758/435/598 507/444/598
f 760/436/599 758/435/599 506/446/599
f 506/446/600 505/447/600 760/436/600
f 760/436/601 505/447/601 556/184/601
f 505/447/602 392/80/602 556/184/602
f 517/448/603 555/81/603 392/80/603
f 516/449/604 761/450/604 517/448/604
f 762/451/605 516/449/605 515/452/605
f 764/453/606 1231/454/606 1234/455/606
f 1233/456/607 514/457/607 1232/458/607
f 1110/459/608 514/457/608 512/460/608
f 1100/461/609 512/460/609 1114/462/609
f 517/448/610 761/450/610 555/81/610
f 761/450/611 554/237/611 555/81/611
f 761/450/612 516/449/612 762/451/612
f 763/463/613 761/450/613 762/451/613
f 554/237/614 761/450/614 763/463/614
f 553/238/615 554/237/615 763/463/615
f 762/451/616 515/452/616 764/453/616
f 765/464/617 762/451/617 764/453/617
f 763/463/618 762/451/618 765/464/618
f 1102/465/619 763/463/619 765/464/619
f 553/238/620 763/463/620 1102/465/620
f 1101/466/621 553/238/621 1102/467/621
f 764/453/622 1234/468/622 1235/469/622
f 764/453/623 1236/470/623 1108/471/623
f 765/464/624 764/453/624 1108/471/624
f 765/464/625 1104/472/625 1103/473/625
f 1105/474/626 765/464/626 1103/473/626
f 552/243/627 1107/475/627 1106/476/627
f 514/457/628 1237/477/628 1232/458/628
f 1237/478/629 1110/479/629 1238/480/629
f 1239/481/630 1108/471/630 1236/470/630
f 769/482/631 1109/483/631 767/484/631
f 1106/485/632 1109/486/632 769/482/632
f 770/487/633 1106/476/633 769/482/633
f 552/243/634 1106/476/634 770/487/634
f 551/244/635 552/243/635 770/487/635
f 1110/459/636 512/460/636 1100/461/636
f 771/488/637 1240/489/637 1241/490/637
f 767/491/638 1243/492/638 1242/493/638
f 767/484/639 1244/494/639 772/495/639
f 769/482/640 767/484/640 772/495/640
f 773/496/641 769/482/641 772/495/641
f 770/487/642 769/482/642 773/496/642
f 774/497/643 770/487/643 773/496/643
f 551/244/644 770/487/644 774/497/644
f 774/497/645 549/245/645 551/244/645
f 497/498/646 1111/499/646 1031/500/646
f 1111/501/647 497/498/647 771/502/647
f 495/503/648 771/488/648 497/498/648
f 495/503/649 1240/489/649 771/488/649
f 495/503/650 1246/504/650 1245/505/650
f 1247/506/651 772/495/651 1244/494/651
f 772/495/652 1248/507/652 494/508/652
f 773/496/653 772/495/653 494/508/653
f 493/509/654 773/496/654 494/508/654
f 774/497/655 773/496/655 493/509/655
f 493/509/656 492/510/656 774/497/656
f 774/497/657 492/510/657 549/245/657
f 492/510/658 391/246/658 549/245/658
f 504/511/659 548/78/659 391/77/659
f 503/512/660 776/513/660 504/511/660
f 503/512/661 502/514/661 777/515/661
f 779/516/662 1249/517/662 1250/518/662
f 1252/519/663 500/520/663 1251/521/663
f 500/520/664 499/522/664 786/523/664
f 499/522/665 498/71/665 792/524/665
f 504/511/666 776/513/666 548/78/666
f 776/513/667 547/284/667 548/78/667
f 776/513/668 503/512/668 777/515/668
f 777/515/669 778/525/669 776/513/669
f 776/513/670 778/525/670 547/284/670
f 778/525/671 546/285/671 547/284/671
f 777/515/672 502/514/672 779/516/672
f 777/515/673 779/516/673 781/526/673
f 778/525/674 777/515/674 781/526/674
f 781/526/675 782/527/675 778/525/675
f 778/525/676 782/527/676 546/285/676
f 782/527/677 545/286/677 546/285/677
f 779/516/678 1250/518/678 1253/528/678
f 1254/529/679 779/516/679 1253/528/679
f 781/526/680 779/516/680 783/530/680
f 781/526/681 783/530/681 784/531/681
f 782/527/682 781/526/682 784/531/682
f 784/531/683 785/532/683 782/527/683
f 782/527/684 785/532/684 545/286/684
f 785/532/685 543/287/685 545/286/685
f 500/520/686 1255/533/686 1251/534/686
f 1256/535/687 786/523/687 1257/536/687
f 1259/537/688 783/530/688 1254/529/688
f 788/538/689 1258/539/689 1260/540/689
f 784/531/690 783/530/690 788/538/690
f 784/531/691 788/538/691 789/541/691
f 785/532/692 784/531/692 789/541/692
f 789/541/693 790/542/693 785/532/693
f 785/532/694 790/542/694 543/287/694
f 790/542/695 542/288/695 543/287/695
f 786/523/696 499/522/696 792/524/696
f 786/523/697 792/524/697 793/543/697
f 1257/536/698 793/543/698 1261/544/698
f 1261/544/699 793/543/699 1262/545/699
f 1263/546/700 788/538/700 1260/547/700
f 794/548/701 1263/546/701 1264/549/701
f 789/541/702 788/538/702 794/548/702
f 789/541/703 794/548/703 795/550/703
f 789/541/704 795/550/704 790/542/704
f 795/550/705 796/551/705 790/542/705
f 790/542/706 796/551/706 542/288/706
f 796/551/707 541/289/707 542/288/707
f 498/71/708 483/60/708 792/524/708
f 792/524/709 483/60/709 482/552/709
f 793/543/710 792/524/710 482/552/710
f 793/543/711 482/552/711 481/553/711
f 1262/545/712 481/553/712 1265/554/712
f 1265/555/713 481/553/713 1266/556/713
f 1267/557/714 794/548/714 1264/549/714
f 794/548/715 1268/558/715 480/559/715
f 795/550/716 794/548/716 480/559/716
f 795/550/717 480/559/717 478/560/717
f 795/550/718 478/560/718 796/551/718
f 478/560/719 477/561/719 796/551/719
f 796/551/720 477/561/720 541/289/720
f 477/561/721 390/74/721 541/289/721
f 490/562/722 540/75/722 390/74/722
f 489/563/723 797/564/723 490/562/723
f 489/563/724 488/565/724 798/566/724
f 801/567/725 1270/568/725 1271/569/725
f 1273/570/726 487/571/726 1272/572/726
f 487/571/727 486/573/727 808/574/727
f 486/573/728 485/70/728 812/575/728
f 490/562/729 797/564/729 540/75/729
f 797/564/730 539/335/730 540/75/730
f 797/564/731 489/563/731 798/566/731
f 798/566/732 799/576/732 797/564/732
f 797/564/733 799/576/733 539/335/733
f 799/576/734 538/336/734 539/335/734
f 798/566/735 488/565/735 801/567/735
f 798/566/736 801/567/736 803/577/736
f 799/576/737 798/566/737 803/577/737
f 803/577/738 804/578/738 799/576/738
f 799/576/739 804/578/739 538/336/739
f 804/578/740 536/337/740 538/336/740
f 1274/579/741 801/567/741 1271/569/741
f 801/567/742 1274/579/742 1275/580/742
f 803/577/743 801/567/743 805/581/743
f 803/577/744 805/581/744 806/582/744
f 804/578/745 803/577/745 806/582/745
f 806/582/746 807/583/746 804/578/746
f 804/578/747 807/583/747 536/337/747
f 807/583/748 535/338/748 536/337/748
f 808/574/749 1277/584/749 1278/585/749
f 1277/584/750 808/574/750 1279/586/750
f 1280/587/751 805/581/751 1276/588/751
f 1281/589/752 805/581/752 1280/590/752
f 806/582/753 805/581/753 809/591/753
f 806/582/754 809/591/754 810/592/754
f 807/583/755 806/582/755 810/592/755
f 810/592/756 811/593/756 807/583/756
f 807/583/757 811/593/757 535/338/757
f 535/338/758 811/593/758 534/339/758
f 808/574/759 486/573/759 812/575/759
f 808/574/760 812/575/760 815/594/760
f 808/574/761 1282/595/761 1279/586/761
f 1282/595/762 815/594/762 1283/596/762
f 809/591/763 1281/589/763 1284/597/763
f 1285/598/764 809/591/764 1284/597/764
f 810/592/765 809/591/765 816/599/765
f 810/592/766 816/599/766 817/600/766
f 811/593/767 810/592/767 817/600/767
f 811/593/768 817/600/768 818/601/768
f 534/339/769 811/593/769 818/601/769
f 534/339/770 818/601/770 533/340/770
f 485/70/771 470/57/771 812/575/771
f 812/575/772 470/57/772 469/602/772
f 815/594/773 812/575/773 469/602/773
f 815/594/774 469/602/774 468/603/774
f 815/594/775 1286/604/775 1283/605/775
f 468/603/776 1287/606/776 1286/604/776
f 816/599/777 1289/607/777 1290/608/777
f 466/609/778 1290/608/778 1362/610/778
f 817/600/779 816/599/779 466/609/779
f 817/600/780 466/609/780 465/611/780
f 818/601/781 817/600/781 465/611/781
f 1112/612/782 818/601/782 465/611/782
f 533/340/783 818/601/783 1112/613/783
f 533/340/784 1113/614/784 1098/342/784
f 518/395/785 532/396/785 393/83/785
f 518/395/786 520/394/786 819/615/786
f 520/394/787 521/393/787 820/616/787
f 1291/617/788 521/393/788 1209/392/788
f 824/618/789 1293/389/789 522/386/789
f 522/386/790 523/385/790 828/619/790
f 524/69/791 833/620/791 523/385/791
f 518/395/792 819/615/792 532/396/792
f 532/396/793 819/615/793 531/397/793
f 819/615/794 520/394/794 820/616/794
f 819/615/795 820/616/795 821/621/795
f 531/397/796 819/615/796 821/621/796
f 531/397/797 821/621/797 529/400/797
f 521/393/798 1294/622/798 820/616/798
f 820/616/799 1295/623/799 1296/624/799
f 821/621/800 1296/624/800 1297/625/800
f 821/621/801 1297/626/801 1298/627/801
f 529/400/802 1298/627/802 1299/628/802
f 1211/401/803 529/400/803 1299/628/803
f 824/618/804 1300/629/804 1292/630/804
f 824/618/805 1301/631/805 1300/632/805
f 825/633/806 1303/634/806 1301/631/806
f 1302/635/807 826/636/807 1305/637/807
f 1305/637/808 826/636/808 1304/638/808
f 826/636/809 1306/639/809 1304/638/809
f 1306/640/810 827/641/810 1307/642/810
f 528/404/811 1213/403/811 1308/643/811
f 824/618/812 522/386/812 828/619/812
f 824/618/813 828/619/813 829/644/813
f 825/633/814 824/618/814 829/644/814
f 825/633/815 829/644/815 830/645/815
f 826/636/816 825/633/816 830/645/816
f 826/636/817 830/645/817 831/646/817
f 827/641/818 826/636/818 831/646/818
f 827/641/819 831/646/819 832/647/819
f 528/404/820 827/641/820 832/647/820
f 528/404/821 832/647/821 527/407/821
f 828/619/822 523/385/822 833/620/822
f 833/620/823 834/648/823 828/619/823
f 829/644/824 828/619/824 834/648/824
f 834/648/825 835/649/825 829/644/825
f 830/645/826 829/644/826 835/649/826
f 835/649/827 838/650/827 830/645/827
f 831/646/828 830/645/828 838/650/828
f 838/650/829 839/651/829 831/646/829
f 831/646/830 839/651/830 832/647/830
f 839/651/831 840/652/831 832/647/831
f 832/647/832 840/652/832 527/407/832
f 840/652/833 526/72/833 527/407/833
f 524/69/834 464/68/834 833/620/834
f 464/68/835 463/653/835 833/620/835
f 833/620/836 463/653/836 834/648/836
f 463/653/837 462/654/837 834/648/837
f 834/648/838 462/654/838 835/649/838
f 462/654/839 460/655/839 835/649/839
f 835/649/840 460/655/840 838/650/840
f 460/655/841 459/656/841 838/650/841
f 838/650/842 459/656/842 839/651/842
f 459/656/843 458/657/843 839/651/843
f 839/651/844 458/657/844 840/652/844
f 458/657/845 457/658/845 840/652/845
f 840/652/846 457/658/846 526/72/846
f 457/658/847 387/64/847 526/72/847
f 505/447/848 517/448/848 392/80/848
f 505/447/849 506/446/849 841/659/849
f 506/446/850 507/444/850 842/660/850
f 1309/661/851 507/444/851 1230/445/851
f 844/662/852 1226/441/852 509/438/852
f 509/438/853 510/437/853 850/663/853
f 511/66/854 855/664/854 510/437/854
f 505/447/855 841/659/855 517/448/855
f 517/448/856 841/659/856 516/449/856
f 841/659/857 506/446/857 842/660/857
f 841/659/858 842/660/858 843/665/858
f 516/449/859 841/659/859 843/665/859
f 516/449/860 843/665/860 515/452/860
f 507/444/861 1309/661/861 1311/666/861
f 842/660/862 1312/667/862 1313/668/862
f 843/665/863 1313/669/863 1314/670/863
f 1315/671/864 843/665/864 1314/670/864
f 515/452/865 1315/671/865 1316/672/865
f 515/452/866 1317/673/866 1231/454/866
f 844/662/867 1318/674/867 1310/675/867
f 846/676/868 1320/677/868 1319/678/868
f 1320/677/869 846/676/869 1321/679/869
f 846/676/870 1322/680/870 1321/679/870
f 847/681/871 1323/682/871 1322/680/871
f 847/681/872 1324/683/872 1323/684/872
f 849/685/873 1325/686/873 1324/683/873
f 1326/687/874 514/457/874 1233/456/874
f 844/662/875 509/438/875 850/663/875
f 844/662/876 850/663/876 851/688/876
f 846/676/877 844/662/877 851/688/877
f 846/676/878 851/688/878 852/689/878
f 847/681/879 846/676/879 852/689/879
f 847/681/880 852/689/880 853/690/880
f 849/685/881 847/681/881 853/690/881
f 849/685/882 853/690/882 854/691/882
f 514/457/883 849/685/883 854/691/883
f 514/457/884 854/691/884 512/460/884
f 850/663/885 510/437/885 855/664/885
f 855/664/886 856/692/886 850/663/886
f 851/688/887 850/663/887 856/692/887
f 856/692/888 857/693/888 851/688/888
f 852/689/889 851/688/889 857/693/889
f 857/693/890 858/694/890 852/689/890
f 853/690/891 852/689/891 858/694/891
f 858/694/892 860/695/892 853/690/892
f 854/691/893 853/690/893 860/695/893
f 854/691/894 860/695/894 861/696/894
f 512/460/895 854/691/895 861/696/895
f 512/460/896 861/696/896 1114/462/896
f 511/66/897 456/65/897 855/664/897
f 456/65/898 454/697/898 855/664/898
f 855/664/899 454/697/899 856/692/899
f 454/697/900 453/698/900 856/692/900
f 856/692/901 453/698/901 857/693/901
f 453/698/902 452/699/902 857/693/902
f 857/693/903 452/699/903 858/694/903
f 452/699/904 451/700/904 858/694/904
f 858/694/905 451/700/905 860/695/905
f 860/695/906 451/700/906 450/701/906
f 861/696/907 860/695/907 450/701/907
f 861/696/908 450/701/908 449/702/908
f 861/696/909 1115/703/909 1114/704/909
f 449/702/910 1116/705/910 1115/703/910
f 492/510/911 504/706/911 391/246/911
f 492/510/912 493/509/912 862/707/912
f 493/509/913 494/508/913 864/708/913
f 494/508/914 1327/709/914 1328/710/914
f 495/503/915 1329/711/915 1246/712/915
f 495/503/916 497/498/916 871/713/916
f 1031/714/917 877/715/917 497/498/917
f 492/510/918 862/707/918 504/706/918
f 504/706/919 862/707/919 503/716/919
f 862/707/920 493/509/920 864/708/920
f 862/707/921 864/708/921 865/717/921
f 503/716/922 862/707/922 865/717/922
f 503/716/923 865/717/923 502/718/923
f 494/508/924 1330/719/924 864/708/924
f 864/708/925 1330/720/925 1331/721/925
f 864/708/926 1332/722/926 865/717/926
f 1333/723/927 865/717/927 1332/722/927
f 865/717/928 1333/723/928 1334/724/928
f 1249/725/929 502/718/929 1335/726/929
f 866/727/930 1337/728/930 1329/711/930
f 1336/729/931 867/730/931 1338/731/931
f 1338/731/932 867/730/932 1339/732/932
f 869/733/933 1339/732/933 867/730/933
f 869/733/934 1341/734/934 1340/735/934
f 870/736/935 1342/737/935 1343/738/935
f 1342/737/936 870/736/936 1344/739/936
f 870/736/937 1252/740/937 1344/739/937
f 866/727/938 495/503/938 871/713/938
f 866/727/939 871/713/939 872/741/939
f 867/730/940 866/727/940 872/741/940
f 867/730/941 872/741/941 874/742/941
f 869/733/942 867/730/942 874/742/942
f 869/733/943 874/742/943 875/743/943
f 869/733/944 875/743/944 870/736/944
f 870/736/945 875/743/945 876/744/945
f 870/736/946 876/744/946 500/745/946
f 500/745/947 876/744/947 499/746/947
f 871/713/948 497/498/948 877/715/948
f 871/713/949 877/715/949 878/747/949
f 872/741/950 871/713/950 878/747/950
f 878/747/951 879/748/951 872/741/951
f 874/742/952 872/741/952 879/748/952
f 879/748/953 880/749/953 874/742/953
f 875/743/954 874/742/954 880/749/954
f 880/749/955 882/750/955 875/743/955
f 875/743/956 882/750/956 876/744/956
f 882/750/957 883/751/957 876/744/957
f 876/744/958 883/751/958 499/746/958
f 883/751/959 498/752/959 499/746/959
f 877/715/960 1031/753/960 439/61/960
f 877/715/961 439/61/961 438/754/961
f 878/747/962 877/715/962 438/754/962
f 878/747/963 438/754/963 437/755/963
f 878/747/964 437/755/964 879/748/964
f 437/755/965 436/756/965 879/748/965
f 879/748/966 436/756/966 880/749/966
f 436/756/967 435/757/967 880/749/967
f 880/749/968 435/757/968 882/750/968
f 435/757/969 434/758/969 882/750/969
f 882/750/970 434/758/970 883/751/970
f 434/758/971 432/759/971 883/751/971
f 883/751/972 432/759/972 498/752/972
f 432/759/973 386/760/973 498/752/973
f 477/561/974 490/562/974 390/74/974
f 477/561/975 478/560/975 884/761/975
f 478/560/976 480/559/976 885/762/976
f 1345/763/977 480/559/977 1269/764/977
f 888/765/978 1346/766/978 1347/767/978
f 481/553/979 482/552/979 893/768/979
f 483/60/980 899/769/980 482/552/980
f 477/561/981 884/761/981 490/562/981
f 490/562/982 884/761/982 489/563/982
f 478/560/983 885/762/983 884/761/983
f 884/761/984 885/762/984 886/770/984
f 884/761/985 886/770/985 489/563/985
f 489/563/986 886/770/986 488/565/986
f 1348/771/987 480/559/987 1345/772/987
f 885/762/988 1348/771/988 1349/773/988
f 1350/774/989 885/762/989 1349/773/989
f 1352/775/990 886/770/990 1350/774/990
f 488/565/991 1351/776/991 1353/777/991
f 1270/568/992 488/565/992 1353/778/992
f 1346/766/993 888/765/993 1354/779/993
f 888/765/994 1355/780/994 1354/779/994
f 1355/780/995 889/781/995 1356/782/995
f 889/781/996 1357/783/996 1356/784/996
f 1358/785/997 890/786/997 1359/787/997
f 1359/787/998 891/788/998 1360/789/998
f 1360/789/999 891/788/999 1361/790/999
f 1361/790/1000 487/571/1000 1273/791/1000
f 481/553/1001 893/768/1001 888/765/1001
f 888/765/1002 893/768/1002 894/792/1002
f 888/765/1003 894/792/1003 889/781/1003
f 889/781/1004 894/792/1004 895/793/1004
f 889/781/1005 895/793/1005 890/786/1005
f 890/786/1006 895/793/1006 896/794/1006
f 890/786/1007 896/794/1007 891/788/1007
f 891/788/1008 896/794/1008 897/795/1008
f 891/788/1009 897/795/1009 487/571/1009
f 487/571/1010 897/795/1010 486/573/1010
f 482/552/1011 899/769/1011 893/768/1011
f 899/769/1012 900/796/1012 893/768/1012
f 893/768/1013 900/796/1013 894/792/1013
f 900/796/1014 901/797/1014 894/792/1014
f 894/792/1015 901/797/1015 895/793/1015
f 901/797/1016 902/798/1016 895/793/1016
f 895/793/1017 902/798/1017 896/794/1017
f 902/798/1018 903/799/1018 896/794/1018
f 896/794/1019 903/799/1019 897/795/1019
f 903/799/1020 904/800/1020 897/795/1020
f 897/795/1021 904/800/1021 486/573/1021
f 904/800/1022 485/70/1022 486/573/1022
f 483/60/1023 416/59/1023 899/769/1023
f 416/59/1024 415/801/1024 899/769/1024
f 899/769/1025 415/801/1025 900/796/1025
f 415/801/1026 413/802/1026 900/796/1026
f 900/796/1027 413/802/1027 901/797/1027
f 413/802/1028 412/803/1028 901/797/1028
f 901/797/1029 412/803/1029 902/798/1029
f 412/803/1030 411/804/1030 902/798/1030
f 902/798/1031 411/804/1031 903/799/1031
f 411/804/1032 410/805/1032 903/799/1032
f 903/799/1033 410/805/1033 904/800/1033
f 410/805/1034 409/806/1034 904/800/1034
f 904/800/1035 409/806/1035 485/70/1035
f 409/806/1036 385/45/1036 485/70/1036
f 1112/807/1037 465/611/1037 1117/808/1037
f 465/611/1038 466/609/1038 906/809/1038
f 1363/810/1039 466/609/1039 1362/811/1039
f 1288/812/1040 908/813/1040 1364/814/1040
f 468/603/1041 469/602/1041 910/815/1041
f 470/57/1042 915/816/1042 469/602/1042
f 1118/817/1043 476/345/1043 1099/344/1043
f 1117/818/1044 465/611/1044 906/819/1044
f 1119/820/1045 476/345/1045 1118/817/1045
f 476/345/1046 1119/820/1046 475/347/1046
f 1365/821/1047 466/609/1047 1363/810/1047
f 1366/822/1048 906/809/1048 1365/821/1048
f 1368/823/1049 1119/824/1049 1367/825/1049
f 475/347/1050 1368/826/1050 1369/827/1050
f 475/347/1051 1369/827/1051 1370/350/1051
f 1364/814/1052 908/813/1052 1371/828/1052
f 1371/828/1053 1123/829/1053 1372/830/1053
f 1372/831/1054 1120/832/1054 1373/833/1054
f 1121/834/1055 1374/835/1055 1375/836/1055
f 1121/834/1056 1376/837/1056 1374/835/1056
f 1376/837/1057 909/838/1057 1377/839/1057
f 909/838/1058 1191/840/1058 1377/841/1058
f 468/603/1059 910/815/1059 908/813/1059
f 908/813/1060 910/815/1060 911/842/1060
f 908/813/1061 911/842/1061 1123/829/1061
f 1123/829/1062 911/842/1062 1122/843/1062
f 1121/844/1063 1124/845/1063 912/846/1063
f 1121/834/1064 912/846/1064 909/838/1064
f 909/838/1065 912/846/1065 914/847/1065
f 909/838/1066 914/847/1066 474/352/1066
f 474/352/1067 914/847/1067 473/354/1067
f 469/602/1068 915/816/1068 910/815/1068
f 910/815/1069 915/816/1069 916/848/1069
f 910/815/1070 916/848/1070 911/842/1070
f 911/842/1071 916/848/1071 917/849/1071
f 1125/850/1072 911/842/1072 917/851/1072
f 912/846/1073 1126/852/1073 1129/853/1073
f 912/846/1074 1129/853/1074 919/854/1074
f 912/846/1075 919/854/1075 914/847/1075
f 914/847/1076 919/854/1076 920/855/1076
f 914/847/1077 920/855/1077 473/354/1077
f 920/855/1078 471/73/1078 473/354/1078
f 470/57/1079 423/47/1079 915/816/1079
f 423/47/1080 422/856/1080 915/816/1080
f 915/816/1081 422/856/1081 916/848/1081
f 916/848/1082 422/856/1082 421/857/1082
f 916/848/1083 421/857/1083 917/849/1083
f 1127/858/1084 421/857/1084 1128/859/1084
f 420/860/1085 1130/861/1085 1131/862/1085
f 1129/853/1086 420/860/1086 919/854/1086
f 919/854/1087 420/860/1087 419/863/1087
f 919/854/1088 419/863/1088 920/855/1088
f 419/863/1089 418/864/1089 920/855/1089
f 920/855/1090 418/864/1090 471/73/1090
f 418/864/1091 388/67/1091 471/73/1091
f 431/865/1092 464/68/1092 388/67/1092
f 429/866/1093 921/867/1093 431/865/1093
f 428/868/1094 922/869/1094 429/866/1094
f 427/870/1095 924/871/1095 428/868/1095
f 928/872/1096 427/870/1096 425/873/1096
f 933/874/1097 425/873/1097 424/875/1097
f 939/876/1098 424/875/1098 1132/877/1098
f 431/865/1099 921/867/1099 464/68/1099
f 921/867/1100 463/653/1100 464/68/1100
f 429/866/1101 922/869/1101 921/867/1101
f 922/869/1102 923/878/1102 921/867/1102
f 921/867/1103 923/878/1103 463/653/1103
f 923/878/1104 462/654/1104 463/653/1104
f 428/868/1105 924/871/1105 922/869/1105
f 924/871/1106 926/879/1106 922/869/1106
f 922/869/1107 926/879/1107 923/878/1107
f 926/879/1108 927/880/1108 923/878/1108
f 923/878/1109 927/880/1109 462/654/1109
f 927/880/1110 460/655/1110 462/654/1110
f 427/870/1111 928/872/1111 924/871/1111
f 928/872/1112 929/881/1112 924/871/1112
f 924/871/1113 929/881/1113 926/879/1113
f 929/881/1114 930/882/1114 926/879/1114
f 926/879/1115 930/882/1115 927/880/1115
f 930/882/1116 932/883/1116 927/880/1116
f 927/880/1117 932/883/1117 460/655/1117
f 932/883/1118 459/656/1118 460/655/1118
f 425/873/1119 933/874/1119 928/872/1119
f 933/874/1120 934/884/1120 928/872/1120
f 928/872/1121 934/884/1121 929/881/1121
f 934/884/1122 935/885/1122 929/881/1122
f 929/881/1123 935/885/1123 930/882/1123
f 935/885/1124 936/886/1124 930/882/1124
f 930/882/1125 936/886/1125 932/883/1125
f 936/886/1126 938/887/1126 932/883/1126
f 932/883/1127 938/887/1127 459/656/1127
f 938/887/1128 458/657/1128 459/656/1128
f 933/874/1129 424/875/1129 939/876/1129
f 939/876/1130 940/888/1130 933/874/1130
f 933/874/1131 940/888/1131 934/884/1131
f 940/888/1132 941/889/1132 934/884/1132
f 934/884/1133 941/889/1133 935/885/1133
f 941/889/1134 942/890/1134 935/885/1134
f 935/885/1135 942/890/1135 936/886/1135
f 942/890/1136 943/891/1136 936/886/1136
f 936/886/1137 943/891/1137 938/887/1137
f 943/891/1138 944/892/1138 938/887/1138
f 938/887/1139 944/892/1139 458/657/1139
f 944/892/1140 457/658/1140 458/657/1140
f 939/876/1141 1029/55/1141 448/54/1141
f 446/893/1142 939/876/1142 448/54/1142
f 939/876/1143 446/893/1143 940/888/1143
f 446/893/1144 445/894/1144 940/888/1144
f 940/888/1145 445/894/1145 941/889/1145
f 445/894/1146 444/895/1146 941/889/1146
f 941/889/1147 444/895/1147 942/890/1147
f 444/895/1148 443/896/1148 942/890/1148
f 942/890/1149 443/896/1149 943/891/1149
f 443/896/1150 441/897/1150 943/891/1150
f 943/891/1151 441/897/1151 944/892/1151
f 441/897/1152 440/898/1152 944/892/1152
f 944/892/1153 440/898/1153 457/658/1153
f 440/898/1154 387/64/1154 457/658/1154
f 440/899/1155 456/65/1155 387/64/1155
f 441/900/1156 946/901/1156 440/899/1156
f 443/902/1157 947/903/1157 441/900/1157
f 444/904/1158 949/905/1158 443/902/1158
f 445/906/1159 953/907/1159 444/904/1159
f 446/908/1160 957/909/1160 445/906/1160
f 446/908/1161 448/53/1161 963/910/1161
f 440/899/1162 946/901/1162 456/65/1162
f 946/901/1163 454/697/1163 456/65/1163
f 441/900/1164 947/903/1164 946/901/1164
f 947/903/1165 948/911/1165 946/901/1165
f 946/901/1166 948/911/1166 454/697/1166
f 948/911/1167 453/698/1167 454/697/1167
f 443/902/1168 949/905/1168 947/903/1168
f 949/905/1169 950/912/1169 947/903/1169
f 947/903/1170 950/912/1170 948/911/1170
f 950/912/1171 952/913/1171 948/911/1171
f 948/911/1172 952/913/1172 453/698/1172
f 952/913/1173 452/699/1173 453/698/1173
f 444/904/1174 953/907/1174 949/905/1174
f 953/907/1175 954/914/1175 949/905/1175
f 949/905/1176 954/914/1176 950/912/1176
f 954/914/1177 955/915/1177 950/912/1177
f 950/912/1178 955/915/1178 952/913/1178
f 955/915/1179 956/916/1179 952/913/1179
f 952/913/1180 956/916/1180 452/699/1180
f 956/916/1181 451/700/1181 452/699/1181
f 445/906/1182 957/909/1182 953/907/1182
f 957/909/1183 958/917/1183 953/907/1183
f 954/914/1184 953/907/1184 958/917/1184
f 954/914/1185 958/917/1185 960/918/1185
f 955/915/1186 954/914/1186 960/918/1186
f 955/915/1187 960/918/1187 961/919/1187
f 956/916/1188 955/915/1188 961/919/1188
f 962/920/1189 956/916/1189 961/919/1189
f 451/700/1190 956/916/1190 962/920/1190
f 450/701/1191 451/700/1191 962/920/1191
f 957/909/1192 446/908/1192 963/910/1192
f 957/909/1193 963/910/1193 964/921/1193
f 958/917/1194 957/909/1194 964/921/1194
f 958/917/1195 964/921/1195 965/922/1195
f 960/918/1196 958/917/1196 965/922/1196
f 960/918/1197 965/922/1197 966/923/1197
f 961/919/1198 960/918/1198 966/923/1198
f 961/919/1199 966/923/1199 967/924/1199
f 962/920/1200 961/919/1200 967/924/1200
f 968/925/1201 962/920/1201 967/924/1201
f 450/701/1202 962/920/1202 968/925/1202
f 449/702/1203 450/701/1203 968/925/1203
f 963/910/1204 1027/52/1204 1133/926/1204
f 1134/927/1205 963/910/1205 1133/926/1205
f 964/921/1206 1134/927/1206 1136/928/1206
f 1137/929/1207 964/921/1207 1135/930/1207
f 964/921/1208 1137/929/1208 1138/931/1208
f 965/922/1209 1139/932/1209 1140/933/1209
f 1141/934/1210 965/922/1210 1140/935/1210
f 1142/936/1211 966/923/1211 1141/934/1211
f 966/923/1212 1143/937/1212 967/924/1212
f 967/924/1213 1144/938/1213 1145/939/1213
f 968/925/1214 1145/939/1214 1146/940/1214
f 968/925/1215 1146/941/1215 1147/942/1215
f 449/702/1216 1147/942/1216 1148/943/1216
f 449/702/1217 1148/944/1217 1116/705/1217
f 439/61/1218 1030/63/1218 1149/945/1218
f 969/946/1219 1151/947/1219 1150/948/1219
f 970/949/1220 1152/950/1220 1153/951/1220
f 972/952/1221 1155/953/1221 1156/954/1221
f 1157/955/1222 975/956/1222 1158/957/1222
f 979/958/1223 1159/959/1223 1160/960/1223
f 984/961/1224 1161/962/1224 1164/963/1224
f 969/946/1225 1149/945/1225 1151/947/1225
f 438/754/1226 439/61/1226 969/946/1226
f 969/946/1227 1154/964/1227 970/949/1227
f 971/965/1228 969/946/1228 970/949/1228
f 438/754/1229 969/946/1229 971/965/1229
f 437/755/1230 438/754/1230 971/965/1230
f 972/952/1231 1153/951/1231 1155/966/1231
f 970/949/1232 972/952/1232 973/967/1232
f 971/965/1233 970/949/1233 973/967/1233
f 974/968/1234 971/965/1234 973/967/1234
f 437/755/1235 971/965/1235 974/968/1235
f 974/968/1236 436/756/1236 437/755/1236
f 975/956/1237 1156/954/1237 1158/957/1237
f 972/952/1238 975/956/1238 976/969/1238
f 972/952/1239 976/969/1239 973/967/1239
f 973/967/1240 976/969/1240 977/970/1240
f 973/967/1241 977/970/1241 974/968/1241
f 977/970/1242 978/971/1242 974/968/1242
f 974/968/1243 978/971/1243 436/756/1243
f 978/971/1244 435/757/1244 436/756/1244
f 975/956/1245 1162/972/1245 979/958/1245
f 975/956/1246 979/958/1246 980/973/1246
f 975/956/1247 980/973/1247 976/969/1247
f 976/969/1248 980/973/1248 981/974/1248
f 976/969/1249 981/974/1249 977/970/1249
f 981/974/1250 982/975/1250 977/970/1250
f 977/970/1251 982/975/1251 978/971/1251
f 982/975/1252 983/976/1252 978/971/1252
f 978/971/1253 983/976/1253 435/757/1253
f 983/976/1254 434/758/1254 435/757/1254
f 979/958/1255 1160/960/1255 1163/977/1255
f 979/958/1256 984/961/1256 985/978/1256
f 979/958/1257 985/978/1257 980/973/1257
f 985/978/1258 986/979/1258 980/973/1258
f 980/973/1259 986/979/1259 981/974/1259
f 986/979/1260 987/980/1260 981/974/1260
f 981/974/1261 987/980/1261 982/975/1261
f 987/980/1262 988/981/1262 982/975/1262
f 982/975/1263 988/981/1263 983/976/1263
f 988/981/1264 989/982/1264 983/976/1264
f 983/976/1265 989/982/1265 434/758/1265
f 989/982/1266 432/759/1266 434/758/1266
f 1026/49/1267 984/961/1267 1164/983/1267
f 984/961/1268 400/48/1268 399/984/1268
f 984/961/1269 399/984/1269 985/978/1269
f 399/984/1270 398/985/1270 985/978/1270
f 985/978/1271 398/985/1271 986/979/1271
f 398/985/1272 397/986/1272 986/979/1272
f 986/979/1273 397/986/1273 987/980/1273
f 397/986/1274 396/987/1274 987/980/1274
f 987/980/1275 396/987/1275 988/981/1275
f 396/987/1276 395/988/1276 988/981/1276
f 988/981/1277 395/988/1277 989/982/1277
f 395/988/1278 394/989/1278 989/982/1278
f 989/982/1279 394/989/1279 432/759/1279
f 394/989/1280 386/760/1280 432/759/1280
f 418/864/1281 431/990/1281 388/67/1281
f 419/863/1282 990/991/1282 418/864/1282
f 420/860/1283 991/992/1283 419/863/1283
f 1165/993/1284 420/860/1284 1131/862/1284
f 1166/994/1285 421/857/1285 995/995/1285
f 422/856/1286 997/996/1286 421/857/1286
f 423/47/1287 1000/997/1287 422/856/1287
f 418/864/1288 990/991/1288 431/990/1288
f 990/991/1289 429/998/1289 431/990/1289
f 419/863/1290 991/992/1290 990/991/1290
f 991/992/1291 992/999/1291 990/991/1291
f 990/991/1292 992/999/1292 429/998/1292
f 992/999/1293 428/1000/1293 429/998/1293
f 420/860/1294 1167/1001/1294 991/992/1294
f 1167/1001/1295 993/1002/1295 991/992/1295
f 991/992/1296 993/1002/1296 992/999/1296
f 992/999/1297 993/1002/1297 994/1003/1297
f 428/1000/1298 992/999/1298 994/1003/1298
f 428/1000/1299 994/1003/1299 427/1004/1299
f 993/1002/1300 1168/1005/1300 1169/1006/1300
f 993/1002/1301 1170/1007/1301 1174/1008/1301
f 994/1003/1302 993/1002/1302 1174/1008/1302
f 994/1003/1303 1174/1008/1303 996/1009/1303
f 427/1004/1304 994/1003/1304 996/1009/1304
f 427/1004/1305 996/1009/1305 425/1010/1305
f 421/857/1306 997/996/1306 995/1011/1306
f 997/996/1307 998/1012/1307 995/1011/1307
f 1171/1013/1308 998/1012/1308 1172/1014/1308
f 1173/1015/1309 998/1012/1309 999/1016/1309
f 996/1009/1310 1175/1017/1310 1176/1018/1310
f 996/1009/1311 1178/1019/1311 1177/1020/1311
f 425/1010/1312 996/1009/1312 1177/1021/1312
f 425/1010/1313 1177/1022/1313 424/1023/1313
f 422/856/1314 1000/997/1314 997/996/1314
f 1000/997/1315 1001/1024/1315 997/996/1315
f 997/996/1316 1001/1024/1316 998/1012/1316
f 1002/1025/1317 998/1012/1317 1001/1024/1317
f 999/1026/1318 998/1012/1318 1002/1025/1318
f 1003/1027/1319 999/1026/1319 1002/1025/1319
f 1003/1027/1320 1180/1028/1320 999/1026/1320
f 1003/1027/1321 1181/1029/1321 1179/1030/1321
f 424/1023/1322 1182/1031/1322 1183/1032/1322
f 424/1023/1323 1184/1033/1323 1132/1034/1323
f 423/47/1324 408/46/1324 1000/997/1324
f 408/46/1325 407/1035/1325 1000/997/1325
f 1000/997/1326 407/1035/1326 1001/1024/1326
f 407/1035/1327 406/1036/1327 1001/1024/1327
f 1002/1025/1328 1001/1024/1328 406/1036/1328
f 405/1037/1329 1002/1025/1329 406/1036/1329
f 1003/1027/1330 1002/1025/1330 405/1037/1330
f 403/1038/1331 1003/1027/1331 405/1037/1331
f 1003/1027/1332 403/1038/1332 1185/1039/1332
f 1185/1040/1333 403/1038/1333 402/1041/1333
f 402/1041/1334 1186/1042/1334 1185/1043/1334
f 402/1041/1335 1188/1044/1335 1187/1045/1335
f 394/1046/1336 416/59/1336 386/58/1336
f 395/1047/1337 1004/1048/1337 394/1046/1337
f 396/1049/1338 1005/1050/1338 395/1047/1338
f 397/1051/1339 1007/1052/1339 396/1049/1339
f 398/1053/1340 1010/1054/1340 397/1051/1340
f 399/1055/1341 1014/1056/1341 398/1053/1341
f 400/43/1342 1019/1057/1342 399/1055/1342
f 394/1046/1343 1004/1048/1343 416/59/1343
f 1004/1048/1344 415/801/1344 416/59/1344
f 395/1047/1345 1005/1050/1345 1004/1048/1345
f 1005/1050/1346 1006/1058/1346 1004/1048/1346
f 1004/1048/1347 1006/1058/1347 415/801/1347
f 1006/1058/1348 413/802/1348 415/801/1348
f 396/1049/1349 1007/1052/1349 1005/1050/1349
f 1007/1052/1350 1008/1059/1350 1005/1050/1350
f 1005/1050/1351 1008/1059/1351 1006/1058/1351
f 1008/1059/1352 1009/1060/1352 1006/1058/1352
f 1006/1058/1353 1009/1060/1353 413/802/1353
f 1009/1060/1354 412/803/1354 413/802/1354
f 397/1051/1355 1010/1054/1355 1007/1052/1355
f 1010/1054/1356 1011/1061/1356 1007/1052/1356
f 1007/1052/1357 1011/1061/1357 1008/1059/1357
f 1011/1061/1358 1012/1062/1358 1008/1059/1358
f 1008/1059/1359 1012/1062/1359 1009/1060/1359
f 1012/1062/1360 1013/1063/1360 1009/1060/1360
f 1009/1060/1361 1013/1063/1361 412/803/1361
f 1013/1063/1362 411/804/1362 412/803/1362
f 398/1053/1363 1014/1056/1363 1010/1054/1363
f 1014/1056/1364 1015/1064/1364 1010/1054/1364
f 1010/1054/1365 1015/1064/1365 1011/1061/1365
f 1015/1064/1366 1016/1065/1366 1011/1061/1366
f 1011/1061/1367 1016/1065/1367 1012/1062/1367
f 1016/1065/1368 1017/1066/1368 1012/1062/1368
f 1012/1062/1369 1017/1066/1369 1013/1063/1369
f 1017/1066/1370 1018/1067/1370 1013/1063/1370
f 1013/1063/1371 1018/1067/1371 411/804/1371
f 1018/1067/1372 410/805/1372 411/804/1372
f 399/1055/1373 1019/1057/1373 1014/1056/1373
f 1019/1057/1374 1020/1068/1374 1014/1056/1374
f 1014/1056/1375 1020/1068/1375 1015/1064/1375
f 1020/1068/1376 1021/1069/1376 1015/1064/1376
f 1015/1064/1377 1021/1069/1377 1016/1065/1377
f 1021/1069/1378 1022/1070/1378 1016/1065/1378
f 1016/1065/1379 1022/1070/1379 1017/1066/1379
f 1022/1070/1380 1023/1071/1380 1017/1066/1380
f 1017/1066/1381 1023/1071/1381 1018/1067/1381
f 1023/1071/1382 1024/1072/1382 1018/1067/1382
f 1018/1067/1383 1024/1072/1383 410/805/1383
f 1024/1072/1384 409/806/1384 410/805/1384
f 1189/1073/1385 1019/1057/1385 400/43/1385
f 402/1074/1386 1019/1057/1386 1189/1075/1386
f 1019/1057/1387 402/1074/1387 1020/1068/1387
f 402/1074/1388 403/1076/1388 1020/1068/1388
f 1020/1068/1389 403/1076/1389 1021/1069/1389
f 403/1076/1390 405/1077/1390 1021/1069/1390
f 1021/1069/1391 405/1077/1391 1022/1070/1391
f 405/1077/1392 406/1078/1392 1022/1070/1392
f 1022/1070/1393 406/1078/1393 1023/1071/1393
f 406/1078/1394 407/1079/1394 1023/1071/1394
f 1023/1071/1395 407/1079/1395 1024/1072/1395
f 407/1079/1396 408/1080/1396 1024/1072/1396
f 1024/1072/1397 408/1080/1397 409/806/1397
f 408/1080/1398 385/45/1398 409/806/1398
f 401/1081/1399 1366/1082/1399 389/1083/1399
f 401/1084/1400 1367/1085/1400 1119/1086/1400
f 401/1087/1401 1117/1088/1401 906/1089/1401
f 1118/1090/1402 401/1091/1402 1119/1092/1402
f 433/1093/1403 1098/1094/1403 426/16/1403
f 426/1095/1404 1033/1096/1404 433/1097/1404
f 447/1098/1405 1095/1099/1405 1096/1100/1405
f 433/1097/1406 1044/1101/1406 447/1102/1406
f 461/14/1407 1093/1103/1407 1094/1104/1407
f 447/1102/1408 1043/1105/1408 461/1106/1408
f 472/1107/1409 1092/1108/1409 461/14/1409
f 461/1106/1410 1042/1109/1410 1041/1110/1410
f 484/1111/1411 1090/1112/1411 472/1107/1411
f 472/1113/1412 1040/1114/1412 484/1115/1412
f 496/12/1413 1087/1116/1413 1088/1117/1413
f 1038/1118/1414 496/1119/1414 484/1115/1414
f 508/1120/1415 1085/1121/1415 1084/1122/1415
f 496/1119/1416 1048/1123/1416 1036/1124/1416
f 519/1125/1417 1083/1126/1417 508/1120/1417
f 508/1127/1418 1047/1128/1418 1035/1129/1418
f 530/1130/1419 1081/1131/1419 519/1132/1419
f 519/1133/1420 1046/1134/1420 1034/1135/1420
f 544/1136/1421 1080/1137/1421 530/1130/1421
f 1050/1138/1422 1052/1139/1422 544/1140/1422
f 558/1141/1423 1056/1142/1423 544/1143/1423
f 544/1144/1424 1054/1145/1424 558/1146/1424
f 1063/1147/1425 558/1141/1425 571/8/1425
f 581/1148/1426 1064/1149/1426 571/8/1426
f 571/1150/1427 1061/1151/1427 581/1152/1427
f 590/1153/1428 658/1154/1428 581/1148/1428
f 604/6/1429 1071/1155/1429 590/1153/1429
f 590/1156/1430 1069/1157/1430 604/1158/1430
f 1077/1159/1431 604/6/1431 618/1160/1431
f 604/1158/1432 1072/1161/1432 1073/1162/1432
f 632/1163/1433 1107/1164/1433 1078/1165/1433
f 618/1166/1434 1075/1167/1434 1076/1168/1434
f 632/1163/1435 1106/1169/1435 1107/1164/1435
f 632/1170/1436 1101/1171/1436 1102/1172/1436
f 647/4/1437 1109/1173/1437 1106/1174/1437
f 1103/1175/1438 647/1176/1438 1105/1177/1438
f 657/1178/1439 767/1179/1439 1109/1180/1439
f 657/1181/1440 1103/1175/1440 1104/1182/1440
f 667/1183/1441 1243/1184/1441 767/1185/1441
f 667/1186/1442 1239/1187/1442 1378/1188/1442
f 693/1189/1443 1241/1190/1443 1378/1191/1443
f 693/1192/1444 1238/1193/1444 1110/1194/1444
f 693/1195/1445 1111/1196/1445 771/1197/1445
f 1100/1198/1446 693/1199/1446 1110/1200/1446
f 707/1201/1447 1031/1202/1447 1111/1203/1447
f 707/1204/1448 1100/1198/1448 1114/1205/1448
f 732/1206/1449 1149/1207/1449 1030/1208/1449
f 721/1209/1450 1115/1210/1450 1116/1211/1450
f 745/1212/1451 1151/1213/1451 732/1206/1451
f 1147/1214/1452 745/1215/1452 732/1216/1452
f 756/30/1453 1154/1217/1453 745/1212/1453
f 1145/1218/1454 756/1219/1454 745/1215/1454
f 1153/1220/1455 756/30/1455 766/1221/1455
f 756/1219/1456 1144/1222/1456 1143/1223/1456
f 775/1224/1457 1158/1225/1457 1156/1226/1457
f 766/1227/1458 1142/1228/1458 1141/1229/1458
f 787/28/1459 1162/1230/1459 1157/1231/1459
f 1139/1232/1460 787/1233/1460 775/1234/1460
f 1159/1235/1461 800/1236/1461 1160/1237/1461
f 800/1238/1462 787/1233/1462 1137/1239/1462
f 814/1240/1463 1164/1241/1463 1161/1242/1463
f 800/1238/1464 1134/1243/1464 814/1244/1464
f 823/26/1465 1025/1245/1465 1026/1246/1465
f 814/1244/1466 1133/1247/1466 1027/1248/1466
f 837/1249/1467 1189/1250/1467 823/1251/1467
f 837/1252/1468 1029/1253/1468 1132/1254/1468
f 848/1255/1469 1186/1256/1469 1187/1257/1469
f 837/1252/1470 1184/1258/1470 1183/1259/1470
f 873/1260/1471 1180/1261/1471 1179/1262/1471
f 863/1263/1472 1178/1264/1472 1176/1265/1472
f 887/1266/1473 1173/1267/1473 999/1268/1473
f 1174/1269/1474 887/1270/1474 873/1271/1474
f 898/22/1475 1171/1272/1475 1172/1273/1475
f 887/1270/1476 1170/1274/1476 1169/1275/1476
f 907/1276/1477 995/1277/1477 898/22/1477
f 898/1278/1478 1167/1279/1478 907/1280/1478
f 918/1281/1479 1128/1282/1479 907/1276/1479
f 907/1280/1480 1131/1283/1480 918/1284/1480
f 931/20/1481 917/1285/1481 918/1281/1481
f 1129/1286/1482 931/1287/1482 918/1284/1482
f 1122/1288/1483 931/20/1483 945/1289/1483
f 1124/1290/1484 931/1287/1484 1126/1291/1484
f 1121/1292/1485 945/1293/1485 1124/1290/1485
f 1120/1294/1486 959/1295/1486 1373/1296/1486
f 404/1081/1487 1367/1297/1487 389/1083/1487
f 404/1084/1488 1375/1298/1488 1374/1299/1488
f 417/1300/1489 1370/1301/1489 1369/1302/1489
f 404/1091/1490 1374/1303/1490 1376/1304/1490
f 430/16/1491 1195/1305/1491 1190/1306/1491
f 417/1307/1492 1377/1308/1492 1191/1309/1492
f 442/1093/1493 1198/1310/1493 1194/1311/1493
f 430/1095/1494 1192/1312/1494 1193/1313/1494
f 455/1098/1495 1200/1314/1495 1199/1315/1495
f 442/1097/1496 1196/1316/1496 1197/1317/1496
f 467/14/1497 1204/1318/1497 1203/1319/1497
f 455/1102/1498 1201/1320/1498 1202/1321/1498
f 479/1107/1499 1208/1322/1499 1205/1323/1499
f 467/1106/1500 1206/1324/1500 1207/1325/1500
f 491/1111/1501 1291/1326/1501 1209/1327/1501
f 479/1113/1502 1293/1328/1502 1292/1329/1502
f 501/12/1503 1295/1330/1503 1294/1331/1503
f 491/1115/1504 1300/1332/1504 1301/1333/1504
f 513/1120/1505 1297/1334/1505 1296/1335/1505
f 501/1119/1506 1303/1336/1506 1302/1337/1506
f 525/1125/1507 1299/1338/1507 1298/1339/1507
f 513/1127/1508 1305/1340/1508 1304/1341/1508
f 537/1130/1509 1210/1342/1509 1211/1343/1509
f 525/1133/1510 1306/1344/1510 1307/1345/1510
f 550/1136/1511 1214/1346/1511 1212/1347/1511
f 537/1348/1512 1308/1349/1512 1213/1350/1512
f 562/1141/1513 1219/1351/1513 1215/1352/1513
f 550/1144/1514 1217/1353/1514 1216/1354/1514
f 575/8/1515 1224/1355/1515 1220/1356/1515
f 562/1146/1516 1218/1357/1516 1221/1358/1516
f 589/1148/1517 1228/1359/1517 1225/1360/1517
f 575/1150/1518 1223/1361/1518 1222/1362/1518
f 602/1153/1519 1230/1363/1519 1229/1364/1519
f 589/1152/1520 1227/1365/1520 1226/1366/1520
f 615/6/1521 1311/1367/1521 1309/1368/1521
f 602/1156/1522 1310/1369/1522 1318/1370/1522
f 627/1160/1523 1313/1371/1523 1312/1372/1523
f 615/1158/1524 1319/1373/1524 1320/1374/1524
f 640/1163/1525 1315/1375/1525 1314/1376/1525
f 627/1166/1526 1321/1377/1526 1322/1378/1526
f 654/4/1527 1317/1379/1527 1316/1380/1527
f 640/1170/1528 1323/1381/1528 1324/1382/1528
f 666/1178/1529 1234/1383/1529 1231/1384/1529
f 654/1176/1530 1325/1385/1530 1326/1386/1530
f 677/1183/1531 1236/1387/1531 1235/1388/1531
f 666/1181/1532 1233/1389/1532 1232/1390/1532
f 1239/1391/1533 677/1392/1533 1378/1393/1533
f 677/1186/1534 1238/1394/1534 1378/1188/1534
f 701/1189/1535 1243/1395/1535 1378/1191/1535
f 701/1192/1536 1241/1396/1536 1240/1397/1536
f 714/1201/1537 1247/1398/1537 1244/1399/1537
f 701/1199/1538 1240/1400/1538 1245/1401/1538
f 725/32/1539 1327/1402/1539 1248/1403/1539
f 714/1204/1540 1246/1404/1540 1329/1405/1540
f 737/1206/1541 1330/1406/1541 1328/1407/1541
f 725/1209/1542 1337/1408/1542 1336/1409/1542
f 749/1212/1543 1332/1410/1543 1331/1411/1543
f 737/1216/1544 1338/1412/1544 1339/1413/1544
f 759/30/1545 1334/1414/1545 1333/1415/1545
f 749/1215/1546 1340/1416/1546 1341/1417/1546
f 768/1221/1547 1249/1418/1547 1335/1419/1547
f 759/1219/1548 1343/1420/1548 1342/1421/1548
f 780/1224/1549 1253/1422/1549 1250/1423/1549
f 768/1227/1550 1344/1424/1550 1252/1425/1550
f 791/28/1551 1259/1426/1551 1254/1427/1551
f 780/1234/1552 1251/1428/1552 1255/1429/1552
f 802/1236/1553 1260/1430/1553 1258/1431/1553
f 791/1233/1554 1256/1432/1554 1257/1433/1554
f 813/1240/1555 1264/1434/1555 1263/1435/1555
f 802/1238/1556 1261/1436/1556 1262/1437/1556
f 822/1251/1557 1268/1438/1557 1267/1439/1557
f 813/1440/1558 1265/1441/1558 1266/1442/1558
f 836/1249/1559 1345/1443/1559 1269/1444/1559
f 822/1445/1560 1347/1446/1560 1346/1447/1560
f 845/1255/1561 1349/1448/1561 1348/1449/1561
f 836/1252/1562 1354/1450/1562 1355/1451/1562
f 859/24/1563 1352/1452/1563 1350/1453/1563
f 845/1454/1564 1356/1455/1564 1357/1456/1564
f 868/1260/1565 1353/1457/1565 1351/1458/1565
f 859/1263/1566 1358/1459/1566 1359/1460/1566
f 881/1266/1567 1271/1461/1567 1270/1462/1567
f 868/1271/1568 1360/1463/1568 1361/1464/1568
f 892/22/1569 1275/1465/1569 1274/1466/1569
f 881/1270/1570 1273/1467/1570 1272/1468/1570
f 905/1276/1571 1280/1469/1571 1276/1470/1571
f 892/1278/1572 1278/1471/1572 1277/1472/1572
f 913/1281/1573 1284/1473/1573 1281/1474/1573
f 905/1280/1574 1279/1475/1574 1282/1476/1574
f 925/20/1575 1289/1477/1575 1285/1478/1575
f 913/1284/1576 1283/1479/1576 1286/1480/1576
f 937/1289/1577 1362/1481/1577 1290/1482/1577
f 925/1287/1578 1287/1483/1578 1288/1484/1578
f 951/1295/1579 1365/1485/1579 1363/1486/1579
f 937/1293/1580 1364/1487/1580 1371/1488/1580
f 951/1489/1581 1366/1490/1581 1365/1491/1581
f 951/1492/1582 1373/1493/1582 389/1494/1582
f 959/1495/1583 1375/1496/1583 389/1497/1583
f 1112/1498/1584 414/1300/1584 426/16/1584
f 1099/1499/1585 414/1307/1585 1118/1090/1585
f 1059/1500/1586 571/1150/1586 558/1146/1586
f 581/1152/1587 1065/1501/1587 1067/1502/1587
f 863/24/1588 1181/1503/1588 1185/1504/1588
f 1177/1505/1589 863/1263/1589 848/1454/1589
f 1123/1506/1590 945/1289/1590 959/1295/1590
f 2/1/1 4/4/1 3/2/1
f 4/4/2 6/6/2 5/5/2
f 6/6/3 8/8/3 7/7/3
f 8/8/4 10/10/4 9/9/4
f 10/10/5 12/12/5 11/11/5
f 12/12/6 14/14/6 13/13/6
f 14/14/7 16/16/7 15/15/7
f 16/16/8 18/18/8 17/17/8
f 18/18/9 20/20/9 19/19/9
f 20/20/10 22/22/10 21/21/10
f 22/22/11 24/24/11 23/23/11
f 24/24/12 26/26/12 25/25/12
f 26/26/13 28/28/13 27/27/13
f 28/28/14 30/30/14 29/29/14
f 4/4/15 33/4/15 35/6/15
f 30/30/16 32/32/16 31/31/16
f 32/32/17 2/37/17 1/33/17
f 31/36/18 1/1507/18 3/1508/18
f 3/1508/18 5/1509/18 31/36/18
f 5/1509/18 7/41/18 31/36/18
f 7/41/18 9/1510/18 11/1511/18
f 11/1511/18 13/1512/18 15/34/18
f 15/34/18 17/1513/18 19/1514/18
f 19/1514/18 21/1515/18 23/35/18
f 23/35/18 25/1516/18 27/1517/18
f 27/1517/18 29/1518/18 31/36/18
f 7/41/18 11/1511/18 15/34/18
f 15/34/18 19/1514/18 23/35/18
f 23/35/18 27/1517/18 31/36/18
f 31/36/18 7/41/18 15/34/18
f 42/20/19 58/20/19 59/22/19
f 14/14/15 39/14/15 40/16/15
f 26/26/15 24/24/15 44/24/15
f 12/12/15 10/10/15 37/10/15
f 20/20/15 42/20/15 43/22/15
f 32/32/15 30/30/15 47/30/15
f 6/6/15 35/6/15 36/8/15
f 16/16/15 40/16/15 41/18/15
f 2/1/15 34/1/15 33/4/15
f 26/26/15 45/26/15 46/28/15
f 12/12/15 38/12/15 39/14/15
f 22/22/15 43/22/15 44/24/15
f 32/32/15 48/32/15 34/37/15
f 8/8/15 36/8/15 37/10/15
f 20/20/15 18/18/15 41/18/15
f 28/28/15 46/28/15 47/30/15
f 51/38/15 49/1519/15 50/1520/15
f 50/1520/15 64/1521/15 63/39/15
f 63/39/15 62/1522/15 61/1523/15
f 61/1523/15 60/1524/15 59/40/15
f 59/40/15 58/1525/15 57/1526/15
f 57/1526/15 56/1527/15 59/40/15
f 56/1527/15 55/1528/15 59/40/15
f 55/1528/15 54/1529/15 53/1530/15
f 53/1530/15 52/1531/15 51/38/15
f 51/38/15 50/1520/15 63/39/15
f 63/39/15 61/1523/15 59/40/15
f 55/1528/15 53/1530/15 59/40/15
f 53/1530/15 51/38/15 59/40/15
f 36/8/20 35/6/20 51/6/20
f 43/22/21 59/22/21 60/24/21
f 36/8/22 52/8/22 53/10/22
f 44/24/23 60/24/23 61/26/23
f 38/12/24 37/10/24 53/10/24
f 45/26/25 61/26/25 62/28/25
f 38/12/26 54/12/26 55/14/26
f 47/30/27 46/28/27 62/28/27
f 39/14/28 55/14/28 56/16/28
f 47/30/29 63/30/29 64/32/29
f 40/16/30 56/16/30 57/18/30
f 33/4/31 34/1/31 50/1/31
f 34/37/32 48/32/32 64/32/32
f 41/18/33 57/18/33 58/20/33
f 33/4/34 49/4/34 51/6/34
f 66/1/35 68/4/35 67/2/35
f 68/4/36 70/6/36 69/5/36
f 69/5/37 70/6/37 72/8/37
f 72/8/38 74/10/38 73/9/38
f 74/10/39 76/12/39 75/11/39
f 76/12/40 78/14/40 77/13/40
f 77/13/41 78/14/41 80/16/41
f 80/16/42 82/18/42 81/17/42
f 82/18/43 84/20/43 83/19/43
f 84/20/44 86/22/44 85/21/44
f 86/22/45 88/24/45 87/23/45
f 87/23/46 88/24/46 90/26/46
f 90/26/47 92/28/47 91/27/47
f 91/27/48 92/28/48 94/30/48
f 68/4/49 97/4/49 99/6/49
f 94/30/50 96/32/50 95/31/50
f 96/32/51 66/37/51 65/33/51
f 95/36/52 65/1507/52 67/1508/52
f 67/1508/52 69/1509/52 71/41/52
f 71/41/52 73/1510/52 75/1511/52
f 75/1511/52 77/1512/52 79/34/52
f 79/34/52 81/1513/52 83/1514/52
f 83/1514/52 85/1515/52 79/34/52
f 85/1515/52 87/35/52 79/34/52
f 87/35/52 89/1516/52 91/1517/52
f 91/1517/52 93/1518/52 95/36/52
f 95/36/52 67/1508/52 71/41/52
f 71/41/52 75/1511/52 79/34/52
f 87/35/52 91/1517/52 95/36/52
f 95/36/52 71/41/52 79/34/52
f 107/22/53 106/20/53 122/20/53
f 78/14/49 103/14/49 104/16/49
f 90/26/49 88/24/49 108/24/49
f 74/10/49 101/10/49 102/12/49
f 84/20/49 106/20/49 107/22/49
f 96/32/49 94/30/49 111/30/49
f 72/8/49 70/6/49 99/6/49
f 80/16/49 104/16/49 105/18/49
f 66/1/49 98/1/49 97/4/49
f 90/26/49 109/26/49 110/28/49
f 76/12/49 102/12/49 103/14/49
f 86/22/49 107/22/49 108/24/49
f 96/32/49 112/32/49 98/37/49
f 72/8/49 100/8/49 101/10/49
f 82/18/49 105/18/49 106/20/49
f 94/30/49 92/28/49 110/28/49
f 115/38/49 113/1519/49 114/1520/49
f 114/1520/49 128/1521/49 127/39/49
f 127/39/49 126/1522/49 125/1523/49
f 125/1523/49 124/1524/49 123/40/49
f 123/40/49 122/1525/49 121/1526/49
f 121/1526/49 120/1527/49 123/40/49
f 120/1527/49 119/1528/49 123/40/49
f 119/1528/49 118/1529/49 117/1530/49
f 117/1530/49 116/1531/49 115/38/49
f 115/38/49 114/1520/49 127/39/49
f 127/39/49 125/1523/49 123/40/49
f 119/1528/49 117/1530/49 123/40/49
f 117/1530/49 115/38/49 123/40/49
f 99/6/54 115/6/54 116/8/54
f 107/22/55 123/22/55 124/24/55
f 101/10/56 100/8/56 116/8/56
f 109/26/57 108/24/57 124/24/57
f 102/12/58 101/10/58 117/10/58
f 109/26/59 125/26/59 126/28/59
f 103/14/60 102/12/60 118/12/60
f 110/28/61 126/28/61 127/30/61
f 103/14/62 119/14/62 120/16/62
f 111/30/63 127/30/63 128/32/63
f 105/18/64 104/16/64 120/16/64
f 98/1/65 114/1/65 113/4/65
f 98/37/66 112/32/66 128/32/66
f 105/18/67 121/18/67 122/20/67
f 99/6/68 97/4/68 113/4/68
f 130/1/17 132/4/17 131/2/17
f 132/4/16 134/6/16 133/5/16
f 134/6/14 136/8/14 135/7/14
f 136/8/13 138/10/13 137/9/13
f 138/10/12 140/12/12 139/11/12
f 140/12/11 142/14/11 141/13/11
f 142/14/10 144/16/10 143/15/10
f 144/16/9 146/18/9 145/17/9
f 146/18/8 148/20/8 147/19/8
f 148/20/7 150/22/7 149/21/7
f 150/22/6 152/24/6 151/23/6
f 152/24/5 154/26/5 153/25/5
f 154/26/4 156/28/4 155/27/4
f 156/28/3 158/30/3 157/29/3
f 132/4/18 161/4/18 163/6/18
f 157/29/2 158/30/2 160/32/2
f 160/32/1 130/37/1 129/33/1
f 159/36/15 129/1507/15 131/1508/15
f 131/1508/15 133/1509/15 159/36/15
f 133/1509/15 135/41/15 159/36/15
f 135/41/15 137/1510/15 139/1511/15
f 139/1511/15 141/1512/15 143/34/15
f 143/34/15 145/1513/15 147/1514/15
f 147/1514/15 149/1515/15 151/35/15
f 151/35/15 153/1516/15 155/1517/15
f 155/1517/15 157/1518/15 159/36/15
f 135/41/15 139/1511/15 143/34/15
f 143/34/15 147/1514/15 151/35/15
f 151/35/15 155/1517/15 159/36/15
f 159/36/15 135/41/15 143/34/15
f 171/22/69 170/20/69 186/20/69
f 142/14/18 167/14/18 168/16/18
f 154/26/18 152/24/18 172/24/18
f 140/12/18 138/10/18 165/10/18
f 148/20/18 170/20/18 171/22/18
f 160/32/18 158/30/18 175/30/18
f 134/6/18 163/6/18 164/8/18
f 144/16/18 168/16/18 169/18/18
f 130/1/18 162/1/18 161/4/18
f 154/26/18 173/26/18 174/28/18
f 140/12/18 166/12/18 167/14/18
f 150/22/18 171/22/18 172/24/18
f 160/32/18 176/32/18 162/37/18
f 136/8/18 164/8/18 165/10/18
f 146/18/18 169/18/18 170/20/18
f 156/28/18 174/28/18 175/30/18
f 179/38/18 177/1519/18 178/1520/18
f 178/1520/18 192/1521/18 191/39/18
f 191/39/18 190/1522/18 189/1523/18
f 189/1523/18 188/1524/18 187/40/18
f 187/40/18 186/1525/18 185/1526/18
f 185/1526/18 184/1527/18 187/40/18
f 184/1527/18 183/1528/18 187/40/18
f 183/1528/18 182/1529/18 181/1530/18
f 181/1530/18 180/1531/18 179/38/18
f 179/38/18 178/1520/18 191/39/18
f 191/39/18 189/1523/18 187/40/18
f 183/1528/18 181/1530/18 187/40/18
f 181/1530/18 179/38/18 187/40/18
f 164/8/70 163/6/70 179/6/70
f 171/22/71 187/22/71 188/24/71
f 164/8/72 180/8/72 181/10/72
f 172/24/73 188/24/73 189/26/73
f 165/10/74 181/10/74 182/12/74
f 173/26/75 189/26/75 190/28/75
f 167/14/76 166/12/76 182/12/76
f 175/30/77 174/28/77 190/28/77
f 167/14/78 183/14/78 184/16/78
f 175/30/79 191/30/79 192/32/79
f 169/18/80 168/16/80 184/16/80
f 162/1/81 178/1/81 177/4/81
f 176/32/82 192/32/82 178/37/82
f 169/18/83 185/18/83 186/20/83
f 163/6/84 161/4/84 177/4/84
f 194/1/51 196/4/51 195/2/51
f 196/4/50 198/6/50 197/5/50
f 198/6/48 200/8/48 199/7/48
f 200/8/47 202/10/47 201/9/47
f 202/10/46 204/12/46 203/11/46
f 204/12/45 206/14/45 205/13/45
f 206/14/44 208/16/44 207/15/44
f 208/16/43 210/18/43 209/17/43
f 210/18/42 212/20/42 211/19/42
f 212/20/41 214/22/41 213/21/41
f 214/22/40 216/24/40 215/23/40
f 216/24/39 218/26/39 217/25/39
f 217/25/38 218/26/38 220/28/38
f 220/28/37 222/30/37 221/29/37
f 196/4/52 225/4/52 227/6/52
f 222/30/36 224/32/36 223/31/36
f 224/32/35 194/37/35 193/33/35
f 223/36/49 193/1507/49 195/1508/49
f 195/1508/49 197/1509/49 199/41/49
f 199/41/49 201/1510/49 203/1511/49
f 203/1511/49 205/1512/49 207/34/49
f 207/34/49 209/1513/49 211/1514/49
f 211/1514/49 213/1515/49 207/34/49
f 213/1515/49 215/35/49 207/34/49
f 215/35/49 217/1516/49 219/1517/49
f 219/1517/49 221/1518/49 223/36/49
f 223/36/49 195/1508/49 199/41/49
f 199/41/49 203/1511/49 207/34/49
f 215/35/49 219/1517/49 223/36/49
f 223/36/49 199/41/49 207/34/49
f 235/22/85 234/20/85 250/20/85
f 206/14/52 231/14/52 232/16/52
f 218/26/52 216/24/52 236/24/52
f 202/10/52 229/10/52 230/12/52
f 212/20/52 234/20/52 235/22/52
f 224/32/52 222/30/52 239/30/52
f 200/8/52 198/6/52 227/6/52
f 208/16/52 232/16/52 233/18/52
f 194/1/52 226/1/52 225/4/52
f 218/26/52 237/26/52 238/28/52
f 204/12/52 230/12/52 231/14/52
f 214/22/52 235/22/52 236/24/52
f 194/37/52 224/32/52 240/32/52
f 200/8/52 228/8/52 229/10/52
f 210/18/52 233/18/52 234/20/52
f 222/30/52 220/28/52 238/28/52
f 243/38/52 241/1519/52 242/1520/52
f 242/1520/52 256/1521/52 255/39/52
f 255/39/52 254/1522/52 253/1523/52
f 253/1523/52 252/1524/52 255/39/52
f 252/1524/52 251/40/52 255/39/52
f 251/40/52 250/1525/52 247/1528/52
f 250/1525/52 249/1526/52 247/1528/52
f 249/1526/52 248/1527/52 247/1528/52
f 247/1528/52 246/1529/52 245/1530/52
f 245/1530/52 244/1531/52 243/38/52
f 243/38/52 242/1520/52 255/39/52
f 247/1528/52 245/1530/52 251/40/52
f 245/1530/52 243/38/52 251/40/52
f 228/8/86 227/6/86 243/6/86
f 235/22/87 251/22/87 252/24/87
f 228/8/88 244/8/88 245/10/88
f 236/24/89 252/24/89 253/26/89
f 230/12/90 229/10/90 245/10/90
f 237/26/91 253/26/91 254/28/91
f 230/12/92 246/12/92 247/14/92
f 239/30/93 238/28/93 254/28/93
f 231/14/94 247/14/94 248/16/94
f 239/30/95 255/30/95 256/32/95
f 233/18/96 232/16/96 248/16/96
f 225/4/97 226/1/97 242/1/97
f 226/37/98 240/32/98 256/32/98
f 234/20/99 233/18/99 249/18/99
f 227/6/100 225/4/100 241/4/100
f 257/3/101 258/1/101 260/4/101
f 260/4/102 262/6/102 261/5/102
f 262/6/103 264/8/103 263/7/103
f 264/8/104 266/10/104 265/9/104
f 266/10/105 268/12/105 267/11/105
f 268/12/106 270/14/106 269/13/106
f 270/14/107 272/16/107 271/15/107
f 272/16/108 274/18/108 273/17/108
f 273/17/109 274/18/109 276/20/109
f 276/20/110 278/22/110 277/21/110
f 278/22/111 280/24/111 279/23/111
f 279/23/112 280/24/112 282/26/112
f 282/26/113 284/28/113 283/27/113
f 283/27/114 284/28/114 286/30/114
f 262/6/115 260/4/115 289/4/115
f 286/30/116 288/32/116 287/31/116
f 288/32/117 258/37/117 257/33/117
f 287/36/118 257/1507/118 259/1508/118
f 259/1508/118 261/1509/118 287/36/118
f 261/1509/118 263/41/118 287/36/118
f 263/41/118 265/1510/118 267/1511/118
f 267/1511/118 269/1512/118 271/34/118
f 271/34/118 273/1513/118 275/1514/118
f 275/1514/118 277/1515/118 279/35/118
f 279/35/118 281/1516/118 283/1517/118
f 283/1517/118 285/1518/118 287/36/118
f 263/41/118 267/1511/118 271/34/118
f 271/34/118 275/1514/118 287/36/118
f 275/1514/118 279/35/118 287/36/118
f 279/35/118 283/1517/118 287/36/118
f 299/22/119 298/20/119 314/20/119
f 270/14/115 295/14/115 296/16/115
f 280/24/115 300/24/115 301/26/115
f 266/10/115 293/10/115 294/12/115
f 276/20/115 298/20/115 299/22/115
f 288/32/115 286/30/115 303/30/115
f 262/6/115 291/6/115 292/8/115
f 272/16/115 296/16/115 297/18/115
f 258/1/115 290/1/115 289/4/115
f 282/26/115 301/26/115 302/28/115
f 270/14/115 268/12/115 294/12/115
f 278/22/115 299/22/115 300/24/115
f 288/32/115 304/32/115 290/37/115
f 264/8/115 292/8/115 293/10/115
f 274/18/115 297/18/115 298/20/115
f 284/28/115 302/28/115 303/30/115
f 307/38/115 305/1519/115 306/1520/115
f 306/1520/115 320/1521/115 319/39/115
f 319/39/115 318/1522/115 317/1523/115
f 317/1523/115 316/1524/115 319/39/115
f 316/1524/115 315/40/115 319/39/115
f 315/40/115 314/1525/115 313/1526/115
f 313/1526/115 312/1527/115 315/40/115
f 312/1527/115 311/1528/115 315/40/115
f 311/1528/115 310/1529/115 309/1530/115
f 309/1530/115 308/1531/115 307/38/115
f 307/38/115 306/1520/115 319/39/115
f 311/1528/115 309/1530/115 315/40/115
f 309/1530/115 307/38/115 315/40/115
f 292/8/120 291/6/120 307/6/120
f 299/22/121 315/22/121 316/24/121
f 293/10/122 292/8/122 308/8/122
f 300/24/123 316/24/123 317/26/123
f 293/10/124 309/10/124 310/12/124
f 302/28/125 301/26/125 317/26/125
f 294/12/126 310/12/126 311/14/126
f 303/30/127 302/28/127 318/28/127
f 295/14/128 311/14/128 312/16/128
f 303/30/129 319/30/129 320/32/129
f 296/16/130 312/16/130 313/18/130
f 289/4/131 290/1/131 306/1/131
f 304/32/132 320/32/132 306/37/132
f 297/18/133 313/18/133 314/20/133
f 289/4/134 305/4/134 307/6/134
f 321/3/117 322/1/117 324/4/117
f 324/4/116 326/6/116 325/5/116
f 326/6/114 328/8/114 327/7/114
f 328/8/113 330/10/113 329/9/113
f 330/10/112 332/12/112 331/11/112
f 332/12/111 334/14/111 333/13/111
f 333/13/110 334/14/110 336/16/110
f 336/16/109 338/18/109 337/17/109
f 337/17/108 338/18/108 340/20/108
f 340/20/107 342/22/107 341/21/107
f 342/22/106 344/24/106 343/23/106
f 344/24/105 346/26/105 345/25/105
f 346/26/104 348/28/104 347/27/104
f 348/28/103 350/30/103 349/29/103
f 324/4/118 353/4/118 355/6/118
f 350/30/102 352/32/102 351/31/102
f 352/32/101 322/37/101 321/33/101
f 351/36/115 321/1507/115 323/1508/115
f 323/1508/115 325/1509/115 327/41/115
f 327/41/115 329/1510/115 331/1511/115
f 331/1511/115 333/1512/115 335/34/115
f 335/34/115 337/1513/115 339/1514/115
f 339/1514/115 341/1515/115 343/35/115
f 343/35/115 345/1516/115 347/1517/115
f 347/1517/115 349/1518/115 351/36/115
f 351/36/115 323/1508/115 327/41/115
f 327/41/115 331/1511/115 335/34/115
f 335/34/115 339/1514/115 343/35/115
f 343/35/115 347/1517/115 351/36/115
f 351/36/115 327/41/115 335/34/115
f 363/22/135 362/20/135 378/20/135
f 336/16/118 334/14/118 359/14/118
f 344/24/118 364/24/118 365/26/118
f 332/12/118 330/10/118 357/10/118
f 340/20/118 362/20/118 363/22/118
f 350/30/118 367/30/118 368/32/118
f 326/6/118 355/6/118 356/8/118
f 336/16/118 360/16/118 361/18/118
f 322/1/118 354/1/118 353/4/118
f 346/26/118 365/26/118 366/28/118
f 332/12/118 358/12/118 359/14/118
f 342/22/118 363/22/118 364/24/118
f 352/32/118 368/32/118 354/37/118
f 328/8/118 356/8/118 357/10/118
f 338/18/118 361/18/118 362/20/118
f 348/28/118 366/28/118 367/30/118
f 371/38/118 369/1519/118 370/1520/118
f 370/1520/118 384/1521/118 383/39/118
f 383/39/118 382/1522/118 381/1523/118
f 381/1523/118 380/1524/118 383/39/118
f 380/1524/118 379/40/118 383/39/118
f 379/40/118 378/1525/118 375/1528/118
f 378/1525/118 377/1526/118 375/1528/118
f 377/1526/118 376/1527/118 375/1528/118
f 375/1528/118 374/1529/118 373/1530/118
f 373/1530/118 372/1531/118 371/38/118
f 371/38/118 370/1520/118 383/39/118
f 375/1528/118 373/1530/118 379/40/118
f 373/1530/118 371/38/118 379/40/118
f 355/6/136 371/6/136 372/8/136
f 363/22/137 379/22/137 380/24/137
f 356/8/138 372/8/138 373/10/138
f 365/26/139 364/24/139 380/24/139
f 357/10/140 373/10/140 374/12/140
f 365/26/141 381/26/141 382/28/141
f 358/12/142 374/12/142 375/14/142
f 367/30/143 366/28/143 382/28/143
f 360/16/144 359/14/144 375/14/144
f 368/32/145 367/30/145 383/30/145
f 360/16/146 376/16/146 377/18/146
f 354/1/147 370/1/147 369/4/147
f 368/32/148 384/32/148 370/37/148
f 361/18/149 377/18/149 378/20/149
f 353/4/150 369/4/150 371/6/150
f 616/104/175 1041/123/175 1042/105/175
f 605/93/177 596/90/177 1034/89/177
f 1047/111/179 1037/97/179 606/96/179
f 606/96/179 605/93/179 1035/92/179
f 1036/95/183 1048/114/183 606/96/183
f 1048/114/1591 1038/100/1591 608/99/1591
f 1049/118/189 1040/103/189 611/102/189
f 1041/123/197 616/104/197 611/102/197
f 1045/129/207 622/108/207 616/104/207
f 572/87/1592 622/108/1592 1044/107/1592
f 629/146/1593 1052/157/1593 1050/145/1593
f 1053/185/296 1052/1532/296 588/186/296
f 582/197/1594 1080/1533/1594 1055/198/1594
f 588/186/1595 1059/189/1595 1057/200/1595
f 582/197/1596 1056/199/1596 1058/201/1596
f 1060/206/307 1059/1534/307 653/191/307
f 655/208/308 1063/211/308 1062/209/308
f 1065/214/1597 1061/207/1597 653/191/1597
f 1066/216/314 658/217/314 655/208/314
f 1068/221/321 1067/213/321 661/220/321
f 1070/223/322 1071/1535/322 662/224/322
f 1072/230/331 1069/222/331 661/220/331
f 662/224/1598 1071/1535/1598 1074/232/1598
f 1075/239/1599 1073/229/1599 553/238/1599
f 1081/292/421 573/291/421 692/294/421
f 1084/308/425 1085/1536/425 695/307/425
f 1085/1536/425 1083/306/425 695/307/425
f 1088/313/1600 1087/312/1600 698/311/1600
f 1087/312/431 1086/309/431 695/307/431
f 1089/314/439 698/311/439 703/317/439
f 703/317/449 709/323/449 1092/324/449
f 1093/326/450 1092/324/450 709/323/450
f 1094/327/1601 709/323/1601 716/332/1601
f 716/332/475 533/340/475 1097/341/475
f 1190/349/1602 720/359/1602 475/347/1602
f 1192/351/481 1191/840/481 474/352/481
f 1195/362/496 1194/364/496 720/359/496
f 724/363/1603 720/359/1603 1194/364/1603
f 474/352/1604 728/355/1604 1196/368/1604
f 729/372/507 724/363/507 1199/370/507
f 1197/369/516 728/355/516 734/376/516
f 1205/390/519 735/382/519 1204/381/519
f 735/382/519 729/372/519 1204/381/519
f 1206/388/530 1202/379/530 734/376/530
f 734/376/530 522/386/530 1206/388/530
f 735/382/533 1208/1537/533 1209/392/533
f 1212/414/543 742/410/543 1210/402/543
f 742/410/543 529/400/543 1210/402/543
f 746/415/560 742/410/560 1214/416/560
f 528/404/567 750/406/567 1216/420/567
f 746/415/570 1219/422/570 1220/423/570
f 750/406/579 755/427/579 1221/428/579
f 755/427/580 1222/439/580 1223/430/580
f 751/424/581 1220/423/581 1224/431/581
f 757/433/1605 751/424/1605 1225/432/1605
f 1222/439/1606 755/427/1606 509/438/1606
f 507/444/596 757/433/596 1229/443/596
f 764/453/1607 515/452/1607 1231/454/1607
f 1101/466/621 1076/240/621 553/238/621
f 764/453/1608 1235/469/1608 1236/470/1608
f 765/464/1609 1108/471/1609 1104/472/1609
f 1105/474/1610 1102/465/1610 765/464/1610
f 552/243/1611 1078/242/1611 1107/475/1611
f 514/457/1612 1110/459/1612 1237/477/1612
f 767/484/639 1242/1538/639 1244/494/639
f 495/503/649 1245/505/649 1240/489/649
f 772/495/1613 1247/506/1613 1248/507/1613
f 779/516/662 502/514/662 1249/517/662
f 1254/529/679 783/530/679 779/516/679
f 500/520/686 786/523/686 1255/533/686
f 1256/535/687 1255/533/687 786/523/687
f 1259/537/688 1258/539/688 783/530/688
f 788/538/689 783/530/689 1258/539/689
f 1257/536/698 786/523/698 793/543/698
f 794/548/701 788/538/701 1263/546/701
f 1262/545/712 793/543/712 481/553/712
f 1267/557/715 1268/558/715 794/548/715
f 1268/558/715 1269/764/715 480/559/715
f 801/567/725 488/565/725 1270/568/725
f 1275/580/1614 1276/588/1614 805/581/1614
f 805/581/742 801/567/742 1275/580/742
f 1278/585/749 1272/572/749 487/571/749
f 487/571/749 808/574/749 1278/585/749
f 1281/589/752 809/591/752 805/581/752
f 808/574/761 815/594/761 1282/595/761
f 1285/598/1615 816/599/1615 809/591/1615
f 815/594/1616 468/603/1616 1286/604/1616
f 468/603/776 1288/812/776 1287/606/776
f 816/599/777 1285/598/777 1289/607/777
f 466/609/1617 816/599/1617 1290/608/1617
f 533/340/1618 1112/613/1618 1113/614/1618
f 824/618/789 1292/630/789 1293/389/789
f 521/393/798 1291/617/798 1294/622/798
f 820/616/799 1294/622/799 1295/623/799
f 821/621/1619 820/616/1619 1296/624/1619
f 529/400/802 821/621/802 1298/627/802
f 824/618/805 825/633/805 1301/631/805
f 825/633/806 1302/635/806 1303/634/806
f 1302/635/1620 825/633/1620 826/636/1620
f 826/636/809 827/641/809 1306/639/809
f 1308/643/811 1307/642/811 827/641/811
f 827/641/811 528/404/811 1308/643/811
f 844/662/852 1310/1539/852 1226/441/852
f 1312/667/861 842/660/861 1311/666/861
f 842/660/861 507/444/861 1311/666/861
f 843/665/863 842/660/863 1313/669/863
f 515/452/865 843/665/865 1315/671/865
f 515/452/866 1316/672/866 1317/673/866
f 1318/674/868 844/662/868 1319/678/868
f 844/662/868 846/676/868 1319/678/868
f 846/676/870 847/681/870 1322/680/870
f 847/681/872 849/685/872 1324/683/872
f 849/685/873 1326/687/873 1325/686/873
f 1326/687/874 849/685/874 514/457/874
f 861/696/1621 449/702/1621 1115/703/1621
f 494/508/914 1248/507/914 1327/709/914
f 495/503/915 866/727/915 1329/711/915
f 494/508/924 1328/710/924 1330/719/924
f 864/708/926 1331/721/926 1332/722/926
f 1335/726/928 502/718/928 1334/724/928
f 502/718/928 865/717/928 1334/724/928
f 866/727/930 1336/729/930 1337/728/930
f 1336/729/931 866/727/931 867/730/931
f 869/733/933 1340/1540/933 1339/732/933
f 1343/738/935 1341/734/935 869/733/935
f 869/733/935 870/736/935 1343/738/935
f 870/736/937 500/745/937 1252/740/937
f 1347/767/978 1266/556/978 481/553/978
f 481/553/978 888/765/978 1347/767/978
f 1348/771/987 885/762/987 480/559/987
f 1350/774/1622 886/770/1622 885/762/1622
f 1352/775/990 1351/776/990 886/770/990
f 488/565/991 886/770/991 1351/776/991
f 888/765/994 889/781/994 1355/780/994
f 889/781/996 890/786/996 1357/783/996
f 1358/785/997 1357/783/997 890/786/997
f 1359/787/998 890/786/998 891/788/998
f 1361/790/1000 891/788/1000 487/571/1000
f 1288/812/1040 468/603/1040 908/813/1040
f 1365/821/1047 906/809/1047 466/609/1047
f 475/347/1623 1119/820/1623 1368/826/1623
f 1371/828/1624 908/813/1624 1123/829/1624
f 1372/831/1625 1123/829/1625 1120/832/1625
f 1121/834/1626 909/838/1626 1376/837/1626
f 909/838/1627 474/352/1627 1191/840/1627
f 1125/850/1072 1122/1541/1072 911/842/1072
f 912/846/1628 1124/845/1628 1126/852/1628
f 1127/858/1084 917/849/1084 421/857/1084
f 420/860/1085 1129/1542/1085 1130/861/1085
f 939/876/1629 1132/877/1629 1029/55/1629
f 963/910/1204 448/53/1204 1027/52/1204
f 1136/928/1206 1135/930/1206 964/921/1206
f 964/921/1206 963/910/1206 1134/927/1206
f 1138/931/1630 1139/932/1630 965/922/1630
f 965/922/1630 964/921/1630 1138/931/1630
f 1141/934/1210 966/923/1210 965/922/1210
f 966/923/1212 1142/936/1212 1143/937/1212
f 967/924/1213 1143/937/1213 1144/938/1213
f 968/925/1631 967/924/1631 1145/939/1631
f 449/702/1632 968/925/1632 1147/942/1632
f 970/949/1220 1154/964/1220 1152/950/1220
f 969/946/1225 439/61/1225 1149/945/1225
f 969/946/1633 1150/948/1633 1154/964/1633
f 972/952/1231 970/949/1231 1153/951/1231
f 975/956/1237 972/952/1237 1156/954/1237
f 1157/955/1245 1162/972/1245 975/956/1245
f 1162/972/1634 1159/959/1634 979/958/1634
f 1163/977/1255 1161/962/1255 979/958/1255
f 1161/962/1255 984/961/1255 979/958/1255
f 1026/49/1267 400/48/1267 984/961/1267
f 1165/993/1635 1167/1001/1635 420/860/1635
f 1166/994/1285 1128/859/1285 421/857/1285
f 993/1002/1300 1167/1543/1300 1168/1005/1300
f 993/1002/1636 1169/1006/1636 1170/1007/1636
f 1171/1013/1308 995/1011/1308 998/1012/1308
f 1173/1015/1309 1172/1014/1309 998/1012/1309
f 996/1009/1310 1174/1544/1310 1175/1017/1310
f 996/1009/1311 1176/1018/1311 1178/1019/1311
f 1003/1027/1320 1179/1030/1320 1180/1028/1320
f 1003/1027/1637 1185/1039/1637 1181/1029/1637
f 424/1023/1638 1177/1022/1638 1182/1031/1638
f 424/1023/1323 1183/1032/1323 1184/1033/1323
f 402/1041/1334 1187/1045/1334 1186/1042/1334
f 402/1041/1639 1189/1545/1639 1188/1044/1639
f 401/1081/1640 906/1546/1640 1366/1082/1640
f 401/1084/1400 389/1494/1400 1367/1085/1400
f 401/1087/1641 414/1300/1641 1117/1088/1641
f 1118/1090/1642 414/1307/1642 401/1091/1642
f 1097/1547/1643 1098/1094/1643 433/1093/1643
f 1098/1094/1403 1113/1548/1403 426/16/1403
f 1099/1499/1644 1033/1096/1644 426/1095/1644
f 1033/1096/1404 1032/1549/1404 433/1097/1404
f 1096/1100/1405 1097/1547/1405 433/1093/1405
f 433/1093/1405 447/1098/1405 1096/1100/1405
f 1032/1550/1406 1044/1101/1406 433/1097/1406
f 1044/1101/1645 1045/1551/1645 447/1102/1645
f 1094/1104/1407 1095/1099/1407 447/1098/1407
f 447/1098/1407 461/14/1407 1094/1104/1407
f 1045/1552/1408 1043/1105/1408 447/1102/1408
f 1043/1105/1408 1042/1109/1408 461/1106/1408
f 1091/1553/1409 1092/1108/1409 472/1107/1409
f 1092/1108/1409 1093/1103/1409 461/14/1409
f 1041/1110/1410 1039/1554/1410 472/1113/1410
f 472/1113/1410 461/1106/1410 1041/1110/1410
f 1089/1555/1411 1090/1112/1411 484/1111/1411
f 1090/1112/1646 1091/1556/1646 472/1107/1646
f 1039/1554/1647 1040/1114/1647 472/1113/1647
f 1040/1114/1412 1049/1557/1412 484/1115/1412
f 1088/1117/1413 1089/1555/1413 484/1111/1413
f 484/1111/1413 496/12/1413 1088/1117/1413
f 484/1115/1414 1049/1558/1414 1038/1118/1414
f 1038/1118/1414 1048/1123/1414 496/1119/1414
f 1084/1122/1415 1086/1559/1415 508/1120/1415
f 1086/1559/1415 1087/1116/1415 496/12/1415
f 508/1120/1415 1086/1559/1415 496/12/1415
f 1036/1124/1416 1037/1560/1416 508/1127/1416
f 1037/1560/1416 1047/1128/1416 508/1127/1416
f 508/1127/1416 496/1119/1416 1036/1124/1416
f 1082/1561/1417 1083/1126/1417 519/1125/1417
f 1083/1126/1417 1085/1121/1417 508/1120/1417
f 1035/1129/1418 1046/1562/1418 519/1563/1418
f 519/1563/1418 508/1127/1418 1035/1129/1418
f 1079/1564/1419 1081/1131/1419 530/1130/1419
f 1081/1131/1648 1082/1565/1648 519/1132/1648
f 1034/1135/1420 1051/1566/1420 530/1348/1420
f 530/1348/1420 519/1133/1420 1034/1135/1420
f 1055/1567/1421 1080/1137/1421 544/1136/1421
f 1080/1137/1649 1079/1568/1649 530/1130/1649
f 1052/1139/1422 1053/1569/1422 544/1140/1422
f 544/1140/1422 530/1348/1422 1050/1138/1422
f 530/1348/1422 1051/1566/1422 1050/1138/1422
f 1058/1570/1423 1056/1142/1423 558/1141/1423
f 1056/1142/1423 1055/1571/1423 544/1143/1423
f 1053/1572/1424 1054/1145/1424 544/1144/1424
f 1054/1145/1424 1057/1573/1424 558/1146/1424
f 571/8/1425 1062/1574/1425 1063/1147/1425
f 1063/1147/1425 1058/1570/1425 558/1141/1425
f 1066/1575/1426 1064/1149/1426 581/1148/1426
f 1064/1149/1426 1062/1574/1426 571/8/1426
f 1060/1576/1427 1061/1151/1427 571/1150/1427
f 1061/1151/1427 1065/1501/1427 581/1152/1427
f 1070/1577/1650 658/1154/1650 590/1153/1650
f 658/1154/1651 1066/1575/1651 581/1148/1651
f 1074/1578/1429 1071/1155/1429 604/6/1429
f 1071/1155/1429 1070/1577/1429 590/1153/1429
f 1068/1579/1430 1069/1157/1430 590/1156/1430
f 1069/1157/1430 1072/1161/1430 604/1158/1430
f 1077/1159/1431 1074/1578/1431 604/6/1431
f 1073/1162/1432 1075/1167/1432 618/1166/1432
f 618/1166/1432 604/1158/1432 1073/1162/1432
f 1078/1165/1652 1077/1580/1652 618/1160/1652
f 618/1160/1433 632/1163/1433 1078/1165/1433
f 1076/1168/1434 1101/1171/1434 632/1170/1434
f 632/1170/1434 618/1166/1434 1076/1168/1434
f 632/1163/1435 647/4/1435 1106/1169/1435
f 1102/1172/1436 1105/1177/1436 647/1176/1436
f 647/1176/1436 632/1170/1436 1102/1172/1436
f 647/4/1653 657/1178/1653 1109/1173/1653
f 1103/1175/1438 657/1181/1438 647/1176/1438
f 657/1178/1654 667/1183/1654 767/1179/1654
f 1108/1581/1655 667/1582/1655 1104/1182/1655
f 667/1582/1440 657/1181/1440 1104/1182/1440
f 667/1183/1656 1378/1/1656 1243/1184/1656
f 667/1186/1442 1108/1583/1442 1239/1187/1442
f 693/1189/1657 771/1584/1657 1241/1190/1657
f 693/1192/1444 1378/1585/1444 1238/1193/1444
f 693/1195/1658 707/1201/1658 1111/1196/1658
f 1100/1198/1446 707/1204/1446 693/1199/1446
f 707/1201/1659 721/32/1659 1031/1202/1659
f 1114/1205/1448 1115/1210/1448 721/1209/1448
f 721/1209/1448 707/1204/1448 1114/1205/1448
f 1030/1208/1660 1031/1586/1660 721/32/1660
f 721/32/1661 732/1206/1661 1030/1208/1661
f 1116/1211/1450 1148/1587/1450 732/1216/1450
f 732/1216/1450 721/1209/1450 1116/1211/1450
f 1150/1588/1451 1151/1213/1451 745/1212/1451
f 1151/1213/1451 1149/1207/1451 732/1206/1451
f 732/1216/1452 1148/1589/1452 1147/1214/1452
f 1147/1214/1452 1146/1590/1452 745/1215/1452
f 1152/1591/1453 1154/1217/1453 756/30/1453
f 1154/1217/1453 1150/1588/1453 745/1212/1453
f 745/1215/1454 1146/1592/1454 1145/1218/1454
f 1145/1218/1454 1144/1222/1454 756/1219/1454
f 766/1221/1455 1155/1593/1455 1153/1220/1455
f 1153/1220/1455 1152/1591/1455 756/30/1455
f 1143/1223/1456 1142/1228/1456 766/1227/1456
f 766/1227/1456 756/1219/1456 1143/1223/1456
f 1156/1226/1662 1155/1594/1662 766/1221/1662
f 766/1221/1663 775/1224/1663 1156/1226/1663
f 1141/1229/1664 1140/1595/1664 775/1234/1664
f 775/1234/1665 766/1227/1665 1141/1229/1665
f 1157/1231/1459 1158/1225/1459 775/1224/1459
f 775/1224/1459 787/28/1459 1157/1231/1459
f 775/1234/1460 1140/1596/1460 1139/1232/1460
f 1139/1232/1460 1138/1597/1460 787/1233/1460
f 1159/1235/1461 1162/1230/1461 787/28/1461
f 787/28/1461 800/1236/1461 1159/1235/1461
f 800/1236/1461 1163/1598/1461 1160/1237/1461
f 1138/1597/1462 1137/1239/1462 787/1233/1462
f 1137/1239/1462 1135/1599/1462 800/1238/1462
f 1135/1599/1462 1136/1600/1462 800/1238/1462
f 1161/1242/1463 1163/1598/1463 800/1236/1463
f 800/1236/1463 814/1240/1463 1161/1242/1463
f 1136/1600/1464 1134/1243/1464 800/1238/1464
f 1134/1243/1464 1133/1247/1464 814/1244/1464
f 1026/1246/1465 1164/1601/1465 814/1240/1465
f 814/1240/1465 823/26/1465 1026/1246/1465
f 1027/1248/1666 1028/1602/1666 823/1603/1666
f 823/1603/1666 814/1244/1666 1027/1248/1666
f 1188/1604/1467 1189/1250/1467 837/1249/1467
f 1189/1250/1667 1025/1605/1667 823/1251/1667
f 1132/1254/1468 1184/1258/1468 837/1252/1468
f 837/1252/1468 823/1603/1468 1029/1253/1468
f 823/1603/1668 1028/1602/1668 1029/1253/1668
f 1187/1257/1469 1188/1606/1469 837/1607/1469
f 837/1607/1469 848/1255/1469 1187/1257/1469
f 1183/1259/1470 1182/1608/1470 848/1454/1470
f 848/1454/1470 837/1252/1470 1183/1259/1470
f 1179/1262/1471 1181/1503/1471 863/24/1471
f 863/24/1471 873/1260/1471 1179/1262/1471
f 1176/1265/1472 1175/1609/1472 873/1271/1472
f 873/1271/1472 863/1263/1472 1176/1265/1472
f 999/1268/1669 1180/1261/1669 873/1260/1669
f 873/1260/1670 887/1266/1670 999/1268/1670
f 873/1271/1474 1175/1609/1474 1174/1269/1474
f 1174/1269/1474 1170/1274/1474 887/1270/1474
f 1172/1273/1475 1173/1267/1475 887/1266/1475
f 887/1266/1475 898/22/1475 1172/1273/1475
f 1169/1275/1476 1168/1610/1476 898/1278/1476
f 898/1278/1476 887/1270/1476 1169/1275/1476
f 1166/1611/1671 995/1277/1671 907/1276/1671
f 995/1277/1672 1171/1272/1672 898/22/1672
f 1168/1610/1478 1167/1279/1478 898/1278/1478
f 1167/1279/1478 1165/1612/1478 907/1280/1478
f 1127/1613/1479 1128/1282/1479 918/1281/1479
f 1128/1282/1479 1166/1611/1479 907/1276/1479
f 1165/1612/1480 1131/1283/1480 907/1280/1480
f 1131/1283/1480 1130/1614/1480 918/1284/1480
f 1125/1615/1673 917/1285/1673 931/20/1673
f 917/1285/1674 1127/1613/1674 918/1281/1674
f 918/1284/1482 1130/1614/1482 1129/1286/1482
f 1129/1286/1482 1126/1291/1482 931/1287/1482
f 1122/1288/1483 1125/1615/1483 931/20/1483
f 1124/1290/1484 945/1293/1484 931/1287/1484
f 1121/1292/1675 959/1495/1675 945/1293/1675
f 1120/1294/1676 1123/1616/1676 959/1295/1676
f 959/1295/1486 389/18/1486 1373/1296/1486
f 404/1081/1487 1368/1617/1487 1367/1297/1487
f 404/1084/1488 389/1494/1488 1375/1298/1488
f 1369/1302/1489 1368/1618/1489 404/1087/1489
f 404/1087/1489 417/1300/1489 1369/1302/1489
f 1376/1304/1677 1377/1619/1677 417/1307/1677
f 417/1307/1677 404/1091/1677 1376/1304/1677
f 1190/1306/1491 1370/1301/1491 417/1300/1491
f 417/1300/1491 430/16/1491 1190/1306/1491
f 1191/1309/1492 1192/1312/1492 430/1095/1492
f 430/1095/1492 417/1307/1492 1191/1309/1492
f 1194/1311/1493 1195/1305/1493 430/16/1493
f 430/16/1493 442/1093/1493 1194/1311/1493
f 1193/1313/1494 1196/1316/1494 442/1097/1494
f 442/1097/1494 430/1095/1494 1193/1313/1494
f 1199/1315/1678 1198/1620/1678 442/1093/1678
f 442/1093/1678 455/1098/1678 1199/1315/1678
f 1197/1317/1679 1201/1621/1679 455/1102/1679
f 455/1102/1680 442/1097/1680 1197/1317/1680
f 1203/1319/1497 1200/1314/1497 455/1098/1497
f 455/1098/1497 467/14/1497 1203/1319/1497
f 1202/1321/1498 1206/1324/1498 467/1106/1498
f 467/1106/1498 455/1102/1498 1202/1321/1498
f 1204/1318/1499 467/14/1499 1205/1323/1499
f 467/14/1499 479/1107/1499 1205/1323/1499
f 1293/1328/1500 479/1113/1500 1207/1325/1500
f 479/1113/1500 467/1106/1500 1207/1325/1500
f 1208/1622/1681 479/1107/1681 1209/1327/1681
f 479/1107/1681 491/1111/1681 1209/1327/1681
f 1300/1623/1682 491/1115/1682 1292/1329/1682
f 491/1115/1502 479/1113/1502 1292/1329/1502
f 1291/1326/1503 491/1111/1503 1294/1331/1503
f 491/1111/1503 501/12/1503 1294/1331/1503
f 1303/1336/1504 501/1119/1504 1301/1333/1504
f 501/1119/1504 491/1115/1504 1301/1333/1504
f 1295/1330/1505 501/12/1505 1296/1335/1505
f 501/12/1505 513/1120/1505 1296/1335/1505
f 1305/1340/1506 513/1127/1506 1302/1337/1506
f 513/1127/1506 501/1119/1506 1302/1337/1506
f 1297/1624/1683 513/1120/1683 1298/1339/1683
f 513/1120/1683 525/1125/1683 1298/1339/1683
f 1306/1625/1508 525/1563/1508 1304/1341/1508
f 525/1563/1508 513/1127/1508 1304/1341/1508
f 1299/1626/1509 525/1132/1509 1211/1343/1509
f 525/1132/1509 537/1130/1509 1211/1343/1509
f 1308/1349/1510 537/1348/1510 1307/1345/1510
f 537/1348/1510 525/1133/1510 1307/1345/1510
f 1210/1342/1511 537/1130/1511 1212/1347/1511
f 537/1130/1511 550/1136/1511 1212/1347/1511
f 1217/1627/1512 550/1140/1512 1213/1350/1512
f 550/1140/1512 537/1348/1512 1213/1350/1512
f 1214/1628/1684 550/1143/1684 1215/1352/1684
f 550/1143/1684 562/1141/1684 1215/1352/1684
f 1218/1629/1685 562/1146/1685 1216/1354/1685
f 562/1146/1514 550/1144/1514 1216/1354/1514
f 1219/1351/1515 562/1141/1515 1220/1356/1515
f 562/1141/1515 575/8/1515 1220/1356/1515
f 1223/1361/1516 575/1150/1516 1221/1358/1516
f 575/1150/1516 562/1146/1516 1221/1358/1516
f 1224/1355/1517 575/8/1517 1225/1360/1517
f 575/8/1517 589/1148/1517 1225/1360/1517
f 1227/1365/1518 589/1152/1518 1222/1362/1518
f 589/1152/1518 575/1150/1518 1222/1362/1518
f 1228/1630/1686 589/1148/1686 1229/1364/1686
f 589/1148/1686 602/1153/1686 1229/1364/1686
f 1310/1631/1687 602/1156/1687 1226/1366/1687
f 602/1156/1520 589/1152/1520 1226/1366/1520
f 1309/1368/1521 1230/1363/1521 602/1153/1521
f 602/1153/1521 615/6/1521 1309/1368/1521
f 1319/1373/1522 615/1158/1522 1318/1370/1522
f 615/1158/1522 602/1156/1522 1318/1370/1522
f 1311/1367/1523 615/6/1523 1312/1372/1523
f 615/6/1523 627/1160/1523 1312/1372/1523
f 1321/1377/1524 627/1166/1524 1320/1374/1524
f 627/1166/1524 615/1158/1524 1320/1374/1524
f 1313/1632/1688 627/1160/1688 1314/1376/1688
f 627/1160/1688 640/1163/1688 1314/1376/1688
f 1323/1633/1689 640/1170/1689 1322/1378/1689
f 640/1170/1690 627/1166/1690 1322/1378/1690
f 1315/1375/1527 640/1163/1527 1316/1380/1527
f 640/1163/1527 654/4/1527 1316/1380/1527
f 1325/1385/1528 654/1176/1528 1324/1382/1528
f 654/1176/1528 640/1170/1528 1324/1382/1528
f 1317/1379/1529 654/4/1529 1231/1384/1529
f 654/4/1529 666/1178/1529 1231/1384/1529
f 1233/1389/1530 666/1181/1530 1326/1386/1530
f 666/1181/1530 654/1176/1530 1326/1386/1530
f 1234/1634/1691 666/1178/1691 1235/1388/1691
f 666/1178/1691 677/1183/1691 1235/1388/1691
f 1237/1635/1692 677/1582/1692 1232/1390/1692
f 677/1582/1693 666/1181/1693 1232/1390/1693
f 1239/1391/1533 1236/1636/1533 677/1392/1533
f 677/1186/1534 1237/1637/1534 1238/1394/1534
f 701/1189/1535 1242/1638/1535 1243/1395/1535
f 701/1192/1536 1378/1585/1536 1241/1396/1536
f 1242/1639/1694 701/1195/1694 1244/1399/1694
f 701/1195/1537 714/1201/1537 1244/1399/1537
f 1246/1640/1695 714/1204/1695 1245/1401/1695
f 714/1204/1696 701/1199/1696 1245/1401/1696
f 1247/1398/1539 714/1201/1539 1248/1403/1539
f 714/1201/1539 725/32/1539 1248/1403/1539
f 1337/1408/1540 725/1209/1540 1329/1405/1540
f 725/1209/1540 714/1204/1540 1329/1405/1540
f 1327/1402/1541 725/32/1541 1328/1407/1541
f 725/32/1541 737/1206/1541 1328/1407/1541
f 1338/1412/1542 737/1216/1542 1336/1409/1542
f 737/1216/1542 725/1209/1542 1336/1409/1542
f 1330/1641/1697 737/1206/1697 1331/1411/1697
f 737/1206/1543 749/1212/1543 1331/1411/1543
f 1340/1642/1698 749/1215/1698 1339/1413/1698
f 749/1215/1699 737/1216/1699 1339/1413/1699
f 1333/1415/1545 1332/1410/1545 749/1212/1545
f 749/1212/1545 759/30/1545 1333/1415/1545
f 1343/1420/1546 759/1219/1546 1341/1417/1546
f 759/1219/1546 749/1215/1546 1341/1417/1546
f 1335/1419/1547 1334/1414/1547 759/30/1547
f 759/30/1547 768/1221/1547 1335/1419/1547
f 1342/1421/1548 1344/1424/1548 768/1227/1548
f 768/1227/1548 759/1219/1548 1342/1421/1548
f 1250/1423/1700 1249/1643/1700 768/1221/1700
f 768/1221/1700 780/1224/1700 1250/1423/1700
f 1252/1425/1701 1251/1644/1701 780/1234/1701
f 780/1234/1702 768/1227/1702 1252/1425/1702
f 1254/1427/1551 1253/1422/1551 780/1224/1551
f 780/1224/1551 791/28/1551 1254/1427/1551
f 1255/1429/1552 1256/1432/1552 791/1233/1552
f 791/1233/1552 780/1234/1552 1255/1429/1552
f 1258/1431/1553 1259/1426/1553 791/28/1553
f 791/28/1553 802/1236/1553 1258/1431/1553
f 1257/1433/1554 1261/1436/1554 802/1238/1554
f 802/1238/1554 791/1233/1554 1257/1433/1554
f 1263/1435/1703 1260/1645/1703 802/1236/1703
f 802/1236/1704 813/1240/1704 1263/1435/1704
f 1262/1437/1705 1265/1646/1705 813/1244/1705
f 813/1244/1706 802/1238/1706 1262/1437/1706
f 1267/1439/1557 1264/1647/1557 813/1648/1557
f 813/1648/1557 822/1251/1557 1267/1439/1557
f 1266/1442/1558 1347/1446/1558 822/1445/1558
f 822/1445/1558 813/1440/1558 1266/1442/1558
f 1269/1444/1559 1268/1438/1559 822/1251/1559
f 822/1251/1559 836/1249/1559 1269/1444/1559
f 1346/1447/1560 1354/1649/1560 836/1650/1560
f 836/1650/1560 822/1445/1560 1346/1447/1560
f 1348/1449/1707 1345/1651/1707 836/1607/1707
f 836/1607/1561 845/1255/1561 1348/1449/1561
f 1355/1451/1708 1356/1652/1708 845/1454/1708
f 845/1454/1709 836/1252/1709 1355/1451/1709
f 1350/1453/1563 1349/1448/1563 845/1255/1563
f 845/1255/1563 859/24/1563 1350/1453/1563
f 1357/1456/1564 1358/1459/1564 859/1263/1564
f 859/1263/1564 845/1454/1564 1357/1456/1564
f 1351/1458/1565 1352/1452/1565 859/24/1565
f 859/24/1565 868/1260/1565 1351/1458/1565
f 1359/1460/1566 1360/1463/1566 868/1271/1566
f 868/1271/1566 859/1263/1566 1359/1460/1566
f 1270/1462/1710 1353/1653/1710 868/1260/1710
f 868/1260/1567 881/1266/1567 1270/1462/1567
f 1361/1464/1711 1273/1654/1711 881/1270/1711
f 881/1270/1712 868/1271/1712 1361/1464/1712
f 1274/1466/1569 1271/1461/1569 881/1266/1569
f 881/1266/1569 892/22/1569 1274/1466/1569
f 1272/1468/1570 1278/1471/1570 892/1278/1570
f 892/1278/1570 881/1270/1570 1272/1468/1570
f 1276/1470/1571 1275/1465/1571 892/22/1571
f 892/22/1571 905/1276/1571 1276/1470/1571
f 1277/1472/1572 1279/1475/1572 905/1280/1572
f 905/1280/1572 892/1278/1572 1277/1472/1572
f 1281/1474/1573 1280/1655/1573 905/1276/1573
f 905/1276/1573 913/1281/1573 1281/1474/1573
f 1282/1476/1713 1283/1656/1713 913/1284/1713
f 913/1284/1713 905/1280/1713 1282/1476/1713
f 1285/1478/1575 1284/1473/1575 913/1281/1575
f 913/1281/1575 925/20/1575 1285/1478/1575
f 1286/1480/1576 1287/1483/1576 925/1287/1576
f 925/1287/1576 913/1284/1576 1286/1480/1576
f 1290/1482/1577 1289/1477/1577 925/20/1577
f 925/20/1577 937/1289/1577 1290/1482/1577
f 1288/1484/1578 1364/1487/1578 937/1293/1578
f 937/1293/1578 925/1287/1578 1288/1484/1578
f 1363/1486/1579 1362/1657/1579 937/1289/1579
f 937/1289/1579 951/1295/1579 1363/1486/1579
f 1371/1488/1714 1372/1658/1714 951/1495/1714
f 951/1495/1715 937/1293/1715 1371/1488/1715
f 951/1489/1581 389/1083/1581 1366/1490/1581
f 951/1492/1582 1372/1659/1582 1373/1493/1582
f 959/1495/1716 1121/1660/1716 1375/1496/1716
f 426/16/1584 1113/1548/1584 1112/1498/1584
f 1112/1498/1717 1117/1661/1717 414/1300/1717
f 1099/1499/1585 426/1095/1585 414/1307/1585
f 558/1146/1586 1057/1573/1586 1059/1500/1586
f 1059/1500/1586 1060/1576/1586 571/1150/1586
f 1067/1502/1587 1068/1579/1587 590/1156/1587
f 590/1156/1587 581/1152/1587 1067/1502/1587
f 1185/1504/1588 1186/1256/1588 848/1255/1588
f 848/1255/1588 863/24/1588 1185/1504/1588
f 848/1454/1589 1182/1608/1589 1177/1505/1589
f 1177/1505/1589 1178/1264/1589 863/1263/1589
f 1123/1506/1718 1122/1662/1718 945/1289/1718
