# Blender 5.0.0
# www.blender.org
o dominus
v -48.609482 -17.895618 14.871589
v -52.693153 -17.857136 14.581618
v -52.625820 -20.019913 13.999791
v -48.259762 -20.021170 14.320611
v -60.091530 -17.737720 18.330082
v -60.091530 -19.900497 18.330082
v -54.024433 -19.901754 18.330082
v -54.493977 -17.776205 18.330082
v -60.091530 -17.737720 19.323656
v -60.091530 -19.900497 19.323656
v -54.024433 -19.901754 19.323656
v -54.493977 -17.776205 19.323656
v -52.889286 -19.901754 18.330082
v -52.889286 -17.776205 18.330082
v -52.889286 -19.901754 19.323656
v -52.889286 -17.776205 19.323656
v -60.091530 -28.625298 18.330082
v -54.024433 -28.626554 18.330082
v -60.091530 -28.625298 19.323656
v -54.024433 -28.626554 19.323656
v -52.889286 -28.626554 18.330082
v -52.889286 -28.626554 19.323656
v -60.091530 -32.995953 16.038605
v -54.024433 -32.997211 16.038605
v -60.091530 -32.995953 17.032179
v -54.024433 -32.997211 17.032179
v -52.889286 -32.997211 16.038605
v -52.889286 -32.997211 17.032179
v -54.493977 0.000000 18.330082
v -60.091530 0.000000 18.330082
v -54.493977 0.000000 19.323656
v -60.091530 0.000000 19.323656
v -52.889286 0.000000 18.330082
v -52.889286 0.000000 19.323656
v -36.208313 0.000000 20.502184
v -36.208313 0.000000 21.004026
v -24.607458 0.000000 20.128614
v -24.607458 0.000000 21.004026
v -36.208313 -9.966326 20.051403
v -36.208313 -9.966326 20.553246
v -24.607458 -11.615734 20.128614
v -24.607458 -11.121535 20.553246
v -23.455997 -12.687740 17.879845
v -23.455997 -12.675206 17.616787
v -35.056854 -11.455253 18.139320
v -35.056854 -11.745746 18.548540
v -41.662189 0.000000 19.407887
v -41.662189 0.000000 19.909729
v -30.061329 0.000000 19.034317
v -30.061329 0.000000 19.909729
v -41.662189 -9.966326 18.957104
v -41.662189 -9.966326 19.458948
v -30.061329 -11.615734 19.034317
v -30.061329 -11.121535 19.458948
v -28.909870 -12.687740 16.785547
v -28.909870 -12.675206 16.522491
v -40.510731 -11.455253 17.045023
v -40.510731 -11.745746 17.454243
v -47.833576 0.000000 18.252836
v -47.833576 0.000000 18.754679
v -36.232723 0.000000 17.879269
v -36.232723 0.000000 18.754679
v -47.833576 -9.000901 17.802055
v -47.833576 -9.000901 18.303898
v -36.232723 -10.650310 17.879269
v -36.232723 -10.156110 18.303898
v -35.081264 -11.722316 15.630498
v -35.081264 -11.709782 15.367440
v -46.682125 -10.489827 15.889974
v -46.682125 -10.780320 16.299192
v 79.711830 0.000000 0.751060
v -46.420013 0.000000 17.325033
v 2.324591 0.000000 0.751060
v -28.935322 0.000000 20.751062
v 79.711830 -29.223970 0.751060
v -46.420013 -13.147082 16.562019
v 2.422600 -22.377394 0.605382
v -28.935322 -13.485826 18.856920
v -52.325340 0.000000 14.093009
v -52.325340 -28.074369 11.028991
v -58.004589 0.000000 12.974632
v -57.627945 -24.133434 9.608624
v -58.004589 0.000000 4.968670
v -57.627945 -25.346880 6.026544
v -57.131550 0.000000 3.619169
v -57.131550 -27.724518 3.619169
v -58.034939 0.000000 0.859048
v -55.001114 -26.030962 1.082002
v -59.886391 0.000000 0.859048
v -57.270111 -24.570335 -0.266198
v -57.022186 0.000000 -4.292175
v -55.621269 -25.366108 -3.060025
v -54.495228 0.000000 -6.395748
v -53.750675 -25.033712 -6.335684
v -53.847443 0.000000 -8.246739
v -53.379757 -22.446398 -8.583828
v -48.090530 0.000000 -10.319218
v -49.108009 -25.585415 -10.266847
v -28.646044 0.000000 -11.044888
v -28.648563 -23.322407 -11.041143
v -23.082907 0.000000 -9.561638
v -16.820759 -22.241835 -9.762339
v 32.386421 0.000000 -11.128446
v 32.386421 -27.287224 -10.231953
v 36.429806 0.000000 -8.638079
v 36.429806 -28.074369 -8.638079
v 59.406818 0.000000 -8.638079
v 59.406815 -27.405363 -8.638079
v 67.896576 0.000000 -15.228884
v 65.566521 -26.893997 -15.228884
v 85.952965 0.000000 -15.228884
v 85.952965 -20.782309 -15.228884
v 81.624367 0.000000 -12.234547
v 78.584106 -26.285358 -12.234547
v 77.983185 0.000000 -5.580893
v 77.983185 -28.786930 -5.580893
v -58.489098 -11.784980 5.797543
v -58.489098 -11.728471 11.406645
v -13.305364 -21.760330 10.751060
v -28.609068 -23.897495 -5.381400
v -57.627945 -17.700333 11.009075
v -57.627945 -17.723600 6.026544
v -58.489098 0.000000 12.085932
v -58.489098 -0.425185 11.579738
v -58.489098 0.000000 5.797543
v -58.489098 -0.425185 6.251859
v -58.489098 -10.986872 11.004207
v -58.489098 -11.034748 6.251859
v -55.059208 -1.568513 10.803851
v -55.059208 -1.568513 6.948227
v -55.059208 -7.539612 10.387358
v -55.059208 -7.574259 6.948227
v -53.627838 -14.845703 13.316396
v -53.627838 0.000000 14.561961
v -56.702103 -5.191190 13.526563
v -56.702103 0.000000 13.956570
v -32.815357 -24.917351 11.271531
v -58.004589 -32.200161 4.968670
v -58.004589 -28.074369 10.613784
v -58.004589 -12.622244 4.968670
v -58.004589 -12.549593 12.180257
v -27.859423 -24.226664 -1.652745
v -58.563786 -21.152296 10.065196
v -56.695156 -21.152296 10.065196
v -58.563786 -21.901787 9.916114
v -56.695156 -21.901787 9.916113
v -58.563786 -22.537172 9.491562
v -56.695156 -22.537172 9.491562
v -58.563786 -22.961723 8.856174
v -56.695156 -22.961723 8.856174
v -58.563786 -23.110807 8.106685
v -56.695156 -23.110807 8.106685
v -58.563786 -22.961723 7.357195
v -56.695156 -22.961723 7.357195
v -58.563786 -22.537172 6.721808
v -56.695156 -22.537172 6.721808
v -58.563786 -21.901787 6.297257
v -56.695156 -21.901787 6.297257
v -58.563786 -21.152296 6.148174
v -56.695156 -21.152296 6.148174
v -58.563786 -20.402805 6.297257
v -56.695156 -20.402805 6.297257
v -58.563786 -19.767420 6.721808
v -56.695156 -19.767420 6.721808
v -58.563786 -19.342869 7.357195
v -56.695156 -19.342869 7.357195
v -58.563786 -19.193785 8.106685
v -56.695156 -19.193785 8.106685
v -58.563786 -19.342869 8.856174
v -56.695156 -19.342869 8.856174
v -58.563786 -19.767420 9.491562
v -56.695156 -19.767420 9.491562
v -58.563786 -20.402805 9.916114
v -56.695156 -20.402805 9.916113
v 48.872070 -16.705742 13.896528
v 51.563995 -11.622949 7.182541
v 48.947735 -16.987417 13.718017
v 51.677830 -12.046757 6.913954
v 49.136665 -17.250103 13.607413
v 51.962105 -12.441994 6.747541
v 49.410088 -17.453808 13.581558
v 52.373508 -12.748489 6.708638
v 49.726410 -17.567522 13.644384
v 52.849430 -12.919584 6.803167
v 50.037441 -17.573933 13.786329
v 53.317406 -12.929230 7.016737
v 50.295845 -17.472063 13.985780
v 53.706203 -12.775955 7.316833
v 50.462273 -17.277424 14.212374
v 53.956615 -12.483098 7.657769
v 50.511398 -17.019644 14.431616
v 54.030529 -12.095242 7.987640
v 50.435734 -16.737968 14.610129
v 53.916698 -11.671436 8.256228
v 50.246807 -16.475283 14.720732
v 53.632435 -11.276197 8.422641
v 49.973377 -16.271576 14.746587
v 53.221020 -10.969701 8.461544
v 49.657066 -16.157862 14.683762
v 52.745098 -10.798606 8.367016
v 49.346027 -16.151453 14.541817
v 52.277122 -10.788961 8.153445
v 49.087627 -16.253323 14.342364
v 51.888317 -10.942235 7.853350
v 48.921192 -16.447962 14.115770
v 51.637901 -11.235091 7.512413
v 43.152332 -16.466658 13.652650
v 45.844254 -11.383864 6.938663
v 43.227989 -16.748333 13.474137
v 45.958096 -11.807672 6.670076
v 43.416924 -17.011019 13.363537
v 46.242355 -12.202909 6.503664
v 43.690353 -17.214725 13.337681
v 46.653759 -12.509407 6.464761
v 44.006664 -17.328438 13.400506
v 47.129681 -12.680502 6.559290
v 44.317699 -17.334848 13.542451
v 47.597664 -12.690145 6.772859
v 44.576096 -17.232981 13.741902
v 47.986465 -12.536873 7.072956
v 44.742531 -17.038336 13.968500
v 48.236877 -12.244015 7.413892
v 44.791660 -16.780556 14.187740
v 48.310791 -11.856157 7.743764
v 44.716003 -16.498884 14.366250
v 48.196949 -11.432351 8.012351
v 44.527069 -16.236197 14.476854
v 47.912689 -11.037113 8.178763
v 44.253639 -16.032494 14.502709
v 47.501286 -10.730618 8.217667
v 43.937317 -15.918778 14.439883
v 47.025364 -10.559522 8.123137
v 43.626289 -15.912368 14.297938
v 46.557381 -10.549877 7.909568
v 43.367886 -16.014238 14.098485
v 46.168591 -10.703153 7.609471
v 43.201458 -16.208878 13.871891
v 45.918171 -10.996009 7.268535
v 42.043804 -11.669669 9.117869
v 42.445129 -12.276055 12.019215
v 53.849598 -10.568585 7.714959
v 54.250923 -11.174973 10.616304
v 42.374187 -16.577065 8.046513
v 42.775520 -17.183455 10.947858
v 54.179977 -15.475984 6.643603
v 54.581303 -16.082371 9.544948
v -47.176716 0.000000 13.654059
v -47.176716 -15.180216 13.654061
v -47.364140 0.000000 12.711842
v -47.364140 -15.180216 12.711843
v -47.897861 0.000000 11.913069
v -47.897861 -15.180216 11.913071
v -48.696632 0.000000 11.379344
v -48.696632 -15.180216 11.379347
v -49.638851 0.000000 11.191926
v -49.638851 -15.180216 11.191929
v -50.581070 0.000000 11.379344
v -50.581070 -15.180216 11.379347
v -51.379841 0.000000 11.913069
v -51.379841 -15.180216 11.913071
v -51.913567 0.000000 12.711842
v -51.913567 -15.180216 12.711843
v -52.100990 0.000000 13.654059
v -52.100990 -15.180216 13.654061
v -51.913567 0.000000 14.596275
v -51.913567 -15.180216 14.596278
v -51.379841 0.000000 15.395050
v -51.379841 -15.180216 15.395052
v -50.581070 0.000000 15.928774
v -50.581070 -15.180216 15.928777
v -49.638851 0.000000 16.116192
v -49.638851 -15.180216 16.116194
v -48.696632 0.000000 15.928774
v -48.696632 -15.180216 15.928777
v -47.897861 0.000000 15.395050
v -47.897861 -15.180216 15.395052
v -47.364140 0.000000 14.596275
v -47.364140 -15.180216 14.596278
v 48.458469 -16.626547 13.761523
v 48.572304 -17.050352 13.492936
v 48.856567 -17.445591 13.326523
v 49.267975 -17.752087 13.287621
v 49.743904 -17.923182 13.382149
v 50.211880 -17.932825 13.595718
v 50.600677 -17.779552 13.895815
v 50.851089 -17.486696 14.236751
v 50.925003 -17.098839 14.566622
v 50.811161 -16.675032 14.835209
v 50.526901 -16.279795 15.001623
v 50.115494 -15.973298 15.040525
v 49.639576 -15.802203 14.945997
v 49.171585 -15.792559 14.732428
v 48.782791 -15.945832 14.432330
v 48.532375 -16.238689 14.091393
v 42.738728 -16.387463 13.517644
v 42.852570 -16.811270 13.249056
v 43.136829 -17.206507 13.082644
v 43.548233 -17.513002 13.043742
v 44.024155 -17.684097 13.138270
v 44.492146 -17.693743 13.351840
v 44.880928 -17.540468 13.651937
v 45.131348 -17.247612 13.992873
v 45.205265 -16.859756 14.322746
v 45.091423 -16.435949 14.591331
v 44.807163 -16.040712 14.757745
v 44.395760 -15.734215 14.796648
v 43.919827 -15.563119 14.702120
v 43.451847 -15.553474 14.488549
v 43.063053 -15.706749 14.188452
v 42.812641 -15.999605 13.847516
v 50.443874 -14.173268 10.566712
v 50.519539 -14.454944 10.388199
v 50.708466 -14.717629 10.277596
v 50.981895 -14.921333 10.251741
v 51.298214 -15.035047 10.314567
v 51.609245 -15.041459 10.456511
v 51.867645 -14.939590 10.655963
v 52.034077 -14.744951 10.882558
v 52.083202 -14.487170 11.101799
v 52.007538 -14.205497 11.280313
v 51.818607 -13.942809 11.390915
v 51.545177 -13.739104 11.416771
v 51.228870 -13.625391 11.353944
v 50.917831 -13.618979 11.211999
v 50.659428 -13.720848 11.012547
v 50.492996 -13.915488 10.785953
v 44.724129 -13.934184 10.322833
v 44.799789 -14.215859 10.144320
v 44.988720 -14.478545 10.033720
v 45.262150 -14.682251 10.007864
v 45.578461 -14.795965 10.070690
v 45.889496 -14.802375 10.212633
v 46.147896 -14.700507 10.412085
v 46.314331 -14.505862 10.638682
v 46.363457 -14.248082 10.857924
v 46.287800 -13.966410 11.036432
v 46.098866 -13.703724 11.147037
v 45.825439 -13.500019 11.172892
v 45.509121 -13.386304 11.110065
v 45.198086 -13.379894 10.968122
v 44.939682 -13.481765 10.768669
v 44.773254 -13.676404 10.542074
v 79.826675 -28.840004 3.418497
v 82.816628 -28.840004 3.933499
v 79.826675 -29.457663 3.320670
v 82.816628 -29.616806 3.810467
v 79.826675 -30.014858 3.036764
v 82.816628 -30.317572 3.453410
v 79.826675 -30.457054 2.594570
v 82.816628 -30.873699 2.897280
v 79.826675 -30.740959 2.037373
v 82.816628 -31.230755 2.196517
v 79.826675 -30.838785 1.419715
v 82.816628 -31.353790 1.419715
v 79.826675 -30.740959 0.802058
v 82.816628 -31.230755 0.642913
v 79.826675 -30.457054 0.244861
v 82.816628 -30.873699 -0.057850
v 79.826675 -30.014858 -0.197333
v 82.816628 -30.317572 -0.613979
v 79.826675 -29.457663 -0.481239
v 82.816628 -29.616806 -0.971036
v 79.826675 -28.840004 -0.579066
v 82.816628 -28.840004 -1.094069
v 79.826675 -28.222345 -0.481239
v 82.816628 -28.063202 -0.971036
v 79.826675 -27.665152 -0.197333
v 82.816628 -27.362440 -0.613979
v 79.826675 -27.222958 0.244861
v 82.816628 -26.806311 -0.057850
v 79.826675 -26.939049 0.802058
v 82.816628 -26.449253 0.642913
v 79.826675 -26.841221 1.419715
v 82.816628 -26.326220 1.419715
v 79.826675 -26.939049 2.037373
v 82.816628 -26.449253 2.196517
v 79.826675 -27.222958 2.594570
v 82.816628 -26.806311 2.897280
v 79.826675 -27.665152 3.036764
v 82.816628 -27.362440 3.453410
v 79.826675 -28.222345 3.320670
v 82.816628 -28.063202 3.810467
v 83.269173 -29.483175 3.399195
v 83.269173 -28.840004 3.501063
v 83.269173 -30.063391 3.103561
v 83.269173 -30.523851 2.643101
v 83.269173 -30.819481 2.062887
v 83.269173 -30.921350 1.419715
v 83.269173 -30.819481 0.776543
v 83.269173 -30.523851 0.196330
v 83.269173 -30.063391 -0.264130
v 83.269173 -29.483175 -0.559764
v 83.269173 -28.840004 -0.661632
v 83.269173 -28.196835 -0.559764
v 83.269173 -27.616619 -0.264130
v 83.269173 -27.156158 0.196330
v 83.269173 -26.860525 0.776543
v 83.269173 -26.758656 1.419715
v 83.269173 -26.860525 2.062887
v 83.269173 -27.156158 2.643101
v 83.269173 -27.616619 3.103561
v 83.269173 -28.196835 3.399195
v 83.269173 -29.290836 2.807234
v 83.269173 -28.840002 2.878639
v 83.269173 -29.697536 2.600009
v 83.269173 -30.020298 2.277249
v 83.269173 -30.227522 1.870547
v 83.269173 -30.298927 1.419715
v 83.269173 -30.227522 0.968883
v 83.269173 -30.020298 0.562182
v 83.269173 -29.697536 0.239421
v 83.269173 -29.290836 0.032197
v 83.269173 -28.840002 -0.039208
v 83.269173 -28.389174 0.032197
v 83.269173 -27.982470 0.239421
v 83.269173 -27.659710 0.562182
v 83.269173 -27.452484 0.968883
v 83.269173 -27.381083 1.419715
v 83.269173 -27.452484 1.870547
v 83.269173 -27.659710 2.277249
v 83.269173 -27.982470 2.600009
v 83.269173 -28.389174 2.807234
v 79.826675 -28.840004 -3.738196
v 82.816628 -28.840004 -3.223194
v 79.826675 -29.457663 -3.836023
v 82.816628 -29.616806 -3.346226
v 79.826675 -30.014858 -4.119929
v 82.816628 -30.317572 -3.703283
v 79.826675 -30.457054 -4.562123
v 82.816628 -30.873699 -4.259412
v 79.826675 -30.740959 -5.119320
v 82.816628 -31.230755 -4.960176
v 79.826675 -30.838785 -5.736978
v 82.816628 -31.353790 -5.736978
v 79.826675 -30.740959 -6.354634
v 82.816628 -31.230755 -6.513780
v 79.826675 -30.457054 -6.911832
v 82.816628 -30.873699 -7.214543
v 79.826675 -30.014858 -7.354025
v 82.816628 -30.317572 -7.770672
v 79.826675 -29.457663 -7.637932
v 82.816628 -29.616806 -8.127729
v 79.826675 -28.840004 -7.735759
v 82.816628 -28.840004 -8.250762
v 79.826675 -28.222345 -7.637932
v 82.816628 -28.063202 -8.127729
v 79.826675 -27.665152 -7.354025
v 82.816628 -27.362440 -7.770672
v 79.826675 -27.222958 -6.911832
v 82.816628 -26.806311 -7.214543
v 79.826675 -26.939049 -6.354634
v 82.816628 -26.449253 -6.513780
v 79.826675 -26.841221 -5.736978
v 82.816628 -26.326220 -5.736978
v 79.826675 -26.939049 -5.119320
v 82.816628 -26.449253 -4.960176
v 79.826675 -27.222958 -4.562123
v 82.816628 -26.806311 -4.259412
v 79.826675 -27.665152 -4.119929
v 82.816628 -27.362440 -3.703283
v 79.826675 -28.222345 -3.836023
v 82.816628 -28.063202 -3.346226
v 83.269173 -29.483175 -3.757499
v 83.269173 -28.840004 -3.655630
v 83.269173 -30.063391 -4.053132
v 83.269173 -30.523851 -4.513592
v 83.269173 -30.819481 -5.093805
v 83.269173 -30.921350 -5.736978
v 83.269173 -30.819481 -6.380150
v 83.269173 -30.523851 -6.960362
v 83.269173 -30.063391 -7.420823
v 83.269173 -29.483175 -7.716456
v 83.269173 -28.840004 -7.818325
v 83.269173 -28.196835 -7.716456
v 83.269173 -27.616619 -7.420823
v 83.269173 -27.156158 -6.960362
v 83.269173 -26.860525 -6.380150
v 83.269173 -26.758656 -5.736978
v 83.269173 -26.860525 -5.093805
v 83.269173 -27.156158 -4.513592
v 83.269173 -27.616619 -4.053132
v 83.269173 -28.196835 -3.757499
v 83.269173 -29.290836 -4.349459
v 83.269173 -28.840002 -4.278054
v 83.269173 -29.697536 -4.556684
v 83.269173 -30.020298 -4.879444
v 83.269173 -30.227522 -5.286146
v 83.269173 -30.298927 -5.736978
v 83.269173 -30.227522 -6.187810
v 83.269173 -30.020298 -6.594512
v 83.269173 -29.697536 -6.917271
v 83.269173 -29.290836 -7.124496
v 83.269173 -28.840002 -7.195901
v 83.269173 -28.389174 -7.124496
v 83.269173 -27.982470 -6.917271
v 83.269173 -27.659710 -6.594512
v 83.269173 -27.452484 -6.187810
v 83.269173 -27.381083 -5.736978
v 83.269173 -27.452484 -5.286146
v 83.269173 -27.659710 -4.879444
v 83.269173 -27.982470 -4.556684
v 83.269173 -28.389174 -4.349459
v 66.499100 -33.085583 -15.228884
v 63.817883 -30.765701 -8.638079
v 79.422508 -32.530785 -15.228884
v 76.484489 -32.269020 -12.234547
v -57.230549 -27.124067 -5.104650
v -58.794926 -27.530926 1.683506
v -10.368048 -22.041109 -5.104650
v -10.368048 -22.041109 1.683506
v -58.594509 0.000000 -5.104650
v -60.705101 0.000000 1.683505
v -10.368048 4.715265 -5.104650
v -10.368048 0.000000 1.683506
v 6.590862 -0.005738 23.021503
v 65.519707 0.000000 11.127687
v 86.394028 0.000000 1.698381
v -9.122153 0.000000 23.290323
v 37.974197 0.000000 12.859642
v 83.816689 0.000000 -9.934934
v -30.033413 0.000000 22.281450
v 85.535858 0.000000 -8.496943
v 9.357637 -0.005659 22.166397
v -9.901721 -21.528248 13.418063
v -26.140036 -19.217415 16.740473
v -30.564922 -13.108064 20.958046
v 82.901344 -26.713392 -4.607476
v 82.899437 -26.713820 1.007359
v 82.648529 -30.840765 -8.758152
v 82.899216 -26.714027 3.399176
v 82.752785 -30.838812 3.407051
v 79.202637 -32.465328 1.259138
v 80.161537 -32.220604 -8.172611
v 83.745644 -3.166815 -8.893969
v -12.465543 -28.641985 10.719800
v 8.673099 -7.223010 21.761509
v -37.625275 -34.296711 11.961344
v -25.529461 -29.101954 12.658251
v -30.730995 -28.715239 13.925181
v -30.089279 -7.477070 22.095226
v -30.431293 -8.468987 21.202906
v -45.971489 -13.688830 17.515436
v -2.759433 -29.415646 -10.809957
v 83.555367 -8.370762 -6.863419
v 83.691116 -5.052403 -3.815877
v 73.974098 -3.656098 5.919218
v 71.619362 -16.888048 7.305099
v 73.705956 -17.248238 5.727494
v -51.514832 -14.776632 16.230083
v -51.484905 -10.572184 16.121847
v -56.539169 -29.308531 11.772943
v -56.990658 -33.529297 9.247553
v 82.882996 -26.713861 -7.077018
v -47.384792 -10.503882 16.986586
v -17.075794 -34.994633 2.114937
v -23.779081 -35.164761 8.885613
v 29.134226 -32.290417 -10.486010
v 33.088623 -33.739536 1.673770
v -13.116639 -30.196304 8.098201
v -18.551678 -20.451420 15.438657
v -54.797249 -16.986927 15.236249
v -12.610068 -33.088161 -9.428846
v 44.047134 -32.375538 9.446708
v -21.941662 -16.100269 19.331585
v 72.005493 -3.220069 7.996016
v 57.102036 -1.663950 11.721326
v 84.506050 -2.768842 -7.101903
v 83.718445 -4.346225 0.133338
v 27.544622 -4.351559 11.543724
v 28.100723 0.028450 12.324429
v 6.042375 -14.583288 21.945913
v 22.499781 -21.804375 11.739597
v 63.156071 -35.798393 1.722304
v 57.742970 -31.947199 8.869086
v 37.855515 -34.348198 3.707618
v 65.994675 -32.975288 -10.693415
v 82.764641 -26.714190 -8.757122
v 77.573090 0.000000 6.783033
v -28.347691 -16.302668 19.346380
v -14.477323 -8.249829 22.913572
v 5.974013 -7.767598 22.549189
v 32.202721 -32.289856 -13.528656
v 27.717339 -30.611986 -10.486010
v 31.671732 -32.061108 1.673770
v 57.122978 -33.175282 7.430444
v 44.668850 -32.916557 7.506417
v 61.974842 -36.061245 1.765940
v 64.338707 -33.096001 -10.681378
v 39.427795 -34.518925 3.469656
v 34.130398 -32.414825 -13.300912
v 79.729088 -24.885004 -7.746487
v 79.094917 -26.036514 -10.143047
v 78.552658 -8.274340 -9.323558
v 78.552658 0.000000 -10.196834
v -36.712040 -34.276611 10.146293
v -56.777027 -33.697296 6.851250
v -20.607555 -34.803474 2.595681
v -26.259604 -34.931900 7.824436
v -16.176147 -33.364281 -8.738801
v 6.289040 0.000000 20.631306
v 65.287933 0.000000 8.019432
v 87.132774 0.000000 1.069828
v -9.121988 0.116765 20.947613
v 37.825714 0.000000 10.218605
v 82.711838 0.000000 -7.972236
v -29.915321 0.043213 19.939203
v 83.626839 0.000000 -7.516638
v 8.495878 0.000000 20.074047
v -10.000325 -20.252831 11.451974
v -26.132965 -18.191240 14.845031
v -30.211079 -12.012796 18.914248
v 80.599228 -25.884434 -4.592795
v 80.699638 -26.381161 -9.728201
v 81.094566 -30.297010 -8.146654
v 81.401985 -27.293547 2.901919
v 81.199493 -30.382835 2.780488
v 78.783340 -30.185585 0.900139
v 79.819771 -29.917713 -7.886562
v 82.391113 -2.537458 -7.085350
v -12.611423 -27.092598 8.964797
v 8.035104 -6.986365 19.784853
v -37.565491 -32.503479 10.450499
v -25.790791 -26.108217 6.819913
v -29.004139 -27.257568 13.296620
v -29.935284 -6.591495 19.928667
v -30.287273 -7.476789 19.082357
v -45.624950 -12.922337 15.325842
v -3.037329 -27.086637 -10.830368
v 81.529915 -8.026699 -5.731552
v 81.426865 -3.856889 -4.883555
v 72.701660 -2.933196 4.086128
v 70.822510 -15.682305 5.457631
v 72.798218 -16.698128 3.635765
v -51.189152 -14.161984 13.989982
v -50.961708 -10.668125 13.837340
v -56.351696 -28.491684 9.582159
v -56.759945 -31.480986 8.128123
v 80.726341 -26.422106 -6.356483
v -46.920155 -10.289548 14.697460
v -17.668804 -32.733971 1.915829
v -24.114971 -33.113422 7.798820
v 29.853109 -30.075445 -10.767118
v 33.676357 -31.502655 2.064732
v -13.537307 -26.048889 3.514678
v -18.744364 -18.929768 13.317853
v -54.674603 -16.311319 12.993386
v -13.388762 -30.879993 -9.568681
v 43.989594 -30.942984 7.590258
v -21.922283 -14.800653 17.617035
v 71.140656 -2.821649 5.852365
v 56.893501 0.000000 8.562773
v 82.407066 -1.877855 -6.552070
v 82.134430 -2.131250 -0.218501
v 26.960728 -4.070716 9.211001
v 26.841602 0.000000 9.776832
v 5.479860 -13.508136 19.599121
v 22.183098 -21.287363 -0.623957
v 62.761555 -33.517090 1.345546
v 57.402397 -30.972307 6.763021
v 37.989944 -32.036556 3.333241
v 65.598648 -30.946203 -9.585315
v 81.283203 -27.098761 -8.003481
v 76.672791 0.000000 4.983147
v -28.128361 -15.056561 17.238358
v -14.396455 -7.940698 20.589819
v 5.764649 -7.549470 20.110348
v 32.406342 -29.962934 -13.314442
v 28.389135 -28.916964 -11.961648
v 32.740395 -30.367990 2.895757
v 56.845276 -31.204536 6.189079
v 44.628578 -22.228691 0.912748
v 61.527985 -33.875076 1.042809
v 64.039803 -30.817062 -10.213367
v 39.479839 -23.674759 -2.595205
v 34.327625 -30.088017 -13.079618
v 79.316711 -25.945553 -5.695366
v 79.304817 -27.445070 -8.279225
v 77.788307 -7.969608 -7.127010
v 78.140633 0.000000 -7.915357
v -36.570225 -31.935837 10.197013
v -56.688084 -31.354094 6.792758
v -20.497116 -32.473827 2.845632
v -26.096628 -32.596256 7.966318
v -16.146034 -31.045248 -8.387959
v 57.102036 0.000000 12.618596
v 82.554977 -31.560501 -9.478092
v 82.712555 -31.560501 4.131653
v 82.732475 -25.991299 -9.478294
v 82.916214 -25.991299 -7.078125
v 82.973145 -25.117008 -3.736249
v 82.964722 -25.116953 0.132573
v 82.925064 -25.991299 4.121054
v 81.643585 -30.799404 -8.737191
v 81.896400 -26.672037 -4.586515
v 81.747833 -30.797453 3.428012
v 81.894493 -26.672461 1.028320
v 81.878036 -26.672506 -7.056057
v 81.759689 -26.672831 -8.736161
v 81.894257 -26.672670 3.420136
v 82.942368 -25.991299 -4.607672
v 82.932487 -25.991299 1.007426
v 83.718216 -4.321201 -4.693671
v 83.755363 -3.301527 1.008262
v 81.944626 -25.079943 -3.737109
v 81.936218 -25.079884 0.131712
v 82.662613 -5.015337 -3.816737
v 82.689934 -4.309159 0.132478
v 48.361599 -29.358088 -4.907097
v 48.335785 0.000000 -4.258080
v 48.398788 -29.358088 -4.529469
v 48.373474 0.000000 -3.875416
v 48.508942 -29.358095 -4.166352
v 48.485092 0.000000 -3.507457
v 48.687813 -29.358095 -3.831703
v 48.666359 0.000000 -3.168345
v 48.928539 -29.358095 -3.538380
v 48.910290 0.000000 -2.871110
v 49.221863 -29.358097 -3.297656
v 49.207531 0.000000 -2.627175
v 49.556511 -29.358097 -3.118781
v 49.546638 0.000000 -2.445917
v 49.919624 -29.358097 -3.008632
v 49.914593 0.000000 -2.334297
v 50.297256 -29.358097 -2.971439
v 50.297256 0.000000 -2.296608
v 50.674889 -29.358097 -3.008632
v 50.679924 0.000000 -2.334297
v 51.037998 -29.358097 -3.118781
v 51.047886 0.000000 -2.445917
v 51.372650 -29.358097 -3.297656
v 51.387001 0.000000 -2.627175
v 51.665974 -29.358097 -3.538380
v 51.684231 0.000000 -2.871110
v 51.906700 -29.358097 -3.831703
v 51.928162 0.000000 -3.168345
v 52.085567 -29.358097 -4.166352
v 52.109428 0.000000 -3.507457
v 52.195721 -29.358091 -4.529469
v 52.221046 0.000000 -3.875416
v 52.232910 -29.358091 -4.907097
v 52.258736 0.000000 -4.258080
v 52.195721 -29.358091 -5.284726
v 52.221046 0.000000 -4.640744
v 52.085567 -29.358091 -5.647842
v 52.109428 0.000000 -5.008703
v 51.906700 -29.358091 -5.982491
v 51.928162 0.000000 -5.347815
v 51.665974 -29.358091 -6.275815
v 51.684231 0.000000 -5.645050
v 51.372650 -29.358091 -6.516539
v 51.387001 0.000000 -5.888985
v 51.037998 -29.358091 -6.695412
v 51.047886 0.000000 -6.070244
v 50.674889 -29.358091 -6.805562
v 50.679924 0.000000 -6.181863
v 50.297256 -29.358091 -6.842755
v 50.297256 0.000000 -6.219552
v 49.919624 -29.358091 -6.805562
v 49.914593 0.000000 -6.181863
v 49.556511 -29.358091 -6.695412
v 49.546638 0.000000 -6.070244
v 49.221863 -29.358091 -6.516539
v 49.207531 0.000000 -5.888985
v 48.928539 -29.358088 -6.275815
v 48.910290 0.000000 -5.645050
v 48.687813 -29.358088 -5.982491
v 48.666359 0.000000 -5.347815
v 48.508942 -29.358088 -5.647842
v 48.485092 0.000000 -5.008703
v 48.398788 -29.358088 -5.284726
v 48.373474 0.000000 -4.640744
v -36.429508 -27.906023 -3.919670
v -36.397614 -3.035953 -3.919657
v -36.384888 -27.906023 -3.466619
v -36.353615 -3.035953 -3.472826
v -36.252735 -27.906027 -3.030982
v -36.223270 -3.035953 -3.043165
v -36.038132 -27.906027 -2.629493
v -36.011623 -3.035953 -2.647191
v -35.749332 -27.906027 -2.277586
v -35.726788 -3.035953 -2.300115
v -35.397427 -27.906027 -1.988785
v -35.379700 -3.035953 -2.015276
v -34.995934 -27.906027 -1.774185
v -34.983730 -3.035953 -1.803624
v -34.560299 -27.906027 -1.642036
v -34.554062 -3.035953 -1.673288
v -34.107254 -27.906027 -1.597414
v -34.107235 -3.035953 -1.629277
v -33.654205 -27.906027 -1.642036
v -33.660408 -3.035953 -1.673288
v -33.218555 -27.906027 -1.774185
v -33.230740 -3.035953 -1.803624
v -32.817074 -27.906027 -1.988785
v -32.834770 -3.035953 -2.015276
v -32.465164 -27.906027 -2.277586
v -32.487686 -3.035953 -2.300115
v -32.176365 -27.906027 -2.629493
v -32.202850 -3.035953 -2.647191
v -31.961769 -27.906033 -3.030982
v -31.991203 -3.035953 -3.043165
v -31.829609 -27.906027 -3.466619
v -31.860870 -3.035953 -3.472826
v -31.785000 -27.906027 -3.919670
v -31.816860 -3.035953 -3.919657
v -31.829609 -27.906027 -4.372720
v -31.860870 -3.035953 -4.366488
v -31.961769 -27.906023 -4.808360
v -31.991203 -3.035953 -4.796148
v -32.176365 -27.906023 -5.209846
v -32.202850 -3.035953 -5.192123
v -32.465164 -27.906023 -5.561753
v -32.487686 -3.035953 -5.539202
v -32.817074 -27.906023 -5.850555
v -32.834770 -3.035953 -5.824039
v -33.218555 -27.906023 -6.065154
v -33.230740 -3.035953 -6.035693
v -33.654205 -27.906023 -6.197303
v -33.660408 -3.035953 -6.166029
v -34.107254 -27.906023 -6.241926
v -34.107235 -3.035953 -6.210038
v -34.560299 -27.906023 -6.197303
v -34.554062 -3.035953 -6.166029
v -34.995934 -27.906023 -6.065154
v -34.983730 -3.035953 -6.035693
v -35.397427 -27.906023 -5.850555
v -35.379700 -3.035953 -5.824039
v -35.749332 -27.906023 -5.561753
v -35.726788 -3.035953 -5.539202
v -36.038132 -27.906023 -5.209846
v -36.011623 -3.035953 -5.192123
v -36.252735 -27.906023 -4.808360
v -36.223270 -3.035953 -4.796148
v -36.384888 -27.906023 -4.372720
v -36.353615 -3.035953 -4.366488
v -45.866219 -27.906010 -3.919672
v -45.640308 -27.906010 -1.625607
v -44.971157 -27.906033 0.580299
v -43.884502 -27.906033 2.613272
v -42.422096 -27.906033 4.395188
v -40.640182 -27.906033 5.857569
v -38.607182 -27.906036 6.944216
v -36.401295 -27.906036 7.613370
v -34.107224 -27.906036 7.839314
v -31.813171 -27.906036 7.613370
v -29.607269 -27.906036 6.944216
v -27.574265 -27.906036 5.857569
v -25.792339 -27.906036 4.395188
v -24.330009 -27.906042 2.613273
v -23.243372 -27.906042 0.580299
v -22.574200 -27.906019 -1.625607
v -22.348244 -27.906019 -3.919671
v -22.574200 -27.906019 -6.213736
v -23.243372 -27.906015 -8.419638
v -24.330009 -27.906015 -10.452614
v -25.792339 -27.906015 -12.234529
v -27.574265 -27.906015 -13.696906
v -29.607269 -27.906015 -14.783554
v -31.813171 -27.906015 -15.452709
v -34.107224 -27.906010 -15.678654
v -36.401295 -27.906010 -15.452709
v -38.607182 -27.906010 -14.783554
v -40.640182 -27.906010 -13.696906
v -42.422096 -27.906010 -12.234529
v -43.884502 -27.906010 -10.452614
v -44.971157 -27.906010 -8.419638
v -45.640308 -27.906010 -6.213736
v -45.866219 -36.441849 -3.919672
v -43.884502 -36.441864 2.613272
v -42.422096 -36.441864 4.395187
v -40.640182 -36.441864 5.857567
v -38.607182 -36.441864 6.944216
v -25.792339 -36.441868 4.395187
v -24.330009 -36.441868 2.613273
v -23.243372 -36.441868 0.580297
v -22.574200 -36.441856 -6.213737
v -25.792339 -36.441845 -12.234529
v -29.607269 -36.441845 -14.783556
v -36.401295 -36.441841 -15.452711
v -38.607182 -36.441841 -14.783556
v -40.640182 -36.441841 -13.696906
v -42.422096 -36.441841 -12.234529
v -43.884502 -36.441841 -10.452614
v -44.971157 -36.441841 -8.419641
v 38.922974 -29.358095 -4.907097
v 39.141529 -29.358095 -2.688088
v 39.788792 -29.358122 -0.554353
v 40.839893 -29.358122 1.412109
v 42.254433 -29.358124 3.135727
v 43.978050 -29.358124 4.550262
v 45.944508 -29.358124 5.601359
v 48.078243 -29.358124 6.248618
v 50.297260 -29.358128 6.467174
v 52.516270 -29.358128 6.248618
v 54.650002 -29.358128 5.601359
v 56.616459 -29.358130 4.550262
v 58.340080 -29.358130 3.135727
v 59.754620 -29.358130 1.412109
v 60.805714 -29.358130 -0.554353
v 61.452969 -29.358103 -2.688088
v 61.671520 -29.358103 -4.907097
v 61.452969 -29.358103 -7.126107
v 60.805714 -29.358091 -9.259842
v 59.754620 -29.358091 -11.226305
v 58.340080 -29.358091 -12.949920
v 56.616459 -29.358091 -14.364455
v 54.650002 -29.358088 -15.415552
v 52.516270 -29.358086 -16.062811
v 50.297260 -29.358086 -16.281368
v 48.078243 -29.358084 -16.062811
v 45.944508 -29.358086 -15.415552
v 43.978050 -29.358086 -14.364455
v 42.254433 -29.358086 -12.949920
v 40.839893 -29.358084 -11.226305
v 39.788792 -29.358084 -9.259842
v 39.141529 -29.358095 -7.126108
v 40.570522 -35.657269 -4.907097
v 40.757412 -35.657269 -3.009507
v 41.310925 -35.657288 -1.184839
v 42.209770 -35.657291 0.496787
v 43.419415 -35.657291 1.970742
v 44.893375 -35.657291 3.180383
v 46.575001 -35.657288 4.079231
v 48.399666 -35.657288 4.632739
v 50.297256 -35.657291 4.819636
v 52.194851 -35.657291 4.632739
v 54.019516 -35.657291 4.079231
v 55.701138 -35.657295 3.180383
v 57.175098 -35.657295 1.970742
v 58.384739 -35.657295 0.496787
v 59.283585 -35.657295 -1.184838
v 59.837086 -35.657272 -3.009506
v 60.023983 -35.657272 -4.907097
v 59.837086 -35.657272 -6.804691
v 59.283585 -35.657261 -8.629361
v 58.384739 -35.657261 -10.310983
v 57.175098 -35.657261 -11.784938
v 55.701138 -35.657261 -12.994579
v 54.019516 -35.657261 -13.893427
v 52.194851 -35.657261 -14.446935
v 50.297256 -35.657261 -14.633831
v 48.399666 -35.657261 -14.446935
v 46.574989 -35.657261 -13.893427
v 44.893375 -35.657257 -12.994581
v 43.419415 -35.657257 -11.784938
v 42.209770 -35.657257 -10.310983
v 41.310925 -35.657253 -8.629359
v 40.757412 -35.657269 -6.804689
v 58.587566 -5.862547 -7.302541
v 58.587566 -5.862548 -1.738050
v 44.035038 -5.862543 -6.154204
v 44.035038 -5.862544 2.172974
v 58.587566 0.000000 -7.302540
v 58.587566 0.000000 -1.738049
v 44.035046 0.000000 -6.154202
v 44.035046 0.000000 2.172976
v -19.553293 -5.350032 -6.189231
v -20.243214 -5.350032 1.158901
v -37.506855 -5.350026 -6.854079
v -38.539330 -5.350026 1.408846
v -19.553293 0.000000 -6.189229
v -20.243217 0.000000 1.158903
v -37.506855 0.000000 -6.854077
v -38.539330 0.000000 1.408847
v 44.035046 -3.026268 0.129729
v 44.035046 -3.026268 -4.110957
v 44.035046 0.000000 -4.110957
v 44.035046 0.000000 0.129730
v -20.741590 -2.513757 -0.948647
v -20.741590 -2.513757 -5.189332
v -20.741594 0.000000 -5.189332
v -20.741594 0.000000 -0.948646
v 38.922974 -35.657269 -4.907097
v 39.141525 -35.657269 -2.688088
v 39.788788 -35.657291 -0.554353
v 40.839893 -35.657291 1.412108
v 42.254433 -35.657295 3.135727
v 43.978046 -35.657295 4.550262
v 45.944504 -35.657295 5.601357
v 48.078243 -35.657295 6.248618
v 50.297256 -35.657295 6.467174
v 52.516266 -35.657295 6.248618
v 54.649994 -35.657295 5.601357
v 56.616455 -35.657299 4.550262
v 58.340076 -35.657299 3.135727
v 59.754616 -35.657299 1.412108
v 60.805714 -35.657299 -0.554353
v 61.452969 -35.657272 -2.688088
v 61.671516 -35.657272 -4.907097
v 61.452969 -35.657272 -7.126108
v 60.805714 -35.657261 -9.259844
v 59.754616 -35.657261 -11.226306
v 58.340076 -35.657261 -12.949923
v 56.616455 -35.657261 -14.364457
v 54.649994 -35.657257 -15.415552
v 52.516266 -35.657253 -16.062813
v 50.297256 -35.657253 -16.281368
v 48.078243 -35.657253 -16.062813
v 45.944504 -35.657253 -15.415552
v 43.978046 -35.657253 -14.364457
v 42.254433 -35.657253 -12.949923
v 40.839893 -35.657253 -11.226306
v 39.788788 -35.657253 -9.259844
v 39.141525 -35.657269 -7.126108
v -44.279816 -36.441849 -3.919672
v -44.084381 -36.441849 -1.935088
v -43.505512 -36.441864 -0.026794
v -42.565464 -36.441860 1.731908
v -41.300335 -36.441860 3.273429
v -39.758827 -36.441860 4.538521
v -38.000103 -36.441864 5.478570
v -36.091797 -36.441864 6.057448
v -34.107224 -36.441864 6.252912
v -32.122650 -36.441864 6.057448
v -30.214355 -36.441864 5.478570
v -28.455620 -36.441864 4.538518
v -26.914099 -36.441864 3.273441
v -25.649071 -36.441864 1.731927
v -24.709013 -36.441868 -0.026794
v -24.130123 -36.441856 -1.935110
v -23.934649 -36.441856 -3.919672
v -24.130123 -36.441856 -5.904235
v -24.709013 -36.441849 -7.812549
v -25.649071 -36.441849 -9.571269
v -26.914099 -36.441849 -11.112782
v -28.455620 -36.441849 -12.377860
v -30.214355 -36.441849 -13.317910
v -32.122650 -36.441845 -13.896791
v -34.107224 -36.441845 -14.092252
v -36.091797 -36.441845 -13.896791
v -38.000103 -36.441845 -13.317910
v -39.758827 -36.441841 -12.377863
v -41.300335 -36.441841 -11.112772
v -42.565464 -36.441841 -9.571250
v -43.505512 -36.441841 -7.812549
v -44.084381 -36.441849 -5.904255
v -45.640308 -36.441849 -1.625608
v -44.971157 -36.441864 0.580297
v -36.401295 -36.441864 7.613368
v -34.107224 -36.441864 7.839314
v -31.813171 -36.441868 7.613368
v -29.607269 -36.441868 6.944216
v -27.574265 -36.441868 5.857567
v -22.574200 -36.441856 -1.625608
v -22.348244 -36.441856 -3.919672
v -23.243372 -36.441849 -8.419641
v -24.330009 -36.441849 -10.452614
v -27.574265 -36.441845 -13.696906
v -31.813171 -36.441845 -15.452711
v -34.107224 -36.441841 -15.678656
v -45.640308 -36.441849 -6.213737
v 42.218063 -35.963062 -4.907097
v 42.373299 -35.963062 -3.330926
v 42.833050 -35.963081 -1.815323
v 43.579647 -35.963081 -0.418537
v 44.584400 -35.963081 0.805756
v 45.808693 -35.963081 1.810507
v 47.205482 -35.963078 2.557105
v 48.721081 -35.963078 3.016857
v 50.297256 -35.963081 3.172098
v 51.873425 -35.963081 3.016857
v 53.389027 -35.963081 2.557105
v 54.785809 -35.963081 1.810507
v 56.010109 -35.963081 0.805756
v 57.014862 -35.963085 -0.418537
v 57.761463 -35.963085 -1.815323
v 58.221210 -35.963066 -3.330923
v 58.376453 -35.963066 -4.907097
v 58.221210 -35.963066 -6.483274
v 57.761463 -35.963055 -7.998875
v 57.014862 -35.963055 -9.395658
v 56.010109 -35.963055 -10.619952
v 54.785816 -35.963055 -11.624701
v 53.389027 -35.963058 -12.371300
v 51.873425 -35.963058 -12.831053
v 50.297256 -35.963058 -12.986294
v 48.721081 -35.963055 -12.831053
v 47.205482 -35.963055 -12.371300
v 45.808693 -35.963051 -11.624702
v 44.584400 -35.963051 -10.619952
v 43.579647 -35.963051 -9.395660
v 42.833050 -35.963051 -7.998874
v 42.373299 -35.963062 -6.483271
v -42.693420 -36.736294 -3.919672
v -42.528469 -36.736294 -2.244567
v -42.039864 -36.736305 -0.633887
v -41.246414 -36.736305 0.850544
v -40.178589 -36.736305 2.151670
v -38.877464 -36.736305 3.219474
v -37.393009 -36.736305 4.012925
v -35.782299 -36.736305 4.501529
v -34.107224 -36.736305 4.666510
v -32.432152 -36.736305 4.501529
v -30.821442 -36.736309 4.012924
v -29.336971 -36.736309 3.219471
v -28.035879 -36.736309 2.151690
v -26.968113 -36.736309 0.850585
v -26.174660 -36.736309 -0.633886
v -25.686037 -36.736298 -2.244611
v -25.521049 -36.736298 -3.919672
v -25.686037 -36.736298 -5.594733
v -26.174660 -36.736282 -7.205458
v -26.968113 -36.736290 -8.689927
v -28.035879 -36.736290 -9.991033
v -29.336971 -36.736290 -11.058810
v -30.821442 -36.736290 -11.852264
v -32.432152 -36.736282 -12.340873
v -34.107224 -36.736282 -12.505853
v -35.782299 -36.736282 -12.340873
v -37.393009 -36.736282 -11.852267
v -38.877464 -36.736282 -11.058814
v -40.178589 -36.736282 -9.991012
v -41.246414 -36.736282 -8.689885
v -42.039864 -36.736282 -7.205456
v -42.528469 -36.736294 -5.594777
v -44.279816 -35.438797 -3.919672
v -44.084381 -35.438797 -1.935088
v -43.505512 -35.438808 -0.026794
v -42.565464 -35.438808 1.731908
v -41.300335 -35.438808 3.273429
v -39.758827 -35.438808 4.538521
v -38.000103 -35.438808 5.478570
v -36.091797 -35.438808 6.057448
v -34.107224 -35.438808 6.252912
v -32.122650 -35.438808 6.057448
v -30.214355 -35.438812 5.478570
v -28.455620 -35.438812 4.538518
v -26.914099 -35.438812 3.273441
v -25.649071 -35.438812 1.731927
v -24.709013 -35.438820 -0.026794
v -24.130123 -35.438801 -1.935110
v -23.934649 -35.438801 -3.919672
v -24.130123 -35.438801 -5.904235
v -24.709013 -35.438793 -7.812549
v -25.649071 -35.438793 -9.571269
v -26.914099 -35.438793 -11.112782
v -28.455620 -35.438793 -12.377860
v -30.214355 -35.438793 -13.317910
v -32.122650 -35.438789 -13.896791
v -34.107224 -35.438789 -14.092252
v -36.091797 -35.438789 -13.896791
v -38.000103 -35.438789 -13.317910
v -39.758827 -35.438789 -12.377863
v -41.300335 -35.438789 -11.112772
v -42.565464 -35.438789 -9.571250
v -43.505512 -35.438786 -7.812549
v -44.084381 -35.438797 -5.904255
v 40.570522 -34.615559 -4.907097
v 40.757420 -34.615559 -3.009507
v 41.310925 -34.615582 -1.184839
v 42.209770 -34.615582 0.496787
v 43.419418 -34.615582 1.970742
v 44.893375 -34.615582 3.180383
v 46.575001 -34.615582 4.079231
v 48.399666 -34.615582 4.632739
v 50.297260 -34.615582 4.819636
v 52.194851 -34.615582 4.632739
v 54.019516 -34.615582 4.079231
v 55.701138 -34.615585 3.180383
v 57.175098 -34.615589 1.970742
v 58.384739 -34.615589 0.496787
v 59.283585 -34.615589 -1.184838
v 59.837086 -34.615566 -3.009506
v 60.023983 -34.615566 -4.907097
v 59.837086 -34.615566 -6.804691
v 59.283585 -34.615555 -8.629359
v 58.384739 -34.615555 -10.310983
v 57.175098 -34.615555 -11.784938
v 55.701138 -34.615551 -12.994579
v 54.019516 -34.615555 -13.893427
v 52.194851 -34.615555 -14.446935
v 50.297260 -34.615555 -14.633831
v 48.399666 -34.615551 -14.446935
v 46.574997 -34.615551 -13.893427
v 44.893375 -34.615547 -12.994581
v 43.419418 -34.615547 -11.784938
v 42.209770 -34.615547 -10.310983
v 41.310925 -34.615547 -8.629358
v 40.757420 -34.615559 -6.804689
v 50.297256 -35.963062 -4.907097
v -34.107235 -36.736282 -3.919672
v -16.353979 -19.664690 15.546742
v -8.488801 -20.643822 13.709469
v 26.136362 0.000000 12.715055
v 8.400798 -7.636442 21.295946
v 9.023231 0.000000 21.664101
v 20.973038 -20.894896 12.183284
v 25.560184 -5.025506 12.005181
v 6.008749 -14.328951 21.463621
v -19.436403 -15.708302 19.086479
v -48.609482 17.895618 14.871589
v -52.693153 17.857136 14.581618
v -52.625820 20.019913 13.999791
v -48.259762 20.021170 14.320611
v -60.091530 17.737720 18.330082
v -60.091530 19.900497 18.330082
v -54.024433 19.901754 18.330082
v -54.493977 17.776205 18.330082
v -60.091530 17.737720 19.323656
v -60.091530 19.900497 19.323656
v -54.024433 19.901754 19.323656
v -54.493977 17.776205 19.323656
v -52.889286 19.901754 18.330082
v -52.889286 17.776205 18.330082
v -52.889286 19.901754 19.323656
v -52.889286 17.776205 19.323656
v -60.091530 28.625298 18.330082
v -54.024433 28.626554 18.330082
v -60.091530 28.625298 19.323656
v -54.024433 28.626554 19.323656
v -52.889286 28.626554 18.330082
v -52.889286 28.626554 19.323656
v -60.091530 32.995953 16.038605
v -54.024433 32.997211 16.038605
v -60.091530 32.995953 17.032179
v -54.024433 32.997211 17.032179
v -52.889286 32.997211 16.038605
v -52.889286 32.997211 17.032179
v -36.208313 9.966326 20.051403
v -36.208313 9.966326 20.553246
v -24.607458 11.615734 20.128614
v -24.607458 11.121535 20.553246
v -23.455997 12.687740 17.879845
v -23.455997 12.675206 17.616787
v -35.056854 11.455253 18.139320
v -35.056854 11.745746 18.548540
v -41.662189 9.966326 18.957104
v -41.662189 9.966326 19.458948
v -30.061329 11.615734 19.034317
v -30.061329 11.121535 19.458948
v -28.909870 12.687740 16.785547
v -28.909870 12.675206 16.522491
v -40.510731 11.455253 17.045023
v -40.510731 11.745746 17.454243
v -47.833576 9.000901 17.802055
v -47.833576 9.000901 18.303898
v -36.232723 10.650310 17.879269
v -36.232723 10.156110 18.303898
v -35.081264 11.722316 15.630498
v -35.081264 11.709782 15.367440
v -46.682125 10.489827 15.889974
v -46.682125 10.780320 16.299192
v 79.711830 29.223970 0.751060
v -46.420013 13.147082 16.562019
v 2.422600 22.377394 0.605382
v -28.935322 13.485826 18.856920
v -52.325340 28.074369 11.028991
v -57.627945 24.133434 9.608624
v -57.627945 25.346880 6.026544
v -57.131550 27.724518 3.619169
v -55.001114 26.030962 1.082002
v -57.270111 24.570335 -0.266198
v -55.621269 25.366108 -3.060025
v -53.750675 25.033712 -6.335684
v -53.379757 22.446398 -8.583828
v -49.108009 25.585415 -10.266847
v -28.648563 23.322407 -11.041143
v -16.820759 22.241835 -9.762339
v 32.386421 27.287224 -10.231953
v 36.429806 28.074369 -8.638079
v 59.406815 27.405363 -8.638079
v 65.566521 26.893997 -15.228884
v 85.952965 20.782309 -15.228884
v 78.584106 26.285358 -12.234547
v 77.983185 28.786930 -5.580893
v -58.489098 11.784980 5.797543
v -58.489098 11.728471 11.406645
v -13.305364 21.760330 10.751060
v -28.609068 23.897495 -5.381400
v -57.627945 17.700333 11.009075
v -57.627945 17.723600 6.026544
v -58.489098 0.425185 11.579738
v -58.489098 0.425185 6.251859
v -58.489098 10.986872 11.004207
v -58.489098 11.034748 6.251859
v -55.059208 1.568513 10.803851
v -55.059208 1.568513 6.948227
v -55.059208 7.539612 10.387358
v -55.059208 7.574259 6.948227
v -53.627838 14.845703 13.316396
v -56.702103 5.191190 13.526563
v -32.815357 24.917351 11.271531
v -58.004589 32.200161 4.968670
v -58.004589 28.074369 10.613784
v -58.004589 12.622244 4.968670
v -58.004589 12.549593 12.180257
v -27.859423 24.226664 -1.652745
v -58.563786 21.152296 10.065196
v -56.695156 21.152296 10.065196
v -58.563786 21.901787 9.916114
v -56.695156 21.901787 9.916113
v -58.563786 22.537172 9.491562
v -56.695156 22.537172 9.491562
v -58.563786 22.961723 8.856174
v -56.695156 22.961723 8.856174
v -58.563786 23.110807 8.106685
v -56.695156 23.110807 8.106685
v -58.563786 22.961723 7.357195
v -56.695156 22.961723 7.357195
v -58.563786 22.537172 6.721808
v -56.695156 22.537172 6.721808
v -58.563786 21.901787 6.297257
v -56.695156 21.901787 6.297257
v -58.563786 21.152296 6.148174
v -56.695156 21.152296 6.148174
v -58.563786 20.402805 6.297257
v -56.695156 20.402805 6.297257
v -58.563786 19.767420 6.721808
v -56.695156 19.767420 6.721808
v -58.563786 19.342869 7.357195
v -56.695156 19.342869 7.357195
v -58.563786 19.193785 8.106685
v -56.695156 19.193785 8.106685
v -58.563786 19.342869 8.856174
v -56.695156 19.342869 8.856174
v -58.563786 19.767420 9.491562
v -56.695156 19.767420 9.491562
v -58.563786 20.402805 9.916114
v -56.695156 20.402805 9.916113
v 48.872070 16.705742 13.896528
v 51.563995 11.622949 7.182541
v 48.947735 16.987417 13.718017
v 51.677830 12.046757 6.913954
v 49.136665 17.250103 13.607413
v 51.962105 12.441994 6.747541
v 49.410088 17.453808 13.581558
v 52.373508 12.748489 6.708638
v 49.726410 17.567522 13.644384
v 52.849430 12.919584 6.803167
v 50.037441 17.573933 13.786329
v 53.317406 12.929230 7.016737
v 50.295845 17.472063 13.985780
v 53.706203 12.775955 7.316833
v 50.462273 17.277424 14.212374
v 53.956615 12.483098 7.657769
v 50.511398 17.019644 14.431616
v 54.030529 12.095242 7.987640
v 50.435734 16.737968 14.610129
v 53.916698 11.671436 8.256228
v 50.246807 16.475283 14.720732
v 53.632435 11.276197 8.422641
v 49.973377 16.271576 14.746587
v 53.221020 10.969701 8.461544
v 49.657066 16.157862 14.683762
v 52.745098 10.798606 8.367016
v 49.346027 16.151453 14.541817
v 52.277122 10.788961 8.153445
v 49.087627 16.253323 14.342364
v 51.888317 10.942235 7.853350
v 48.921192 16.447962 14.115770
v 51.637901 11.235091 7.512413
v 43.152332 16.466658 13.652650
v 45.844254 11.383864 6.938663
v 43.227989 16.748333 13.474137
v 45.958096 11.807672 6.670076
v 43.416924 17.011019 13.363537
v 46.242355 12.202909 6.503664
v 43.690353 17.214725 13.337681
v 46.653759 12.509407 6.464761
v 44.006664 17.328438 13.400506
v 47.129681 12.680502 6.559290
v 44.317699 17.334848 13.542451
v 47.597664 12.690145 6.772859
v 44.576096 17.232981 13.741902
v 47.986465 12.536873 7.072956
v 44.742531 17.038336 13.968500
v 48.236877 12.244015 7.413892
v 44.791660 16.780556 14.187740
v 48.310791 11.856157 7.743764
v 44.716003 16.498884 14.366250
v 48.196949 11.432351 8.012351
v 44.527069 16.236197 14.476854
v 47.912689 11.037113 8.178763
v 44.253639 16.032494 14.502709
v 47.501286 10.730618 8.217667
v 43.937317 15.918778 14.439883
v 47.025364 10.559522 8.123137
v 43.626289 15.912368 14.297938
v 46.557381 10.549877 7.909568
v 43.367886 16.014238 14.098485
v 46.168591 10.703153 7.609471
v 43.201458 16.208878 13.871891
v 45.918171 10.996009 7.268535
v 42.043804 11.669669 9.117869
v 42.445129 12.276055 12.019215
v 53.849598 10.568585 7.714959
v 54.250923 11.174973 10.616304
v 42.374187 16.577065 8.046513
v 42.775520 17.183455 10.947858
v 54.179977 15.475984 6.643603
v 54.581303 16.082371 9.544948
v -47.176716 15.180216 13.654061
v -47.364140 15.180216 12.711843
v -47.897861 15.180216 11.913071
v -48.696632 15.180216 11.379347
v -49.638851 15.180216 11.191929
v -50.581070 15.180216 11.379347
v -51.379841 15.180216 11.913071
v -51.913567 15.180216 12.711843
v -52.100990 15.180216 13.654061
v -51.913567 15.180216 14.596278
v -51.379841 15.180216 15.395052
v -50.581070 15.180216 15.928777
v -49.638851 15.180216 16.116194
v -48.696632 15.180216 15.928777
v -47.897861 15.180216 15.395052
v -47.364140 15.180216 14.596278
v 48.458469 16.626547 13.761523
v 48.572304 17.050352 13.492936
v 48.856567 17.445591 13.326523
v 49.267975 17.752087 13.287621
v 49.743904 17.923182 13.382149
v 50.211880 17.932825 13.595718
v 50.600677 17.779552 13.895815
v 50.851089 17.486696 14.236751
v 50.925003 17.098839 14.566622
v 50.811161 16.675032 14.835209
v 50.526901 16.279795 15.001623
v 50.115494 15.973298 15.040525
v 49.639576 15.802203 14.945997
v 49.171585 15.792559 14.732428
v 48.782791 15.945832 14.432330
v 48.532375 16.238689 14.091393
v 42.738728 16.387463 13.517644
v 42.852570 16.811270 13.249056
v 43.136829 17.206507 13.082644
v 43.548233 17.513002 13.043742
v 44.024155 17.684097 13.138270
v 44.492146 17.693743 13.351840
v 44.880928 17.540468 13.651937
v 45.131348 17.247612 13.992873
v 45.205265 16.859756 14.322746
v 45.091423 16.435949 14.591331
v 44.807163 16.040712 14.757745
v 44.395760 15.734215 14.796648
v 43.919827 15.563119 14.702120
v 43.451847 15.553474 14.488549
v 43.063053 15.706749 14.188452
v 42.812641 15.999605 13.847516
v 50.443874 14.173268 10.566712
v 50.519539 14.454944 10.388199
v 50.708466 14.717629 10.277596
v 50.981895 14.921333 10.251741
v 51.298214 15.035047 10.314567
v 51.609245 15.041459 10.456511
v 51.867645 14.939590 10.655963
v 52.034077 14.744951 10.882558
v 52.083202 14.487170 11.101799
v 52.007538 14.205497 11.280313
v 51.818607 13.942809 11.390915
v 51.545177 13.739104 11.416771
v 51.228870 13.625391 11.353944
v 50.917831 13.618979 11.211999
v 50.659428 13.720848 11.012547
v 50.492996 13.915488 10.785953
v 44.724129 13.934184 10.322833
v 44.799789 14.215859 10.144320
v 44.988720 14.478545 10.033720
v 45.262150 14.682251 10.007864
v 45.578461 14.795965 10.070690
v 45.889496 14.802375 10.212633
v 46.147896 14.700507 10.412085
v 46.314331 14.505862 10.638682
v 46.363457 14.248082 10.857924
v 46.287800 13.966410 11.036432
v 46.098866 13.703724 11.147037
v 45.825439 13.500019 11.172892
v 45.509121 13.386304 11.110065
v 45.198086 13.379894 10.968122
v 44.939682 13.481765 10.768669
v 44.773254 13.676404 10.542074
v 79.826675 28.840004 3.418497
v 82.816628 28.840004 3.933499
v 79.826675 29.457663 3.320670
v 82.816628 29.616806 3.810467
v 79.826675 30.014858 3.036764
v 82.816628 30.317572 3.453410
v 79.826675 30.457054 2.594570
v 82.816628 30.873699 2.897280
v 79.826675 30.740959 2.037373
v 82.816628 31.230755 2.196517
v 79.826675 30.838785 1.419715
v 82.816628 31.353790 1.419715
v 79.826675 30.740959 0.802058
v 82.816628 31.230755 0.642913
v 79.826675 30.457054 0.244861
v 82.816628 30.873699 -0.057850
v 79.826675 30.014858 -0.197333
v 82.816628 30.317572 -0.613979
v 79.826675 29.457663 -0.481239
v 82.816628 29.616806 -0.971036
v 79.826675 28.840004 -0.579066
v 82.816628 28.840004 -1.094069
v 79.826675 28.222345 -0.481239
v 82.816628 28.063202 -0.971036
v 79.826675 27.665152 -0.197333
v 82.816628 27.362440 -0.613979
v 79.826675 27.222958 0.244861
v 82.816628 26.806311 -0.057850
v 79.826675 26.939049 0.802058
v 82.816628 26.449253 0.642913
v 79.826675 26.841221 1.419715
v 82.816628 26.326220 1.419715
v 79.826675 26.939049 2.037373
v 82.816628 26.449253 2.196517
v 79.826675 27.222958 2.594570
v 82.816628 26.806311 2.897280
v 79.826675 27.665152 3.036764
v 82.816628 27.362440 3.453410
v 79.826675 28.222345 3.320670
v 82.816628 28.063202 3.810467
v 83.269173 29.483175 3.399195
v 83.269173 28.840004 3.501063
v 83.269173 30.063391 3.103561
v 83.269173 30.523851 2.643101
v 83.269173 30.819481 2.062887
v 83.269173 30.921350 1.419715
v 83.269173 30.819481 0.776543
v 83.269173 30.523851 0.196330
v 83.269173 30.063391 -0.264130
v 83.269173 29.483175 -0.559764
v 83.269173 28.840004 -0.661632
v 83.269173 28.196835 -0.559764
v 83.269173 27.616619 -0.264130
v 83.269173 27.156158 0.196330
v 83.269173 26.860525 0.776543
v 83.269173 26.758656 1.419715
v 83.269173 26.860525 2.062887
v 83.269173 27.156158 2.643101
v 83.269173 27.616619 3.103561
v 83.269173 28.196835 3.399195
v 83.269173 29.290836 2.807234
v 83.269173 28.840002 2.878639
v 83.269173 29.697536 2.600009
v 83.269173 30.020298 2.277249
v 83.269173 30.227522 1.870547
v 83.269173 30.298927 1.419715
v 83.269173 30.227522 0.968883
v 83.269173 30.020298 0.562182
v 83.269173 29.697536 0.239421
v 83.269173 29.290836 0.032197
v 83.269173 28.840002 -0.039208
v 83.269173 28.389174 0.032197
v 83.269173 27.982470 0.239421
v 83.269173 27.659710 0.562182
v 83.269173 27.452484 0.968883
v 83.269173 27.381083 1.419715
v 83.269173 27.452484 1.870547
v 83.269173 27.659710 2.277249
v 83.269173 27.982470 2.600009
v 83.269173 28.389174 2.807234
v 79.826675 28.840004 -3.738196
v 82.816628 28.840004 -3.223194
v 79.826675 29.457663 -3.836023
v 82.816628 29.616806 -3.346226
v 79.826675 30.014858 -4.119929
v 82.816628 30.317572 -3.703283
v 79.826675 30.457054 -4.562123
v 82.816628 30.873699 -4.259412
v 79.826675 30.740959 -5.119320
v 82.816628 31.230755 -4.960176
v 79.826675 30.838785 -5.736978
v 82.816628 31.353790 -5.736978
v 79.826675 30.740959 -6.354634
v 82.816628 31.230755 -6.513780
v 79.826675 30.457054 -6.911832
v 82.816628 30.873699 -7.214543
v 79.826675 30.014858 -7.354025
v 82.816628 30.317572 -7.770672
v 79.826675 29.457663 -7.637932
v 82.816628 29.616806 -8.127729
v 79.826675 28.840004 -7.735759
v 82.816628 28.840004 -8.250762
v 79.826675 28.222345 -7.637932
v 82.816628 28.063202 -8.127729
v 79.826675 27.665152 -7.354025
v 82.816628 27.362440 -7.770672
v 79.826675 27.222958 -6.911832
v 82.816628 26.806311 -7.214543
v 79.826675 26.939049 -6.354634
v 82.816628 26.449253 -6.513780
v 79.826675 26.841221 -5.736978
v 82.816628 26.326220 -5.736978
v 79.826675 26.939049 -5.119320
v 82.816628 26.449253 -4.960176
v 79.826675 27.222958 -4.562123
v 82.816628 26.806311 -4.259412
v 79.826675 27.665152 -4.119929
v 82.816628 27.362440 -3.703283
v 79.826675 28.222345 -3.836023
v 82.816628 28.063202 -3.346226
v 83.269173 29.483175 -3.757499
v 83.269173 28.840004 -3.655630
v 83.269173 30.063391 -4.053132
v 83.269173 30.523851 -4.513592
v 83.269173 30.819481 -5.093805
v 83.269173 30.921350 -5.736978
v 83.269173 30.819481 -6.380150
v 83.269173 30.523851 -6.960362
v 83.269173 30.063391 -7.420823
v 83.269173 29.483175 -7.716456
v 83.269173 28.840004 -7.818325
v 83.269173 28.196835 -7.716456
v 83.269173 27.616619 -7.420823
v 83.269173 27.156158 -6.960362
v 83.269173 26.860525 -6.380150
v 83.269173 26.758656 -5.736978
v 83.269173 26.860525 -5.093805
v 83.269173 27.156158 -4.513592
v 83.269173 27.616619 -4.053132
v 83.269173 28.196835 -3.757499
v 83.269173 29.290836 -4.349459
v 83.269173 28.840002 -4.278054
v 83.269173 29.697536 -4.556684
v 83.269173 30.020298 -4.879444
v 83.269173 30.227522 -5.286146
v 83.269173 30.298927 -5.736978
v 83.269173 30.227522 -6.187810
v 83.269173 30.020298 -6.594512
v 83.269173 29.697536 -6.917271
v 83.269173 29.290836 -7.124496
v 83.269173 28.840002 -7.195901
v 83.269173 28.389174 -7.124496
v 83.269173 27.982470 -6.917271
v 83.269173 27.659710 -6.594512
v 83.269173 27.452484 -6.187810
v 83.269173 27.381083 -5.736978
v 83.269173 27.452484 -5.286146
v 83.269173 27.659710 -4.879444
v 83.269173 27.982470 -4.556684
v 83.269173 28.389174 -4.349459
v 66.499100 33.085583 -15.228884
v 63.817883 30.765701 -8.638079
v 79.422508 32.530785 -15.228884
v 76.484489 32.269020 -12.234547
v -57.230549 27.124067 -5.104650
v -58.794926 27.530926 1.683506
v -10.368048 22.041109 -5.104650
v -10.368048 22.041109 1.683506
v -10.368048 -4.715265 -5.104650
v 6.590862 0.005738 23.021503
v 9.357637 0.005659 22.166397
v -9.901721 21.528248 13.418063
v -26.140036 19.217415 16.740473
v -30.564922 13.108064 20.958046
v 82.901344 26.713392 -4.607476
v 82.899437 26.713820 1.007359
v 82.648529 30.840765 -8.758152
v 82.899216 26.714027 3.399176
v 82.752785 30.838812 3.407051
v 79.202637 32.465328 1.259138
v 80.161537 32.220604 -8.172611
v 83.745644 3.166815 -8.893969
v -12.465543 28.641985 10.719800
v 8.673099 7.223010 21.761509
v -37.625275 34.296711 11.961344
v -25.529461 29.101954 12.658251
v -30.730995 28.715239 13.925181
v -30.089279 7.477070 22.095226
v -30.431293 8.468987 21.202906
v -45.971489 13.688830 17.515436
v -2.759433 29.415646 -10.809957
v 83.555367 8.370762 -6.863419
v 83.691116 5.052403 -3.815877
v 73.974098 3.656098 5.919218
v 71.619362 16.888048 7.305099
v 73.705956 17.248238 5.727494
v -51.514832 14.776632 16.230083
v -51.484905 10.572184 16.121847
v -56.539169 29.308531 11.772943
v -56.990658 33.529297 9.247553
v 82.882996 26.713861 -7.077018
v -47.384792 10.503882 16.986586
v -17.075794 34.994633 2.114937
v -23.779081 35.164761 8.885613
v 29.134226 32.290417 -10.486010
v 33.088623 33.739536 1.673770
v -13.116639 30.196304 8.098201
v -18.551678 20.451420 15.438657
v -54.797249 16.986927 15.236249
v -12.610068 33.088161 -9.428846
v 44.047134 32.375538 9.446708
v -21.941662 16.100269 19.331585
v 72.005493 3.220069 7.996016
v 57.102036 1.663950 11.721326
v 84.506050 2.768842 -7.101903
v 83.718445 4.346225 0.133338
v 27.544622 4.351559 11.543724
v 28.100723 -0.028450 12.324429
v 6.042375 14.583288 21.945913
v 22.499781 21.804375 11.739597
v 63.156071 35.798393 1.722304
v 57.742970 31.947199 8.869086
v 37.855515 34.348198 3.707618
v 65.994675 32.975288 -10.693415
v 82.764641 26.714190 -8.757122
v -28.347691 16.302668 19.346380
v -14.477323 8.249829 22.913572
v 5.974013 7.767598 22.549189
v 32.202721 32.289856 -13.528656
v 27.717339 30.611986 -10.486010
v 31.671732 32.061108 1.673770
v 57.122978 33.175282 7.430444
v 44.668850 32.916557 7.506417
v 61.974842 36.061245 1.765940
v 64.338707 33.096001 -10.681378
v 39.427795 34.518925 3.469656
v 34.130398 32.414825 -13.300912
v 79.729088 24.885004 -7.746487
v 79.094917 26.036514 -10.143047
v 78.552658 8.274340 -9.323558
v -36.712040 34.276611 10.146293
v -56.777027 33.697296 6.851250
v -20.607555 34.803474 2.595681
v -26.259604 34.931900 7.824436
v -16.176147 33.364281 -8.738801
v -9.121988 -0.116765 20.947613
v -29.915321 -0.043213 19.939203
v -10.000325 20.252831 11.451974
v -26.132965 18.191240 14.845031
v -30.211079 12.012796 18.914248
v 80.599228 25.884434 -4.592795
v 80.699638 26.381161 -9.728201
v 81.094566 30.297010 -8.146654
v 81.401985 27.293547 2.901919
v 81.199493 30.382835 2.780488
v 78.783340 30.185585 0.900139
v 79.819771 29.917713 -7.886562
v 82.391113 2.537458 -7.085350
v -12.611423 27.092598 8.964797
v 8.035104 6.986365 19.784853
v -37.565491 32.503479 10.450499
v -25.790791 26.108217 6.819913
v -29.004139 27.257568 13.296620
v -29.935284 6.591495 19.928667
v -30.287273 7.476789 19.082357
v -45.624950 12.922337 15.325842
v -3.037329 27.086637 -10.830368
v 81.529915 8.026699 -5.731552
v 81.426865 3.856889 -4.883555
v 72.701660 2.933196 4.086128
v 70.822510 15.682305 5.457631
v 72.798218 16.698128 3.635765
v -51.189152 14.161984 13.989982
v -50.961708 10.668125 13.837340
v -56.351696 28.491684 9.582159
v -56.759945 31.480986 8.128123
v 80.726341 26.422106 -6.356483
v -46.920155 10.289548 14.697460
v -17.668804 32.733971 1.915829
v -24.114971 33.113422 7.798820
v 29.853109 30.075445 -10.767118
v 33.676357 31.502655 2.064732
v -13.537307 26.048889 3.514678
v -18.744364 18.929768 13.317853
v -54.674603 16.311319 12.993386
v -13.388762 30.879993 -9.568681
v 43.989594 30.942984 7.590258
v -21.922283 14.800653 17.617035
v 71.140656 2.821649 5.852365
v 82.407066 1.877855 -6.552070
v 82.134430 2.131250 -0.218501
v 26.960728 4.070716 9.211001
v 5.479860 13.508136 19.599121
v 22.183098 21.287363 -0.623957
v 62.761555 33.517090 1.345546
v 57.402397 30.972307 6.763021
v 37.989944 32.036556 3.333241
v 65.598648 30.946203 -9.585315
v 81.283203 27.098761 -8.003481
v -28.128361 15.056561 17.238358
v -14.396455 7.940698 20.589819
v 5.764649 7.549470 20.110348
v 32.406342 29.962934 -13.314442
v 28.389135 28.916964 -11.961648
v 32.740395 30.367990 2.895757
v 56.845276 31.204536 6.189079
v 44.628578 22.228691 0.912748
v 61.527985 33.875076 1.042809
v 64.039803 30.817062 -10.213367
v 39.479839 23.674759 -2.595205
v 34.327625 30.088017 -13.079618
v 79.316711 25.945553 -5.695366
v 79.304817 27.445070 -8.279225
v 77.788307 7.969608 -7.127010
v -36.570225 31.935837 10.197013
v -56.688084 31.354094 6.792758
v -20.497116 32.473827 2.845632
v -26.096628 32.596256 7.966318
v -16.146034 31.045248 -8.387959
v 82.554977 31.560501 -9.478092
v 82.712555 31.560501 4.131653
v 82.732475 25.991299 -9.478294
v 82.916214 25.991299 -7.078125
v 82.973145 25.117008 -3.736249
v 82.964722 25.116953 0.132573
v 82.925064 25.991299 4.121054
v 81.643585 30.799404 -8.737191
v 81.896400 26.672037 -4.586515
v 81.747833 30.797453 3.428012
v 81.894493 26.672461 1.028320
v 81.878036 26.672506 -7.056057
v 81.759689 26.672831 -8.736161
v 81.894257 26.672670 3.420136
v 82.942368 25.991299 -4.607672
v 82.932487 25.991299 1.007426
v 83.718216 4.321201 -4.693671
v 83.755363 3.301527 1.008262
v 81.944626 25.079943 -3.737109
v 81.936218 25.079884 0.131712
v 82.662613 5.015337 -3.816737
v 82.689934 4.309159 0.132478
v 48.361599 29.358088 -4.907097
v 48.398788 29.358088 -4.529469
v 48.508942 29.358095 -4.166352
v 48.687813 29.358095 -3.831703
v 48.928539 29.358095 -3.538380
v 49.221863 29.358097 -3.297656
v 49.556511 29.358097 -3.118781
v 49.919624 29.358097 -3.008632
v 50.297256 29.358097 -2.971439
v 50.674889 29.358097 -3.008632
v 51.037998 29.358097 -3.118781
v 51.372650 29.358097 -3.297656
v 51.665974 29.358097 -3.538380
v 51.906700 29.358097 -3.831703
v 52.085567 29.358097 -4.166352
v 52.195721 29.358091 -4.529469
v 52.232910 29.358091 -4.907097
v 52.195721 29.358091 -5.284726
v 52.085567 29.358091 -5.647842
v 51.906700 29.358091 -5.982491
v 51.665974 29.358091 -6.275815
v 51.372650 29.358091 -6.516539
v 51.037998 29.358091 -6.695412
v 50.674889 29.358091 -6.805562
v 50.297256 29.358091 -6.842755
v 49.919624 29.358091 -6.805562
v 49.556511 29.358091 -6.695412
v 49.221863 29.358091 -6.516539
v 48.928539 29.358088 -6.275815
v 48.687813 29.358088 -5.982491
v 48.508942 29.358088 -5.647842
v 48.398788 29.358088 -5.284726
v -36.429508 27.906023 -3.919670
v -36.397614 3.035953 -3.919657
v -36.384888 27.906023 -3.466619
v -36.353615 3.035953 -3.472826
v -36.252735 27.906027 -3.030982
v -36.223270 3.035953 -3.043165
v -36.038132 27.906027 -2.629493
v -36.011623 3.035953 -2.647191
v -35.749332 27.906027 -2.277586
v -35.726788 3.035953 -2.300115
v -35.397427 27.906027 -1.988785
v -35.379700 3.035953 -2.015276
v -34.995934 27.906027 -1.774185
v -34.983730 3.035953 -1.803624
v -34.560299 27.906027 -1.642036
v -34.554062 3.035953 -1.673288
v -34.107254 27.906027 -1.597414
v -34.107235 3.035953 -1.629277
v -33.654205 27.906027 -1.642036
v -33.660408 3.035953 -1.673288
v -33.218555 27.906027 -1.774185
v -33.230740 3.035953 -1.803624
v -32.817074 27.906027 -1.988785
v -32.834770 3.035953 -2.015276
v -32.465164 27.906027 -2.277586
v -32.487686 3.035953 -2.300115
v -32.176365 27.906027 -2.629493
v -32.202850 3.035953 -2.647191
v -31.961769 27.906033 -3.030982
v -31.991203 3.035953 -3.043165
v -31.829609 27.906027 -3.466619
v -31.860870 3.035953 -3.472826
v -31.785000 27.906027 -3.919670
v -31.816860 3.035953 -3.919657
v -31.829609 27.906027 -4.372720
v -31.860870 3.035953 -4.366488
v -31.961769 27.906023 -4.808360
v -31.991203 3.035953 -4.796148
v -32.176365 27.906023 -5.209846
v -32.202850 3.035953 -5.192123
v -32.465164 27.906023 -5.561753
v -32.487686 3.035953 -5.539202
v -32.817074 27.906023 -5.850555
v -32.834770 3.035953 -5.824039
v -33.218555 27.906023 -6.065154
v -33.230740 3.035953 -6.035693
v -33.654205 27.906023 -6.197303
v -33.660408 3.035953 -6.166029
v -34.107254 27.906023 -6.241926
v -34.107235 3.035953 -6.210038
v -34.560299 27.906023 -6.197303
v -34.554062 3.035953 -6.166029
v -34.995934 27.906023 -6.065154
v -34.983730 3.035953 -6.035693
v -35.397427 27.906023 -5.850555
v -35.379700 3.035953 -5.824039
v -35.749332 27.906023 -5.561753
v -35.726788 3.035953 -5.539202
v -36.038132 27.906023 -5.209846
v -36.011623 3.035953 -5.192123
v -36.252735 27.906023 -4.808360
v -36.223270 3.035953 -4.796148
v -36.384888 27.906023 -4.372720
v -36.353615 3.035953 -4.366488
v -45.866219 27.906010 -3.919672
v -45.640308 27.906010 -1.625607
v -44.971157 27.906033 0.580299
v -43.884502 27.906033 2.613272
v -42.422096 27.906033 4.395188
v -40.640182 27.906033 5.857569
v -38.607182 27.906036 6.944216
v -36.401295 27.906036 7.613370
v -34.107224 27.906036 7.839314
v -31.813171 27.906036 7.613370
v -29.607269 27.906036 6.944216
v -27.574265 27.906036 5.857569
v -25.792339 27.906036 4.395188
v -24.330009 27.906042 2.613273
v -23.243372 27.906042 0.580299
v -22.574200 27.906019 -1.625607
v -22.348244 27.906019 -3.919671
v -22.574200 27.906019 -6.213736
v -23.243372 27.906015 -8.419638
v -24.330009 27.906015 -10.452614
v -25.792339 27.906015 -12.234529
v -27.574265 27.906015 -13.696906
v -29.607269 27.906015 -14.783554
v -31.813171 27.906015 -15.452709
v -34.107224 27.906010 -15.678654
v -36.401295 27.906010 -15.452709
v -38.607182 27.906010 -14.783554
v -40.640182 27.906010 -13.696906
v -42.422096 27.906010 -12.234529
v -43.884502 27.906010 -10.452614
v -44.971157 27.906010 -8.419638
v -45.640308 27.906010 -6.213736
v -45.866219 36.441849 -3.919672
v -43.884502 36.441864 2.613272
v -42.422096 36.441864 4.395187
v -40.640182 36.441864 5.857567
v -38.607182 36.441864 6.944216
v -25.792339 36.441868 4.395187
v -24.330009 36.441868 2.613273
v -23.243372 36.441868 0.580297
v -22.574200 36.441856 -6.213737
v -25.792339 36.441845 -12.234529
v -29.607269 36.441845 -14.783556
v -36.401295 36.441841 -15.452711
v -38.607182 36.441841 -14.783556
v -40.640182 36.441841 -13.696906
v -42.422096 36.441841 -12.234529
v -43.884502 36.441841 -10.452614
v -44.971157 36.441841 -8.419641
v 38.922974 29.358095 -4.907097
v 39.141529 29.358095 -2.688088
v 39.788792 29.358122 -0.554353
v 40.839893 29.358122 1.412109
v 42.254433 29.358124 3.135727
v 43.978050 29.358124 4.550262
v 45.944508 29.358124 5.601359
v 48.078243 29.358124 6.248618
v 50.297260 29.358128 6.467174
v 52.516270 29.358128 6.248618
v 54.650002 29.358128 5.601359
v 56.616459 29.358130 4.550262
v 58.340080 29.358130 3.135727
v 59.754620 29.358130 1.412109
v 60.805714 29.358130 -0.554353
v 61.452969 29.358103 -2.688088
v 61.671520 29.358103 -4.907097
v 61.452969 29.358103 -7.126107
v 60.805714 29.358091 -9.259842
v 59.754620 29.358091 -11.226305
v 58.340080 29.358091 -12.949920
v 56.616459 29.358091 -14.364455
v 54.650002 29.358088 -15.415552
v 52.516270 29.358086 -16.062811
v 50.297260 29.358086 -16.281368
v 48.078243 29.358084 -16.062811
v 45.944508 29.358086 -15.415552
v 43.978050 29.358086 -14.364455
v 42.254433 29.358086 -12.949920
v 40.839893 29.358084 -11.226305
v 39.788792 29.358084 -9.259842
v 39.141529 29.358095 -7.126108
v 40.570522 35.657269 -4.907097
v 40.757412 35.657269 -3.009507
v 41.310925 35.657288 -1.184839
v 42.209770 35.657291 0.496787
v 43.419415 35.657291 1.970742
v 44.893375 35.657291 3.180383
v 46.575001 35.657288 4.079231
v 48.399666 35.657288 4.632739
v 50.297256 35.657291 4.819636
v 52.194851 35.657291 4.632739
v 54.019516 35.657291 4.079231
v 55.701138 35.657295 3.180383
v 57.175098 35.657295 1.970742
v 58.384739 35.657295 0.496787
v 59.283585 35.657295 -1.184838
v 59.837086 35.657272 -3.009506
v 60.023983 35.657272 -4.907097
v 59.837086 35.657272 -6.804691
v 59.283585 35.657261 -8.629361
v 58.384739 35.657261 -10.310983
v 57.175098 35.657261 -11.784938
v 55.701138 35.657261 -12.994579
v 54.019516 35.657261 -13.893427
v 52.194851 35.657261 -14.446935
v 50.297256 35.657261 -14.633831
v 48.399666 35.657261 -14.446935
v 46.574989 35.657261 -13.893427
v 44.893375 35.657257 -12.994581
v 43.419415 35.657257 -11.784938
v 42.209770 35.657257 -10.310983
v 41.310925 35.657253 -8.629359
v 40.757412 35.657269 -6.804689
v 58.587566 5.862547 -7.302541
v 58.587566 5.862548 -1.738050
v 44.035038 5.862543 -6.154204
v 44.035038 5.862544 2.172974
v -19.553293 5.350032 -6.189231
v -20.243214 5.350032 1.158901
v -37.506855 5.350026 -6.854079
v -38.539330 5.350026 1.408846
v 44.035046 3.026268 0.129729
v 44.035046 3.026268 -4.110957
v -20.741590 2.513757 -0.948647
v -20.741590 2.513757 -5.189332
v 38.922974 35.657269 -4.907097
v 39.141525 35.657269 -2.688088
v 39.788788 35.657291 -0.554353
v 40.839893 35.657291 1.412108
v 42.254433 35.657295 3.135727
v 43.978046 35.657295 4.550262
v 45.944504 35.657295 5.601357
v 48.078243 35.657295 6.248618
v 50.297256 35.657295 6.467174
v 52.516266 35.657295 6.248618
v 54.649994 35.657295 5.601357
v 56.616455 35.657299 4.550262
v 58.340076 35.657299 3.135727
v 59.754616 35.657299 1.412108
v 60.805714 35.657299 -0.554353
v 61.452969 35.657272 -2.688088
v 61.671516 35.657272 -4.907097
v 61.452969 35.657272 -7.126108
v 60.805714 35.657261 -9.259844
v 59.754616 35.657261 -11.226306
v 58.340076 35.657261 -12.949923
v 56.616455 35.657261 -14.364457
v 54.649994 35.657257 -15.415552
v 52.516266 35.657253 -16.062813
v 50.297256 35.657253 -16.281368
v 48.078243 35.657253 -16.062813
v 45.944504 35.657253 -15.415552
v 43.978046 35.657253 -14.364457
v 42.254433 35.657253 -12.949923
v 40.839893 35.657253 -11.226306
v 39.788788 35.657253 -9.259844
v 39.141525 35.657269 -7.126108
v -44.279816 36.441849 -3.919672
v -44.084381 36.441849 -1.935088
v -43.505512 36.441864 -0.026794
v -42.565464 36.441860 1.731908
v -41.300335 36.441860 3.273429
v -39.758827 36.441860 4.538521
v -38.000103 36.441864 5.478570
v -36.091797 36.441864 6.057448
v -34.107224 36.441864 6.252912
v -32.122650 36.441864 6.057448
v -30.214355 36.441864 5.478570
v -28.455620 36.441864 4.538518
v -26.914099 36.441864 3.273441
v -25.649071 36.441864 1.731927
v -24.709013 36.441868 -0.026794
v -24.130123 36.441856 -1.935110
v -23.934649 36.441856 -3.919672
v -24.130123 36.441856 -5.904235
v -24.709013 36.441849 -7.812549
v -25.649071 36.441849 -9.571269
v -26.914099 36.441849 -11.112782
v -28.455620 36.441849 -12.377860
v -30.214355 36.441849 -13.317910
v -32.122650 36.441845 -13.896791
v -34.107224 36.441845 -14.092252
v -36.091797 36.441845 -13.896791
v -38.000103 36.441845 -13.317910
v -39.758827 36.441841 -12.377863
v -41.300335 36.441841 -11.112772
v -42.565464 36.441841 -9.571250
v -43.505512 36.441841 -7.812549
v -44.084381 36.441849 -5.904255
v -45.640308 36.441849 -1.625608
v -44.971157 36.441864 0.580297
v -36.401295 36.441864 7.613368
v -34.107224 36.441864 7.839314
v -31.813171 36.441868 7.613368
v -29.607269 36.441868 6.944216
v -27.574265 36.441868 5.857567
v -22.574200 36.441856 -1.625608
v -22.348244 36.441856 -3.919672
v -23.243372 36.441849 -8.419641
v -24.330009 36.441849 -10.452614
v -27.574265 36.441845 -13.696906
v -31.813171 36.441845 -15.452711
v -34.107224 36.441841 -15.678656
v -45.640308 36.441849 -6.213737
v 42.218063 35.963062 -4.907097
v 42.373299 35.963062 -3.330926
v 42.833050 35.963081 -1.815323
v 43.579647 35.963081 -0.418537
v 44.584400 35.963081 0.805756
v 45.808693 35.963081 1.810507
v 47.205482 35.963078 2.557105
v 48.721081 35.963078 3.016857
v 50.297256 35.963081 3.172098
v 51.873425 35.963081 3.016857
v 53.389027 35.963081 2.557105
v 54.785809 35.963081 1.810507
v 56.010109 35.963081 0.805756
v 57.014862 35.963085 -0.418537
v 57.761463 35.963085 -1.815323
v 58.221210 35.963066 -3.330923
v 58.376453 35.963066 -4.907097
v 58.221210 35.963066 -6.483274
v 57.761463 35.963055 -7.998875
v 57.014862 35.963055 -9.395658
v 56.010109 35.963055 -10.619952
v 54.785816 35.963055 -11.624701
v 53.389027 35.963058 -12.371300
v 51.873425 35.963058 -12.831053
v 50.297256 35.963058 -12.986294
v 48.721081 35.963055 -12.831053
v 47.205482 35.963055 -12.371300
v 45.808693 35.963051 -11.624702
v 44.584400 35.963051 -10.619952
v 43.579647 35.963051 -9.395660
v 42.833050 35.963051 -7.998874
v 42.373299 35.963062 -6.483271
v -42.693420 36.736294 -3.919672
v -42.528469 36.736294 -2.244567
v -42.039864 36.736305 -0.633887
v -41.246414 36.736305 0.850544
v -40.178589 36.736305 2.151670
v -38.877464 36.736305 3.219474
v -37.393009 36.736305 4.012925
v -35.782299 36.736305 4.501529
v -34.107224 36.736305 4.666510
v -32.432152 36.736305 4.501529
v -30.821442 36.736309 4.012924
v -29.336971 36.736309 3.219471
v -28.035879 36.736309 2.151690
v -26.968113 36.736309 0.850585
v -26.174660 36.736309 -0.633886
v -25.686037 36.736298 -2.244611
v -25.521049 36.736298 -3.919672
v -25.686037 36.736298 -5.594733
v -26.174660 36.736282 -7.205458
v -26.968113 36.736290 -8.689927
v -28.035879 36.736290 -9.991033
v -29.336971 36.736290 -11.058810
v -30.821442 36.736290 -11.852264
v -32.432152 36.736282 -12.340873
v -34.107224 36.736282 -12.505853
v -35.782299 36.736282 -12.340873
v -37.393009 36.736282 -11.852267
v -38.877464 36.736282 -11.058814
v -40.178589 36.736282 -9.991012
v -41.246414 36.736282 -8.689885
v -42.039864 36.736282 -7.205456
v -42.528469 36.736294 -5.594777
v -44.279816 35.438797 -3.919672
v -44.084381 35.438797 -1.935088
v -43.505512 35.438808 -0.026794
v -42.565464 35.438808 1.731908
v -41.300335 35.438808 3.273429
v -39.758827 35.438808 4.538521
v -38.000103 35.438808 5.478570
v -36.091797 35.438808 6.057448
v -34.107224 35.438808 6.252912
v -32.122650 35.438808 6.057448
v -30.214355 35.438812 5.478570
v -28.455620 35.438812 4.538518
v -26.914099 35.438812 3.273441
v -25.649071 35.438812 1.731927
v -24.709013 35.438820 -0.026794
v -24.130123 35.438801 -1.935110
v -23.934649 35.438801 -3.919672
v -24.130123 35.438801 -5.904235
v -24.709013 35.438793 -7.812549
v -25.649071 35.438793 -9.571269
v -26.914099 35.438793 -11.112782
v -28.455620 35.438793 -12.377860
v -30.214355 35.438793 -13.317910
v -32.122650 35.438789 -13.896791
v -34.107224 35.438789 -14.092252
v -36.091797 35.438789 -13.896791
v -38.000103 35.438789 -13.317910
v -39.758827 35.438789 -12.377863
v -41.300335 35.438789 -11.112772
v -42.565464 35.438789 -9.571250
v -43.505512 35.438786 -7.812549
v -44.084381 35.438797 -5.904255
v 40.570522 34.615559 -4.907097
v 40.757420 34.615559 -3.009507
v 41.310925 34.615582 -1.184839
v 42.209770 34.615582 0.496787
v 43.419418 34.615582 1.970742
v 44.893375 34.615582 3.180383
v 46.575001 34.615582 4.079231
v 48.399666 34.615582 4.632739
v 50.297260 34.615582 4.819636
v 52.194851 34.615582 4.632739
v 54.019516 34.615582 4.079231
v 55.701138 34.615585 3.180383
v 57.175098 34.615589 1.970742
v 58.384739 34.615589 0.496787
v 59.283585 34.615589 -1.184838
v 59.837086 34.615566 -3.009506
v 60.023983 34.615566 -4.907097
v 59.837086 34.615566 -6.804691
v 59.283585 34.615555 -8.629359
v 58.384739 34.615555 -10.310983
v 57.175098 34.615555 -11.784938
v 55.701138 34.615551 -12.994579
v 54.019516 34.615555 -13.893427
v 52.194851 34.615555 -14.446935
v 50.297260 34.615555 -14.633831
v 48.399666 34.615551 -14.446935
v 46.574997 34.615551 -13.893427
v 44.893375 34.615547 -12.994581
v 43.419418 34.615547 -11.784938
v 42.209770 34.615547 -10.310983
v 41.310925 34.615547 -8.629358
v 40.757420 34.615559 -6.804689
v 50.297256 35.963062 -4.907097
v -34.107235 36.736282 -3.919672
v -16.353979 19.664690 15.546742
v -8.488801 20.643822 13.709469
v 8.400798 7.636442 21.295946
v 20.973038 20.894896 12.183284
v 25.560184 5.025506 12.005181
v 6.008749 14.328951 21.463621
v -19.436403 15.708302 19.086479
vn -0.4562 -0.0035 -0.8899
vn -0.4467 0.0007 -0.8947
vn -0.4469 0.0017 -0.8946
vn 1.0000 -0.0014 -0.0079
vn 1.0000 0.0080 0.0008
vn 1.0000 -0.0079 0.0015
vn 0.0156 0.9998 -0.0102
vn 0.0163 0.9998 -0.0109
vn 0.0091 0.9997 -0.0244
vn 0.5718 -0.1166 0.8121
vn 0.5718 -0.1165 0.8121
vn 0.5589 -0.1172 0.8209
vn 0.0050 -0.9997 0.0243
vn -0.0053 -0.9995 0.0303
vn -0.0061 -0.9996 0.0265
vn -0.0000 -0.0000 1.0000
vn -1.0000 0.0059 -0.0009
vn -1.0000 0.0019 -0.0056
vn -1.0000 -0.0057 -0.0018
vn 1.0000 0.0027 -0.0075
vn 1.0000 0.0067 -0.0043
vn 1.0000 0.0015 0.0079
vn 0.0079 0.0010 -1.0000
vn -0.0055 0.0058 -1.0000
vn -0.0015 0.0079 -1.0000
vn -1.0000 0.0007 0.0059
vn -1.0000 0.0059 0.0008
vn -1.0000 -0.0056 -0.0020
vn -0.0000 -0.4643 0.8857
vn 0.0004 -0.0059 -1.0000
vn -0.0038 -0.0046 -1.0000
vn -0.0027 0.0053 -1.0000
vn -0.0079 -0.0014 -1.0000
vn 0.0009 0.0080 -1.0000
vn 0.0015 -0.0079 -1.0000
vn -1.0000 0.0008 0.0059
vn -1.0000 0.0057 -0.0016
vn -1.0000 -0.0059 0.0007
vn -0.0037 -1.0000 0.0048
vn -0.0053 -1.0000 0.0030
vn -0.0029 -1.0000 -0.0053
vn 0.0059 -1.0000 0.0002
vn -0.0045 -1.0000 0.0038
vn -0.0033 -1.0000 -0.0049
vn -0.0001 -0.4643 0.8857
vn -0.0079 0.4632 -0.8862
vn 0.0016 0.4713 -0.8820
vn 0.0015 0.4574 -0.8893
vn 1.0000 -0.0072 -0.0036
vn 1.0000 0.0080 0.0005
vn 1.0000 0.0010 0.0079
vn -0.0010 0.4592 -0.8884
vn -0.0042 0.4607 -0.8875
vn -0.0026 0.4690 -0.8832
vn 1.0000 -0.0080 0.0001
vn 1.0000 0.0040 -0.0069
vn 1.0000 0.0002 0.0080
vn -1.0000 0.0058 0.0015
vn -1.0000 -0.0055 -0.0023
vn -1.0000 -0.0018 0.0057
vn 0.0069 0.0041 -1.0000
vn 0.0079 -0.0015 -1.0000
vn -0.0038 -0.0071 -1.0000
vn -0.0000 -0.0080 -1.0000
vn -0.0068 0.0042 -1.0000
vn 0.0080 0.0002 -1.0000
vn 1.0000 -0.0000 -0.0000
vn -0.8396 -0.5433 -0.0000
vn -1.0000 -0.0000 -0.0000
vn -0.0322 0.0452 -0.9985
vn -0.0040 -0.0405 0.9992
vn -0.1066 -0.9932 -0.0473
vn 0.1199 0.8170 -0.5640
vn -0.0423 -0.8699 0.4914
vn 0.7151 0.6983 0.0333
vn -0.0321 0.0500 -0.9982
vn -0.0044 -0.0443 0.9990
vn 0.4027 -0.1273 0.9064
vn -0.5492 -0.0907 0.8308
vn -0.6007 -0.0660 0.7968
vn -0.0378 -0.0005 -0.9993
vn 0.9647 -0.0000 -0.2634
vn 0.1040 0.0382 -0.9938
vn -0.8396 -0.0000 -0.5432
vn -0.7658 -0.0000 -0.6431
vn -0.0203 -0.0166 -0.9997
vn -0.0000 -0.0000 -1.0000
vn 0.4497 -0.0145 -0.8931
vn -0.8718 -0.0706 -0.4847
vn -0.5361 -0.0553 0.8424
vn -0.1905 -0.1365 0.9721
vn 0.1056 -0.9892 -0.1013
vn -0.8630 -0.0720 -0.5001
vn -0.0000 -0.0065 1.0000
vn -0.7306 -0.0000 -0.6828
vn 0.4462 -0.0217 0.8947
vn 0.4495 -0.0255 0.8929
vn 0.4513 -0.0247 0.8920
vn 0.5689 -0.0000 0.8224
vn 0.5420 -0.0031 0.8404
vn 0.5389 -0.0000 0.8423
vn -0.0958 -0.7830 0.6145
vn 0.0787 -0.3316 0.9401
vn 0.1600 -0.9387 0.3052
vn -0.0431 -0.8066 0.5895
vn 0.7900 -0.3131 -0.5272
vn 0.0760 -0.9719 -0.2230
vn -0.5148 -0.8552 -0.0602
vn -0.0808 -0.9860 -0.1462
vn -0.6014 -0.4732 -0.6438
vn -0.2581 -0.9508 -0.1713
vn 0.0682 -0.9925 -0.1013
vn -0.5132 -0.6736 -0.5319
vn 0.1014 -0.9897 -0.1013
vn 0.0790 -0.9840 -0.1594
vn -0.1016 -0.9699 -0.2214
vn -0.1109 -0.9749 0.1930
vn -0.0853 -0.9573 0.2761
vn 0.0282 -0.9682 -0.2485
vn -0.0115 -0.9356 -0.3528
vn -0.4795 -0.0508 0.8761
vn -0.0725 -0.1001 0.9923
vn 0.0839 -0.9913 -0.1012
vn -0.3387 0.0071 -0.9409
vn -0.0657 -0.9965 -0.0508
vn -0.8777 -0.0277 0.4785
vn -0.8633 -0.0000 -0.5046
vn -0.8633 -0.5046 0.0051
vn -0.7095 0.7047 -0.0071
vn -0.1990 -0.0000 0.9800
vn -0.9802 -0.0296 -0.1958
vn -0.2281 0.0530 -0.9722
vn -0.3162 -0.9487 -0.0000
vn -0.1926 -0.0810 0.9779
vn -0.1909 -0.0821 0.9782
vn -0.3072 -0.1184 0.9442
vn 0.5414 -0.0912 0.8358
vn -0.9957 0.0876 -0.0297
vn -0.9421 -0.0000 0.3354
vn -0.8646 0.0504 -0.4999
vn -0.9973 -0.0736 0.0003
vn 0.2751 -0.0899 -0.9572
vn 0.2484 -0.1483 -0.9572
vn 0.2643 -0.0800 -0.9611
vn -0.0000 -0.1951 0.9808
vn -0.0000 -0.5556 0.8315
vn -0.0000 -0.8315 0.5556
vn -0.0000 -0.9808 0.1951
vn -0.0000 -0.9808 -0.1951
vn -0.0000 -0.8315 -0.5556
vn -0.0000 -0.5556 -0.8315
vn -0.0000 -0.1951 -0.9808
vn -0.0000 0.1951 -0.9808
vn -0.0000 0.5556 -0.8315
vn -0.0000 0.8315 -0.5556
vn -0.0000 0.9808 -0.1951
vn -0.0000 0.9808 0.1951
vn -0.0000 0.8315 0.5556
vn -0.0000 0.5556 0.8315
vn -0.0000 0.1951 0.9808
vn -0.9096 0.0187 -0.4151
vn -0.7557 -0.2979 -0.5833
vn -0.4867 -0.5692 -0.6627
vn -0.1437 -0.7538 -0.6412
vn 0.2213 -0.8237 -0.5220
vn 0.5525 -0.7682 -0.3234
vn 0.7996 -0.5957 -0.0756
vn 0.9250 -0.3325 0.1837
vn 0.9096 -0.0187 0.4151
vn 0.7557 0.2979 0.5833
vn 0.4867 0.5692 0.6627
vn 0.1437 0.7538 0.6412
vn -0.2213 0.8237 0.5220
vn -0.5525 0.7682 0.3234
vn -0.7996 0.5957 0.0756
vn -0.9250 0.3325 -0.1837
vn 0.1437 0.7539 0.6411
vn -0.9250 0.3326 -0.1837
vn -0.0656 0.9749 0.2128
vn 0.9888 0.0922 -0.1175
vn 0.0656 -0.9749 -0.2128
vn -0.9888 -0.0922 0.1175
vn 0.1342 -0.2027 0.9700
vn 0.9808 -0.0000 -0.1951
vn 0.8315 -0.0000 -0.5556
vn 0.5556 -0.0000 -0.8315
vn 0.1951 -0.0000 -0.9808
vn -0.1951 -0.0000 -0.9808
vn -0.5556 -0.0000 -0.8315
vn -0.8315 -0.0000 -0.5556
vn -0.9808 -0.0000 -0.1951
vn -0.9808 -0.0000 0.1951
vn -0.8315 -0.0000 0.5556
vn -0.5556 -0.0000 0.8315
vn -0.1951 -0.0000 0.9808
vn 0.1951 -0.0000 0.9808
vn 0.5556 -0.0000 0.8315
vn -0.0000 -1.0000 -0.0000
vn 0.8315 -0.0000 0.5556
vn 0.9808 -0.0000 0.1951
vn -0.3517 -0.5667 0.7451
vn -0.9096 0.0188 -0.4151
vn -0.1437 -0.7538 -0.6411
vn 0.9250 -0.3325 0.1838
vn 0.5525 -0.7682 -0.3235
vn 0.9096 -0.0188 0.4151
vn -0.5525 0.7682 0.3235
vn -0.1677 -0.1542 0.9737
vn -0.1677 -0.4476 0.8784
vn -0.1677 -0.6971 0.6971
vn -0.1677 -0.8784 0.4476
vn -0.1677 -0.9737 0.1542
vn -0.1677 -0.9737 -0.1542
vn -0.1677 -0.8784 -0.4476
vn -0.1677 -0.6971 -0.6971
vn -0.1677 -0.4476 -0.8784
vn -0.1677 -0.1542 -0.9737
vn -0.1677 0.1542 -0.9737
vn -0.1677 0.4476 -0.8784
vn -0.1677 0.6971 -0.6971
vn -0.1677 0.8784 -0.4476
vn -0.1677 0.9737 -0.1542
vn -0.1677 0.9737 0.1542
vn -0.1677 0.8784 0.4476
vn -0.1677 0.6971 0.6971
vn 0.6864 -0.7183 -0.1138
vn -0.1677 0.4476 0.8784
vn -0.1677 0.1542 0.9737
vn 0.6864 0.1138 -0.7183
vn 0.6864 0.7183 0.1138
vn 0.6864 -0.6480 0.3302
vn 0.6864 -0.3302 -0.6480
vn 0.6864 0.6480 -0.3302
vn 0.6864 0.3302 0.6480
vn 0.6864 -0.3302 0.6480
vn 0.6864 -0.6480 -0.3302
vn 0.6864 0.3302 -0.6480
vn 0.6864 0.6480 0.3302
vn 0.6864 -0.7183 0.1138
vn 0.6864 -0.1138 -0.7183
vn 0.6864 0.7183 -0.1138
vn 0.6864 0.1138 0.7183
vn 0.6864 -0.5142 0.5142
vn 0.6864 -0.5142 -0.5142
vn 0.6864 -0.1138 0.7183
vn 0.6864 0.5142 -0.5142
vn 0.6864 0.5142 0.5142
vn -0.0200 -0.9456 0.3247
vn 0.2619 -0.0919 0.9607
vn 0.5439 -0.3023 0.7828
vn 0.6825 -0.2395 0.6906
vn 0.1126 -0.9931 -0.0336
vn -0.9538 -0.0480 -0.2966
vn 0.1030 -0.8666 0.4882
vn -0.2208 0.9729 0.0683
vn -0.2447 0.9411 0.2332
vn -0.2457 0.9389 0.2409
vn 0.1027 -0.9507 -0.2925
vn 0.2129 -0.1218 0.9695
vn 0.2763 -0.1654 0.9467
vn 0.3313 -0.1076 0.9374
vn 0.2519 -0.9678 -0.0029
vn 0.1828 -0.8010 0.5701
vn -0.0209 -0.0012 -0.9998
vn 0.0208 -0.0008 0.9998
vn -0.0411 -0.9992 0.0005
vn -0.0411 -0.9992 -0.0001
vn 0.1489 0.1498 0.9774
vn 0.1491 0.1498 0.9774
vn 0.0456 -0.1220 0.9915
vn 0.0450 -0.3684 0.9286
vn -0.0255 -0.8571 0.5145
vn -0.0885 -0.9921 -0.0894
vn 0.6714 -0.7279 0.1395
vn 0.4127 -0.8242 0.3879
vn 0.2726 -0.4503 0.8502
vn -0.0780 -0.2595 0.9626
vn -0.1397 -0.4974 0.8562
vn -0.0570 -0.3377 0.9395
vn 0.1033 -0.9911 -0.0837
vn 0.1868 -0.9471 -0.2610
vn 0.2465 -0.9409 -0.2322
vn 0.9214 -0.3851 0.0527
vn 0.9217 -0.3844 0.0518
vn 0.9214 -0.3849 0.0526
vn -0.0014 0.0060 -1.0000
vn 0.0011 -0.0060 -1.0000
vn -0.0052 -0.0000 -1.0000
vn 0.9641 -0.1544 0.2159
vn 0.9993 -0.0361 -0.0106
vn 0.9201 -0.1711 -0.3524
vn 0.6199 -0.2575 -0.7412
vn 0.4852 -0.5275 0.6973
vn 0.4753 -0.4332 0.7658
vn 0.4819 -0.4387 0.7585
vn 0.0691 0.9976 0.0002
vn 0.6004 -0.0231 0.7994
vn 0.1400 -0.3519 0.9255
vn 0.1258 -0.9180 0.3760
vn -0.3315 0.7473 0.5758
vn -0.1158 0.9920 -0.0507
vn -0.3882 0.8844 0.2590
vn 0.2366 -0.0557 0.9700
vn -0.1493 0.4192 -0.8956
vn -0.2728 0.6168 -0.7383
vn -0.1343 0.6072 -0.7831
vn 0.1481 0.1529 0.9771
vn 0.4943 -0.6285 0.6005
vn 0.4950 -0.6288 0.5996
vn 0.3303 -0.2259 0.9164
vn 0.1040 -0.3272 0.9392
vn 0.0385 -0.4185 0.9074
vn 0.0258 -0.3455 0.9381
vn -0.0538 -0.1686 0.9842
vn -0.0000 -0.1099 0.9939
vn 0.0818 -0.7000 0.7095
vn 0.0819 -0.7000 0.7095
vn 0.0818 -0.7000 0.7094
vn -0.0718 -0.6533 0.7537
vn 0.0527 -0.0875 0.9948
vn 0.0527 -0.0874 0.9948
vn 0.0527 -0.0873 0.9948
vn -0.0571 -0.2043 0.9772
vn -0.0572 -0.2043 0.9772
vn 0.2943 -0.0813 0.9522
vn 0.0171 -0.0621 0.9979
vn -0.0482 -0.0143 0.9987
vn -0.0452 -0.5745 0.8172
vn 0.1540 -0.5372 0.8293
vn 0.1591 -0.5357 0.8293
vn 0.1184 -0.6055 0.7870
vn 0.2709 -0.0520 0.9612
vn 0.2729 -0.0010 0.9621
vn 0.2470 -0.0874 0.9651
vn 0.1609 -0.4002 0.9022
vn 0.0915 -0.8782 -0.4695
vn -0.7531 -0.6358 0.1692
vn -0.1036 -0.4928 0.8640
vn -0.0839 0.1269 0.9884
vn -0.2712 -0.5769 0.7704
vn -0.0514 -0.9963 -0.0693
vn -0.1459 -0.1232 -0.9816
vn -0.0110 -0.0093 0.9999
vn 0.1980 -0.7944 0.5743
vn 0.0696 -0.9761 -0.2060
vn 0.0418 -0.9589 0.2808
vn -0.0452 -0.9287 0.3680
vn -0.0524 -0.9935 -0.1014
vn 0.3326 0.9427 -0.0255
vn 0.9512 -0.0581 0.3031
vn 0.9797 -0.1980 -0.0327
vn 0.9936 0.0480 -0.1020
vn 0.4089 -0.3447 -0.8450
vn 0.1824 -0.1032 -0.9778
vn 0.0790 -0.0702 -0.9944
vn -0.4380 0.8501 -0.2926
vn 0.2506 -0.0739 -0.9653
vn 0.3004 -0.1001 -0.9486
vn -0.0661 -0.9937 -0.0904
vn -0.0250 -0.9994 -0.0236
vn 0.0486 -0.9883 -0.1444
vn -0.0731 -0.9962 -0.0478
vn 0.0972 -0.3748 0.9220
vn 0.0440 0.9826 0.1807
vn -0.1602 -0.9076 -0.3881
vn -0.2905 -0.7929 -0.5356
vn 0.1516 -0.6996 -0.6982
vn 0.0423 0.6577 -0.7521
vn 0.0112 0.7597 -0.6502
vn 0.2966 0.9529 0.0640
vn -0.1835 0.8074 -0.5608
vn -0.9929 -0.1184 0.0086
vn -0.9962 0.0629 0.0599
vn -0.9962 -0.0716 -0.0500
vn -0.9358 0.0707 -0.3454
vn -0.0076 0.0369 -0.9993
vn -0.3158 0.0875 -0.9448
vn -0.1650 -0.1099 -0.9802
vn -0.0452 -0.7046 -0.7082
vn -0.3057 0.4263 -0.8513
vn 0.1144 0.9791 0.1681
vn 0.0513 0.9941 0.0953
vn -0.3601 0.8738 -0.3268
vn -0.5942 0.5150 -0.6178
vn -0.2546 -0.1933 -0.9475
vn 0.0991 0.2557 -0.9617
vn 0.1310 0.4191 -0.8984
vn 0.1375 0.7081 -0.6926
vn 0.3039 -0.0211 -0.9525
vn 0.1275 -0.1374 -0.9823
vn 0.0646 0.0382 -0.9972
vn -0.8972 0.4412 -0.0201
vn -0.9087 0.4169 -0.0187
vn -0.8990 0.4368 -0.0321
vn -0.9897 0.0340 0.1391
vn -0.9904 0.0330 0.1345
vn -0.9898 0.0453 0.1353
vn -0.8934 0.0682 -0.4440
vn -0.9952 0.0464 -0.0859
vn -0.9845 0.1239 -0.1238
vn -0.3567 0.5997 0.7164
vn 0.0143 -0.0039 0.9999
vn -0.0075 0.0726 0.9973
vn -0.0406 0.0694 0.9968
vn -0.0968 -0.9931 -0.0664
vn -0.7475 0.0388 -0.6631
vn -0.0227 0.8031 -0.5954
vn -0.0343 0.8566 -0.5148
vn -0.2172 0.7848 -0.5805
vn -0.1684 0.8074 -0.5655
vn -0.2267 0.8290 -0.5113
vn -0.4170 0.0286 -0.9085
vn -0.4177 0.0253 -0.9082
vn -0.4158 0.0260 -0.9091
vn -0.7162 0.2899 -0.6348
vn -0.7152 0.2914 -0.6353
vn -0.7163 0.2914 -0.6340
vn -0.1802 0.0346 -0.9830
vn -0.0162 -0.6179 -0.7861
vn -0.0362 -0.6873 -0.7255
vn 0.0067 -0.6250 -0.7806
vn -0.4603 0.7623 -0.4550
vn -0.4615 0.7612 -0.4557
vn -0.2523 0.2032 -0.9461
vn -0.0546 0.5345 -0.8434
vn -0.0005 0.4506 -0.8927
vn -0.0781 0.4309 -0.8990
vn -0.0681 0.5016 -0.8624
vn 0.0398 0.1387 -0.9895
vn 0.0766 0.2085 -0.9750
vn 0.0227 0.6158 -0.7876
vn 0.0895 0.6694 -0.7375
vn -0.1637 0.0921 -0.9822
vn 0.0955 0.0385 -0.9947
vn -0.2444 0.0562 -0.9680
vn -0.0249 0.0606 -0.9979
vn 0.0426 0.0015 -0.9991
vn 0.0323 0.4989 -0.8660
vn -0.5927 0.4597 -0.6614
vn -0.5946 0.4608 -0.6589
vn -0.5463 0.5246 -0.6530
vn -0.4883 0.0682 -0.8700
vn -0.1367 0.3842 -0.9131
vn -0.1634 0.8373 -0.5217
vn -0.1428 0.8785 -0.4559
vn 0.0894 0.9870 0.1332
vn 0.7131 0.6878 -0.1360
vn 0.1155 0.9930 0.0253
vn 0.1055 0.4704 -0.8761
vn 0.1608 0.6616 -0.7325
vn 0.2539 0.5940 -0.7633
vn 0.0929 0.9957 -0.0041
vn -0.0469 -0.6151 0.7870
vn -0.0675 -0.7563 -0.6508
vn -0.1194 0.8480 -0.5164
vn -0.3078 0.9409 0.1414
vn 0.0987 0.6007 0.7934
vn -0.5723 0.5397 0.6174
vn 0.0516 0.9930 0.1064
vn 0.1021 -0.9075 0.4074
vn 0.4105 -0.0489 0.9105
vn -0.3485 0.0449 0.9362
vn -0.3323 0.2747 0.9023
vn 0.0118 0.3286 0.9444
vn -0.0920 -0.0114 0.9957
vn 0.1707 -0.8525 0.4940
vn -0.2898 0.0515 0.9557
vn -0.3876 0.1077 0.9155
vn 0.1688 0.9543 0.2465
vn 0.0413 0.9945 0.0967
vn 0.0108 0.9865 0.1633
vn 0.1921 0.4543 0.8699
vn -0.3229 0.6580 -0.6802
vn -0.3416 0.7088 -0.6171
vn -0.3939 0.6789 -0.6197
vn -0.5014 0.2203 -0.8367
vn -0.5684 0.1977 -0.7987
vn 0.1736 0.5618 -0.8089
vn -0.9497 0.3035 0.0775
vn -0.9897 0.0034 -0.1430
vn -0.5561 0.8037 0.2117
vn -0.9885 0.1480 -0.0294
vn -0.9940 0.1093 -0.0049
vn -0.1129 -0.0222 -0.9934
vn -0.9977 0.0091 -0.0672
vn -0.9878 0.0364 -0.1515
vn -0.0692 0.0975 -0.9928
vn -0.0074 0.9990 -0.0437
vn 0.0750 0.9913 0.1080
vn -0.0163 -0.5345 -0.8450
vn -0.7933 -0.3311 -0.5108
vn -0.9683 -0.0783 -0.2373
vn 0.6324 -0.4050 -0.6603
vn 0.9222 -0.1921 -0.3356
vn 0.1262 0.0833 -0.9885
vn -0.0409 0.4727 -0.8803
vn -0.9110 0.3781 -0.1645
vn 0.1671 0.0112 -0.9859
vn -0.2118 0.0740 -0.9745
vn -0.6720 0.1104 -0.7322
vn -0.9333 0.0655 -0.3531
vn -0.9981 0.0366 -0.0502
vn -0.1792 -0.1250 -0.9759
vn -0.0170 -0.6255 0.7800
vn -0.0169 -0.6255 0.7800
vn -0.0545 -0.2122 0.9757
vn -0.0545 -0.2121 0.9757
vn 0.1595 -0.5042 0.8488
vn 0.1540 -0.4690 0.8697
vn 0.0111 -0.4746 0.8801
vn 0.0615 -0.0876 0.9943
vn 0.0615 -0.0881 0.9942
vn 0.9927 -0.1205 -0.0085
vn 0.9970 -0.0280 -0.0726
vn 0.9965 -0.0459 -0.0702
vn 0.9984 -0.0567 -0.0074
vn 0.9990 -0.0457 0.0003
vn 0.9993 -0.0381 0.0024
vn 0.9991 -0.0381 0.0175
vn 0.9994 -0.0353 0.0003
vn 0.9994 -0.0355 0.0001
vn 0.9985 -0.0537 -0.0074
vn 0.9971 -0.0280 -0.0702
vn -0.0411 -0.9992 0.0031
vn 0.0411 0.9992 -0.0005
vn 0.9992 -0.0405 -0.0034
vn 0.9993 -0.0364 -0.0037
vn 0.9995 -0.0314 0.0025
vn 0.9992 -0.0404 -0.0027
vn 0.9993 -0.0358 -0.0054
vn 0.9996 -0.0296 0.0030
vn 0.9995 -0.0303 0.0034
vn 0.9991 -0.0414 -0.0017
vn 0.9993 -0.0363 -0.0062
vn 0.9991 -0.0423 0.0006
vn 0.9994 -0.0333 -0.0051
vn 0.9995 -0.0300 -0.0008
vn 0.9994 -0.0344 -0.0041
vn 0.9993 -0.0375 -0.0040
vn 0.9993 -0.0373 -0.0036
vn 0.0056 0.0054 1.0000
vn -0.0025 -0.0017 1.0000
vn 0.0050 0.0023 1.0000
vn -0.0363 -0.9848 0.1699
vn -0.0342 -0.9848 0.1704
vn -0.0419 -0.9833 0.1773
vn 0.0361 0.9993 -0.0063
vn 0.0317 0.9995 -0.0041
vn 0.0422 0.9991 0.0017
vn 0.9952 -0.0030 0.0980
vn 0.9569 -0.0073 0.2903
vn 0.8819 -0.0113 0.4714
vn -0.7730 0.0131 -0.6343
vn 0.6343 -0.0180 0.7729
vn -0.4713 0.0186 -0.8818
vn -0.2902 0.0203 -0.9567
vn 0.0980 0.0211 -0.9950
vn -0.0980 0.0211 -0.9950
vn -0.2902 -0.0220 0.9567
vn -0.4713 -0.0204 0.8817
vn 0.6343 0.0162 -0.7729
vn -0.8819 0.0095 -0.4714
vn 0.8819 0.0095 -0.4714
vn -0.9569 0.0055 -0.2903
vn -0.9952 0.0013 -0.0980
vn -0.9952 -0.0030 0.0980
vn -0.9569 -0.0073 0.2903
vn 0.7729 -0.0149 0.6343
vn -0.6343 0.0162 -0.7729
vn 0.4713 -0.0204 0.8817
vn -0.0079 -1.0000 -0.0000
vn -0.0166 -0.0000 0.9999
vn -0.0980 -0.0229 0.9949
vn 0.2902 0.0203 -0.9567
vn -0.6343 -0.0180 0.7729
vn -0.7729 -0.0149 0.6343
vn 0.7729 0.0131 -0.6343
vn -0.8819 -0.0113 0.4714
vn 0.9569 0.0055 -0.2903
vn 0.9952 0.0013 -0.0980
vn 0.9569 0.0013 -0.2903
vn -0.9569 0.0013 -0.2903
vn -0.4714 0.0013 -0.8819
vn 0.2903 0.0013 -0.9569
vn -0.6344 0.0013 -0.7730
vn -0.8819 0.0013 0.4714
vn 0.6344 0.0013 0.7730
vn 0.8819 0.0013 0.4714
vn -0.0980 0.0013 0.9952
vn -0.7730 0.0013 0.6344
vn 0.0980 0.0013 0.9952
vn -0.2903 0.0013 -0.9569
vn 0.2903 0.0013 0.9569
vn -0.0980 0.0013 -0.9952
vn 0.0980 -0.0229 0.9949
vn 0.9952 0.0013 0.0980
vn 0.4714 0.0013 -0.8819
vn 0.0980 0.0013 -0.9952
vn -0.6344 0.0013 0.7730
vn 0.4714 0.0013 0.8819
vn -0.7730 0.0013 -0.6344
vn 0.7730 0.0013 0.6344
vn 0.7730 0.0013 -0.6344
vn 0.6344 0.0013 -0.7730
vn -0.8819 0.0013 -0.4714
vn -0.4714 0.0013 0.8819
vn -0.2903 0.0013 0.9569
vn -0.9569 0.0013 0.2903
vn -0.9952 0.0013 0.0980
vn 0.9569 0.0013 0.2903
vn -0.0000 1.0000 -0.0000
vn -0.8819 -0.0000 0.4714
vn 0.9569 -0.0000 -0.2903
vn -0.9569 -0.0000 -0.2903
vn -0.9952 -0.0000 -0.0980
vn -0.7730 -0.0000 0.6344
vn 0.4714 -0.0000 -0.8819
vn -0.9952 -0.0000 0.0980
vn 0.6344 -0.0000 -0.7730
vn -0.7730 -0.0000 -0.6344
vn 0.0980 -0.0000 -0.9952
vn 0.6344 -0.0000 0.7730
vn 0.9952 -0.0000 -0.0980
vn -0.6344 -0.0000 0.7730
vn 0.8819 -0.0000 -0.4714
vn 0.4714 -0.0000 0.8819
vn 0.0370 -0.0000 -0.9993
vn -0.2903 -0.0000 0.9569
vn -0.4714 -0.0000 -0.8819
vn 0.2903 -0.0000 -0.9569
vn 0.2595 -0.0000 0.9657
vn -0.0980 -0.0000 -0.9952
vn 0.8819 -0.0000 0.4714
vn 0.7730 -0.0000 0.6344
vn -0.6344 -0.0000 -0.7730
vn 0.7730 -0.0000 -0.6344
vn -0.4714 -0.0000 0.8819
vn 0.0980 -0.0000 0.9952
vn 0.0137 -0.0000 0.9999
vn 0.2903 -0.0000 0.9569
vn 0.9952 -0.0000 0.0980
vn 0.9569 -0.0000 0.2903
vn -0.8819 -0.0000 -0.4714
vn -0.0980 -0.0000 0.9952
vn -0.2099 0.0089 0.9777
vn -0.1786 0.0414 0.9830
vn -0.2151 0.0111 0.9765
vn 0.6844 -0.7286 0.0285
vn 0.8159 -0.5778 -0.0208
vn 0.8223 -0.5685 -0.0265
vn -0.6319 -0.7726 -0.0622
vn -0.0787 -0.0000 -0.9969
vn -0.9923 -0.0000 -0.1240
vn 0.2902 -0.0220 0.9567
vn -0.0000 -0.0000 -0.0000
vn 0.9956 -0.0000 0.0935
vn 0.0166 -0.0000 -0.9999
vn 0.4713 0.0186 -0.8818
vn -0.2903 -0.0000 -0.9569
vn -0.9569 -0.0000 0.2903
vn 0.8819 0.0013 -0.4714
vn 0.1843 -0.7726 0.6076
vn -0.6076 -0.7726 -0.1843
vn 0.2993 -0.7726 0.5600
vn -0.4908 -0.7726 -0.4028
vn -0.4028 -0.7726 -0.4908
vn 0.2993 -0.7726 -0.5600
vn 0.6319 -0.7726 0.0622
vn 0.4908 -0.7726 -0.4028
vn 0.1843 -0.7726 -0.6076
vn -0.1843 -0.7726 -0.6076
vn -0.6076 -0.7726 0.1843
vn 0.4028 -0.7726 0.4908
vn -0.4908 -0.7726 0.4028
vn 0.6319 -0.7726 -0.0622
vn 0.0622 -0.7726 0.6319
vn 0.4908 -0.7726 0.4028
vn -0.0622 -0.7726 -0.6319
vn -0.2993 -0.7726 0.5600
vn -0.4028 -0.7726 0.4908
vn -0.1843 -0.7726 0.6076
vn -0.2993 -0.7726 -0.5600
vn -0.5600 -0.7726 0.2993
vn 0.4028 -0.7726 -0.4908
vn -0.6319 -0.7726 0.0622
vn 0.6076 -0.7726 0.1843
vn -0.0622 -0.7726 0.6319
vn 0.5600 -0.7726 0.2993
vn 0.5600 -0.7726 -0.2993
vn 0.0622 -0.7726 -0.6319
vn -0.5600 -0.7726 -0.2993
vn 0.6076 -0.7726 -0.1843
vn 0.4496 -0.0144 -0.8931
vn 0.4496 -0.0145 -0.8931
vn 0.1056 -0.6161 0.7806
vn 0.4262 -0.1850 0.8855
vn 0.4810 -0.1293 0.8671
vn 0.5492 -0.1336 0.8249
vn 0.4619 -0.0802 0.8833
vn 0.0763 -0.7566 0.6494
vn 0.0245 -0.7971 0.6034
vn 0.4893 -0.1767 0.8540
vn 0.4490 -0.1151 0.8861
vn 0.0447 -0.3764 0.9254
vn 0.1373 -0.5009 0.8546
vn 0.9350 -0.3546 -0.0043
vn 0.9827 -0.1610 -0.0912
vn 0.8176 -0.5434 -0.1902
vn 0.8312 -0.0478 -0.5539
vn -0.4860 -0.2074 -0.8490
vn -0.4827 -0.2116 -0.8498
vn -0.4872 -0.2184 -0.8455
vn 1.0000 -0.0080 0.0008
vn 1.0000 0.0014 -0.0079
vn 1.0000 0.0079 0.0015
vn 0.0163 -0.9998 -0.0109
vn 0.0156 -0.9998 -0.0102
vn 0.0091 -0.9997 -0.0244
vn 0.5718 0.1165 0.8121
vn 0.5718 0.1166 0.8121
vn 0.5589 0.1173 0.8209
vn -0.0039 0.9998 0.0209
vn -0.0045 0.9998 0.0211
vn -0.0037 0.9995 0.0323
vn -1.0000 -0.0019 -0.0056
vn -1.0000 -0.0059 -0.0009
vn -1.0000 0.0057 -0.0018
vn 1.0000 -0.0067 -0.0043
vn 1.0000 -0.0027 -0.0075
vn 1.0000 -0.0015 0.0079
vn 0.0032 -0.0074 -1.0000
vn 0.0011 -0.0079 -1.0000
vn -0.0079 0.0014 -1.0000
vn -1.0000 -0.0059 0.0008
vn -1.0000 -0.0007 0.0059
vn -1.0000 0.0056 -0.0020
vn -0.0000 0.4643 0.8857
vn -0.0038 0.0046 -1.0000
vn 0.0004 0.0059 -1.0000
vn -0.0027 -0.0053 -1.0000
vn 0.0009 -0.0080 -1.0000
vn 0.0015 0.0079 -1.0000
vn -1.0000 -0.0057 -0.0016
vn -1.0000 -0.0008 0.0059
vn -1.0000 0.0059 0.0007
vn -0.0053 1.0000 0.0030
vn -0.0037 1.0000 0.0048
vn -0.0029 1.0000 -0.0053
vn -0.0045 1.0000 0.0038
vn 0.0059 1.0000 0.0002
vn -0.0033 1.0000 -0.0049
vn -0.0001 0.4643 0.8857
vn 0.0016 -0.4713 -0.8820
vn -0.0079 -0.4632 -0.8862
vn 0.0015 -0.4574 -0.8893
vn 1.0000 0.0080 -0.0005
vn 1.0000 -0.0072 0.0036
vn 1.0000 0.0010 -0.0079
vn -0.0042 -0.4607 -0.8875
vn -0.0010 -0.4592 -0.8884
vn -0.0026 -0.4690 -0.8832
vn 1.0000 -0.0040 -0.0069
vn 1.0000 0.0080 0.0001
vn 1.0000 -0.0002 0.0080
vn -1.0000 0.0055 -0.0023
vn -1.0000 -0.0058 0.0015
vn -1.0000 0.0018 0.0057
vn 0.0079 0.0015 -1.0000
vn 0.0069 -0.0041 -1.0000
vn -0.0038 0.0071 -1.0000
vn -0.0068 -0.0042 -1.0000
vn -0.0000 0.0080 -1.0000
vn 0.0080 -0.0002 -1.0000
vn -0.8396 0.5433 -0.0000
vn 0.0067 -0.0000 -1.0000
vn -0.0040 0.0405 0.9992
vn -0.1066 0.9932 -0.0473
vn 0.1199 -0.8170 -0.5640
vn -0.0764 0.7671 0.6370
vn -0.6583 -0.4906 -0.5709
vn -0.0044 0.0443 0.9990
vn 0.4027 0.1273 0.9064
vn -0.5492 0.0907 0.8308
vn -0.5593 0.0524 0.8273
vn -0.0373 0.0002 -0.9993
vn 0.2576 0.0002 -0.9662
vn -0.0203 0.0166 -0.9997
vn 0.4497 0.0145 -0.8931
vn -0.8718 0.0706 -0.4847
vn -0.0000 0.0457 0.9990
vn -0.1905 0.1365 0.9721
vn 0.0813 0.9967 0.0031
vn -0.6396 0.0209 -0.7684
vn -0.0019 -0.0000 1.0000
vn 0.4413 0.0135 0.8972
vn 0.4457 0.0190 0.8950
vn 0.4404 0.0148 0.8977
vn 0.5420 0.0031 0.8404
vn -0.0958 0.7830 0.6145
vn 0.0473 0.3636 0.9304
vn 0.1600 0.9387 0.3052
vn -0.0431 0.8066 0.5895
vn 0.7900 0.3131 -0.5272
vn 0.0760 0.9719 -0.2230
vn -0.5148 0.8552 -0.0602
vn -0.0808 0.9860 -0.1462
vn -0.6014 0.4732 -0.6438
vn -0.2581 0.9508 -0.1713
vn 0.0682 0.9925 -0.1013
vn -0.5132 0.6736 -0.5319
vn 0.1014 0.9897 -0.1013
vn 0.0790 0.9840 -0.1594
vn -0.1016 0.9699 -0.2214
vn -0.1109 0.9749 0.1930
vn -0.0853 0.9573 0.2761
vn 0.0282 0.9682 -0.2485
vn -0.0115 0.9356 -0.3528
vn -0.4795 0.0508 0.8761
vn -0.0725 0.1001 0.9923
vn 0.0839 0.9913 -0.1012
vn -0.3387 -0.0071 -0.9409
vn -0.0657 0.9965 -0.0508
vn -0.8777 0.0277 0.4785
vn -0.8633 0.5046 0.0051
vn -0.7095 -0.7047 -0.0071
vn -0.9438 0.0147 -0.3303
vn -0.2281 -0.0530 -0.9722
vn -0.3162 0.9487 -0.0000
vn -0.1926 0.0810 0.9779
vn -0.1909 0.0821 0.9782
vn -0.3400 0.1926 0.9205
vn 0.5414 0.0912 0.8358
vn -0.9957 -0.0876 -0.0297
vn -0.9793 -0.0431 -0.1980
vn -0.9973 0.0736 0.0003
vn 0.2483 0.1483 -0.9572
vn 0.2751 0.0899 -0.9572
vn 0.2643 0.0800 -0.9611
vn -0.9096 -0.0187 -0.4151
vn -0.7557 0.2979 -0.5833
vn -0.4867 0.5692 -0.6627
vn -0.1437 0.7538 -0.6412
vn 0.2213 0.8237 -0.5220
vn 0.5525 0.7682 -0.3235
vn 0.7996 0.5957 -0.0756
vn 0.9250 0.3325 0.1837
vn 0.9096 0.0187 0.4151
vn 0.7557 -0.2979 0.5833
vn 0.4867 -0.5692 0.6626
vn 0.1437 -0.7538 0.6412
vn -0.2213 -0.8237 0.5220
vn -0.5525 -0.7682 0.3234
vn -0.7996 -0.5957 0.0756
vn -0.9250 -0.3325 -0.1837
vn -0.9250 -0.3326 -0.1837
vn -0.0656 -0.9749 0.2128
vn 0.9888 -0.0922 -0.1175
vn 0.0656 0.9749 -0.2128
vn -0.9888 0.0922 0.1175
vn 0.1342 0.2027 0.9700
vn -0.3517 0.5667 0.7451
vn -0.9096 -0.0188 -0.4151
vn 0.5525 0.7682 -0.3234
vn -0.1437 0.7539 -0.6411
vn 0.9250 0.3325 0.1838
vn 0.4867 -0.5692 0.6627
vn 0.9096 0.0188 0.4151
vn 0.1437 -0.7538 0.6411
vn 0.0425 0.9908 0.1284
vn 0.1674 -0.2198 0.9611
vn 0.5439 0.3023 0.7828
vn 0.6825 0.2395 0.6906
vn 0.1078 0.9942 -0.0000
vn -0.9538 0.0480 -0.2966
vn 0.1030 0.8666 0.4882
vn -0.2447 -0.9411 0.2332
vn -0.2208 -0.9729 0.0684
vn -0.2457 -0.9389 0.2409
vn 0.1027 0.9507 -0.2925
vn 0.1892 0.1170 0.9749
vn 0.1940 0.1960 0.9612
vn 0.2669 0.9637 0.0021
vn 0.1828 0.8010 0.5701
vn -0.0209 0.0012 -0.9998
vn 0.0208 0.0008 0.9998
vn -0.0411 0.9992 0.0005
vn -0.0411 0.9992 -0.0001
vn 0.1489 -0.1497 0.9775
vn 0.1491 -0.1498 0.9774
vn 0.0456 0.1220 0.9915
vn 0.0450 0.3684 0.9286
vn -0.0255 0.8571 0.5145
vn -0.0885 0.9921 -0.0894
vn 0.3646 0.9170 0.1618
vn 0.4127 0.8242 0.3879
vn 0.2726 0.4503 0.8502
vn -0.0780 0.2595 0.9626
vn -0.1397 0.4974 0.8562
vn -0.0858 0.3848 0.9190
vn 0.1868 0.9471 -0.2610
vn 0.1033 0.9911 -0.0837
vn 0.2465 0.9409 -0.2322
vn 0.9214 0.3851 0.0527
vn 0.9214 0.3849 0.0526
vn 0.9217 0.3844 0.0518
vn 0.0011 0.0060 -1.0000
vn -0.0014 -0.0060 -1.0000
vn 0.9641 0.1544 0.2159
vn 0.9993 0.0361 -0.0106
vn 0.9201 0.1711 -0.3524
vn 0.8538 0.4497 -0.2624
vn 0.3376 0.6127 0.7146
vn 0.3295 0.5264 0.7838
vn 0.3364 0.6165 0.7119
vn 0.0691 -0.9976 0.0002
vn 0.7188 0.0553 0.6930
vn 0.1400 0.3519 0.9255
vn 0.1258 0.9180 0.3760
vn -0.1158 -0.9920 -0.0507
vn -0.3315 -0.7473 0.5758
vn -0.3882 -0.8844 0.2590
vn 0.2366 0.0557 0.9700
vn 0.1917 -0.2092 -0.9589
vn 0.0358 -0.4879 -0.8721
vn 0.1088 -0.1307 -0.9854
vn 0.1481 -0.1529 0.9771
vn 0.4943 0.6285 0.6005
vn 0.4950 0.6288 0.5996
vn 0.3303 0.2259 0.9164
vn 0.1039 0.3272 0.9392
vn 0.0258 0.3455 0.9381
vn 0.0385 0.4185 0.9074
vn -0.0538 0.1686 0.9842
vn -0.0000 0.1099 0.9939
vn 0.0818 0.7000 0.7095
vn 0.0818 0.7000 0.7094
vn 0.0819 0.7000 0.7095
vn -0.0718 0.6533 0.7537
vn 0.0527 0.0875 0.9948
vn 0.0527 0.0871 0.9948
vn 0.0527 0.0874 0.9948
vn -0.0571 0.2043 0.9772
vn -0.0572 0.2043 0.9772
vn 0.2943 0.0813 0.9522
vn 0.0192 0.0580 0.9981
vn -0.0535 0.0245 0.9983
vn 0.0160 0.4415 0.8971
vn 0.1591 0.5357 0.8293
vn 0.1540 0.5372 0.8293
vn 0.1184 0.6055 0.7870
vn 0.2719 0.0614 0.9604
vn 0.2043 0.0105 0.9789
vn 0.2970 0.0221 0.9546
vn 0.1609 0.4002 0.9022
vn 0.0915 0.8782 -0.4695
vn -0.7531 0.6358 0.1692
vn -0.1036 0.4928 0.8640
vn -0.1768 0.7270 0.6635
vn -0.2712 0.5769 0.7704
vn -0.0514 0.9963 -0.0693
vn -0.1459 0.1232 -0.9816
vn -0.0110 0.0093 0.9999
vn 0.2083 0.7864 0.5815
vn 0.0696 0.9761 -0.2060
vn 0.0418 0.9589 0.2808
vn -0.0452 0.9287 0.3680
vn -0.0524 0.9935 -0.1014
vn 0.0706 -0.8917 -0.4471
vn 0.8474 -0.1194 0.5174
vn 0.9619 0.0424 0.2700
vn 0.7646 0.1422 0.6286
vn 0.4089 0.3447 -0.8450
vn 0.0472 0.3129 -0.9486
vn 0.0790 0.0702 -0.9944
vn -0.4380 -0.8501 -0.2926
vn 0.2506 0.0739 -0.9653
vn 0.3004 0.1001 -0.9486
vn -0.0661 0.9937 -0.0904
vn -0.0487 0.9967 0.0655
vn 0.0486 0.9883 -0.1444
vn -0.0731 0.9962 -0.0478
vn 0.1480 0.4088 0.9005
vn 0.0440 -0.9826 0.1807
vn -0.2905 0.7929 -0.5356
vn -0.1601 0.9076 -0.3882
vn 0.1516 0.6997 -0.6982
vn 0.0423 -0.6577 -0.7521
vn -0.0448 -0.7037 -0.7090
vn 0.0759 -0.9971 0.0071
vn -0.1835 -0.8074 -0.5608
vn 0.9899 -0.1414 0.0057
vn -0.9962 -0.0629 0.0599
vn -0.9962 0.0716 -0.0500
vn -0.9358 -0.0707 -0.3454
vn -0.0077 -0.0369 -0.9993
vn -0.1650 0.1099 -0.9802
vn -0.3158 -0.0875 -0.9448
vn -0.0452 0.7046 -0.7082
vn -0.3057 -0.4263 -0.8513
vn 0.1144 -0.9791 0.1681
vn 0.0958 -0.9912 0.0913
vn -0.8078 -0.5500 -0.2123
vn -0.5942 -0.5150 -0.6178
vn -0.2546 0.1933 -0.9475
vn 0.0991 -0.2557 -0.9617
vn 0.1310 -0.4191 -0.8984
vn -0.0323 -0.4630 -0.8858
vn 0.4594 -0.0475 -0.8870
vn 0.2936 0.0153 -0.9558
vn 0.5194 0.0749 -0.8512
vn -0.8972 -0.4412 -0.0201
vn -0.8990 -0.4368 -0.0321
vn -0.9087 -0.4169 -0.0187
vn 0.9968 0.0751 0.0276
vn 0.9969 0.0750 0.0240
vn 0.9977 0.0629 0.0268
vn -0.8934 -0.0682 -0.4440
vn -0.9952 -0.0464 -0.0859
vn -0.9845 -0.1239 -0.1238
vn -0.3567 -0.5997 0.7164
vn 0.1166 0.2069 0.9714
vn 0.0632 0.1427 0.9878
vn 0.1277 0.2038 0.9707
vn -0.0968 0.9931 -0.0664
vn -0.6723 -0.0195 -0.7400
vn -0.0227 -0.8031 -0.5954
vn -0.0343 -0.8566 -0.5148
vn -0.2172 -0.7848 -0.5805
vn -0.2267 -0.8290 -0.5113
vn -0.1684 -0.8074 -0.5655
vn -0.4170 -0.0286 -0.9084
vn -0.4158 -0.0259 -0.9091
vn -0.4177 -0.0252 -0.9082
vn -0.7162 -0.2900 -0.6348
vn -0.7163 -0.2914 -0.6340
vn -0.7152 -0.2914 -0.6353
vn -0.1802 -0.0346 -0.9830
vn -0.0162 0.6179 -0.7861
vn 0.0067 0.6250 -0.7806
vn -0.0362 0.6873 -0.7255
vn -0.4603 -0.7623 -0.4550
vn -0.4615 -0.7612 -0.4557
vn -0.2523 -0.2032 -0.9461
vn -0.0005 -0.4506 -0.8927
vn -0.0681 -0.5016 -0.8624
vn -0.0781 -0.4309 -0.8990
vn 0.0398 -0.1387 -0.9895
vn 0.0766 -0.2085 -0.9750
vn 0.0227 -0.6158 -0.7876
vn 0.0895 -0.6694 -0.7375
vn -0.0254 -0.0867 -0.9959
vn 0.0955 -0.0385 -0.9947
vn -0.1607 -0.0790 -0.9838
vn -0.0199 -0.0702 -0.9973
vn 0.0484 -0.0127 -0.9987
vn 0.0379 -0.5120 -0.8581
vn -0.5927 -0.4597 -0.6614
vn -0.5463 -0.5246 -0.6530
vn -0.5946 -0.4608 -0.6589
vn -0.4883 -0.0682 -0.8700
vn -0.1367 -0.3842 -0.9131
vn -0.1634 -0.8373 -0.5217
vn -0.1428 -0.8785 -0.4559
vn 0.0894 -0.9870 0.1332
vn 0.6774 -0.7244 -0.1276
vn 0.1155 -0.9930 0.0253
vn 0.1055 -0.4704 -0.8761
vn 0.0834 0.1923 -0.9778
vn 0.2539 -0.5940 -0.7633
vn 0.0929 -0.9957 -0.0041
vn -0.0469 0.6151 0.7870
vn -0.0675 0.7563 -0.6508
vn -0.1194 -0.8480 -0.5164
vn -0.0236 -0.9661 0.2572
vn -0.0201 -0.9334 -0.3582
vn -0.5523 -0.5322 0.6417
vn 0.0516 -0.9930 0.1064
vn 0.1021 0.9075 0.4074
vn 0.4105 0.0489 0.9105
vn -0.3485 -0.0449 0.9362
vn -0.3323 -0.2747 0.9023
vn -0.1309 -0.1033 0.9860
vn -0.0920 0.0114 0.9957
vn 0.1707 0.8525 0.4940
vn -0.2898 -0.0515 0.9557
vn -0.3876 -0.1077 0.9155
vn 0.1688 -0.9543 0.2465
vn -0.1206 -0.5733 0.8104
vn 0.0108 -0.9865 0.1633
vn 0.1921 -0.4543 0.8699
vn -0.3229 -0.6580 -0.6802
vn -0.3939 -0.6789 -0.6197
vn -0.3416 -0.7088 -0.6171
vn -0.4973 -0.1051 -0.8612
vn -0.5535 -0.1451 -0.8201
vn -0.0743 -0.7083 -0.7020
vn -0.9570 -0.2860 0.0489
vn -0.9897 -0.0034 -0.1430
vn -0.5813 -0.8023 0.1356
vn -0.9885 -0.1480 -0.0294
vn -0.9940 -0.1093 -0.0049
vn -0.1020 0.0987 -0.9899
vn -0.9977 -0.0091 -0.0672
vn -0.9878 -0.0364 -0.1515
vn -0.0692 -0.0975 -0.9928
vn -0.0074 -0.9990 -0.0437
vn 0.0239 -0.8794 0.4754
vn -0.0163 0.5345 -0.8450
vn -0.7933 0.3311 -0.5108
vn -0.9320 0.2704 -0.2414
vn 0.6324 0.4050 -0.6603
vn 0.9504 0.0514 -0.3067
vn 0.1221 -0.0804 -0.9893
vn -0.0409 -0.4727 -0.8803
vn -0.6545 -0.2600 -0.7099
vn 0.1611 0.0307 -0.9865
vn -0.2118 -0.0740 -0.9745
vn -0.6774 -0.0916 -0.7299
vn -0.9317 -0.0821 -0.3538
vn -0.9938 -0.0612 -0.0929
vn -0.1792 0.1250 -0.9759
vn -0.0170 0.6255 0.7800
vn -0.0169 0.6255 0.7800
vn -0.0545 0.2122 0.9757
vn -0.0545 0.2121 0.9757
vn 0.1595 0.5042 0.8488
vn 0.1540 0.4690 0.8697
vn 0.0111 0.4746 0.8801
vn 0.0616 0.0876 0.9943
vn 0.0616 0.0876 0.9942
vn 0.0616 0.0881 0.9942
vn 0.9927 0.1205 -0.0085
vn 0.9970 0.0280 -0.0726
vn 0.9965 0.0459 -0.0702
vn 0.9984 0.0567 -0.0074
vn 0.9990 0.0457 0.0003
vn 0.9990 0.0457 0.0001
vn 0.9994 0.0355 -0.0003
vn 0.9986 0.0526 -0.0085
vn 0.9994 0.0355 0.0001
vn 0.9985 0.0537 -0.0074
vn 0.9971 0.0280 -0.0702
vn -0.0411 0.9992 0.0031
vn 0.0411 -0.9992 -0.0005
vn 0.9993 0.0364 -0.0037
vn 0.9992 0.0405 -0.0034
vn 0.9995 0.0314 0.0025
vn 0.9993 0.0358 -0.0054
vn 0.9992 0.0404 -0.0027
vn 0.9996 0.0296 0.0030
vn 0.9993 0.0373 -0.0063
vn 0.9991 0.0419 -0.0047
vn 0.9991 0.0427 0.0032
vn 0.9994 0.0333 -0.0051
vn 0.9991 0.0423 0.0006
vn 0.9995 0.0300 -0.0008
vn 0.9993 0.0375 -0.0040
vn 0.9994 0.0344 -0.0041
vn 0.9993 0.0373 -0.0036
vn -0.0025 0.0017 1.0000
vn 0.0056 -0.0054 1.0000
vn 0.0050 -0.0023 1.0000
vn -0.0414 0.9840 0.1734
vn -0.0296 0.9839 0.1760
vn -0.0358 0.9848 0.1702
vn 0.0381 -0.9993 -0.0060
vn 0.0301 -0.9995 -0.0005
vn 0.0375 -0.9993 -0.0057
vn 0.9952 0.0030 0.0980
vn 0.9569 0.0073 0.2903
vn 0.8819 0.0113 0.4714
vn -0.7729 -0.0131 -0.6343
vn 0.6343 0.0180 0.7729
vn -0.4713 -0.0186 -0.8818
vn -0.2902 -0.0203 -0.9567
vn 0.0980 -0.0211 -0.9950
vn -0.0980 -0.0211 -0.9950
vn -0.2902 0.0220 0.9567
vn -0.4713 0.0204 0.8817
vn 0.6343 -0.0162 -0.7729
vn -0.8819 -0.0095 -0.4714
vn 0.8819 -0.0095 -0.4714
vn -0.9569 -0.0055 -0.2903
vn -0.9952 -0.0013 -0.0980
vn -0.9952 0.0030 0.0980
vn -0.9569 0.0073 0.2903
vn 0.7729 0.0149 0.6343
vn -0.6343 -0.0162 -0.7729
vn 0.4713 0.0204 0.8817
vn -0.0079 1.0000 -0.0000
vn -0.0980 0.0229 0.9949
vn 0.2902 -0.0203 -0.9567
vn -0.6343 0.0180 0.7729
vn -0.7729 0.0149 0.6343
vn 0.7730 -0.0131 -0.6343
vn -0.8819 0.0113 0.4714
vn 0.9569 -0.0055 -0.2903
vn 0.9952 -0.0013 -0.0980
vn 0.9569 -0.0013 -0.2903
vn -0.9569 -0.0013 -0.2903
vn -0.4714 -0.0013 -0.8819
vn 0.2903 -0.0013 -0.9569
vn -0.6344 -0.0013 -0.7730
vn -0.8819 -0.0013 0.4714
vn 0.6344 -0.0013 0.7730
vn 0.8819 -0.0013 0.4714
vn -0.0980 -0.0013 0.9952
vn -0.7730 -0.0013 0.6344
vn 0.0980 -0.0013 0.9952
vn -0.2903 -0.0013 -0.9569
vn 0.2903 -0.0013 0.9569
vn -0.0980 -0.0013 -0.9952
vn 0.0980 0.0229 0.9949
vn 0.9952 -0.0013 0.0980
vn 0.4714 -0.0013 -0.8819
vn 0.0980 -0.0013 -0.9952
vn -0.6344 -0.0013 0.7730
vn 0.4714 -0.0013 0.8819
vn -0.7730 -0.0013 -0.6344
vn 0.7730 -0.0013 0.6344
vn 0.7730 -0.0013 -0.6344
vn 0.6344 -0.0013 -0.7730
vn -0.8819 -0.0013 -0.4714
vn -0.4714 -0.0013 0.8819
vn -0.2903 -0.0013 0.9569
vn -0.9569 -0.0013 0.2903
vn -0.9952 -0.0013 0.0980
vn 0.9569 -0.0013 0.2903
vn -0.1786 -0.0414 0.9830
vn -0.2099 -0.0089 0.9777
vn -0.2151 -0.0111 0.9765
vn 0.8808 0.4732 0.0164
vn 0.9476 0.3060 -0.0919
vn 0.8616 0.5075 -0.0008
vn -0.6319 0.7726 -0.0622
vn 0.2902 0.0220 0.9567
vn 0.4713 -0.0186 -0.8818
vn 0.8819 -0.0013 -0.4714
vn 0.1843 0.7726 0.6076
vn -0.6076 0.7726 -0.1843
vn 0.2993 0.7726 0.5600
vn -0.4908 0.7726 -0.4028
vn -0.4028 0.7726 -0.4908
vn 0.2993 0.7726 -0.5600
vn 0.6319 0.7726 0.0622
vn 0.4908 0.7726 -0.4028
vn 0.1843 0.7726 -0.6076
vn -0.1843 0.7726 -0.6076
vn -0.6076 0.7726 0.1843
vn 0.4028 0.7726 0.4908
vn -0.4908 0.7726 0.4028
vn 0.6319 0.7726 -0.0622
vn 0.0622 0.7726 0.6319
vn 0.4908 0.7726 0.4028
vn -0.0622 0.7726 -0.6319
vn -0.2993 0.7726 0.5600
vn -0.4028 0.7726 0.4908
vn -0.1843 0.7726 0.6076
vn -0.2993 0.7726 -0.5600
vn -0.5600 0.7726 0.2993
vn 0.4028 0.7726 -0.4908
vn -0.6319 0.7726 0.0622
vn 0.6076 0.7726 0.1843
vn -0.0622 0.7726 0.6319
vn 0.5600 0.7726 0.2993
vn 0.5600 0.7726 -0.2993
vn 0.0622 0.7726 -0.6319
vn -0.5600 0.7726 -0.2993
vn 0.6076 0.7726 -0.1843
vn 0.4496 0.0145 -0.8931
vn 0.4496 0.0144 -0.8931
vn -0.0201 0.7566 0.6536
vn 0.4262 0.1850 0.8855
vn 0.5492 0.1336 0.8249
vn 0.4810 0.1293 0.8671
vn 0.4619 0.0802 0.8833
vn 0.0763 0.7566 0.6494
vn 0.0245 0.7971 0.6034
vn 0.4884 0.1531 0.8591
vn 0.4178 0.1720 0.8921
vn 0.0447 0.3764 0.9254
vn 0.1373 0.5009 0.8546
vn 0.9827 0.1610 -0.0912
vn 0.9350 0.3546 -0.0043
vn 0.8177 0.5434 -0.1902
vn 0.8312 0.0478 -0.5539
vn -0.4860 0.2074 -0.8490
vn -0.4872 0.2184 -0.8455
vn -0.4827 0.2116 -0.8498
vn 1.0000 -0.0080 -0.0008
vn 1.0000 0.0079 -0.0015
vn 1.0000 0.0014 0.0079
vn 0.0016 0.9999 -0.0123
vn 0.0146 0.9997 -0.0204
vn 0.0148 0.9997 -0.0194
vn 0.5099 0.1054 0.8537
vn 0.5046 0.1196 0.8550
vn -0.0039 -0.9998 0.0209
vn -0.0037 -0.9995 0.0323
vn -0.0045 -0.9998 0.0211
vn -1.0000 0.0057 0.0017
vn -1.0000 -0.0007 -0.0059
vn -1.0000 -0.0041 -0.0043
vn 1.0000 -0.0025 -0.0076
vn 1.0000 0.0080 -0.0002
vn 1.0000 0.0080 -0.0004
vn 0.0032 0.0074 -1.0000
vn 0.0011 0.0079 -1.0000
vn -1.0000 -0.0059 -0.0008
vn -1.0000 0.0056 0.0020
vn 0.0039 -0.0045 -1.0000
vn -0.0049 -0.0033 -1.0000
vn -0.0059 -0.0007 -1.0000
vn -0.0009 -0.0080 -1.0000
vn 0.0079 0.0014 -1.0000
vn -1.0000 -0.0057 0.0016
vn -1.0000 0.0059 -0.0007
vn -1.0000 -0.0008 -0.0059
vn 0.0032 -1.0000 0.0049
vn -0.0051 -1.0000 0.0033
vn -0.0058 -1.0000 -0.0019
vn 0.0045 -1.0000 -0.0038
vn 0.0033 -1.0000 0.0049
vn -0.0059 -1.0000 -0.0002
vn -0.0016 0.4574 -0.8893
vn -0.0015 0.4713 -0.8820
vn 0.0079 0.4655 -0.8850
vn 1.0000 -0.0080 -0.0005
vn 1.0000 -0.0010 -0.0079
vn 1.0000 0.0072 0.0036
vn 0.0038 0.4602 -0.8878
vn -0.0048 0.4614 -0.8872
vn -0.0058 0.4645 -0.8855
vn 1.0000 -0.0040 0.0069
vn 1.0000 -0.0002 -0.0080
vn 1.0000 0.0080 -0.0001
vn -1.0000 0.0055 0.0023
vn -1.0000 0.0018 -0.0057
vn -1.0000 -0.0058 -0.0015
vn 0.0014 0.0079 -1.0000
vn 0.0049 -0.0063 -1.0000
vn 0.0060 -0.0053 -1.0000
vn 0.0068 -0.0042 -1.0000
vn -0.0080 -0.0002 -1.0000
vn -0.8958 -0.3624 -0.2573
vn -0.0000 -0.0452 0.9990
vn -0.0991 -0.8114 -0.5760
vn 0.0819 0.9312 -0.3552
vn -0.0764 -0.7671 0.6370
vn -0.6583 0.4906 -0.5709
vn -0.0000 -0.0500 0.9987
vn -0.5593 -0.0524 0.8273
vn -0.0373 -0.0002 -0.9993
vn 0.2576 -0.0002 -0.9662
vn -0.9449 -0.1075 0.3093
vn -0.8678 -0.0718 -0.4917
vn -0.0000 -0.0457 0.9990
vn -0.1310 -0.0574 0.9897
vn 0.0813 -0.9967 0.0031
vn -0.6396 -0.0209 -0.7684
vn -0.6124 0.0531 -0.7888
vn 0.4413 -0.0135 0.8972
vn 0.4404 -0.0148 0.8977
vn 0.4457 -0.0190 0.8950
vn 0.4059 -0.0470 0.9127
vn 0.0473 -0.3636 0.9304
vn 0.1505 -0.9508 0.2708
vn -0.9334 -0.1406 -0.3302
vn -0.3587 0.0124 -0.9334
vn -0.8620 -0.0320 0.5059
vn -0.9438 -0.0147 -0.3303
vn -0.1984 0.0682 -0.9777
vn -0.3400 -0.1926 0.9205
vn 0.3377 -0.0787 0.9380
vn -0.9971 0.0618 -0.0451
vn -0.9793 0.0431 -0.1980
vn -0.9973 -0.0731 0.0007
vn 0.2195 -0.0315 -0.9751
vn 0.1952 -0.0987 -0.9758
vn 0.1733 -0.0756 -0.9820
vn -0.1437 -0.7539 -0.6411
vn 0.4867 0.5692 0.6626
vn 0.1437 0.7538 0.6411
vn 0.0425 -0.9908 0.1284
vn 0.1674 0.2198 0.9611
vn 0.1078 -0.9942 -0.0000
vn -0.9714 -0.0674 -0.2279
vn 0.0018 0.9983 -0.0588
vn 0.0017 0.9972 -0.0745
vn -0.0437 0.9946 0.0940
vn 0.1892 -0.1170 0.9749
vn 0.1940 -0.1960 0.9612
vn 0.2669 -0.9637 0.0021
vn 0.0593 -0.9706 0.2333
vn 0.0093 -0.1938 0.9810
vn -0.0527 -0.9255 0.3750
vn 0.3646 -0.9170 0.1618
vn 0.1600 -0.4878 0.8582
vn 0.0163 -0.1702 0.9853
vn -0.0858 -0.3848 0.9190
vn 0.0864 -0.9903 0.1084
vn -0.0237 -0.9974 0.0685
vn 0.1226 -0.9893 -0.0786
vn -0.0054 -0.0014 -1.0000
vn -0.0006 0.0062 -1.0000
vn 0.0006 -0.0060 -1.0000
vn 0.9993 -0.0358 -0.0082
vn 0.8538 -0.4497 -0.2624
vn 0.3376 -0.6127 0.7146
vn 0.3364 -0.6165 0.7119
vn 0.3295 -0.5264 0.7838
vn 0.7188 -0.0553 0.6930
vn -0.9171 0.2538 0.3074
vn -0.8621 0.4806 -0.1607
vn -0.7331 0.5549 -0.3932
vn 0.1918 0.2092 -0.9589
vn 0.1088 0.1306 -0.9854
vn 0.0357 0.4880 -0.8721
vn 0.0192 -0.0580 0.9981
vn -0.0535 -0.0245 0.9983
vn 0.0160 -0.4415 0.8971
vn 0.2105 -0.5454 0.8113
vn 0.1236 -0.5571 0.8212
vn 0.1132 -0.5787 0.8077
vn 0.2719 -0.0614 0.9604
vn 0.2970 -0.0221 0.9546
vn 0.2043 -0.0105 0.9789
vn -0.1768 -0.7270 0.6635
vn -0.0379 -0.9936 -0.1061
vn 0.2083 -0.7864 0.5815
vn 0.2066 -0.9599 -0.1894
vn -0.0118 -0.7580 0.6521
vn 0.0697 -0.9549 0.2886
vn -0.1204 -0.9890 -0.0860
vn 0.0706 0.8917 -0.4471
vn 0.8474 0.1194 0.5173
vn 0.7646 -0.1422 0.6286
vn 0.9620 -0.0424 0.2699
vn 0.0472 -0.3129 -0.9486
vn 0.1798 -0.0058 -0.9837
vn -0.0567 -0.9947 -0.0857
vn -0.0487 -0.9967 0.0655
vn -0.0743 -0.9852 -0.1542
vn 0.1480 -0.4088 0.9005
vn 0.2952 -0.9522 -0.0790
vn 0.0744 -0.9917 0.1046
vn 0.0271 -0.9237 -0.3821
vn -0.0448 0.7037 -0.7090
vn 0.0759 0.9971 0.0071
vn -0.0059 0.9937 0.1118
vn 0.9899 0.1414 0.0057
vn -0.0661 -0.7290 -0.6813
vn 0.0565 0.9449 -0.3223
vn 0.0958 0.9912 0.0913
vn -0.8078 0.5500 -0.2123
vn -0.1981 -0.1820 -0.9631
vn -0.2413 -0.1035 -0.9649
vn -0.0323 0.4630 -0.8858
vn 0.4594 0.0475 -0.8870
vn 0.5194 -0.0749 -0.8512
vn 0.2936 -0.0153 -0.9558
vn 0.9968 -0.0751 0.0276
vn 0.9977 -0.0629 0.0268
vn 0.9969 -0.0750 0.0240
vn -0.9605 0.0324 -0.2763
vn -0.9916 0.0947 -0.0875
vn 0.1165 -0.2069 0.9714
vn 0.1277 -0.2038 0.9707
vn 0.0632 -0.1427 0.9878
vn -0.6723 0.0195 -0.7400
vn -0.0801 0.6887 -0.7206
vn -0.0254 0.0867 -0.9959
vn 0.0301 0.2782 -0.9600
vn -0.1607 0.0790 -0.9838
vn -0.0199 0.0702 -0.9973
vn 0.0484 0.0127 -0.9987
vn 0.0379 0.5120 -0.8581
vn 0.6774 0.7244 -0.1276
vn 0.0834 -0.1923 -0.9778
vn 0.0608 0.9950 0.0794
vn 0.0551 0.9059 -0.4200
vn -0.0236 0.9661 0.2572
vn -0.0201 0.9334 -0.3582
vn -0.5523 0.5322 0.6417
vn -0.9106 0.3345 0.2429
vn -0.0568 -0.8634 0.5013
vn -0.1309 0.1033 0.9860
vn -0.1317 -0.0366 0.9906
vn 0.2645 0.9128 0.3111
vn -0.1206 0.5733 0.8104
vn 0.1490 0.9721 0.1813
vn 0.2118 0.0642 0.9752
vn -0.4973 0.1051 -0.8612
vn -0.5535 0.1451 -0.8201
vn -0.0743 0.7083 -0.7020
vn -0.9570 0.2860 0.0489
vn -0.9729 0.0535 -0.2251
vn -0.5813 0.8023 0.1356
vn -0.9901 0.1397 -0.0121
vn -0.9884 0.1491 -0.0290
vn -0.1020 -0.0987 -0.9899
vn -0.9987 0.0031 -0.0503
vn -0.9971 -0.0140 -0.0743
vn -0.0713 -0.0172 -0.9973
vn -0.1080 0.9916 0.0709
vn 0.0239 0.8794 0.4754
vn -0.0182 -0.5250 -0.8509
vn -0.7698 -0.4143 -0.4855
vn -0.9320 -0.2704 -0.2414
vn 0.5904 -0.3961 -0.7032
vn 0.9504 -0.0514 -0.3067
vn 0.1221 0.0804 -0.9893
vn 0.3800 0.2336 -0.8950
vn -0.6545 0.2600 -0.7099
vn 0.1611 -0.0307 -0.9865
vn -0.2062 0.0337 -0.9779
vn -0.6774 0.0916 -0.7299
vn -0.9317 0.0821 -0.3538
vn -0.9938 0.0612 -0.0929
vn -0.3968 0.1423 -0.9068
vn 0.9977 -0.0672 -0.0116
vn 0.9947 -0.0317 -0.0976
vn 0.9966 -0.0318 -0.0763
vn 0.9989 -0.0459 -0.0106
vn 0.9984 -0.0567 0.0018
vn 0.9990 -0.0457 0.0001
vn 0.9994 -0.0355 -0.0003
vn 0.9986 -0.0526 -0.0085
vn 0.9992 -0.0385 0.0072
vn 0.9993 -0.0370 -0.0043
vn 0.9995 -0.0317 -0.0032
vn 0.9992 -0.0401 0.0047
vn 0.9992 -0.0390 -0.0045
vn 0.9994 -0.0341 -0.0056
vn 0.9993 -0.0373 -0.0063
vn 0.9991 -0.0427 0.0032
vn 0.9991 -0.0419 -0.0047
vn 0.9991 -0.0423 0.0016
vn 0.9992 -0.0409 -0.0027
vn 0.9995 -0.0303 -0.0013
vn 0.9992 -0.0386 -0.0064
vn 0.9993 -0.0375 -0.0063
vn 0.9995 -0.0308 -0.0036
vn 0.0055 0.0024 1.0000
vn 0.0007 0.0103 0.9999
vn 0.0029 -0.0008 1.0000
vn -0.0414 -0.9840 0.1734
vn -0.0358 -0.9848 0.1702
vn -0.0296 -0.9839 0.1760
vn 0.0381 0.9993 -0.0060
vn 0.0375 0.9993 -0.0057
vn 0.0301 0.9995 -0.0005
vn -0.7729 0.0131 -0.6343
vn 0.7730 0.0131 -0.6343
vn -0.2494 0.0446 0.9674
vn -0.2208 0.0839 0.9717
vn -0.2323 0.0882 0.9686
vn 0.8808 -0.4732 0.0164
vn 0.8616 -0.5076 -0.0007
vn 0.9476 -0.3060 -0.0919
vn -0.0201 -0.7566 0.6536
vn 0.4884 -0.1531 0.8591
vn 0.4178 -0.1720 0.8921
vn 0.9593 -0.2823 -0.0122
vn 0.8071 -0.5438 -0.2300
vn 0.8238 -0.5406 -0.1706
vn 0.8805 -0.0490 -0.4715
vn -0.4562 0.0035 -0.8899
vn -0.4469 -0.0017 -0.8946
vn -0.4467 -0.0007 -0.8947
vn 1.0000 -0.0014 0.0079
vn 1.0000 -0.0079 -0.0015
vn 1.0000 0.0080 -0.0008
vn 0.0148 -0.9997 -0.0194
vn 0.0146 -0.9997 -0.0204
vn 0.0016 -0.9999 -0.0123
vn 0.5046 -0.1196 0.8550
vn 0.5099 -0.1054 0.8537
vn 0.0050 0.9997 0.0243
vn -0.0061 0.9996 0.0265
vn -0.0053 0.9995 0.0303
vn -1.0000 0.0041 -0.0043
vn -1.0000 0.0007 -0.0059
vn -1.0000 -0.0057 0.0017
vn 1.0000 -0.0080 -0.0004
vn 1.0000 -0.0080 -0.0002
vn 1.0000 0.0025 -0.0076
vn 0.0079 -0.0010 -1.0000
vn -0.0015 -0.0079 -1.0000
vn -0.0055 -0.0058 -1.0000
vn -1.0000 -0.0056 0.0020
vn -1.0000 0.0059 -0.0008
vn -0.0059 0.0007 -1.0000
vn -0.0049 0.0033 -1.0000
vn 0.0039 0.0045 -1.0000
vn 0.0079 -0.0014 -1.0000
vn -0.0009 0.0080 -1.0000
vn -1.0000 0.0008 -0.0059
vn -1.0000 -0.0059 -0.0007
vn -1.0000 0.0057 0.0016
vn -0.0058 1.0000 -0.0019
vn -0.0051 1.0000 0.0033
vn 0.0032 1.0000 0.0049
vn -0.0059 1.0000 -0.0002
vn 0.0033 1.0000 0.0049
vn 0.0045 1.0000 -0.0038
vn 0.0079 -0.4655 -0.8850
vn -0.0015 -0.4713 -0.8820
vn -0.0016 -0.4574 -0.8893
vn 1.0000 0.0072 -0.0036
vn 1.0000 -0.0010 0.0079
vn 1.0000 -0.0080 0.0005
vn -0.0058 -0.4645 -0.8855
vn -0.0048 -0.4614 -0.8872
vn 0.0038 -0.4602 -0.8878
vn 1.0000 -0.0080 -0.0001
vn 1.0000 0.0002 -0.0080
vn 1.0000 0.0040 0.0069
vn -1.0000 0.0058 -0.0015
vn -1.0000 -0.0018 -0.0057
vn -1.0000 -0.0055 0.0023
vn 0.0060 0.0053 -1.0000
vn 0.0049 0.0063 -1.0000
vn 0.0014 -0.0079 -1.0000
vn -0.0080 0.0002 -1.0000
vn 0.0068 0.0042 -1.0000
vn -0.8958 0.3624 -0.2573
vn -0.0322 -0.0452 -0.9985
vn -0.0000 0.0452 0.9990
vn -0.0991 0.8114 -0.5760
vn 0.0819 -0.9312 -0.3552
vn -0.0423 0.8699 0.4914
vn 0.7151 -0.6983 0.0333
vn -0.0321 -0.0500 -0.9982
vn -0.0000 0.0500 0.9987
vn -0.6007 0.0660 0.7968
vn -0.0378 0.0005 -0.9993
vn 0.1040 -0.0382 -0.9938
vn -0.9449 0.1075 0.3093
vn -0.8678 0.0718 -0.4917
vn -0.5361 0.0553 0.8424
vn -0.1310 0.0574 0.9897
vn 0.1056 0.9892 -0.1013
vn -0.8630 0.0720 -0.5001
vn -0.0000 0.0065 1.0000
vn -0.6124 -0.0531 -0.7888
vn 0.4462 0.0217 0.8947
vn 0.4513 0.0247 0.8920
vn 0.4495 0.0255 0.8929
vn 0.4059 0.0470 0.9127
vn 0.0787 0.3316 0.9401
vn 0.1505 0.9508 0.2708
vn -0.9334 0.1406 -0.3302
vn -0.3587 -0.0124 -0.9334
vn -0.8620 0.0320 0.5059
vn -0.9802 0.0296 -0.1958
vn -0.1984 -0.0682 -0.9777
vn -0.3072 0.1184 0.9442
vn 0.3377 0.0787 0.9380
vn -0.9971 -0.0618 -0.0451
vn -0.8646 -0.0504 -0.4999
vn -0.9973 0.0731 0.0007
vn 0.1733 0.0756 -0.9820
vn 0.1952 0.0987 -0.9758
vn 0.2195 0.0315 -0.9751
vn 0.1437 -0.7539 0.6411
vn -0.0200 0.9456 0.3247
vn 0.2619 0.0919 0.9607
vn 0.1126 0.9931 -0.0336
vn -0.9714 0.0674 -0.2279
vn -0.0437 -0.9946 0.0940
vn 0.0016 -0.9972 -0.0744
vn 0.0018 -0.9983 -0.0588
vn 0.2129 0.1218 0.9695
vn 0.3313 0.1076 0.9374
vn 0.2763 0.1654 0.9467
vn 0.2519 0.9678 -0.0029
vn 0.0593 0.9706 0.2333
vn 0.0093 0.1938 0.9810
vn -0.0527 0.9255 0.3750
vn 0.6714 0.7279 0.1395
vn 0.1600 0.4878 0.8582
vn 0.0163 0.1702 0.9853
vn -0.0570 0.3377 0.9395
vn 0.1226 0.9893 -0.0786
vn -0.0237 0.9974 0.0685
vn 0.0864 0.9904 0.1083
vn 0.0006 0.0060 -1.0000
vn -0.0006 -0.0062 -1.0000
vn -0.0054 0.0014 -1.0000
vn 0.9993 0.0358 -0.0082
vn 0.6199 0.2575 -0.7412
vn 0.4852 0.5275 0.6973
vn 0.4819 0.4387 0.7585
vn 0.4753 0.4332 0.7658
vn 0.6004 0.0231 0.7994
vn -0.7331 -0.5549 -0.3932
vn -0.8621 -0.4806 -0.1607
vn -0.9171 -0.2538 0.3074
vn -0.1493 -0.4192 -0.8955
vn -0.1342 -0.6072 -0.7831
vn -0.2727 -0.6168 -0.7384
vn 0.0171 0.0621 0.9979
vn -0.0482 0.0143 0.9987
vn -0.0452 0.5745 0.8172
vn 0.1132 0.5787 0.8077
vn 0.1236 0.5571 0.8212
vn 0.2105 0.5454 0.8113
vn 0.2709 0.0520 0.9612
vn 0.2470 0.0874 0.9651
vn 0.2729 0.0010 0.9621
vn -0.0839 -0.1269 0.9884
vn -0.0379 0.9936 -0.1061
vn 0.1980 0.7944 0.5743
vn 0.2066 0.9599 -0.1894
vn -0.0118 0.7580 0.6521
vn 0.0697 0.9549 0.2886
vn -0.1204 0.9890 -0.0860
vn 0.3326 -0.9427 -0.0255
vn 0.9512 0.0581 0.3030
vn 0.9936 -0.0480 -0.1020
vn 0.9797 0.1980 -0.0327
vn 0.1824 0.1032 -0.9778
vn 0.1798 0.0058 -0.9837
vn -0.0567 0.9947 -0.0857
vn -0.0250 0.9994 -0.0236
vn -0.0743 0.9852 -0.1542
vn 0.0972 0.3748 0.9220
vn 0.0271 0.9237 -0.3821
vn 0.0744 0.9917 0.1046
vn 0.2951 0.9522 -0.0790
vn 0.0112 -0.7597 -0.6502
vn 0.2966 -0.9529 0.0640
vn -0.0059 -0.9937 0.1118
vn -0.9929 0.1184 0.0086
vn -0.0661 0.7290 -0.6813
vn 0.0565 -0.9449 -0.3223
vn 0.0513 -0.9941 0.0953
vn -0.3601 -0.8738 -0.3268
vn -0.1981 0.1820 -0.9631
vn -0.2413 0.1035 -0.9649
vn 0.1375 -0.7081 -0.6926
vn 0.3039 0.0211 -0.9525
vn 0.0647 -0.0382 -0.9972
vn 0.1275 0.1373 -0.9823
vn -0.9897 -0.0340 0.1391
vn -0.9898 -0.0453 0.1353
vn -0.9904 -0.0330 0.1345
vn -0.9605 -0.0324 -0.2763
vn -0.9916 -0.0947 -0.0875
vn 0.0143 0.0039 0.9999
vn -0.0406 -0.0694 0.9968
vn -0.0075 -0.0726 0.9973
vn -0.7475 -0.0388 -0.6631
vn -0.0546 -0.5345 -0.8434
vn -0.0801 -0.6887 -0.7206
vn -0.1637 -0.0921 -0.9822
vn 0.0301 -0.2782 -0.9600
vn -0.2444 -0.0562 -0.9680
vn -0.0249 -0.0606 -0.9979
vn 0.0426 -0.0015 -0.9991
vn 0.0323 -0.4989 -0.8660
vn 0.7131 -0.6878 -0.1360
vn 0.1608 -0.6616 -0.7325
vn 0.0608 -0.9950 0.0794
vn 0.0551 -0.9059 -0.4200
vn -0.3078 -0.9409 0.1414
vn 0.0987 -0.6007 0.7934
vn -0.5723 -0.5397 0.6174
vn -0.9106 -0.3345 0.2429
vn -0.0568 0.8634 0.5013
vn 0.0118 -0.3286 0.9444
vn -0.1317 0.0366 0.9906
vn 0.2645 -0.9128 0.3111
vn 0.0413 -0.9945 0.0967
vn 0.1490 -0.9721 0.1813
vn 0.2118 -0.0642 0.9752
vn -0.5014 -0.2203 -0.8367
vn -0.5684 -0.1977 -0.7987
vn 0.1736 -0.5618 -0.8089
vn -0.9497 -0.3035 0.0775
vn -0.9729 -0.0535 -0.2251
vn -0.5561 -0.8037 0.2117
vn -0.9901 -0.1397 -0.0121
vn -0.9884 -0.1491 -0.0290
vn -0.1129 0.0222 -0.9934
vn -0.9987 -0.0031 -0.0503
vn -0.9971 0.0140 -0.0743
vn -0.0713 0.0172 -0.9973
vn -0.1080 -0.9916 0.0709
vn 0.0750 -0.9913 0.1080
vn -0.0182 0.5250 -0.8509
vn -0.7698 0.4143 -0.4855
vn -0.9683 0.0783 -0.2373
vn 0.5904 0.3961 -0.7032
vn 0.9222 0.1921 -0.3356
vn 0.1262 -0.0833 -0.9885
vn 0.3800 -0.2336 -0.8950
vn -0.9110 -0.3781 -0.1645
vn 0.1671 -0.0112 -0.9859
vn -0.2062 -0.0337 -0.9779
vn -0.6720 -0.1104 -0.7322
vn -0.9333 -0.0655 -0.3531
vn -0.9981 -0.0366 -0.0502
vn -0.3968 -0.1423 -0.9068
vn 0.9977 0.0672 -0.0116
vn 0.9947 0.0317 -0.0976
vn 0.9966 0.0318 -0.0763
vn 0.9989 0.0459 -0.0106
vn 0.9984 0.0567 0.0018
vn 0.9993 0.0381 0.0024
vn 0.9991 0.0381 0.0175
vn 0.9994 0.0353 0.0003
vn 0.9995 0.0317 -0.0032
vn 0.9993 0.0370 -0.0043
vn 0.9992 0.0385 0.0072
vn 0.9994 0.0341 -0.0056
vn 0.9992 0.0390 -0.0045
vn 0.9992 0.0401 0.0047
vn 0.9995 0.0303 0.0034
vn 0.9993 0.0362 -0.0062
vn 0.9991 0.0414 -0.0017
vn 0.9995 0.0303 -0.0013
vn 0.9992 0.0409 -0.0028
vn 0.9991 0.0423 0.0016
vn 0.9995 0.0308 -0.0036
vn 0.9993 0.0375 -0.0063
vn 0.9992 0.0386 -0.0064
vn 0.0029 0.0008 1.0000
vn 0.0007 -0.0103 0.9999
vn 0.0055 -0.0024 1.0000
vn -0.0363 0.9848 0.1699
vn -0.0419 0.9833 0.1773
vn -0.0342 0.9848 0.1704
vn 0.0361 -0.9993 -0.0064
vn 0.0422 -0.9991 0.0017
vn 0.0317 -0.9995 -0.0041
vn -0.7730 -0.0131 -0.6343
vn 0.7729 -0.0131 -0.6343
vn -0.2323 -0.0882 0.9686
vn -0.2208 -0.0839 0.9717
vn -0.2494 -0.0446 0.9674
vn 0.6844 0.7285 0.0285
vn 0.8223 0.5685 -0.0265
vn 0.8159 0.5778 -0.0208
vn 0.1056 0.6161 0.7806
vn 0.4893 0.1767 0.8540
vn 0.4490 0.1151 0.8861
vn 0.8238 0.5406 -0.1706
vn 0.8071 0.5438 -0.2300
vn 0.9593 0.2823 -0.0123
vn 0.8805 0.0490 -0.4715
vt 0.113415 0.870223
vt 0.833850 0.270402
vt 0.073767 0.909099
vt 0.073548 0.909749
vt 0.149092 0.602640
vt 0.773004 0.931712
vt 0.775680 0.908393
vt 0.432350 0.909083
vt 0.793545 0.851725
vt 0.782694 0.616096
vt 0.148664 0.905982
vt 0.099057 0.910633
vt 0.120760 0.924585
vt 0.078905 0.594393
vt 0.476962 0.860173
vt 0.477126 0.908243
vt 0.479199 0.900635
vt 0.475934 0.886669
vt 0.140491 0.639542
s 0
f 2/1/1 6/1/2 5/1/3
f 15/1/4 21/1/5 13/1/6
f 2/1/7 8/1/8 1/1/9
f 1/1/10 7/1/11 4/1/12
f 3/1/13 7/1/14 6/1/15
f 12/1/16 10/1/16 11/1/16
f 11/1/16 16/1/16 12/1/16
f 9/1/16 31/1/16 32/1/16
f 6/1/17 9/1/18 5/1/19
f 14/1/20 15/1/21 13/1/22
f 16/1/16 31/1/16 12/1/16
f 7/1/23 14/1/24 13/1/25
f 11/1/16 22/1/16 15/1/16
f 17/1/26 25/1/27 19/1/28
f 20/1/29 28/1/29 22/1/29
f 7/1/30 17/1/31 6/1/32
f 13/1/33 18/1/34 7/1/35
f 6/1/36 19/1/37 10/1/38
f 11/1/16 19/1/16 20/1/16
f 24/1/39 25/1/40 23/1/41
f 24/1/42 28/1/43 26/1/44
f 20/1/45 25/1/45 26/1/45
f 21/1/46 24/1/47 18/1/48
f 21/1/49 28/1/50 27/1/51
f 18/1/52 23/1/53 17/1/54
f 14/1/55 34/1/56 16/1/57
f 9/1/58 30/1/59 5/1/60
f 5/1/61 29/1/62 8/1/63
f 8/1/64 33/1/65 14/1/66
f 37/2/67 42/2/67 41/2/67
f 39/2/68 46/2/68 40/2/68
f 40/2/69 35/2/69 39/2/69
f 37/2/70 39/2/70 35/2/70
f 38/2/71 40/2/71 42/2/71
f 43/2/72 45/2/72 44/2/72
f 41/2/73 45/2/73 39/2/73
f 42/2/74 46/2/74 43/2/74
f 41/2/75 43/2/75 44/2/75
f 49/2/67 54/2/67 53/2/67
f 51/2/68 58/2/68 52/2/68
f 52/2/69 47/2/69 51/2/69
f 49/2/70 51/2/70 47/2/70
f 50/2/71 52/2/71 54/2/71
f 55/2/72 57/2/72 56/2/72
f 53/2/73 57/2/73 51/2/73
f 54/2/74 58/2/74 55/2/74
f 53/2/75 55/2/75 56/2/75
f 61/2/67 66/2/67 65/2/67
f 63/2/68 70/2/68 64/2/68
f 64/2/69 59/2/69 63/2/69
f 61/2/76 63/2/76 59/2/76
f 62/2/77 64/2/77 66/2/77
f 67/2/72 69/2/72 68/2/72
f 65/2/73 69/2/73 63/2/73
f 66/2/74 70/2/74 67/2/74
f 65/2/75 67/2/75 68/2/75
f 74/3/78 78/3/78 119/3/78
f 76/3/79 79/3/79 80/3/79
f 81/3/80 135/3/80 136/3/80
f 97/3/81 100/3/81 98/3/81
f 71/3/82 116/3/82 115/3/82
f 100/3/83 101/3/83 102/3/83
f 85/3/84 140/3/84 83/3/84
f 85/3/85 88/3/85 86/3/85
f 102/3/86 103/3/86 104/3/86
f 109/3/87 112/3/87 110/3/87
f 105/3/88 104/3/88 103/3/88
f 91/3/89 90/3/89 89/3/89
f 87/3/90 90/3/90 88/3/90
f 72/3/91 78/3/91 74/3/91
f 120/3/92 98/3/92 100/3/92
f 91/3/93 94/3/93 92/3/93
f 77/3/94 71/3/94 73/3/94
f 82/4/69 122/4/69 84/4/69
f 107/3/95 110/3/95 108/3/95
f 131/5/69 130/5/69 132/5/69
f 548/2/96 703/2/97 546/2/98
f 140/3/84 86/3/84 138/3/84
f 118/3/69 128/3/69 117/3/69
f 85/3/84 86/3/84 140/3/84
f 113/3/99 112/3/99 111/3/99
f 77/3/100 73/3/100 119/3/100
f 73/3/101 74/3/101 119/3/101
f 76/3/102 119/3/102 78/3/102
f 76/3/103 137/3/103 119/3/103
f 137/3/104 77/3/104 119/3/104
f 139/3/105 138/3/105 80/3/105
f 86/3/106 80/3/106 138/3/106
f 86/3/107 142/3/107 77/3/107
f 90/3/108 92/3/108 88/3/108
f 92/3/109 94/3/109 88/3/109
f 94/3/110 96/3/110 98/3/110
f 88/3/111 94/3/111 98/3/111
f 142/3/112 120/3/112 77/3/112
f 110/3/113 504/3/113 108/3/113
f 102/3/114 120/3/114 100/3/114
f 102/3/115 77/3/115 120/3/115
f 104/3/116 106/3/116 102/3/116
f 77/3/117 102/3/117 106/3/117
f 106/3/118 75/3/118 77/3/118
f 106/3/119 108/3/119 75/3/119
f 116/3/120 108/3/120 114/3/120
f 76/3/121 72/3/121 79/3/121
f 139/3/122 80/3/122 141/3/122
f 123/3/69 127/3/69 118/3/69
f 86/3/123 77/3/123 80/3/123
f 97/3/124 96/3/124 95/3/124
f 116/3/125 75/3/125 108/3/125
f 118/3/126 81/3/126 123/3/126
f 117/3/127 83/3/127 140/3/127
f 117/3/128 141/3/128 118/3/128
f 127/3/129 132/3/129 128/3/129
f 126/3/130 132/3/130 130/3/130
f 125/3/69 128/3/69 126/3/69
f 125/3/69 124/3/69 123/3/69
f 93/3/131 96/3/131 94/3/131
f 124/3/132 131/3/132 127/3/132
f 126/3/133 129/3/133 124/3/133
f 134/3/134 136/3/134 135/3/134
f 133/3/135 134/3/135 135/3/135
f 141/3/136 133/3/136 135/3/136
f 79/3/137 133/3/137 80/3/137
f 105/3/87 108/3/87 106/3/87
f 84/3/138 139/3/138 82/3/138
f 84/3/139 140/3/139 138/3/139
f 121/3/140 139/3/140 141/3/140
f 121/3/141 140/3/141 122/3/141
f 634/2/142 639/2/143 627/2/144
f 145/6/145 144/6/145 143/6/145
f 147/6/146 146/6/146 145/6/146
f 149/6/147 148/6/147 147/6/147
f 151/6/148 150/6/148 149/6/148
f 153/6/149 152/6/149 151/6/149
f 155/6/150 154/6/150 153/6/150
f 157/6/151 156/6/151 155/6/151
f 159/6/152 158/6/152 157/6/152
f 161/6/153 160/6/153 159/6/153
f 163/6/154 162/6/154 161/6/154
f 165/6/155 164/6/155 163/6/155
f 167/6/156 166/6/156 165/6/156
f 169/6/157 168/6/157 167/6/157
f 171/6/158 170/6/158 169/6/158
f 173/6/159 172/6/159 171/6/159
f 143/6/160 174/6/160 173/6/160
f 161/7/69 153/7/69 145/7/69
f 279/8/161 178/8/161 280/8/161
f 178/8/162 281/8/162 280/8/162
f 180/8/163 282/8/163 281/8/163
f 282/8/164 184/8/164 283/8/164
f 283/8/165 186/8/165 284/8/165
f 284/8/166 188/8/166 285/8/166
f 285/8/167 190/8/167 286/8/167
f 286/8/168 192/8/168 287/8/168
f 287/8/169 194/8/169 288/8/169
f 194/8/170 289/8/170 288/8/170
f 289/8/171 198/8/171 290/8/171
f 198/8/172 291/8/172 290/8/172
f 200/8/173 292/8/173 291/8/173
f 292/8/174 204/8/174 293/8/174
f 204/8/175 294/8/175 293/8/175
f 294/8/176 176/8/176 279/8/176
f 197/8/163 321/8/163 195/8/163
f 208/8/161 296/8/161 295/8/161
f 296/8/162 212/8/162 297/8/162
f 297/8/163 214/8/163 298/8/163
f 214/8/164 299/8/164 298/8/164
f 216/8/165 300/8/165 299/8/165
f 300/8/166 220/8/166 301/8/166
f 301/8/167 222/8/167 302/8/167
f 222/8/168 303/8/168 302/8/168
f 303/8/169 226/8/169 304/8/169
f 226/8/170 305/8/170 304/8/170
f 228/8/171 306/8/171 305/8/171
f 306/8/177 232/8/177 307/8/177
f 307/8/173 234/8/173 308/8/173
f 234/8/174 309/8/174 308/8/174
f 309/8/175 238/8/175 310/8/175
f 238/8/176 295/8/176 310/8/176
f 223/8/178 334/8/178 221/8/178
f 239/9/179 242/9/179 241/9/179
f 242/9/180 245/9/180 241/9/180
f 245/9/181 244/9/181 243/9/181
f 244/9/182 239/9/182 243/9/182
f 242/9/183 244/9/183 246/9/183
f 248/2/184 249/2/184 247/2/184
f 250/2/185 251/2/185 249/2/185
f 252/2/186 253/2/186 251/2/186
f 254/2/187 255/2/187 253/2/187
f 256/2/188 257/2/188 255/2/188
f 258/2/189 259/2/189 257/2/189
f 260/2/190 261/2/190 259/2/190
f 262/2/191 263/2/191 261/2/191
f 264/2/192 265/2/192 263/2/192
f 266/2/193 267/2/193 265/2/193
f 268/2/194 269/2/194 267/2/194
f 270/2/195 271/2/195 269/2/195
f 272/2/196 273/2/196 271/2/196
f 274/2/197 275/2/197 273/2/197
f 268/2/198 260/2/198 252/2/198
f 275/2/199 278/2/199 277/2/199
f 278/2/200 247/2/200 277/2/200
f 175/8/201 280/8/201 177/8/201
f 177/8/201 281/8/201 179/8/201
f 181/8/201 281/8/201 282/8/201
f 183/8/201 282/8/201 283/8/201
f 183/8/201 284/8/201 185/8/201
f 187/8/201 284/8/201 285/8/201
f 187/8/201 286/8/201 189/8/201
f 191/8/201 286/8/201 287/8/201
f 191/8/201 288/8/201 193/8/201
f 195/8/201 288/8/201 289/8/201
f 197/8/201 289/8/201 290/8/201
f 197/8/201 291/8/201 199/8/201
f 199/8/201 292/8/201 201/8/201
f 201/8/201 293/8/201 203/8/201
f 205/8/201 293/8/201 294/8/201
f 205/8/201 279/8/201 175/8/201
f 209/8/201 295/8/201 296/8/201
f 209/8/201 297/8/201 211/8/201
f 213/8/201 297/8/201 298/8/201
f 213/8/201 299/8/201 215/8/201
f 215/8/201 300/8/201 217/8/201
f 217/8/201 301/8/201 219/8/201
f 221/8/201 301/8/201 302/8/201
f 221/8/201 303/8/201 223/8/201
f 223/8/201 304/8/201 225/8/201
f 225/8/201 305/8/201 227/8/201
f 227/8/201 306/8/201 229/8/201
f 229/8/201 307/8/201 231/8/201
f 233/8/201 307/8/201 308/8/201
f 233/8/201 309/8/201 235/8/201
f 235/8/201 310/8/201 237/8/201
f 207/8/201 310/8/201 295/8/201
f 225/8/202 335/8/202 223/8/202
f 199/8/203 322/8/203 197/8/203
f 225/8/162 337/8/162 336/8/162
f 201/8/165 323/8/165 199/8/165
f 229/8/163 337/8/163 227/8/163
f 203/8/166 324/8/166 201/8/166
f 177/8/169 311/8/169 175/8/169
f 229/8/164 339/8/164 338/8/164
f 205/8/167 325/8/167 203/8/167
f 179/8/170 312/8/170 177/8/170
f 233/8/165 339/8/165 231/8/165
f 175/8/204 326/8/204 205/8/204
f 179/8/171 314/8/171 313/8/171
f 235/8/205 340/8/205 233/8/205
f 209/8/206 327/8/206 207/8/206
f 183/8/177 314/8/177 181/8/177
f 237/8/167 341/8/167 235/8/167
f 209/8/170 329/8/170 328/8/170
f 185/8/173 315/8/173 183/8/173
f 207/8/168 342/8/168 237/8/168
f 211/8/171 330/8/171 329/8/171
f 185/8/174 317/8/174 316/8/174
f 213/8/177 331/8/177 330/8/177
f 187/8/175 318/8/175 317/8/175
f 217/8/173 331/8/173 215/8/173
f 191/8/176 318/8/176 189/8/176
f 217/8/207 333/8/207 332/8/207
f 191/8/161 320/8/161 319/8/161
f 221/8/175 333/8/175 219/8/175
f 193/8/162 321/8/162 320/8/162
f 345/10/208 344/10/208 343/10/208
f 345/10/209 348/10/209 346/10/209
f 347/10/210 350/10/210 348/10/210
f 351/10/211 350/10/211 349/10/211
f 351/10/212 354/10/212 352/10/212
f 353/10/213 356/10/213 354/10/213
f 357/10/214 356/10/214 355/10/214
f 357/10/215 360/10/215 358/10/215
f 361/10/216 360/10/216 359/10/216
f 361/10/217 364/10/217 362/10/217
f 363/10/218 366/10/218 364/10/218
f 365/10/219 368/10/219 366/10/219
f 367/10/220 370/10/220 368/10/220
f 369/10/221 372/10/221 370/10/221
f 371/10/222 374/10/222 372/10/222
f 375/10/223 374/10/223 373/10/223
f 377/10/224 376/10/224 375/10/224
f 379/10/225 378/10/225 377/10/225
f 356/10/226 388/10/226 354/10/226
f 381/10/227 380/10/227 379/10/227
f 343/10/228 382/10/228 381/10/228
f 392/10/67 411/10/67 391/10/67
f 366/10/229 393/10/229 364/10/229
f 376/10/230 398/10/230 374/10/230
f 387/10/231 350/10/231 352/10/231
f 392/10/232 360/10/232 362/10/232
f 397/10/233 370/10/233 372/10/233
f 402/10/234 380/10/234 382/10/234
f 385/10/235 346/10/235 348/10/235
f 390/10/236 356/10/236 358/10/236
f 368/10/237 394/10/237 366/10/237
f 400/10/238 376/10/238 378/10/238
f 388/10/239 352/10/239 354/10/239
f 393/10/240 362/10/240 364/10/240
f 398/10/241 372/10/241 374/10/241
f 384/10/242 382/10/242 344/10/242
f 386/10/243 348/10/243 350/10/243
f 360/10/244 390/10/244 358/10/244
f 383/10/245 344/10/245 346/10/245
f 370/10/246 395/10/246 368/10/246
f 401/10/247 378/10/247 380/10/247
f 411/10/67 419/10/67 404/10/67
f 405/10/67 383/10/67 385/10/67
f 420/10/67 399/10/67 400/10/67
f 393/10/67 412/10/67 392/10/67
f 406/10/67 385/10/67 386/10/67
f 421/10/67 400/10/67 401/10/67
f 394/10/67 413/10/67 393/10/67
f 387/10/67 406/10/67 386/10/67
f 402/10/67 421/10/67 401/10/67
f 415/10/67 394/10/67 395/10/67
f 408/10/67 387/10/67 388/10/67
f 404/10/67 402/10/67 384/10/67
f 416/10/67 395/10/67 396/10/67
f 389/10/67 408/10/67 388/10/67
f 397/10/67 416/10/67 396/10/67
f 410/10/67 389/10/67 390/10/67
f 398/10/67 417/10/67 397/10/67
f 391/10/67 410/10/67 390/10/67
f 403/10/67 384/10/67 383/10/67
f 419/10/67 398/10/67 399/10/67
f 425/10/208 424/10/208 423/10/208
f 425/10/209 428/10/209 426/10/209
f 427/10/210 430/10/210 428/10/210
f 431/10/211 430/10/211 429/10/211
f 433/10/212 432/10/212 431/10/212
f 435/10/213 434/10/213 433/10/213
f 435/10/214 438/10/214 436/10/214
f 437/10/215 440/10/215 438/10/215
f 441/10/216 440/10/216 439/10/216
f 441/10/217 444/10/217 442/10/217
f 443/10/218 446/10/218 444/10/218
f 445/10/219 448/10/219 446/10/219
f 447/10/220 450/10/220 448/10/220
f 451/10/221 450/10/221 449/10/221
f 451/10/222 454/10/222 452/10/222
f 455/10/223 454/10/223 453/10/223
f 455/10/224 458/10/224 456/10/224
f 459/10/225 458/10/225 457/10/225
f 436/10/226 468/10/226 434/10/226
f 459/10/227 462/10/227 460/10/227
f 461/10/228 424/10/228 462/10/228
f 472/10/67 491/10/67 471/10/67
f 446/10/229 473/10/229 444/10/229
f 456/10/230 478/10/230 454/10/230
f 432/10/231 466/10/231 430/10/231
f 472/10/232 440/10/232 442/10/232
f 452/10/233 476/10/233 450/10/233
f 462/10/234 481/10/234 460/10/234
f 465/10/235 426/10/235 428/10/235
f 438/10/236 469/10/236 436/10/236
f 475/10/237 446/10/237 448/10/237
f 458/10/238 479/10/238 456/10/238
f 468/10/239 432/10/239 434/10/239
f 444/10/240 472/10/240 442/10/240
f 478/10/241 452/10/241 454/10/241
f 464/10/242 462/10/242 424/10/242
f 466/10/243 428/10/243 430/10/243
f 471/10/244 438/10/244 440/10/244
f 426/10/245 464/10/245 424/10/245
f 450/10/246 475/10/246 448/10/246
f 481/10/247 458/10/247 460/10/247
f 491/10/67 499/10/67 484/10/67
f 485/10/67 463/10/67 465/10/67
f 500/10/67 479/10/67 480/10/67
f 473/10/67 492/10/67 472/10/67
f 486/10/67 465/10/67 466/10/67
f 481/10/67 500/10/67 480/10/67
f 474/10/67 493/10/67 473/10/67
f 467/10/67 486/10/67 466/10/67
f 482/10/67 501/10/67 481/10/67
f 495/10/67 474/10/67 475/10/67
f 468/10/67 487/10/67 467/10/67
f 484/10/67 482/10/67 464/10/67
f 496/10/67 475/10/67 476/10/67
f 469/10/67 488/10/67 468/10/67
f 477/10/67 496/10/67 476/10/67
f 490/10/67 469/10/67 470/10/67
f 478/10/67 497/10/67 477/10/67
f 471/10/67 490/10/67 470/10/67
f 483/10/67 464/10/67 463/10/67
f 499/10/67 478/10/67 479/10/67
f 503/3/248 506/3/248 504/3/248
f 114/3/249 504/3/249 506/3/249
f 110/3/87 505/3/87 503/3/87
f 114/3/250 505/3/250 112/3/250
f 114/3/251 506/3/251 505/3/251
f 507/11/252 510/11/252 508/11/252
f 507/11/253 512/11/253 511/11/253
f 509/11/87 511/11/87 513/11/87
f 512/11/16 510/11/16 514/11/16
f 535/2/254 538/2/254 559/2/254
f 617/2/255 661/2/256 658/2/257
f 533/2/258 576/2/258 686/2/258
f 569/2/259 1184/2/260 1188/2/261
f 532/2/262 686/2/262 687/2/262
f 532/2/263 574/2/263 573/2/263
f 530/2/264 695/2/264 699/2/264
f 577/2/265 693/2/265 529/2/265
f 527/2/266 697/2/266 553/2/266
f 530/2/267 696/2/267 528/2/267
f 692/2/268 574/2/268 687/2/269
f 574/2/270 572/2/270 563/2/270
f 535/2/271 572/2/271 524/2/271
f 575/2/272 535/2/272 559/2/272
f 558/2/273 582/2/273 575/2/273
f 562/2/274 559/2/274 555/2/274
f 556/2/275 555/2/275 559/2/275
f 538/2/276 556/2/276 559/2/276
f 537/2/277 561/2/277 551/2/277
f 552/2/278 537/2/278 551/2/278
f 538/2/279 549/2/279 561/2/279
f 576/2/280 532/2/281 573/2/282
f 567/2/283 703/2/284 702/2/285
f 691/2/286 707/2/287 568/2/288
f 567/2/289 702/2/289 544/2/289
f 544/2/290 700/2/290 689/2/290
f 567/2/291 544/2/291 534/2/291
f 522/2/292 534/2/292 520/2/292
f 578/2/293 703/2/294 517/2/295
f 692/2/296 701/2/296 572/2/296
f 546/2/297 547/2/297 548/2/297
f 572/2/298 701/2/298 548/2/298
f 548/2/299 547/2/299 572/2/299
f 607/2/300 653/2/301 602/2/302
f 952/2/69 966/2/69 951/2/69
f 547/2/303 565/2/303 566/2/303
f 651/2/304 657/2/305 654/2/306
f 692/2/307 572/2/307 574/2/307
f 565/2/308 546/2/309 578/2/308
f 578/2/310 516/2/310 565/2/310
f 569/2/311 566/2/312 519/2/313
f 570/2/314 569/2/315 519/2/314
f 525/2/316 564/2/317 579/2/318
f 541/2/319 580/2/319 540/2/319
f 571/2/320 581/2/321 580/2/322
f 526/2/323 580/2/323 541/2/324
f 536/2/325 515/2/325 581/2/325
f 518/2/326 581/2/326 515/2/326
f 521/2/327 580/2/327 518/2/327
f 526/2/328 564/2/328 571/2/328
f 560/2/329 1190/2/330 564/2/331
f 572/2/332 1188/2/333 1187/2/334
f 524/2/335 560/2/335 535/2/335
f 571/2/336 1190/2/336 1189/2/336
f 582/2/273 557/2/273 543/2/273
f 557/2/337 584/2/337 583/2/337
f 558/2/273 575/2/273 559/2/273
f 549/2/338 525/2/338 542/2/338
f 542/2/339 579/2/339 554/2/339
f 526/2/340 554/2/340 579/2/340
f 543/2/341 584/2/341 559/2/341
f 558/2/342 559/2/342 584/2/342
f 543/2/343 557/2/343 583/2/343
f 573/2/344 585/2/344 587/2/344
f 573/2/345 588/2/345 576/2/345
f 586/2/346 574/2/346 563/2/346
f 589/2/347 563/2/347 575/2/347
f 590/2/348 575/2/348 582/2/348
f 688/2/349 591/2/349 689/2/349
f 114/3/350 115/3/351 116/3/352
f 544/2/353 593/2/353 534/2/353
f 594/2/354 534/2/354 593/2/354
f 592/2/355 686/2/355 576/2/355
f 592/2/356 576/2/356 591/2/356
f 593/2/357 591/2/357 576/2/357
f 594/2/358 593/2/358 576/2/358
f 556/2/359 597/2/359 555/2/359
f 537/2/360 596/2/360 595/2/360
f 555/2/361 599/2/361 562/2/361
f 537/2/362 598/2/362 556/2/362
f 538/2/363 560/2/363 525/2/363
f 620/2/364 644/2/364 623/2/364
f 88/3/365 142/3/366 86/3/367
f 618/2/368 614/2/368 661/2/368
f 609/2/369 649/2/369 656/2/369
f 617/2/370 614/2/370 618/2/370
f 659/2/371 617/2/371 658/2/371
f 616/2/372 612/2/372 614/2/372
f 613/2/373 616/2/373 615/2/373
f 612/2/374 638/2/374 614/2/374
f 614/2/375 638/2/375 662/2/375
f 615/2/376 616/2/377 659/2/378
f 659/2/379 648/2/379 657/2/379
f 657/2/380 620/2/380 609/2/380
f 620/2/381 660/2/381 644/2/381
f 643/2/382 667/2/382 642/2/382
f 647/2/383 644/2/383 628/2/383
f 641/2/384 644/2/384 640/2/384
f 641/2/385 623/2/385 644/2/385
f 646/2/386 622/2/386 636/2/386
f 637/2/387 636/2/387 622/2/387
f 623/2/388 634/2/388 610/2/388
f 591/2/389 544/2/390 689/2/391
f 652/2/392 630/2/393 653/2/394
f 612/2/395 653/2/396 630/2/397
f 652/2/398 629/2/398 630/2/398
f 612/2/399 629/2/399 638/2/399
f 652/2/400 619/2/400 629/2/400
f 605/2/401 652/2/401 607/2/401
f 572/2/402 566/2/403 569/2/404
f 615/2/405 657/2/405 613/2/405
f 631/2/406 632/2/406 650/2/406
f 657/2/407 633/2/407 613/2/407
f 633/2/408 657/2/408 632/2/408
f 663/2/409 602/2/410 653/2/411
f 631/2/412 653/2/413 633/2/414
f 653/2/415 613/2/416 633/2/417
f 632/2/418 651/2/418 650/2/418
f 615/2/419 659/2/420 657/2/421
f 650/2/422 663/2/422 631/2/423
f 663/2/424 650/2/424 601/2/424
f 651/2/425 601/2/425 650/2/425
f 654/2/426 604/2/427 651/2/428
f 655/2/429 604/2/429 654/2/430
f 649/2/431 610/2/431 664/2/431
f 626/2/432 625/2/432 665/2/432
f 656/2/433 666/2/433 621/2/433
f 665/2/434 611/2/434 626/2/434
f 621/2/435 600/2/435 608/2/435
f 603/2/436 666/2/436 665/2/436
f 606/2/437 665/2/437 625/2/437
f 611/2/438 649/2/438 664/2/438
f 654/2/439 657/2/440 656/2/441
f 655/2/442 621/2/442 608/2/442
f 609/2/443 620/2/443 645/2/443
f 657/2/444 609/2/445 656/2/445
f 667/2/446 628/2/446 642/2/446
f 642/2/447 669/2/447 643/2/447
f 643/2/448 644/2/448 660/2/448
f 634/2/449 627/2/449 610/2/449
f 627/2/450 664/2/450 610/2/450
f 611/2/451 664/2/451 639/2/451
f 669/2/452 628/2/452 644/2/452
f 643/2/453 669/2/453 644/2/453
f 628/2/454 668/2/454 642/2/454
f 672/2/455 659/2/455 658/2/455
f 661/2/456 672/2/456 658/2/456
f 648/2/457 670/2/457 671/2/457
f 660/2/458 671/2/458 674/2/458
f 660/2/459 675/2/459 667/2/459
f 638/2/460 677/2/460 662/2/460
f 638/2/461 629/2/461 676/2/461
f 676/2/462 629/2/462 678/2/462
f 629/2/463 619/2/463 678/2/463
f 679/2/464 619/2/464 605/2/464
f 614/2/465 677/2/465 661/2/465
f 677/2/466 676/2/466 661/2/466
f 678/2/467 661/2/467 676/2/467
f 679/2/468 661/2/468 678/2/468
f 682/2/469 641/2/469 640/2/469
f 622/2/470 681/2/470 637/2/470
f 684/2/471 640/2/471 647/2/471
f 683/2/472 622/2/472 641/2/472
f 663/2/473 653/2/474 631/2/475
f 621/2/476 654/2/477 656/2/476
f 623/2/478 645/2/478 620/2/478
f 541/2/479 625/2/479 626/2/479
f 550/2/480 634/2/480 549/2/480
f 561/2/481 634/2/481 646/2/481
f 561/2/482 636/2/482 551/2/482
f 551/2/483 637/2/483 552/2/483
f 543/2/484 647/2/484 628/2/484
f 521/2/485 625/2/485 540/2/485
f 541/2/486 611/2/486 526/2/486
f 543/2/487 667/2/487 582/2/487
f 554/2/488 635/2/488 550/2/488
f 554/2/489 611/2/489 639/2/489
f 586/2/490 670/2/490 585/2/490
f 585/2/491 672/2/491 587/2/491
f 588/2/492 672/2/492 673/2/492
f 589/2/493 671/2/493 586/2/493
f 589/2/494 675/2/494 674/2/494
f 590/2/495 667/2/495 675/2/495
f 588/2/496 661/2/496 576/2/496
f 594/2/497 661/2/497 679/2/497
f 595/2/498 681/2/498 680/2/498
f 595/2/499 683/2/499 598/2/499
f 597/2/500 683/2/500 682/2/500
f 599/2/501 682/2/501 684/2/501
f 596/2/502 637/2/502 681/2/502
f 599/2/503 647/2/503 562/2/503
f 525/2/504 560/2/505 564/2/504
f 526/2/506 571/2/507 580/2/506
f 565/2/508 516/2/508 566/2/508
f 516/2/509 685/2/509 566/2/509
f 566/2/510 685/2/510 519/2/510
f 571/2/511 536/2/512 581/2/511
f 531/2/513 686/2/513 529/2/513
f 529/2/514 688/2/514 577/2/514
f 577/2/515 689/2/515 553/2/515
f 553/2/516 700/2/516 527/2/516
f 527/2/517 701/2/517 528/2/517
f 530/2/518 701/2/518 692/2/518
f 531/2/519 692/2/519 687/2/519
f 695/12/520 694/12/520 696/12/520
f 696/2/521 699/2/521 695/2/521
f 694/2/522 693/2/522 697/2/522
f 693/2/523 698/2/523 697/2/523
f 528/2/267 694/2/267 527/2/267
f 577/2/524 697/2/524 698/2/524
f 531/2/525 693/2/525 695/2/525
f 691/2/526 700/2/527 690/2/528
f 690/2/529 702/2/530 545/2/531
f 568/2/532 702/2/533 703/2/534
f 568/2/535 701/2/536 691/2/537
f 706/13/538 705/13/539 704/13/540
f 545/2/541 704/2/542 690/2/543
f 545/2/544 707/2/545 706/2/546
f 691/2/547 704/2/548 705/2/549
f 741/14/550 738/14/550 740/14/550
f 739/14/551 736/14/551 738/14/551
f 737/14/552 734/14/552 736/14/552
f 766/14/553 765/14/553 764/14/553
f 733/14/554 730/14/554 732/14/554
f 762/14/555 761/14/555 760/14/555
f 760/14/556 759/14/556 758/14/556
f 757/14/557 754/14/557 756/14/557
f 758/14/558 757/14/558 756/14/558
f 722/14/559 721/14/559 720/14/559
f 720/14/560 719/14/560 718/14/560
f 751/14/561 748/14/561 750/14/561
f 768/14/562 767/14/562 766/14/562
f 747/14/563 744/14/563 746/14/563
f 770/14/564 769/14/564 768/14/564
f 708/14/565 771/14/565 770/14/565
f 958/2/198 959/2/198 957/2/198
f 710/14/566 709/14/566 708/14/566
f 712/14/567 711/14/567 710/14/567
f 735/14/568 732/14/568 734/14/568
f 764/14/569 763/14/569 762/14/569
f 731/14/570 728/14/570 730/14/570
f 969/2/571 966/2/571 965/2/571
f 969/2/572 968/2/572 972/2/572
f 724/14/573 723/14/573 722/14/573
f 755/14/574 752/14/574 754/14/574
f 718/14/575 717/14/575 716/14/575
f 716/14/576 715/14/576 714/14/576
f 749/14/577 746/14/577 748/14/577
f 714/14/578 713/14/578 712/14/578
f 745/14/579 742/14/579 744/14/579
f 743/14/580 740/14/580 742/14/580
f 809/14/581 806/14/581 808/14/581
f 835/14/582 832/14/582 834/14/582
f 826/14/583 825/14/583 824/14/583
f 819/14/584 816/14/584 818/14/584
f 827/14/585 828/14/585 829/14/585
f 777/14/586 778/14/586 779/14/586
f 797/14/587 794/14/587 796/14/587
f 799/14/588 800/14/588 801/14/588
f 789/14/589 786/14/589 788/14/589
f 779/14/590 780/14/590 781/14/590
f 791/14/591 788/14/591 790/14/591
f 825/14/592 822/14/592 824/14/592
f 793/14/593 790/14/593 792/14/593
f 823/14/594 820/14/594 822/14/594
f 807/14/580 804/14/580 806/14/580
f 727/14/595 724/14/595 726/14/595
f 805/14/596 802/14/596 804/14/596
f 773/14/565 834/14/565 772/14/565
f 817/14/597 814/14/597 816/14/597
f 819/14/598 820/14/598 821/14/598
f 783/14/599 780/14/599 782/14/599
f 793/14/600 794/14/600 795/14/600
f 831/14/601 828/14/601 830/14/601
f 797/14/602 798/14/602 799/14/602
f 813/14/603 810/14/603 812/14/603
f 814/14/604 813/14/604 812/14/604
f 831/14/605 832/14/605 833/14/605
f 785/14/606 782/14/606 784/14/606
f 787/14/607 784/14/607 786/14/607
f 777/14/608 774/14/608 776/14/608
f 775/14/609 772/14/609 774/14/609
f 803/14/610 800/14/610 802/14/610
f 836/14/611 774/14/611 772/14/611
f 854/14/611 806/14/611 853/14/611
f 864/14/611 826/14/611 863/14/611
f 850/14/611 798/14/611 849/14/611
f 865/14/611 832/14/611 830/14/611
f 867/14/611 832/14/611 866/14/611
f 842/14/611 786/14/611 784/14/611
f 862/14/611 822/14/611 861/14/611
f 850/14/611 802/14/611 800/14/611
f 843/14/611 788/14/611 786/14/611
f 836/14/611 834/14/611 867/14/611
f 864/14/611 830/14/611 828/14/611
f 858/14/611 814/14/611 857/14/611
f 855/14/611 812/14/611 810/14/611
f 847/14/611 796/14/611 794/14/611
f 852/14/611 802/14/611 851/14/611
f 857/14/611 812/14/611 856/14/611
f 840/14/611 782/14/611 780/14/611
f 861/14/611 820/14/611 860/14/611
f 840/14/611 778/14/611 839/14/611
f 845/14/611 792/14/611 790/14/611
f 860/14/611 818/14/611 859/14/611
f 910/14/611 756/14/611 909/14/611
f 839/14/611 776/14/611 838/14/611
f 862/14/611 826/14/611 824/14/611
f 852/14/611 806/14/611 804/14/611
f 849/14/611 796/14/611 848/14/611
f 776/14/611 837/14/611 838/14/611
f 842/14/611 782/14/611 841/14/611
f 859/14/611 816/14/611 858/14/611
f 844/14/611 790/14/611 788/14/611
f 846/14/611 794/14/611 792/14/611
f 869/14/612 838/14/612 1038/14/612
f 1006/14/613 1118/14/613 1007/14/613
f 1130/14/614 1020/14/614 1019/14/614
f 973/14/615 916/14/615 1004/14/615
f 836/14/615 1051/14/615 868/14/615
f 870/14/616 839/14/616 869/14/616
f 878/14/617 857/14/617 1048/14/617
f 1037/14/618 836/14/618 868/14/618
f 1048/14/619 856/14/619 877/14/619
f 1002/14/620 913/14/620 1001/14/620
f 1155/14/621 925/14/621 924/14/621
f 848/14/622 1043/14/622 873/14/622
f 876/14/623 852/14/623 1045/14/623
f 841/14/624 870/14/624 871/14/624
f 991/14/625 904/14/625 903/14/625
f 1043/14/626 846/14/626 1042/14/626
f 957/2/627 963/2/627 961/2/627
f 969/2/69 971/2/69 970/2/69
f 1039/14/628 842/14/628 872/14/628
f 881/14/629 862/14/629 880/14/629
f 1050/14/621 859/14/621 1049/14/621
f 1128/14/620 1018/14/620 1017/14/620
f 993/14/619 906/14/619 905/14/619
f 976/14/616 889/14/616 888/14/616
f 1010/14/617 1122/14/617 1011/14/617
f 1154/14/630 924/14/630 923/14/630
f 950/2/631 956/2/631 952/2/631
f 1124/14/632 1014/14/632 1013/14/632
f 1145/14/633 1035/14/633 1034/14/633
f 986/14/634 897/14/634 985/14/634
f 882/14/635 863/14/635 881/14/635
f 875/14/633 849/14/633 874/14/633
f 897/14/611 734/14/611 732/14/611
f 911/14/611 758/14/611 910/14/611
f 901/14/611 742/14/611 740/14/611
f 893/14/611 722/14/611 892/14/611
f 914/14/611 768/14/611 766/14/611
f 912/14/611 764/14/611 762/14/611
f 718/14/611 889/14/611 890/14/611
f 899/14/611 734/14/611 898/14/611
f 894/14/611 724/14/611 893/14/611
f 950/2/198 951/2/198 949/2/198
f 894/14/611 728/14/611 726/14/611
f 766/14/611 913/14/611 914/14/611
f 888/14/611 712/14/611 887/14/611
f 730/14/611 895/14/611 896/14/611
f 738/14/611 899/14/611 900/14/611
f 908/14/611 756/14/611 754/14/611
f 885/14/611 710/14/611 708/14/611
f 907/14/611 750/14/611 906/14/611
f 896/14/611 732/14/611 730/14/611
f 903/14/611 746/14/611 744/14/611
f 890/14/611 720/14/611 718/14/611
f 885/14/611 770/14/611 916/14/611
f 901/14/611 738/14/611 900/14/611
f 907/14/611 754/14/611 752/14/611
f 887/14/611 710/14/611 886/14/611
f 905/14/611 746/14/611 904/14/611
f 911/14/611 762/14/611 760/14/611
f 902/14/611 744/14/611 742/14/611
f 892/14/611 720/14/611 891/14/611
f 915/14/611 770/14/611 768/14/611
f 906/14/611 748/14/611 905/14/611
f 888/14/611 716/14/611 714/14/611
f 935/14/612 1167/14/612 936/14/612
f 992/14/636 905/14/636 904/14/636
f 998/14/632 909/14/632 997/14/632
f 980/14/628 891/14/628 979/14/628
f 873/14/634 849/14/634 848/14/634
f 891/14/637 978/14/637 979/14/637
f 982/14/638 893/14/638 981/14/638
f 1001/14/635 912/14/635 1000/14/635
f 908/14/630 995/14/630 996/14/630
f 996/14/621 909/14/621 908/14/621
f 976/14/612 887/14/612 975/14/612
f 960/2/639 962/2/639 964/2/639
f 984/14/626 895/14/626 983/14/626
f 1168/14/624 938/14/624 937/14/624
f 861/14/632 1050/14/632 879/14/632
f 982/14/640 895/14/640 894/14/640
f 1162/14/614 932/14/614 931/14/614
f 918/14/613 1150/14/613 919/14/613
f 1138/14/628 1028/14/628 1027/14/628
f 990/14/623 901/14/623 989/14/623
f 884/14/614 867/14/614 866/14/614
f 989/14/641 900/14/641 988/14/641
f 919/14/625 1151/14/625 920/14/625
f 871/14/637 842/14/637 841/14/637
f 1044/14/642 850/14/642 875/14/642
f 1003/14/614 916/14/614 915/14/614
f 986/14/633 899/14/633 898/14/633
f 950/2/67 953/2/67 954/2/67
f 1002/14/643 915/14/643 914/14/643
f 927/14/629 1159/14/629 928/14/629
f 995/14/617 906/14/617 994/14/617
f 844/14/644 1039/14/644 1040/14/644
f 878/14/630 859/14/630 858/14/630
f 549/2/645 554/2/646 550/2/647
f 567/2/648 517/2/649 703/2/650
f 1136/14/624 1026/14/624 1025/14/624
f 1161/14/643 931/14/643 930/14/643
f 985/14/622 896/14/622 984/14/622
f 1116/15/651 1115/15/651 1084/15/651
f 949/2/652 955/2/652 953/2/652
f 960/2/653 963/2/653 959/2/653
f 846/14/640 1041/14/640 1042/14/640
f 1047/14/625 854/14/625 1046/14/625
f 729/14/654 726/14/654 728/14/654
f 956/2/655 955/2/655 967/2/655
f 955/2/69 951/2/69 966/2/69
f 965/2/69 952/2/69 956/2/69
f 958/2/656 961/2/656 962/2/656
f 970/2/657 967/2/657 966/2/657
f 753/14/658 750/14/658 752/14/658
f 940/14/198 995/14/198 939/14/198
f 1036/14/198 884/14/198 1035/14/198
f 880/14/198 1032/14/198 881/14/198
f 1008/14/198 1038/14/198 1007/14/198
f 984/14/198 927/14/198 928/14/198
f 934/14/198 989/14/198 933/14/198
f 876/14/198 1021/14/198 1022/14/198
f 973/14/198 948/14/198 917/14/198
f 1010/14/198 870/14/198 1009/14/198
f 941/14/198 996/14/198 940/14/198
f 979/14/198 922/14/198 923/14/198
f 986/14/198 929/14/198 930/14/198
f 884/14/198 1034/14/198 1035/14/198
f 989/14/198 932/14/198 933/14/198
f 975/14/198 918/14/198 919/14/198
f 983/14/198 926/14/198 927/14/198
f 931/14/198 986/14/198 930/14/198
f 943/14/198 998/14/198 942/14/198
f 985/14/198 928/14/198 929/14/198
f 939/14/198 994/14/198 938/14/198
f 935/14/198 990/14/198 934/14/198
f 992/14/198 935/14/198 936/14/198
f 937/14/198 992/14/198 936/14/198
f 1030/14/198 1050/14/198 1029/14/198
f 981/14/198 924/14/198 925/14/198
f 948/14/198 1003/14/198 947/14/198
f 977/14/198 920/14/198 921/14/198
f 878/14/198 1026/14/198 1027/14/198
f 874/14/198 1017/14/198 1018/14/198
f 1017/14/198 1043/14/198 1016/14/198
f 980/14/198 923/14/198 924/14/198
f 974/14/198 917/14/198 918/14/198
f 940/14/644 1172/14/644 941/14/644
f 1034/14/198 882/14/198 1033/14/198
f 854/14/611 810/14/611 808/14/611
f 872/14/198 1010/14/198 1011/14/198
f 868/14/198 1036/14/198 1005/14/198
f 1040/14/198 1012/14/198 1013/14/198
f 1028/14/198 878/14/198 1027/14/198
f 1019/14/198 874/14/198 1018/14/198
f 1020/14/198 875/14/198 1019/14/198
f 1029/14/198 1049/14/198 1028/14/198
f 994/14/198 937/14/198 938/14/198
f 945/14/198 1000/14/198 944/14/198
f 988/14/198 931/14/198 932/14/198
f 1021/14/198 1044/14/198 1020/14/198
f 1006/14/198 868/14/198 1005/14/198
f 997/14/198 942/14/198 998/14/198
f 976/14/198 919/14/198 920/14/198
f 1002/14/198 945/14/198 946/14/198
f 1041/14/198 1013/14/198 1014/14/198
f 880/14/198 1030/14/198 1031/14/198
f 947/14/198 1002/14/198 946/14/198
f 1025/14/198 1047/14/198 1024/14/198
f 978/14/198 921/14/198 922/14/198
f 1048/14/198 1025/14/198 1026/14/198
f 1016/14/198 1042/14/198 1015/14/198
f 882/14/198 1032/14/198 1033/14/198
f 1012/14/198 872/14/198 1011/14/198
f 999/14/198 944/14/198 1000/14/198
f 982/14/198 925/14/198 926/14/198
f 870/14/198 1008/14/198 1009/14/198
f 1042/14/198 1014/14/198 1015/14/198
f 1038/14/198 1006/14/198 1007/14/198
f 1046/14/198 1022/14/198 1023/14/198
f 1066/16/198 1180/16/198 1067/16/198
f 1095/17/198 1181/17/198 1096/17/198
f 1127/14/635 1017/14/635 1016/14/635
f 1144/14/634 1034/14/634 1033/14/634
f 928/14/635 1160/14/635 929/14/635
f 1046/14/613 853/14/613 876/14/613
f 938/14/637 1170/14/637 939/14/637
f 947/14/642 1179/14/642 948/14/642
f 1132/14/618 1022/14/618 1021/14/618
f 1157/14/659 927/14/659 926/14/659
f 1045/14/641 851/14/641 1044/14/641
f 866/14/643 883/14/643 884/14/643
f 1179/14/641 917/14/641 948/14/641
f 974/14/660 887/14/660 886/14/660
f 1160/14/620 930/14/620 929/14/620
f 1163/14/615 933/14/615 932/14/615
f 1140/14/638 1030/14/638 1029/14/638
f 1135/14/616 1025/14/616 1024/14/616
f 1147/14/641 1005/14/641 1036/14/641
f 991/14/613 902/14/613 990/14/613
f 1164/14/618 934/14/618 933/14/618
f 1142/14/626 1032/14/626 1031/14/626
f 1018/14/643 1130/14/643 1019/14/643
f 1139/14/644 1029/14/644 1028/14/644
f 1143/14/622 1033/14/622 1032/14/622
f 1040/14/638 845/14/638 844/14/638
f 1167/14/616 937/14/616 936/14/616
f 1153/14/617 923/14/617 922/14/617
f 1137/14/637 1027/14/637 1026/14/637
f 1116/14/623 1006/14/623 1005/14/623
f 1014/14/659 1126/14/659 1015/14/659
f 1177/14/633 947/14/633 946/14/633
f 1122/14/630 1012/14/630 1011/14/630
f 1170/14/628 940/14/628 939/14/628
f 1133/14/660 1023/14/660 1022/14/660
f 1037/14/660 838/14/660 837/14/660
f 1141/14/640 1031/14/640 1030/14/640
f 1148/14/623 918/14/623 917/14/623
f 999/14/629 912/14/629 911/14/629
f 1118/14/625 1008/14/625 1007/14/625
f 944/14/622 1176/14/622 945/14/622
f 1134/14/612 1024/14/612 1023/14/612
f 1151/14/636 921/14/636 920/14/636
f 1165/14/660 935/14/660 934/14/660
f 1035/14/642 1147/14/642 1036/14/642
f 883/14/620 864/14/620 882/14/620
f 811/14/661 808/14/661 810/14/661
f 1123/14/621 1013/14/621 1012/14/621
f 943/14/626 1175/14/626 944/14/626
f 998/14/659 911/14/659 910/14/659
f 980/14/644 893/14/644 892/14/644
f 1173/14/638 941/14/638 1172/14/638
f 945/14/634 1177/14/634 946/14/634
f 1120/14/619 1010/14/619 1009/14/619
f 988/14/642 899/14/642 987/14/642
f 942/14/640 1174/14/640 943/14/640
f 880/14/659 861/14/659 879/14/659
f 1152/14/619 922/14/619 921/14/619
f 890/14/624 977/14/624 978/14/624
f 1131/14/615 1021/14/615 1020/14/615
f 1119/14/636 1009/14/636 1008/14/636
f 877/14/636 855/14/636 1047/14/636
f 1156/14/632 926/14/632 925/14/632
f 973/14/618 886/14/618 885/14/618
f 1094/15/662 1125/15/662 1093/15/662
f 1147/15/663 1114/15/663 1115/15/663
f 1159/18/664 1062/18/664 1063/18/664
f 1113/15/665 1144/15/665 1112/15/665
f 1144/15/666 1111/15/666 1112/15/666
f 1170/18/667 1073/18/667 1074/18/667
f 1068/18/668 1163/18/668 1067/18/668
f 1104/15/669 1135/15/669 1103/15/669
f 1177/18/665 1080/18/665 1081/18/665
f 1107/15/670 1138/15/670 1106/15/670
f 1110/15/671 1141/15/671 1109/15/671
f 1047/14/198 1023/14/198 1024/14/198
f 1150/18/672 1053/18/672 1054/18/672
f 1064/18/673 1159/18/673 1063/18/673
f 1151/18/674 1056/18/674 1152/18/674
f 1133/15/675 1100/15/675 1101/15/675
f 1118/15/672 1085/15/672 1086/15/672
f 1157/18/676 1060/18/676 1061/18/676
f 1160/18/677 1065/18/677 1161/18/677
f 1109/15/678 1140/15/678 1108/15/678
f 1096/15/673 1127/15/673 1095/15/673
f 1122/15/679 1089/15/679 1090/15/679
f 1089/15/680 1120/15/680 1088/15/680
f 1179/18/663 1082/18/663 1083/18/663
f 1057/18/680 1152/18/680 1056/18/680
f 1123/15/681 1090/15/681 1091/15/681
f 1171/18/670 1074/18/670 1075/18/670
f 1111/15/682 1142/15/682 1110/15/682
f 1129/15/677 1096/15/677 1097/15/677
f 1150/18/683 1055/18/683 1151/18/683
f 1137/15/684 1104/15/684 1105/15/684
f 1085/15/685 1116/15/685 1084/15/685
f 1148/18/651 1083/18/651 1052/18/651
f 1067/18/686 1162/18/686 1066/18/686
f 1060/18/687 1155/18/687 1059/18/687
f 1130/15/688 1097/15/688 1098/15/688
f 1120/15/674 1087/15/674 1088/15/674
f 1059/18/681 1154/18/681 1058/18/681
f 1134/15/689 1103/15/689 1135/15/689
f 1093/15/676 1124/15/676 1092/15/676
f 1167/18/689 1070/18/689 1071/18/689
f 1079/18/682 1174/18/682 1078/18/682
f 1162/18/688 1065/18/688 1066/18/688
f 1053/18/685 1148/18/685 1052/18/685
f 1072/18/669 1167/18/669 1071/18/669
f 1174/18/671 1077/18/671 1078/18/671
f 1169/18/684 1072/18/684 1073/18/684
f 1058/18/679 1153/18/679 1057/18/679
f 1095/15/664 1126/15/664 1094/15/664
f 1140/15/690 1107/15/690 1108/15/690
f 1171/18/690 1076/18/690 1172/18/690
f 1099/15/686 1130/15/686 1098/15/686
f 1100/15/668 1131/15/668 1099/15/668
f 1164/18/675 1069/18/675 1165/18/675
f 1062/18/662 1157/18/662 1061/18/662
f 1087/15/683 1118/15/683 1086/15/683
f 1176/18/666 1079/18/666 1080/18/666
f 1145/15/691 1114/15/691 1146/15/691
f 1138/15/667 1105/15/667 1106/15/667
f 1124/15/687 1091/15/687 1092/15/687
f 1070/18/692 1165/18/692 1069/18/692
f 1102/15/692 1133/15/692 1101/15/692
f 1173/18/678 1076/18/678 1077/18/678
f 1082/18/691 1177/18/691 1081/18/691
f 1053/16/198 1180/16/198 1054/16/198
f 1080/16/198 1180/16/198 1081/16/198
f 1067/16/198 1180/16/198 1068/16/198
f 1054/16/198 1180/16/198 1055/16/198
f 1081/16/198 1180/16/198 1082/16/198
f 1068/16/198 1180/16/198 1069/16/198
f 1055/16/198 1180/16/198 1056/16/198
f 1082/16/198 1180/16/198 1083/16/198
f 1069/16/198 1180/16/198 1070/16/198
f 1056/16/198 1180/16/198 1057/16/198
f 1083/16/198 1180/16/198 1052/16/198
f 1070/16/198 1180/16/198 1071/16/198
f 1057/16/198 1180/16/198 1058/16/198
f 1071/16/198 1180/16/198 1072/16/198
f 1058/16/198 1180/16/198 1059/16/198
f 1072/16/198 1180/16/198 1073/16/198
f 1059/16/198 1180/16/198 1060/16/198
f 1073/16/198 1180/16/198 1074/16/198
f 1060/16/198 1180/16/198 1061/16/198
f 1074/16/198 1180/16/198 1075/16/198
f 1061/16/198 1180/16/198 1062/16/198
f 1075/16/198 1180/16/198 1076/16/198
f 1062/16/198 1180/16/198 1063/16/198
f 1076/16/198 1180/16/198 1077/16/198
f 1063/16/198 1180/16/198 1064/16/198
f 1077/16/198 1180/16/198 1078/16/198
f 1064/16/198 1180/16/198 1065/16/198
f 1078/16/198 1180/16/198 1079/16/198
f 1065/16/198 1180/16/198 1066/16/198
f 1052/16/198 1180/16/198 1053/16/198
f 1079/16/198 1180/16/198 1080/16/198
f 1109/17/198 1181/17/198 1110/17/198
f 1096/17/198 1181/17/198 1097/17/198
f 1110/17/198 1181/17/198 1111/17/198
f 1097/17/198 1181/17/198 1098/17/198
f 1084/17/198 1181/17/198 1085/17/198
f 1111/17/198 1181/17/198 1112/17/198
f 1098/17/198 1181/17/198 1099/17/198
f 1085/17/198 1181/17/198 1086/17/198
f 1112/17/198 1181/17/198 1113/17/198
f 1099/17/198 1181/17/198 1100/17/198
f 1086/17/198 1181/17/198 1087/17/198
f 1113/17/198 1181/17/198 1114/17/198
f 1100/17/198 1181/17/198 1101/17/198
f 1087/17/198 1181/17/198 1088/17/198
f 1114/17/198 1181/17/198 1115/17/198
f 1101/17/198 1181/17/198 1102/17/198
f 1088/17/198 1181/17/198 1089/17/198
f 1115/17/198 1181/17/198 1084/17/198
f 1102/17/198 1181/17/198 1103/17/198
f 1089/17/198 1181/17/198 1090/17/198
f 1103/17/198 1181/17/198 1104/17/198
f 1090/17/198 1181/17/198 1091/17/198
f 1104/17/198 1181/17/198 1105/17/198
f 1091/17/198 1181/17/198 1092/17/198
f 1105/17/198 1181/17/198 1106/17/198
f 1092/17/198 1181/17/198 1093/17/198
f 1106/17/198 1181/17/198 1107/17/198
f 1093/17/198 1181/17/198 1094/17/198
f 1107/17/198 1181/17/198 1108/17/198
f 1094/17/198 1181/17/198 1095/17/198
f 1108/17/198 1181/17/198 1109/17/198
f 956/2/655 967/2/655 968/2/655
f 955/2/69 966/2/69 967/2/69
f 965/2/69 956/2/69 968/2/69
f 1126/14/629 1016/14/629 1015/14/629
f 105/3/693 106/3/694 104/3/694
f 102/3/86 101/3/86 103/3/86
f 1183/19/695 1190/19/695 1182/19/695
f 1188/19/696 1189/19/697 1187/19/698
f 1184/19/699 1186/19/699 1185/19/699
f 1187/19/700 1189/19/701 1183/19/701
f 1185/19/702 1188/19/703 1184/19/702
f 524/2/704 1187/2/704 1183/2/704
f 524/2/705 1182/2/705 560/2/705
f 571/2/706 1185/2/707 536/2/708
f 536/2/709 1186/2/709 523/2/709
f 1192/1/710 1196/1/711 1193/1/712
f 1211/1/713 1205/1/714 1203/1/715
f 1198/1/716 1192/1/717 1191/1/718
f 1197/1/719 1191/1/720 1194/1/721
f 1193/1/722 1197/1/723 1194/1/724
f 1202/1/16 1200/1/16 1199/1/16
f 1206/1/16 1201/1/16 1202/1/16
f 1199/1/16 31/1/16 1202/1/16
f 1199/1/725 1196/1/726 1195/1/727
f 1205/1/728 1204/1/729 1203/1/730
f 31/1/16 1206/1/16 1202/1/16
f 1197/1/731 1204/1/732 1198/1/733
f 1212/1/16 1201/1/16 1205/1/16
f 1215/1/734 1207/1/735 1209/1/736
f 1218/1/737 1210/1/737 1212/1/737
f 1207/1/738 1197/1/739 1196/1/740
f 1208/1/741 1203/1/733 1197/1/742
f 1209/1/743 1196/1/744 1200/1/745
f 1201/1/16 1209/1/16 1200/1/16
f 1215/1/746 1214/1/747 1213/1/748
f 1218/1/749 1214/1/750 1216/1/751
f 1210/1/752 1215/1/752 1209/1/752
f 1214/1/753 1211/1/754 1208/1/755
f 1211/1/756 1218/1/757 1212/1/758
f 1213/1/759 1208/1/760 1207/1/761
f 34/1/762 1204/1/763 1206/1/764
f 30/1/765 1199/1/766 1195/1/767
f 29/1/768 1195/1/769 1198/1/770
f 33/1/771 1198/1/772 1204/1/773
f 37/2/67 1222/2/67 38/2/67
f 1226/2/774 1219/2/774 1220/2/774
f 35/2/69 1220/2/69 1219/2/69
f 37/2/775 1219/2/775 1221/2/775
f 1220/2/776 38/2/776 1222/2/776
f 1225/2/777 1223/2/777 1224/2/777
f 1225/2/778 1221/2/778 1219/2/778
f 1222/2/779 1226/2/779 1220/2/779
f 1221/2/780 1223/2/780 1222/2/780
f 49/2/67 1230/2/67 50/2/67
f 1234/2/774 1227/2/774 1228/2/774
f 47/2/69 1228/2/69 1227/2/69
f 49/2/775 1227/2/775 1229/2/775
f 1228/2/776 50/2/776 1230/2/776
f 1233/2/777 1231/2/777 1232/2/777
f 1233/2/778 1229/2/778 1227/2/778
f 1230/2/779 1234/2/779 1228/2/779
f 1229/2/780 1231/2/780 1230/2/780
f 61/2/67 1238/2/67 62/2/67
f 1242/2/774 1235/2/774 1236/2/774
f 59/2/69 1236/2/69 1235/2/69
f 61/2/775 1235/2/775 1237/2/775
f 1236/2/781 62/2/781 1238/2/781
f 1241/2/777 1239/2/777 1240/2/777
f 1241/2/778 1237/2/778 1235/2/778
f 1238/2/779 1242/2/779 1236/2/779
f 1237/2/780 1239/2/780 1238/2/780
f 74/3/782 1268/3/782 1246/3/782
f 1244/3/783 1247/3/783 79/3/783
f 81/3/784 1281/3/784 1286/3/784
f 97/3/785 1257/3/785 99/3/785
f 71/3/82 1265/3/82 1243/3/82
f 1257/3/786 101/3/786 99/3/786
f 85/3/84 83/3/84 1285/3/84
f 1251/3/85 85/3/85 1250/3/85
f 1258/3/787 1259/3/787 103/3/787
f 109/3/87 1263/3/87 111/3/87
f 105/3/788 103/3/788 1259/3/788
f 1252/3/789 91/3/789 89/3/789
f 87/3/790 1252/3/790 89/3/790
f 1246/3/791 72/3/791 74/3/791
f 1269/3/792 1256/3/792 1251/3/792
f 91/3/793 1254/3/793 93/3/793
f 1245/3/794 71/3/794 1243/3/794
f 1248/4/69 1271/4/69 1270/4/69
f 1262/3/95 107/3/95 1261/3/95
f 1278/5/69 1277/5/69 1276/5/69
f 1667/2/795 1808/2/796 1806/2/797
f 1285/3/84 1283/3/84 1250/3/84
f 1275/3/69 1267/3/69 1266/3/69
f 85/3/84 1285/3/84 1250/3/84
f 1263/3/99 113/3/99 111/3/99
f 1245/3/798 1268/3/798 73/3/798
f 73/3/101 1268/3/101 74/3/101
f 1244/3/799 1246/3/799 1268/3/799
f 1244/3/800 1282/3/800 1247/3/800
f 1245/3/801 1282/3/801 1268/3/801
f 1284/3/802 1247/3/802 1283/3/802
f 1250/3/803 1283/3/803 1247/3/803
f 1250/3/804 1245/3/804 1287/3/804
f 1252/3/805 1251/3/805 1253/3/805
f 1253/3/806 1251/3/806 1254/3/806
f 1254/3/807 1256/3/807 1255/3/807
f 1251/3/808 1256/3/808 1254/3/808
f 1287/3/809 1245/3/809 1269/3/809
f 1633/3/810 1262/3/810 1261/3/810
f 1258/3/811 1257/3/811 1269/3/811
f 1258/3/812 1269/3/812 1245/3/812
f 1259/3/813 1258/3/813 1260/3/813
f 1245/3/814 1260/3/814 1258/3/814
f 1260/3/815 1245/3/815 1243/3/815
f 1260/3/816 1243/3/816 1261/3/816
f 1265/3/817 1264/3/817 1261/3/817
f 1244/3/818 79/3/818 72/3/818
f 1284/3/819 1286/3/819 1247/3/819
f 1274/3/69 123/3/69 1267/3/69
f 1250/3/820 1247/3/820 1245/3/820
f 1255/3/821 97/3/821 95/3/821
f 1265/3/822 1261/3/822 1243/3/822
f 81/3/823 1267/3/823 123/3/823
f 1266/3/127 83/3/127 125/3/127
f 1286/3/824 1266/3/824 1267/3/824
f 1279/3/825 1274/3/825 1275/3/825
f 1273/3/130 1279/3/130 1275/3/130
f 125/3/69 1275/3/69 1266/3/69
f 1272/3/69 125/3/69 123/3/69
f 93/3/826 1255/3/826 95/3/826
f 1278/3/827 1272/3/827 1274/3/827
f 1276/3/828 1273/3/828 1272/3/828
f 134/3/829 1281/3/829 136/3/829
f 1280/3/830 1281/3/830 134/3/830
f 1286/3/831 1280/3/831 1247/3/831
f 1280/3/832 79/3/832 1247/3/832
f 105/3/87 1261/3/87 107/3/87
f 1284/3/833 1249/3/833 1248/3/833
f 1249/3/139 1285/3/139 1271/3/139
f 1270/3/834 1284/3/834 1248/3/834
f 1285/3/835 1270/3/835 1271/3/835
f 1749/2/836 1744/2/837 1737/2/838
f 1289/6/160 1290/6/160 1288/6/160
f 1291/6/159 1292/6/159 1290/6/159
f 1293/6/158 1294/6/158 1292/6/158
f 1295/6/157 1296/6/157 1294/6/157
f 1297/6/156 1298/6/156 1296/6/156
f 1299/6/155 1300/6/155 1298/6/155
f 1301/6/154 1302/6/154 1300/6/154
f 1303/6/153 1304/6/153 1302/6/153
f 1305/6/152 1306/6/152 1304/6/152
f 1307/6/151 1308/6/151 1306/6/151
f 1309/6/150 1310/6/150 1308/6/150
f 1311/6/149 1312/6/149 1310/6/149
f 1313/6/148 1314/6/148 1312/6/148
f 1315/6/147 1316/6/147 1314/6/147
f 1317/6/146 1318/6/146 1316/6/146
f 1319/6/145 1288/6/145 1318/6/145
f 1302/7/69 1310/7/69 1318/7/69
f 1408/8/839 1323/8/839 1321/8/839
f 1410/8/840 1323/8/840 1409/8/840
f 1410/8/841 1327/8/841 1325/8/841
f 1412/8/842 1327/8/842 1411/8/842
f 1413/8/843 1329/8/843 1412/8/843
f 1414/8/844 1331/8/844 1413/8/844
f 1414/8/845 1335/8/845 1333/8/845
f 1415/8/846 1337/8/846 1335/8/846
f 1417/8/847 1337/8/847 1416/8/847
f 1418/8/848 1339/8/848 1417/8/848
f 1419/8/849 1341/8/849 1418/8/849
f 1420/8/850 1343/8/850 1419/8/850
f 1421/8/851 1345/8/851 1420/8/851
f 1422/8/852 1347/8/852 1421/8/852
f 1422/8/853 1351/8/853 1349/8/853
f 1408/8/854 1351/8/854 1423/8/854
f 1450/8/841 1342/8/841 1340/8/841
f 1425/8/839 1353/8/839 1424/8/839
f 1425/8/840 1357/8/840 1355/8/840
f 1426/8/841 1359/8/841 1357/8/841
f 1428/8/842 1359/8/842 1427/8/842
f 1429/8/843 1361/8/843 1428/8/843
f 1429/8/844 1365/8/844 1363/8/844
f 1431/8/845 1365/8/845 1430/8/845
f 1432/8/846 1367/8/846 1431/8/846
f 1432/8/847 1371/8/847 1369/8/847
f 1434/8/848 1371/8/848 1433/8/848
f 1435/8/849 1373/8/849 1434/8/849
f 1435/8/850 1377/8/850 1375/8/850
f 1437/8/851 1377/8/851 1436/8/851
f 1438/8/852 1379/8/852 1437/8/852
f 1439/8/853 1381/8/853 1438/8/853
f 1424/8/854 1383/8/854 1439/8/854
f 1463/8/855 1368/8/855 1366/8/855
f 1384/9/856 1387/9/856 1385/9/856
f 1390/9/857 1387/9/857 1386/9/857
f 1390/9/858 1389/9/858 1391/9/858
f 1388/9/859 1385/9/859 1389/9/859
f 1389/9/860 1387/9/860 1391/9/860
f 249/2/184 1392/2/184 247/2/184
f 251/2/185 1393/2/185 249/2/185
f 253/2/186 1394/2/186 251/2/186
f 253/2/187 1396/2/187 1395/2/187
f 257/2/188 1396/2/188 255/2/188
f 259/2/189 1397/2/189 257/2/189
f 261/2/190 1398/2/190 259/2/190
f 263/2/191 1399/2/191 261/2/191
f 265/2/192 1400/2/192 263/2/192
f 267/2/193 1401/2/193 265/2/193
f 269/2/194 1402/2/194 267/2/194
f 271/2/195 1403/2/195 269/2/195
f 271/2/196 1405/2/196 1404/2/196
f 275/2/197 1405/2/197 273/2/197
f 1400/2/611 1404/2/611 1392/2/611
f 277/2/199 1406/2/199 275/2/199
f 247/2/200 1407/2/200 277/2/200
f 1409/8/861 1320/8/861 1322/8/861
f 1410/8/861 1322/8/861 1324/8/861
f 1326/8/861 1410/8/861 1324/8/861
f 1328/8/861 1411/8/861 1326/8/861
f 1413/8/861 1328/8/861 1330/8/861
f 1332/8/861 1413/8/861 1330/8/861
f 1415/8/861 1332/8/861 1334/8/861
f 1336/8/861 1415/8/861 1334/8/861
f 1417/8/861 1336/8/861 1338/8/861
f 1340/8/861 1417/8/861 1338/8/861
f 1419/8/861 1340/8/861 1342/8/861
f 1420/8/861 1342/8/861 1344/8/861
f 1421/8/861 1344/8/861 1346/8/861
f 1348/8/861 1421/8/861 1346/8/861
f 1350/8/861 1422/8/861 1348/8/861
f 1408/8/861 1350/8/861 1320/8/861
f 1354/8/861 1424/8/861 1352/8/861
f 1426/8/861 1354/8/861 1356/8/861
f 1358/8/861 1426/8/861 1356/8/861
f 1428/8/861 1358/8/861 1360/8/861
f 1362/8/861 1428/8/861 1360/8/861
f 1430/8/861 1362/8/861 1364/8/861
f 1366/8/861 1430/8/861 1364/8/861
f 1432/8/861 1366/8/861 1368/8/861
f 1370/8/861 1432/8/861 1368/8/861
f 1434/8/861 1370/8/861 1372/8/861
f 1435/8/861 1372/8/861 1374/8/861
f 1436/8/861 1374/8/861 1376/8/861
f 1378/8/861 1436/8/861 1376/8/861
f 1438/8/861 1378/8/861 1380/8/861
f 1439/8/861 1380/8/861 1382/8/861
f 1352/8/861 1439/8/861 1382/8/861
f 1464/8/862 1370/8/862 1368/8/862
f 1451/8/842 1344/8/842 1342/8/842
f 1370/8/840 1466/8/840 1372/8/840
f 1344/8/843 1453/8/843 1346/8/843
f 1466/8/841 1374/8/841 1372/8/841
f 1453/8/863 1348/8/863 1346/8/863
f 1440/8/847 1322/8/847 1320/8/847
f 1374/8/864 1468/8/864 1376/8/864
f 1348/8/845 1455/8/845 1350/8/845
f 1441/8/848 1324/8/848 1322/8/848
f 1468/8/843 1378/8/843 1376/8/843
f 1455/8/865 1320/8/865 1350/8/865
f 1324/8/866 1443/8/866 1326/8/866
f 1469/8/844 1380/8/844 1378/8/844
f 1456/8/867 1354/8/867 1352/8/867
f 1443/8/850 1328/8/850 1326/8/850
f 1470/8/845 1382/8/845 1380/8/845
f 1457/8/848 1356/8/848 1354/8/848
f 1444/8/851 1330/8/851 1328/8/851
f 1471/8/846 1352/8/846 1382/8/846
f 1356/8/866 1459/8/866 1358/8/866
f 1445/8/852 1332/8/852 1330/8/852
f 1358/8/868 1460/8/868 1360/8/868
f 1332/8/853 1447/8/853 1334/8/853
f 1460/8/851 1362/8/851 1360/8/851
f 1447/8/854 1336/8/854 1334/8/854
f 1461/8/852 1364/8/852 1362/8/852
f 1336/8/839 1449/8/839 1338/8/839
f 1462/8/853 1366/8/853 1364/8/853
f 1449/8/840 1340/8/840 1338/8/840
f 1473/10/228 1474/10/228 1472/10/228
f 1474/10/227 1477/10/227 1476/10/227
f 1476/10/225 1479/10/225 1478/10/225
f 1479/10/224 1480/10/224 1478/10/224
f 1480/10/223 1483/10/223 1482/10/223
f 1482/10/222 1485/10/222 1484/10/222
f 1485/10/221 1486/10/221 1484/10/221
f 1486/10/220 1489/10/220 1488/10/220
f 1489/10/219 1490/10/219 1488/10/219
f 1490/10/218 1493/10/218 1492/10/218
f 1492/10/217 1495/10/217 1494/10/217
f 1494/10/216 1497/10/216 1496/10/216
f 1496/10/215 1499/10/215 1498/10/215
f 1498/10/214 1501/10/214 1500/10/214
f 1500/10/213 1503/10/213 1502/10/213
f 1503/10/212 1504/10/212 1502/10/212
f 1505/10/211 1506/10/211 1504/10/211
f 1507/10/210 1508/10/210 1506/10/210
f 1485/10/241 1517/10/241 1518/10/241
f 1509/10/209 1510/10/209 1508/10/209
f 1511/10/208 1472/10/208 1510/10/208
f 1521/10/67 1540/10/67 1541/10/67
f 1493/10/240 1523/10/240 1495/10/240
f 1505/10/239 1527/10/239 1528/10/239
f 1481/10/238 1515/10/238 1516/10/238
f 1489/10/237 1521/10/237 1491/10/237
f 1499/10/236 1526/10/236 1501/10/236
f 1509/10/235 1531/10/235 1511/10/235
f 1475/10/234 1514/10/234 1477/10/234
f 1485/10/233 1519/10/233 1487/10/233
f 1497/10/232 1523/10/232 1524/10/232
f 1505/10/231 1529/10/231 1507/10/231
f 1481/10/230 1517/10/230 1483/10/230
f 1491/10/229 1522/10/229 1493/10/229
f 1501/10/226 1527/10/226 1503/10/226
f 1511/10/245 1513/10/245 1473/10/245
f 1479/10/247 1514/10/247 1515/10/247
f 1489/10/246 1519/10/246 1520/10/246
f 1473/10/242 1512/10/242 1475/10/242
f 1497/10/244 1525/10/244 1499/10/244
f 1507/10/243 1530/10/243 1509/10/243
f 1546/10/67 1538/10/67 1534/10/67
f 1512/10/67 1534/10/67 1514/10/67
f 1528/10/67 1549/10/67 1529/10/67
f 1522/10/67 1541/10/67 1542/10/67
f 1514/10/67 1535/10/67 1515/10/67
f 1529/10/67 1550/10/67 1530/10/67
f 1523/10/67 1542/10/67 1543/10/67
f 1516/10/67 1535/10/67 1536/10/67
f 1531/10/67 1550/10/67 1551/10/67
f 1523/10/67 1544/10/67 1524/10/67
f 1516/10/67 1537/10/67 1517/10/67
f 1531/10/67 1533/10/67 1513/10/67
f 1524/10/67 1545/10/67 1525/10/67
f 1518/10/67 1537/10/67 1538/10/67
f 1526/10/67 1545/10/67 1546/10/67
f 1518/10/67 1539/10/67 1519/10/67
f 1527/10/67 1546/10/67 1547/10/67
f 1520/10/67 1539/10/67 1540/10/67
f 1513/10/67 1532/10/67 1512/10/67
f 1527/10/67 1548/10/67 1528/10/67
f 1553/10/228 1554/10/228 1552/10/228
f 1554/10/227 1557/10/227 1556/10/227
f 1556/10/225 1559/10/225 1558/10/225
f 1559/10/224 1560/10/224 1558/10/224
f 1561/10/223 1562/10/223 1560/10/223
f 1563/10/222 1564/10/222 1562/10/222
f 1564/10/221 1567/10/221 1566/10/221
f 1566/10/220 1569/10/220 1568/10/220
f 1568/10/219 1571/10/219 1570/10/219
f 1570/10/218 1573/10/218 1572/10/218
f 1572/10/217 1575/10/217 1574/10/217
f 1574/10/216 1577/10/216 1576/10/216
f 1576/10/215 1579/10/215 1578/10/215
f 1579/10/214 1580/10/214 1578/10/214
f 1580/10/213 1583/10/213 1582/10/213
f 1583/10/212 1584/10/212 1582/10/212
f 1584/10/211 1587/10/211 1586/10/211
f 1587/10/210 1588/10/210 1586/10/210
f 1565/10/241 1597/10/241 1598/10/241
f 1588/10/209 1591/10/209 1590/10/209
f 1590/10/208 1553/10/208 1552/10/208
f 1601/10/67 1620/10/67 1621/10/67
f 1575/10/240 1602/10/240 1603/10/240
f 1583/10/239 1608/10/239 1585/10/239
f 1561/10/238 1595/10/238 1596/10/238
f 1569/10/237 1601/10/237 1571/10/237
f 1581/10/236 1605/10/236 1606/10/236
f 1591/10/235 1610/10/235 1611/10/235
f 1555/10/234 1594/10/234 1557/10/234
f 1567/10/233 1598/10/233 1599/10/233
f 1575/10/232 1604/10/232 1577/10/232
f 1587/10/231 1608/10/231 1609/10/231
f 1561/10/230 1597/10/230 1563/10/230
f 1573/10/229 1601/10/229 1602/10/229
f 1583/10/226 1606/10/226 1607/10/226
f 1591/10/245 1593/10/245 1553/10/245
f 1557/10/247 1595/10/247 1559/10/247
f 1567/10/246 1600/10/246 1569/10/246
f 1555/10/242 1593/10/242 1592/10/242
f 1579/10/244 1604/10/244 1605/10/244
f 1589/10/243 1609/10/243 1610/10/243
f 1626/10/67 1618/10/67 1614/10/67
f 1592/10/67 1614/10/67 1594/10/67
f 1608/10/67 1629/10/67 1609/10/67
f 1602/10/67 1621/10/67 1622/10/67
f 1594/10/67 1615/10/67 1595/10/67
f 1609/10/67 1630/10/67 1610/10/67
f 1603/10/67 1622/10/67 1623/10/67
f 1596/10/67 1615/10/67 1616/10/67
f 1611/10/67 1630/10/67 1631/10/67
f 1603/10/67 1624/10/67 1604/10/67
f 1597/10/67 1616/10/67 1617/10/67
f 1611/10/67 1613/10/67 1593/10/67
f 1604/10/67 1625/10/67 1605/10/67
f 1598/10/67 1617/10/67 1618/10/67
f 1606/10/67 1625/10/67 1626/10/67
f 1598/10/67 1619/10/67 1599/10/67
f 1607/10/67 1626/10/67 1627/10/67
f 1600/10/67 1619/10/67 1620/10/67
f 1593/10/67 1612/10/67 1592/10/67
f 1607/10/67 1628/10/67 1608/10/67
f 1632/3/869 1635/3/869 1634/3/869
f 1264/3/870 1633/3/870 1261/3/870
f 1262/3/87 1634/3/87 1263/3/87
f 1264/3/871 1263/3/871 1634/3/871
f 1264/3/872 1634/3/872 1635/3/872
f 1636/11/873 1639/11/873 1638/11/873
f 512/11/874 1636/11/874 511/11/874
f 1638/11/87 511/11/87 1636/11/87
f 1639/11/16 512/11/16 514/11/16
f 1654/2/875 1678/2/875 1657/2/875
f 1769/2/876 1727/2/877 1766/2/878
f 1652/2/879 1791/2/879 1695/2/879
f 1688/2/880 1184/2/881 1689/2/881
f 1651/2/882 1791/2/882 1652/2/882
f 1693/2/883 1651/2/883 1692/2/883
f 1649/2/884 1800/2/884 1650/2/884
f 1798/2/885 1696/2/885 1648/2/885
f 1802/2/886 1646/2/886 1672/2/886
f 1801/2/887 1649/2/887 1647/2/887
f 1797/2/888 1792/2/889 1693/2/888
f 1693/2/890 1682/2/890 1691/2/890
f 1691/2/891 1654/2/891 1643/2/891
f 1654/2/892 1694/2/892 1678/2/892
f 1677/2/893 1700/2/893 1676/2/893
f 1681/2/894 1678/2/894 1662/2/894
f 1675/2/895 1678/2/895 1674/2/895
f 1675/2/896 1657/2/896 1678/2/896
f 1680/2/897 1656/2/897 1670/2/897
f 1671/2/898 1670/2/898 1656/2/898
f 1657/2/899 1668/2/899 1644/2/899
f 1651/2/900 1695/2/901 1692/2/902
f 1686/2/903 1807/2/904 1808/2/905
f 1812/2/906 1796/2/907 1687/2/288
f 1686/2/908 1663/2/908 1807/2/908
f 1805/2/909 1663/2/909 1794/2/909
f 1686/2/910 1653/2/910 1663/2/910
f 522/2/911 1653/2/911 1686/2/911
f 578/2/912 1808/2/913 1665/2/914
f 1797/2/915 1691/2/915 1806/2/915
f 1665/2/916 1666/2/916 1684/2/916
f 1691/2/917 1667/2/917 1806/2/917
f 1667/2/918 1691/2/918 1666/2/918
f 1762/2/919 607/2/920 602/2/921
f 2025/2/69 2031/2/69 2030/2/69
f 1666/2/922 1685/2/922 1684/2/922
f 651/2/923 1765/2/924 1742/2/925
f 1797/2/926 1693/2/926 1691/2/926
f 1684/2/927 578/2/927 1665/2/928
f 578/2/929 1684/2/929 516/2/929
f 1688/2/930 519/2/931 1685/2/932
f 1689/2/933 519/2/933 1688/2/934
f 1644/2/935 1697/2/936 1683/2/937
f 1660/2/938 1659/2/938 1698/2/938
f 1690/2/939 1698/2/940 1699/2/941
f 1645/2/942 1660/2/943 1698/2/942
f 1655/2/944 1641/2/944 1642/2/944
f 518/2/945 1699/2/945 1698/2/945
f 521/2/946 1698/2/946 1659/2/946
f 1645/2/947 1683/2/947 1697/2/947
f 2249/2/948 1679/2/949 1683/2/950
f 1691/2/951 2247/2/952 1688/2/953
f 1643/2/954 1654/2/954 1679/2/954
f 1690/2/955 2249/2/955 1683/2/955
f 1700/2/893 1662/2/893 1676/2/893
f 1676/2/956 1702/2/956 1677/2/956
f 1677/2/893 1678/2/893 1694/2/893
f 1668/2/957 1661/2/957 1644/2/957
f 1661/2/958 1697/2/958 1644/2/958
f 1645/2/959 1697/2/959 1673/2/959
f 1702/2/960 1662/2/960 1678/2/960
f 1677/2/961 1702/2/961 1678/2/961
f 1662/2/962 1701/2/962 1676/2/962
f 1692/2/963 1703/2/963 1693/2/963
f 1706/2/964 1692/2/964 1695/2/964
f 1693/2/965 1704/2/965 1682/2/965
f 1682/2/966 1707/2/966 1694/2/966
f 1694/2/967 1708/2/967 1700/2/967
f 1793/2/968 1709/2/968 1710/2/968
f 1264/3/969 115/3/970 113/3/971
f 1663/2/972 1653/2/972 1711/2/972
f 594/2/973 1653/2/973 520/2/973
f 1791/2/974 1710/2/974 1695/2/974
f 1710/2/975 1709/2/975 1695/2/975
f 1711/2/976 1695/2/976 1709/2/976
f 594/2/977 1695/2/977 1711/2/977
f 1714/2/978 1675/2/978 1674/2/978
f 1656/2/979 1713/2/979 1671/2/979
f 1716/2/980 1674/2/980 1681/2/980
f 1715/2/981 1656/2/981 1675/2/981
f 1657/2/982 1679/2/982 1654/2/982
f 1730/2/983 1733/2/983 1754/2/983
f 1287/3/984 1251/3/985 1250/3/986
f 1728/2/987 1769/2/987 1724/2/987
f 1719/2/988 1759/2/988 1755/2/988
f 1727/2/989 1724/2/989 1726/2/989
f 1727/2/990 1767/2/990 1766/2/990
f 1726/2/991 1722/2/991 1723/2/991
f 1723/2/992 1725/2/992 1726/2/992
f 1722/2/993 1724/2/993 1748/2/993
f 1724/2/994 1770/2/994 1748/2/994
f 1725/2/995 1767/2/996 1726/2/997
f 1767/2/998 1765/2/998 1758/2/998
f 1730/2/999 1765/2/999 1719/2/999
f 1768/2/1000 1730/2/1000 1754/2/1000
f 1753/2/1001 1774/2/1001 1768/2/1001
f 1757/2/1002 1754/2/1002 1750/2/1002
f 1751/2/1003 1750/2/1003 1754/2/1003
f 1733/2/1004 1751/2/1004 1754/2/1004
f 1732/2/1005 1756/2/1005 1746/2/1005
f 1747/2/1006 1732/2/1006 1746/2/1006
f 1733/2/1007 1744/2/1007 1756/2/1007
f 1709/2/1008 1663/2/1009 1711/2/1010
f 1761/2/1011 1762/2/1012 1740/2/1013
f 1722/2/1014 1762/2/1015 1723/2/1016
f 1761/2/1017 1740/2/1017 1739/2/1017
f 1739/2/1018 1722/2/1018 1748/2/1018
f 1761/2/1019 1739/2/1019 1729/2/1019
f 1761/2/1020 605/2/1020 607/2/1020
f 1691/2/1021 1685/2/1022 1666/2/1023
f 1725/2/1024 1723/2/1024 1765/2/1024
f 1741/2/1025 1742/2/1025 1743/2/1025
f 1765/2/1026 1723/2/1026 1743/2/1026
f 1743/2/1027 1742/2/1027 1765/2/1027
f 663/2/1028 1762/2/1029 602/2/1030
f 1741/2/1031 1743/2/1032 1762/2/1033
f 1762/2/1034 1743/2/1035 1723/2/1036
f 1742/2/1037 1760/2/1037 651/2/1037
f 1725/2/1038 1765/2/1039 1767/2/1040
f 1760/2/1041 1741/2/1042 663/2/1041
f 663/2/1043 601/2/1043 1760/2/1043
f 1763/2/1044 651/2/1045 604/2/1046
f 655/2/1047 1763/2/1048 604/2/1047
f 1720/2/1049 1759/2/1049 1771/2/1049
f 1736/2/1050 1772/2/1050 1735/2/1050
f 1764/2/1051 1773/2/1051 1772/2/1051
f 1721/2/1052 1772/2/1052 1736/2/1052
f 1731/2/1053 600/2/1053 1773/2/1053
f 1717/2/1054 1773/2/1054 600/2/1054
f 1718/2/1055 1772/2/1055 1717/2/1055
f 1721/2/1056 1759/2/1056 1764/2/1056
f 1763/2/1057 1764/2/1058 1765/2/1059
f 655/2/1060 608/2/1060 1731/2/1060
f 1719/2/1061 1755/2/1061 1730/2/1061
f 1765/2/1062 1764/2/1063 1719/2/1063
f 1774/2/1064 1752/2/1064 1738/2/1064
f 1752/2/1065 1776/2/1065 1775/2/1065
f 1753/2/1066 1768/2/1066 1754/2/1066
f 1744/2/1067 1720/2/1067 1737/2/1067
f 1737/2/1068 1771/2/1068 1749/2/1068
f 1721/2/1069 1749/2/1069 1771/2/1069
f 1738/2/1070 1776/2/1070 1754/2/1070
f 1753/2/1071 1754/2/1071 1776/2/1071
f 1738/2/1072 1752/2/1072 1775/2/1072
f 1767/2/1073 1779/2/1073 1766/2/1073
f 1769/2/1074 1779/2/1074 1780/2/1074
f 1758/2/1075 1777/2/1075 1767/2/1075
f 1768/2/1076 1778/2/1076 1758/2/1076
f 1782/2/1077 1768/2/1077 1774/2/1077
f 1784/2/1078 1748/2/1078 1770/2/1078
f 1748/2/1079 1783/2/1079 1739/2/1079
f 1783/2/1080 1785/2/1080 1739/2/1080
f 1739/2/1081 1785/2/1081 1729/2/1081
f 679/2/1082 1729/2/1082 1785/2/1082
f 1784/2/1083 1724/2/1083 1769/2/1083
f 1784/2/1084 1769/2/1084 1783/2/1084
f 1785/2/1085 1783/2/1085 1769/2/1085
f 679/2/1086 1785/2/1086 1769/2/1086
f 1751/2/1087 1788/2/1087 1750/2/1087
f 1732/2/1088 1787/2/1088 1786/2/1088
f 1750/2/1089 1790/2/1089 1757/2/1089
f 1732/2/1090 1789/2/1090 1751/2/1090
f 663/2/1091 1741/2/1092 1762/2/1093
f 1731/2/1094 1763/2/1095 655/2/1094
f 1733/2/1096 1755/2/1096 1720/2/1096
f 1660/2/1097 1735/2/1097 1659/2/1097
f 1744/2/1098 1669/2/1098 1668/2/1098
f 1680/2/1099 1744/2/1099 1668/2/1099
f 1746/2/1100 1680/2/1100 1670/2/1100
f 1747/2/1101 1670/2/1101 1671/2/1101
f 1662/2/1102 1757/2/1102 1681/2/1102
f 1735/2/1103 521/2/1103 1659/2/1103
f 1721/2/1104 1660/2/1104 1645/2/1104
f 1774/2/1105 1662/2/1105 1700/2/1105
f 1745/2/1106 1673/2/1106 1669/2/1106
f 1673/2/1107 1721/2/1107 1645/2/1107
f 1777/2/1108 1704/2/1108 1703/2/1108
f 1779/2/1109 1703/2/1109 1705/2/1109
f 1706/2/1110 1779/2/1110 1705/2/1110
f 1778/2/1111 1707/2/1111 1704/2/1111
f 1707/2/1112 1782/2/1112 1708/2/1112
f 1708/2/1113 1774/2/1113 1700/2/1113
f 1769/2/1114 1706/2/1114 1695/2/1114
f 594/2/1115 1769/2/1115 1695/2/1115
f 1712/2/1116 1787/2/1116 1713/2/1116
f 1789/2/1117 1712/2/1117 1715/2/1117
f 1714/2/1118 1789/2/1118 1715/2/1118
f 1716/2/1119 1788/2/1119 1714/2/1119
f 1713/2/1120 1747/2/1120 1671/2/1120
f 1757/2/1121 1716/2/1121 1681/2/1121
f 1644/2/1122 1683/2/1122 1679/2/1123
f 1645/2/1124 1698/2/1124 1690/2/1125
f 1684/2/1126 1685/2/1126 516/2/1126
f 516/2/1127 1685/2/1127 685/2/1127
f 1685/2/1128 519/2/1128 685/2/1128
f 1690/2/1129 1699/2/1130 1655/2/1131
f 1791/2/1132 1650/2/1132 1648/2/1132
f 1793/2/1133 1648/2/1133 1696/2/1133
f 1794/2/1134 1696/2/1134 1672/2/1134
f 1805/2/1135 1672/2/1135 1646/2/1135
f 1806/2/1136 1646/2/1136 1647/2/1136
f 1649/2/1137 1806/2/1137 1647/2/1137
f 1650/2/1138 1797/2/1138 1649/2/1138
f 1800/12/1139 1799/12/1139 1798/12/1139
f 1801/2/1140 1800/2/1140 1804/2/1140
f 1799/2/1141 1802/2/1141 1798/2/1141
f 1798/2/1142 1802/2/1142 1803/2/1142
f 1799/2/887 1647/2/887 1646/2/887
f 1696/2/1143 1802/2/1143 1672/2/1143
f 1650/2/1144 1798/2/1144 1648/2/1144
f 1805/2/1145 1796/2/1146 1795/2/1147
f 1807/2/1148 1795/2/1149 1664/2/1150
f 1687/2/1151 1807/2/1152 1664/2/1153
f 1806/2/1154 1687/2/1155 1796/2/1156
f 1810/13/1157 1811/13/1158 1809/13/1159
f 1809/2/1160 1664/2/1161 1795/2/1162
f 1664/2/1163 1812/2/1164 1687/2/1165
f 1796/2/1166 1809/2/1167 1795/2/1168
f 741/14/1169 1828/14/1169 739/14/1169
f 739/14/1170 1827/14/1170 737/14/1170
f 737/14/1171 1826/14/1171 735/14/1171
f 1842/14/1172 765/14/1172 767/14/1172
f 733/14/1173 1824/14/1173 731/14/1173
f 1840/14/1174 761/14/1174 763/14/1174
f 1839/14/1175 759/14/1175 761/14/1175
f 757/14/1176 1836/14/1176 755/14/1176
f 1838/14/1177 757/14/1177 759/14/1177
f 1820/14/1178 721/14/1178 723/14/1178
f 1819/14/1179 719/14/1179 721/14/1179
f 751/14/1180 1833/14/1180 749/14/1180
f 1843/14/1181 767/14/1181 769/14/1181
f 747/14/1182 1831/14/1182 745/14/1182
f 1844/14/1183 769/14/1183 771/14/1183
f 1813/14/1184 771/14/1184 709/14/1184
f 2027/2/611 2028/2/611 2029/2/611
f 1814/14/1185 709/14/1185 711/14/1185
f 1815/14/1186 711/14/1186 713/14/1186
f 735/14/1187 1825/14/1187 733/14/1187
f 1841/14/1188 763/14/1188 765/14/1188
f 731/14/1189 1823/14/1189 729/14/1189
f 2031/2/1190 2032/2/1190 2030/2/1190
f 968/2/572 2032/2/572 972/2/572
f 1821/14/1191 723/14/1191 725/14/1191
f 755/14/1192 1835/14/1192 753/14/1192
f 1818/14/1193 717/14/1193 719/14/1193
f 1817/14/1194 715/14/1194 717/14/1194
f 749/14/1195 1832/14/1195 747/14/1195
f 1816/14/1196 713/14/1196 715/14/1196
f 745/14/1197 1830/14/1197 743/14/1197
f 743/14/1198 1829/14/1198 741/14/1198
f 1879/14/1199 1882/14/1199 1881/14/1199
f 1907/14/1200 1906/14/1200 1908/14/1200
f 1897/14/1201 1900/14/1201 1899/14/1201
f 1889/14/1202 1892/14/1202 1891/14/1202
f 1901/14/1203 1900/14/1203 1902/14/1203
f 1851/14/1204 1850/14/1204 1852/14/1204
f 1867/14/1205 1870/14/1205 1869/14/1205
f 1873/14/1206 1872/14/1206 1874/14/1206
f 1861/14/1207 1860/14/1207 1862/14/1207
f 1853/14/1208 1852/14/1208 1854/14/1208
f 1864/14/1209 1861/14/1209 1862/14/1209
f 1895/14/1210 1898/14/1210 1897/14/1210
f 1865/14/1211 1864/14/1211 1866/14/1211
f 1893/14/1212 1896/14/1212 1895/14/1212
f 1877/14/1198 1880/14/1198 1879/14/1198
f 727/14/1213 1821/14/1213 725/14/1213
f 1875/14/1214 1878/14/1214 1877/14/1214
f 1907/14/1184 1846/14/1184 1845/14/1184
f 1887/14/1215 1890/14/1215 1889/14/1215
f 1893/14/1216 1892/14/1216 1894/14/1216
f 1853/14/1217 1856/14/1217 1855/14/1217
f 1867/14/1218 1866/14/1218 1868/14/1218
f 1901/14/1219 1904/14/1219 1903/14/1219
f 1871/14/1220 1870/14/1220 1872/14/1220
f 1883/14/1221 1886/14/1221 1885/14/1221
f 1885/14/1222 1888/14/1222 1887/14/1222
f 1905/14/1223 1904/14/1223 1906/14/1223
f 1855/14/1224 1858/14/1224 1857/14/1224
f 1857/14/1225 1860/14/1225 1859/14/1225
f 1849/14/1226 1848/14/1226 1850/14/1226
f 1845/14/1227 1848/14/1227 1847/14/1227
f 1873/14/1228 1876/14/1228 1875/14/1228
f 1909/14/198 1847/14/198 1910/14/198
f 1927/14/198 1879/14/198 1881/14/198
f 1899/14/198 1937/14/198 1936/14/198
f 1923/14/198 1871/14/198 1873/14/198
f 1938/14/198 1905/14/198 1939/14/198
f 1905/14/198 1940/14/198 1939/14/198
f 1915/14/198 1859/14/198 1916/14/198
f 1935/14/198 1895/14/198 1897/14/198
f 1923/14/198 1875/14/198 1924/14/198
f 1916/14/198 1861/14/198 1917/14/198
f 1909/14/198 1907/14/198 1845/14/198
f 1937/14/198 1903/14/198 1938/14/198
f 1931/14/198 1887/14/198 1889/14/198
f 1928/14/198 1885/14/198 1929/14/198
f 1920/14/198 1869/14/198 1921/14/198
f 1925/14/198 1875/14/198 1877/14/198
f 1930/14/198 1885/14/198 1887/14/198
f 1853/14/198 1914/14/198 1913/14/198
f 1934/14/198 1893/14/198 1895/14/198
f 1913/14/198 1851/14/198 1853/14/198
f 1918/14/198 1865/14/198 1919/14/198
f 1932/14/198 1893/14/198 1933/14/198
f 1837/14/198 1983/14/198 1982/14/198
f 1912/14/198 1849/14/198 1851/14/198
f 1935/14/198 1899/14/198 1936/14/198
f 1925/14/198 1879/14/198 1926/14/198
f 1922/14/198 1869/14/198 1871/14/198
f 1911/14/198 1847/14/198 1849/14/198
f 1915/14/198 1855/14/198 1857/14/198
f 1932/14/198 1889/14/198 1891/14/198
f 1917/14/198 1863/14/198 1918/14/198
f 1919/14/198 1867/14/198 1920/14/198
f 1911/14/612 1942/14/612 2099/14/612
f 2067/14/613 2179/14/613 2178/14/613
f 2191/14/614 2081/14/614 2192/14/614
f 1989/14/615 2034/14/615 2065/14/615
f 2112/14/615 1909/14/615 1941/14/615
f 1912/14/616 1943/14/616 1942/14/616
f 1930/14/617 1951/14/617 2109/14/617
f 1909/14/618 2098/14/618 1941/14/618
f 1929/14/619 2109/14/619 1950/14/619
f 2063/14/620 1986/14/620 1987/14/620
f 1998/14/621 2216/14/621 1997/14/621
f 2104/14/622 1921/14/622 1946/14/622
f 1925/14/623 1949/14/623 2106/14/623
f 1943/14/624 1914/14/624 1944/14/624
f 2052/14/625 1977/14/625 2053/14/625
f 1919/14/626 2104/14/626 2103/14/626
f 963/2/627 2026/2/627 961/2/627
f 2032/2/69 971/2/69 972/2/69
f 2100/14/628 1915/14/628 1916/14/628
f 1953/14/629 1936/14/629 1954/14/629
f 2111/14/621 1932/14/621 1933/14/621
f 2079/14/620 2189/14/620 2078/14/620
f 2054/14/619 1979/14/619 2055/14/619
f 2037/14/616 1962/14/616 2038/14/616
f 2071/14/617 2183/14/617 2182/14/617
f 1997/14/630 2215/14/630 1996/14/630
f 2023/2/631 956/2/631 954/2/631
f 2075/14/632 2185/14/632 2074/14/632
f 2206/14/633 2096/14/633 2207/14/633
f 1970/14/634 2047/14/634 2046/14/634
f 1936/14/635 1955/14/635 1954/14/635
f 1922/14/633 1948/14/633 1947/14/633
f 1970/14/198 1826/14/198 1971/14/198
f 1838/14/198 1984/14/198 1983/14/198
f 1974/14/198 1830/14/198 1975/14/198
f 1820/14/198 1966/14/198 1965/14/198
f 1987/14/198 1843/14/198 1988/14/198
f 1985/14/198 1841/14/198 1986/14/198
f 1963/14/198 1817/14/198 1818/14/198
f 1972/14/198 1826/14/198 1827/14/198
f 1821/14/198 1967/14/198 1966/14/198
f 2023/2/611 2024/2/611 2025/2/611
f 1967/14/198 1823/14/198 1968/14/198
f 1986/14/198 1842/14/198 1987/14/198
f 1961/14/198 1815/14/198 1816/14/198
f 1969/14/198 1823/14/198 1824/14/198
f 1973/14/198 1827/14/198 1828/14/198
f 1981/14/198 1837/14/198 1982/14/198
f 1958/14/198 1814/14/198 1959/14/198
f 1980/14/198 1834/14/198 1835/14/198
f 1969/14/198 1825/14/198 1970/14/198
f 1976/14/198 1832/14/198 1977/14/198
f 1963/14/198 1819/14/198 1964/14/198
f 1844/14/198 1958/14/198 1989/14/198
f 1974/14/198 1828/14/198 1829/14/198
f 1980/14/198 1836/14/198 1981/14/198
f 1814/14/198 1960/14/198 1959/14/198
f 1977/14/198 1833/14/198 1978/14/198
f 1839/14/198 1985/14/198 1984/14/198
f 1830/14/198 1976/14/198 1975/14/198
f 1819/14/198 1965/14/198 1964/14/198
f 1843/14/198 1989/14/198 1988/14/198
f 1979/14/198 1833/14/198 1834/14/198
f 1816/14/198 1962/14/198 1961/14/198
f 2008/14/612 2228/14/612 2227/14/612
f 2053/14/636 1978/14/636 2054/14/636
f 2059/14/632 1982/14/632 1983/14/632
f 1964/14/628 2041/14/628 2040/14/628
f 1946/14/634 1922/14/634 1947/14/634
f 2039/14/637 1964/14/637 2040/14/637
f 1966/14/638 2043/14/638 2042/14/638
f 2062/14/635 1985/14/635 1986/14/635
f 2056/14/630 1981/14/630 2057/14/630
f 2057/14/621 1982/14/621 2058/14/621
f 1960/14/612 2037/14/612 2036/14/612
f 2029/2/639 962/2/639 2027/2/639
f 1968/14/626 2045/14/626 2044/14/626
f 2229/14/624 2011/14/624 2230/14/624
f 2111/14/632 1934/14/632 1952/14/632
f 1967/14/640 2044/14/640 2043/14/640
f 2223/14/614 2005/14/614 2224/14/614
f 1991/14/613 2211/14/613 2210/14/613
f 2199/14/628 2089/14/628 2200/14/628
f 1974/14/623 2051/14/623 2050/14/623
f 1957/14/614 1940/14/614 2112/14/614
f 1973/14/641 2050/14/641 2049/14/641
f 1992/14/625 2212/14/625 2211/14/625
f 1944/14/637 1915/14/637 1945/14/637
f 2105/14/642 1923/14/642 1924/14/642
f 2064/14/614 1989/14/614 2065/14/614
f 2047/14/633 1972/14/633 2048/14/633
f 953/2/67 2023/2/67 954/2/67
f 2063/14/643 1988/14/643 2064/14/643
f 2000/14/629 2220/14/629 2219/14/629
f 2056/14/617 1979/14/617 1980/14/617
f 2100/14/644 1917/14/644 2101/14/644
f 1931/14/630 2110/14/630 1951/14/630
f 1673/2/1229 1668/2/1230 1669/2/1231
f 1686/2/1232 517/2/1233 522/2/1234
f 2087/14/624 2197/14/624 2086/14/624
f 2004/14/643 2222/14/643 2003/14/643
f 2046/14/622 1969/14/622 1970/14/622
f 2177/15/1235 2176/15/1235 2208/15/1235
f 955/2/652 2022/2/652 953/2/652
f 2029/2/653 963/2/653 964/2/653
f 2102/14/640 1919/14/640 2103/14/640
f 2107/14/625 1928/14/625 2108/14/625
f 729/14/1236 1822/14/1236 727/14/1236
f 955/2/69 2031/2/69 2024/2/69
f 2030/2/69 956/2/69 2025/2/69
f 961/2/656 2027/2/656 962/2/656
f 967/2/657 2033/2/657 2031/2/657
f 753/14/1237 1834/14/1237 751/14/1237
f 2013/14/611 2056/14/611 2057/14/611
f 2097/14/611 1957/14/611 2112/14/611
f 2093/14/611 1953/14/611 1954/14/611
f 2069/14/611 2099/14/611 1942/14/611
f 2045/14/611 2000/14/611 2044/14/611
f 2007/14/611 2050/14/611 2051/14/611
f 1949/14/611 2082/14/611 2106/14/611
f 2034/14/611 2021/14/611 2065/14/611
f 2071/14/611 1943/14/611 1944/14/611
f 2014/14/611 2057/14/611 2058/14/611
f 2040/14/611 1995/14/611 2039/14/611
f 2047/14/611 2002/14/611 2046/14/611
f 1957/14/611 2095/14/611 1956/14/611
f 2050/14/611 2005/14/611 2049/14/611
f 2036/14/611 1991/14/611 2035/14/611
f 2044/14/611 1999/14/611 2043/14/611
f 2004/14/611 2047/14/611 2048/14/611
f 2016/14/611 2059/14/611 2060/14/611
f 2046/14/611 2001/14/611 2045/14/611
f 2012/14/611 2055/14/611 2056/14/611
f 2008/14/611 2051/14/611 2052/14/611
f 2053/14/611 2008/14/611 2052/14/611
f 2010/14/611 2053/14/611 2054/14/611
f 2091/14/611 2111/14/611 1952/14/611
f 1997/14/611 2042/14/611 1998/14/611
f 2021/14/611 2064/14/611 2065/14/611
f 1994/14/611 2037/14/611 2038/14/611
f 1951/14/611 2087/14/611 2109/14/611
f 1947/14/611 2078/14/611 1946/14/611
f 2078/14/611 2104/14/611 1946/14/611
f 2041/14/611 1996/14/611 2040/14/611
f 1990/14/611 2035/14/611 1991/14/611
f 2013/14/644 2233/14/644 2232/14/644
f 2095/14/611 1955/14/611 1956/14/611
f 1927/14/198 1883/14/198 1928/14/198
f 2071/14/611 1945/14/611 2072/14/611
f 1941/14/611 2097/14/611 2112/14/611
f 2101/14/611 2073/14/611 2100/14/611
f 2089/14/611 1951/14/611 2110/14/611
f 2080/14/611 1947/14/611 1948/14/611
f 2081/14/611 1948/14/611 2105/14/611
f 2090/14/611 2110/14/611 2111/14/611
f 2010/14/611 2055/14/611 2011/14/611
f 2018/14/611 2061/14/611 2062/14/611
f 2049/14/611 2004/14/611 2048/14/611
f 2082/14/611 2105/14/611 2106/14/611
f 2067/14/611 1941/14/611 2098/14/611
f 2015/14/611 2058/14/611 2059/14/611
f 2037/14/611 1992/14/611 2036/14/611
f 2063/14/611 2018/14/611 2062/14/611
f 2102/14/611 2074/14/611 2101/14/611
f 1953/14/611 2091/14/611 1952/14/611
f 2020/14/611 2063/14/611 2064/14/611
f 2086/14/611 2108/14/611 1950/14/611
f 2039/14/611 1994/14/611 2038/14/611
f 2109/14/611 2086/14/611 1950/14/611
f 2077/14/611 2103/14/611 2104/14/611
f 1955/14/611 2093/14/611 1954/14/611
f 2073/14/611 1945/14/611 2100/14/611
f 2017/14/611 2060/14/611 2061/14/611
f 2043/14/611 1998/14/611 2042/14/611
f 1943/14/611 2069/14/611 1942/14/611
f 2103/14/611 2075/14/611 2102/14/611
f 2099/14/611 2067/14/611 2098/14/611
f 2107/14/611 2083/14/611 1949/14/611
f 2127/16/611 2128/16/611 2241/16/611
f 2156/17/611 2157/17/611 2242/17/611
f 2078/14/635 2188/14/635 2077/14/635
f 2095/14/634 2205/14/634 2094/14/634
f 2001/14/635 2221/14/635 2220/14/635
f 2107/14/613 1926/14/613 1927/14/613
f 2011/14/637 2231/14/637 2230/14/637
f 2020/14/642 2240/14/642 2239/14/642
f 2083/14/618 2193/14/618 2082/14/618
f 2000/14/659 2218/14/659 1999/14/659
f 1924/14/641 2106/14/641 2105/14/641
f 1956/14/643 1939/14/643 1957/14/643
f 1990/14/641 2240/14/641 2021/14/641
f 2035/14/660 1960/14/660 2036/14/660
f 2003/14/620 2221/14/620 2002/14/620
f 2006/14/615 2224/14/615 2005/14/615
f 2091/14/638 2201/14/638 2090/14/638
f 2086/14/616 2196/14/616 2085/14/616
f 2066/14/641 2208/14/641 2097/14/641
f 2052/14/613 1975/14/613 1976/14/613
f 2007/14/618 2225/14/618 2006/14/618
f 2203/14/626 2093/14/626 2204/14/626
f 2079/14/643 2191/14/643 2190/14/643
f 2090/14/644 2200/14/644 2089/14/644
f 2094/14/622 2204/14/622 2093/14/622
f 2101/14/638 1918/14/638 2102/14/638
f 2010/14/616 2228/14/616 2009/14/616
f 2214/14/617 1996/14/617 2215/14/617
f 2088/14/637 2198/14/637 2087/14/637
f 2067/14/623 2177/14/623 2066/14/623
f 2075/14/659 2187/14/659 2186/14/659
f 2238/14/633 2020/14/633 2239/14/633
f 2073/14/630 2183/14/630 2072/14/630
f 2013/14/628 2231/14/628 2012/14/628
f 2194/14/660 2084/14/660 2195/14/660
f 2098/14/660 1911/14/660 2099/14/660
f 2092/14/640 2202/14/640 2091/14/640
f 1991/14/623 2209/14/623 1990/14/623
f 2060/14/629 1985/14/629 2061/14/629
f 2179/14/625 2069/14/625 2180/14/625
f 2017/14/622 2237/14/622 2236/14/622
f 2085/14/612 2195/14/612 2084/14/612
f 2212/14/636 1994/14/636 2213/14/636
f 2226/14/660 2008/14/660 2227/14/660
f 2096/14/642 2208/14/642 2207/14/642
f 1937/14/620 1956/14/620 1955/14/620
f 1883/14/1238 1882/14/1238 1884/14/1238
f 2074/14/621 2184/14/621 2073/14/621
f 2016/14/626 2236/14/626 2235/14/626
f 2059/14/659 1984/14/659 2060/14/659
f 2041/14/644 1966/14/644 2042/14/644
f 2014/14/638 2234/14/638 2233/14/638
f 2018/14/634 2238/14/634 2237/14/634
f 2071/14/619 2181/14/619 2070/14/619
f 2049/14/642 1972/14/642 1973/14/642
f 2015/14/640 2235/14/640 2234/14/640
f 1934/14/659 1953/14/659 1952/14/659
f 2213/14/619 1995/14/619 2214/14/619
f 2038/14/624 1963/14/624 2039/14/624
f 2082/14/615 2192/14/615 2081/14/615
f 2070/14/636 2180/14/636 2069/14/636
f 1950/14/636 1928/14/636 1929/14/636
f 2217/14/632 1999/14/632 2218/14/632
f 1958/14/618 2035/14/618 2034/14/618
f 2155/15/1239 2186/15/1239 2187/15/1239
f 2175/15/1240 2208/15/1240 2176/15/1240
f 2220/18/1241 2123/18/1241 2219/18/1241
f 2174/15/1242 2205/15/1242 2206/15/1242
f 2205/15/1243 2172/15/1243 2204/15/1243
f 2231/18/1244 2134/18/1244 2230/18/1244
f 2128/18/1245 2225/18/1245 2129/18/1245
f 2165/15/1246 2196/15/1246 2197/15/1246
f 2142/18/1242 2237/18/1242 2238/18/1242
f 2168/15/1247 2199/15/1247 2200/15/1247
f 2171/15/1248 2202/15/1248 2203/15/1248
f 2108/14/611 2084/14/611 2107/14/611
f 2211/18/1249 2114/18/1249 2210/18/1249
f 2125/18/1250 2220/18/1250 2221/18/1250
f 2117/18/1251 2212/18/1251 2213/18/1251
f 2194/15/1252 2161/15/1252 2193/15/1252
f 2179/15/1249 2146/15/1249 2178/15/1249
f 2122/18/1253 2217/18/1253 2218/18/1253
f 2222/18/1254 2125/18/1254 2221/18/1254
f 2170/15/1255 2201/15/1255 2202/15/1255
f 2157/15/1250 2188/15/1250 2189/15/1250
f 2183/15/1256 2150/15/1256 2182/15/1256
f 2150/15/1257 2181/15/1257 2182/15/1257
f 2240/18/1240 2143/18/1240 2239/18/1240
f 2118/18/1257 2213/18/1257 2214/18/1257
f 2184/15/1258 2151/15/1258 2183/15/1258
f 2232/18/1247 2135/18/1247 2231/18/1247
f 2172/15/1259 2203/15/1259 2204/15/1259
f 2190/15/1254 2157/15/1254 2189/15/1254
f 2212/18/1260 2115/18/1260 2211/18/1260
f 2198/15/1261 2165/15/1261 2197/15/1261
f 2146/15/1262 2177/15/1262 2178/15/1262
f 2209/18/1235 2144/18/1235 2240/18/1235
f 2128/18/1263 2223/18/1263 2224/18/1263
f 2121/18/1264 2216/18/1264 2217/18/1264
f 2191/15/1265 2158/15/1265 2190/15/1265
f 2181/15/1251 2148/15/1251 2180/15/1251
f 2120/18/1258 2215/18/1258 2216/18/1258
f 2164/15/1266 2195/15/1266 2196/15/1266
f 2154/15/1253 2185/15/1253 2186/15/1253
f 2131/18/1266 2228/18/1266 2132/18/1266
f 2140/18/1259 2235/18/1259 2236/18/1259
f 2223/18/1265 2126/18/1265 2222/18/1265
f 2114/18/1262 2209/18/1262 2210/18/1262
f 2133/18/1246 2228/18/1246 2229/18/1246
f 2138/18/1248 2235/18/1248 2139/18/1248
f 2230/18/1261 2133/18/1261 2229/18/1261
f 2119/18/1256 2214/18/1256 2215/18/1256
f 2156/15/1241 2187/15/1241 2188/15/1241
f 2201/15/1267 2168/15/1267 2200/15/1267
f 2137/18/1267 2232/18/1267 2233/18/1267
f 2160/15/1263 2191/15/1263 2192/15/1263
f 2161/15/1245 2192/15/1245 2193/15/1245
f 2130/18/1252 2225/18/1252 2226/18/1252
f 2123/18/1239 2218/18/1239 2219/18/1239
f 2148/15/1260 2179/15/1260 2180/15/1260
f 2140/18/1243 2237/18/1243 2141/18/1243
f 2175/15/1268 2206/15/1268 2207/15/1268
f 2199/15/1244 2166/15/1244 2198/15/1244
f 2185/15/1264 2152/15/1264 2184/15/1264
f 2131/18/1269 2226/18/1269 2227/18/1269
f 2163/15/1269 2194/15/1269 2195/15/1269
f 2234/18/1255 2137/18/1255 2233/18/1255
f 2143/18/1268 2238/18/1268 2239/18/1268
f 2114/16/611 2115/16/611 2241/16/611
f 2141/16/611 2142/16/611 2241/16/611
f 2128/16/611 2129/16/611 2241/16/611
f 2115/16/611 2116/16/611 2241/16/611
f 2142/16/611 2143/16/611 2241/16/611
f 2129/16/611 2130/16/611 2241/16/611
f 2116/16/611 2117/16/611 2241/16/611
f 2143/16/611 2144/16/611 2241/16/611
f 2130/16/611 2131/16/611 2241/16/611
f 2117/16/611 2118/16/611 2241/16/611
f 2144/16/611 2113/16/611 2241/16/611
f 2131/16/611 2132/16/611 2241/16/611
f 2118/16/611 2119/16/611 2241/16/611
f 2132/16/611 2133/16/611 2241/16/611
f 2119/16/611 2120/16/611 2241/16/611
f 2133/16/611 2134/16/611 2241/16/611
f 2120/16/611 2121/16/611 2241/16/611
f 2134/16/611 2135/16/611 2241/16/611
f 2121/16/611 2122/16/611 2241/16/611
f 2135/16/611 2136/16/611 2241/16/611
f 2122/16/611 2123/16/611 2241/16/611
f 2136/16/611 2137/16/611 2241/16/611
f 2123/16/611 2124/16/611 2241/16/611
f 2137/16/611 2138/16/611 2241/16/611
f 2124/16/611 2125/16/611 2241/16/611
f 2138/16/611 2139/16/611 2241/16/611
f 2125/16/611 2126/16/611 2241/16/611
f 2139/16/611 2140/16/611 2241/16/611
f 2126/16/611 2127/16/611 2241/16/611
f 2113/16/611 2114/16/611 2241/16/611
f 2140/16/611 2141/16/611 2241/16/611
f 2170/17/611 2171/17/611 2242/17/611
f 2157/17/611 2158/17/611 2242/17/611
f 2171/17/611 2172/17/611 2242/17/611
f 2158/17/611 2159/17/611 2242/17/611
f 2145/17/611 2146/17/611 2242/17/611
f 2172/17/611 2173/17/611 2242/17/611
f 2159/17/611 2160/17/611 2242/17/611
f 2146/17/611 2147/17/611 2242/17/611
f 2173/17/611 2174/17/611 2242/17/611
f 2160/17/611 2161/17/611 2242/17/611
f 2147/17/611 2148/17/611 2242/17/611
f 2174/17/611 2175/17/611 2242/17/611
f 2161/17/611 2162/17/611 2242/17/611
f 2148/17/611 2149/17/611 2242/17/611
f 2175/17/611 2176/17/611 2242/17/611
f 2162/17/611 2163/17/611 2242/17/611
f 2149/17/611 2150/17/611 2242/17/611
f 2176/17/611 2145/17/611 2242/17/611
f 2163/17/611 2164/17/611 2242/17/611
f 2150/17/611 2151/17/611 2242/17/611
f 2164/17/611 2165/17/611 2242/17/611
f 2151/17/611 2152/17/611 2242/17/611
f 2165/17/611 2166/17/611 2242/17/611
f 2152/17/611 2153/17/611 2242/17/611
f 2166/17/611 2167/17/611 2242/17/611
f 2153/17/611 2154/17/611 2242/17/611
f 2167/17/611 2168/17/611 2242/17/611
f 2154/17/611 2155/17/611 2242/17/611
f 2168/17/611 2169/17/611 2242/17/611
f 2155/17/611 2156/17/611 2242/17/611
f 2169/17/611 2170/17/611 2242/17/611
f 955/2/69 967/2/69 2031/2/69
f 2030/2/69 968/2/69 956/2/69
f 2077/14/629 2187/14/629 2076/14/629
f 105/3/1270 1259/3/1270 1260/3/1271
f 1258/3/787 103/3/787 101/3/787
f 2244/19/1272 2249/19/1272 2248/19/1272
f 2247/19/1273 2246/19/1274 2248/19/1275
f 1184/19/1276 2245/19/1276 1186/19/1276
f 2246/19/1277 2244/19/1278 2248/19/1278
f 2245/19/1279 2247/19/1280 2248/19/1279
f 1643/2/1281 2246/2/1281 1691/2/1281
f 2243/2/1282 1643/2/1282 1679/2/1282
f 2245/2/1283 1690/2/1284 1655/2/1285
f 1186/2/1286 1655/2/1286 1642/2/1286
f 2/1/1287 3/1/1288 6/1/1289
f 15/1/1290 22/1/1291 21/1/1292
f 2/1/1293 5/1/1294 8/1/1295
f 1/1/1296 8/1/1297 7/1/1297
f 3/1/1298 4/1/1299 7/1/1300
f 12/1/16 9/1/16 10/1/16
f 11/1/16 15/1/16 16/1/16
f 9/1/16 12/1/16 31/1/16
f 6/1/1301 10/1/1302 9/1/1303
f 14/1/1304 16/1/1305 15/1/1306
f 16/1/16 34/1/16 31/1/16
f 7/1/1307 8/1/33 14/1/1308
f 11/1/16 20/1/16 22/1/16
f 17/1/1309 23/1/1310 25/1/1302
f 20/1/29 26/1/29 28/1/29
f 7/1/1311 18/1/1312 17/1/1313
f 13/1/1314 21/1/25 18/1/1315
f 6/1/1316 17/1/1317 19/1/1318
f 11/1/16 10/1/16 19/1/16
f 24/1/1319 26/1/1320 25/1/1321
f 24/1/1322 27/1/1323 28/1/1324
f 20/1/45 19/1/45 25/1/45
f 21/1/1325 27/1/1326 24/1/1327
f 21/1/1328 22/1/1329 28/1/1330
f 18/1/1331 24/1/1332 23/1/1333
f 14/1/1334 33/1/1335 34/1/1336
f 9/1/1337 32/1/1338 30/1/1339
f 5/1/1340 30/1/1341 29/1/1342
f 8/1/1343 29/1/1344 33/1/772
f 37/2/67 38/2/67 42/2/67
f 39/2/1345 45/2/1345 46/2/1345
f 40/2/69 36/2/69 35/2/69
f 37/2/775 41/2/775 39/2/775
f 38/2/1346 36/2/1346 40/2/1346
f 43/2/1347 46/2/1347 45/2/1347
f 41/2/1348 44/2/1348 45/2/1348
f 42/2/1349 40/2/1349 46/2/1349
f 41/2/1350 42/2/1350 43/2/1350
f 49/2/67 50/2/67 54/2/67
f 51/2/1345 57/2/1345 58/2/1345
f 52/2/69 48/2/69 47/2/69
f 49/2/775 53/2/775 51/2/775
f 50/2/1346 48/2/1346 52/2/1346
f 55/2/1347 58/2/1347 57/2/1347
f 53/2/1348 56/2/1348 57/2/1348
f 54/2/1349 52/2/1349 58/2/1349
f 53/2/1350 54/2/1350 55/2/1350
f 61/2/67 62/2/67 66/2/67
f 63/2/1345 69/2/1345 70/2/1345
f 64/2/69 60/2/69 59/2/69
f 61/2/775 65/2/775 63/2/775
f 62/2/1351 60/2/1351 64/2/1351
f 67/2/1347 70/2/1347 69/2/1347
f 65/2/1348 68/2/1348 69/2/1348
f 66/2/1349 64/2/1349 70/2/1349
f 65/2/1350 66/2/1350 67/2/1350
f 81/3/1352 141/3/1352 135/3/1352
f 97/3/1353 99/3/1353 100/3/1353
f 71/3/82 75/3/82 116/3/82
f 100/3/1354 99/3/1354 101/3/1354
f 85/3/1355 87/3/1355 88/3/1355
f 109/3/87 111/3/87 112/3/87
f 91/3/1356 92/3/1356 90/3/1356
f 87/3/1357 89/3/1357 90/3/1357
f 72/3/1358 76/3/1358 78/3/1358
f 120/3/1359 88/3/1359 98/3/1359
f 91/3/1360 93/3/1360 94/3/1360
f 77/3/794 75/3/794 71/3/794
f 82/4/69 121/4/69 122/4/69
f 107/3/1361 109/3/1361 110/3/1361
f 131/5/69 129/5/69 130/5/69
f 548/2/1362 701/2/1363 703/2/1364
f 118/3/69 127/3/69 128/3/69
f 113/3/1365 114/3/1365 112/3/1365
f 76/3/1366 80/3/1366 137/3/1366
f 137/3/1367 80/3/1367 77/3/1367
f 110/3/1368 503/3/1368 504/3/1368
f 123/3/69 124/3/69 127/3/69
f 97/3/1369 98/3/1369 96/3/1369
f 118/3/1370 141/3/1370 81/3/1370
f 117/3/127 125/3/127 83/3/127
f 117/3/128 140/3/128 141/3/128
f 127/3/129 131/3/129 132/3/129
f 126/3/130 128/3/130 132/3/130
f 125/3/69 117/3/69 128/3/69
f 125/3/69 126/3/69 124/3/69
f 93/3/1371 95/3/1371 96/3/1371
f 124/3/1372 129/3/1372 131/3/1372
f 126/3/133 130/3/133 129/3/133
f 141/3/1373 80/3/1373 133/3/1373
f 79/3/1374 134/3/1374 133/3/1374
f 105/3/87 107/3/87 108/3/87
f 84/3/1375 138/3/1375 139/3/1375
f 84/3/139 122/3/139 140/3/139
f 121/3/1376 82/3/1376 139/3/1376
f 121/3/1377 141/3/1377 140/3/1377
f 634/2/1378 635/2/1379 639/2/1380
f 145/6/145 146/6/145 144/6/145
f 147/6/146 148/6/146 146/6/146
f 149/6/147 150/6/147 148/6/147
f 151/6/148 152/6/148 150/6/148
f 153/6/149 154/6/149 152/6/149
f 155/6/150 156/6/150 154/6/150
f 157/6/151 158/6/151 156/6/151
f 159/6/152 160/6/152 158/6/152
f 161/6/153 162/6/153 160/6/153
f 163/6/154 164/6/154 162/6/154
f 165/6/155 166/6/155 164/6/155
f 167/6/156 168/6/156 166/6/156
f 169/6/157 170/6/157 168/6/157
f 171/6/158 172/6/158 170/6/158
f 173/6/159 174/6/159 172/6/159
f 143/6/160 144/6/160 174/6/160
f 145/7/69 143/7/69 173/7/69
f 173/7/69 171/7/69 169/7/69
f 169/7/69 167/7/69 165/7/69
f 165/7/69 163/7/69 161/7/69
f 161/7/69 159/7/69 157/7/69
f 157/7/69 155/7/69 153/7/69
f 153/7/69 151/7/69 149/7/69
f 149/7/69 147/7/69 145/7/69
f 145/7/69 173/7/69 169/7/69
f 169/7/69 165/7/69 161/7/69
f 161/7/69 157/7/69 153/7/69
f 153/7/69 149/7/69 145/7/69
f 145/7/69 169/7/69 161/7/69
f 279/8/161 176/8/161 178/8/161
f 178/8/162 180/8/162 281/8/162
f 180/8/163 182/8/163 282/8/163
f 282/8/1381 182/8/1381 184/8/1381
f 283/8/165 184/8/165 186/8/165
f 284/8/205 186/8/205 188/8/205
f 285/8/167 188/8/167 190/8/167
f 286/8/168 190/8/168 192/8/168
f 287/8/206 192/8/206 194/8/206
f 194/8/170 196/8/170 289/8/170
f 289/8/1382 196/8/1382 198/8/1382
f 198/8/172 200/8/172 291/8/172
f 200/8/173 202/8/173 292/8/173
f 292/8/174 202/8/174 204/8/174
f 204/8/175 206/8/175 294/8/175
f 294/8/176 206/8/176 176/8/176
f 197/8/163 322/8/163 321/8/163
f 208/8/161 210/8/161 296/8/161
f 296/8/162 210/8/162 212/8/162
f 297/8/163 212/8/163 214/8/163
f 214/8/203 216/8/203 299/8/203
f 216/8/165 218/8/165 300/8/165
f 300/8/205 218/8/205 220/8/205
f 301/8/167 220/8/167 222/8/167
f 222/8/168 224/8/168 303/8/168
f 303/8/169 224/8/169 226/8/169
f 226/8/170 228/8/170 305/8/170
f 228/8/171 230/8/171 306/8/171
f 306/8/172 230/8/172 232/8/172
f 307/8/173 232/8/173 234/8/173
f 234/8/174 236/8/174 309/8/174
f 309/8/175 236/8/175 238/8/175
f 238/8/176 208/8/176 295/8/176
f 223/8/176 335/8/176 334/8/176
f 239/9/179 240/9/179 242/9/179
f 242/9/180 246/9/180 245/9/180
f 245/9/181 246/9/181 244/9/181
f 244/9/182 240/9/182 239/9/182
f 242/9/183 240/9/183 244/9/183
f 248/2/184 250/2/184 249/2/184
f 250/2/185 252/2/185 251/2/185
f 252/2/186 254/2/186 253/2/186
f 254/2/187 256/2/187 255/2/187
f 256/2/188 258/2/188 257/2/188
f 258/2/189 260/2/189 259/2/189
f 260/2/190 262/2/190 261/2/190
f 262/2/191 264/2/191 263/2/191
f 264/2/192 266/2/192 265/2/192
f 266/2/193 268/2/193 267/2/193
f 268/2/194 270/2/194 269/2/194
f 270/2/195 272/2/195 271/2/195
f 272/2/196 274/2/196 273/2/196
f 274/2/197 276/2/197 275/2/197
f 252/2/198 250/2/198 248/2/198
f 248/2/198 278/2/198 276/2/198
f 276/2/198 274/2/198 272/2/198
f 272/2/198 270/2/198 268/2/198
f 268/2/198 266/2/198 264/2/198
f 264/2/198 262/2/198 260/2/198
f 260/2/198 258/2/198 256/2/198
f 256/2/198 254/2/198 252/2/198
f 252/2/198 248/2/198 276/2/198
f 276/2/198 272/2/198 268/2/198
f 268/2/198 264/2/198 260/2/198
f 260/2/198 256/2/198 252/2/198
f 252/2/198 276/2/198 268/2/198
f 275/2/199 276/2/199 278/2/199
f 278/2/200 248/2/200 247/2/200
f 175/8/201 279/8/201 280/8/201
f 177/8/201 280/8/201 281/8/201
f 181/8/201 179/8/201 281/8/201
f 183/8/201 181/8/201 282/8/201
f 183/8/201 283/8/201 284/8/201
f 187/8/201 185/8/201 284/8/201
f 187/8/201 285/8/201 286/8/201
f 191/8/201 189/8/201 286/8/201
f 191/8/201 287/8/201 288/8/201
f 195/8/201 193/8/201 288/8/201
f 197/8/201 195/8/201 289/8/201
f 197/8/201 290/8/201 291/8/201
f 199/8/201 291/8/201 292/8/201
f 201/8/201 292/8/201 293/8/201
f 205/8/201 203/8/201 293/8/201
f 205/8/201 294/8/201 279/8/201
f 209/8/201 207/8/201 295/8/201
f 209/8/201 296/8/201 297/8/201
f 213/8/201 211/8/201 297/8/201
f 213/8/201 298/8/201 299/8/201
f 215/8/201 299/8/201 300/8/201
f 217/8/201 300/8/201 301/8/201
f 221/8/201 219/8/201 301/8/201
f 221/8/201 302/8/201 303/8/201
f 223/8/201 303/8/201 304/8/201
f 225/8/201 304/8/201 305/8/201
f 227/8/201 305/8/201 306/8/201
f 229/8/201 306/8/201 307/8/201
f 233/8/201 231/8/201 307/8/201
f 233/8/201 308/8/201 309/8/201
f 235/8/201 309/8/201 310/8/201
f 207/8/201 237/8/201 310/8/201
f 225/8/202 336/8/202 335/8/202
f 199/8/164 323/8/164 322/8/164
f 225/8/162 227/8/162 337/8/162
f 201/8/165 324/8/165 323/8/165
f 229/8/163 338/8/163 337/8/163
f 203/8/205 325/8/205 324/8/205
f 177/8/169 312/8/169 311/8/169
f 229/8/1381 231/8/1381 339/8/1381
f 205/8/167 326/8/167 325/8/167
f 179/8/170 313/8/170 312/8/170
f 233/8/165 340/8/165 339/8/165
f 175/8/168 311/8/168 326/8/168
f 179/8/171 181/8/171 314/8/171
f 235/8/205 341/8/205 340/8/205
f 209/8/169 328/8/169 327/8/169
f 183/8/177 315/8/177 314/8/177
f 237/8/167 342/8/167 341/8/167
f 209/8/170 211/8/170 329/8/170
f 185/8/173 316/8/173 315/8/173
f 207/8/168 327/8/168 342/8/168
f 211/8/171 213/8/171 330/8/171
f 185/8/174 187/8/174 317/8/174
f 213/8/1383 215/8/1383 331/8/1383
f 187/8/175 189/8/175 318/8/175
f 217/8/173 332/8/173 331/8/173
f 191/8/176 319/8/176 318/8/176
f 217/8/174 219/8/174 333/8/174
f 191/8/161 193/8/161 320/8/161
f 221/8/175 334/8/175 333/8/175
f 193/8/162 195/8/162 321/8/162
f 345/10/208 346/10/208 344/10/208
f 345/10/209 347/10/209 348/10/209
f 347/10/210 349/10/210 350/10/210
f 351/10/211 352/10/211 350/10/211
f 351/10/212 353/10/212 354/10/212
f 353/10/213 355/10/213 356/10/213
f 357/10/214 358/10/214 356/10/214
f 357/10/215 359/10/215 360/10/215
f 361/10/216 362/10/216 360/10/216
f 361/10/217 363/10/217 364/10/217
f 363/10/218 365/10/218 366/10/218
f 365/10/219 367/10/219 368/10/219
f 367/10/220 369/10/220 370/10/220
f 369/10/221 371/10/221 372/10/221
f 371/10/222 373/10/222 374/10/222
f 375/10/223 376/10/223 374/10/223
f 377/10/224 378/10/224 376/10/224
f 379/10/225 380/10/225 378/10/225
f 356/10/226 389/10/226 388/10/226
f 381/10/227 382/10/227 380/10/227
f 343/10/228 344/10/228 382/10/228
f 392/10/67 412/10/67 411/10/67
f 366/10/229 394/10/229 393/10/229
f 376/10/230 399/10/230 398/10/230
f 387/10/231 386/10/231 350/10/231
f 392/10/232 391/10/232 360/10/232
f 397/10/233 396/10/233 370/10/233
f 402/10/234 401/10/234 380/10/234
f 385/10/235 383/10/235 346/10/235
f 390/10/236 389/10/236 356/10/236
f 368/10/237 395/10/237 394/10/237
f 400/10/238 399/10/238 376/10/238
f 388/10/239 387/10/239 352/10/239
f 393/10/240 392/10/240 362/10/240
f 398/10/241 397/10/241 372/10/241
f 384/10/242 402/10/242 382/10/242
f 386/10/243 385/10/243 348/10/243
f 360/10/244 391/10/244 390/10/244
f 383/10/245 384/10/245 344/10/245
f 370/10/246 396/10/246 395/10/246
f 401/10/247 400/10/247 378/10/247
f 404/10/67 403/10/67 405/10/67
f 405/10/67 406/10/67 407/10/67
f 407/10/67 408/10/67 409/10/67
f 409/10/67 410/10/67 411/10/67
f 411/10/67 412/10/67 413/10/67
f 413/10/67 414/10/67 415/10/67
f 415/10/67 416/10/67 417/10/67
f 417/10/67 418/10/67 419/10/67
f 419/10/67 420/10/67 421/10/67
f 421/10/67 422/10/67 404/10/67
f 404/10/67 405/10/67 407/10/67
f 407/10/67 409/10/67 411/10/67
f 411/10/67 413/10/67 415/10/67
f 415/10/67 417/10/67 419/10/67
f 419/10/67 421/10/67 404/10/67
f 404/10/67 407/10/67 411/10/67
f 411/10/67 415/10/67 419/10/67
f 405/10/67 403/10/67 383/10/67
f 420/10/67 419/10/67 399/10/67
f 393/10/67 413/10/67 412/10/67
f 406/10/67 405/10/67 385/10/67
f 421/10/67 420/10/67 400/10/67
f 394/10/67 414/10/67 413/10/67
f 387/10/67 407/10/67 406/10/67
f 402/10/67 422/10/67 421/10/67
f 415/10/67 414/10/67 394/10/67
f 408/10/67 407/10/67 387/10/67
f 404/10/67 422/10/67 402/10/67
f 416/10/67 415/10/67 395/10/67
f 389/10/67 409/10/67 408/10/67
f 397/10/67 417/10/67 416/10/67
f 410/10/67 409/10/67 389/10/67
f 398/10/67 418/10/67 417/10/67
f 391/10/67 411/10/67 410/10/67
f 403/10/67 404/10/67 384/10/67
f 419/10/67 418/10/67 398/10/67
f 425/10/208 426/10/208 424/10/208
f 425/10/209 427/10/209 428/10/209
f 427/10/210 429/10/210 430/10/210
f 431/10/211 432/10/211 430/10/211
f 433/10/212 434/10/212 432/10/212
f 435/10/213 436/10/213 434/10/213
f 435/10/214 437/10/214 438/10/214
f 437/10/215 439/10/215 440/10/215
f 441/10/216 442/10/216 440/10/216
f 441/10/217 443/10/217 444/10/217
f 443/10/218 445/10/218 446/10/218
f 445/10/219 447/10/219 448/10/219
f 447/10/220 449/10/220 450/10/220
f 451/10/221 452/10/221 450/10/221
f 451/10/222 453/10/222 454/10/222
f 455/10/223 456/10/223 454/10/223
f 455/10/224 457/10/224 458/10/224
f 459/10/225 460/10/225 458/10/225
f 436/10/226 469/10/226 468/10/226
f 459/10/227 461/10/227 462/10/227
f 461/10/228 423/10/228 424/10/228
f 472/10/67 492/10/67 491/10/67
f 446/10/229 474/10/229 473/10/229
f 456/10/230 479/10/230 478/10/230
f 432/10/231 467/10/231 466/10/231
f 472/10/232 471/10/232 440/10/232
f 452/10/233 477/10/233 476/10/233
f 462/10/234 482/10/234 481/10/234
f 465/10/235 463/10/235 426/10/235
f 438/10/236 470/10/236 469/10/236
f 475/10/237 474/10/237 446/10/237
f 458/10/238 480/10/238 479/10/238
f 468/10/239 467/10/239 432/10/239
f 444/10/240 473/10/240 472/10/240
f 478/10/241 477/10/241 452/10/241
f 464/10/242 482/10/242 462/10/242
f 466/10/243 465/10/243 428/10/243
f 471/10/244 470/10/244 438/10/244
f 426/10/245 463/10/245 464/10/245
f 450/10/246 476/10/246 475/10/246
f 481/10/247 480/10/247 458/10/247
f 484/10/67 483/10/67 485/10/67
f 485/10/67 486/10/67 487/10/67
f 487/10/67 488/10/67 489/10/67
f 489/10/67 490/10/67 491/10/67
f 491/10/67 492/10/67 493/10/67
f 493/10/67 494/10/67 495/10/67
f 495/10/67 496/10/67 497/10/67
f 497/10/67 498/10/67 499/10/67
f 499/10/67 500/10/67 501/10/67
f 501/10/67 502/10/67 484/10/67
f 484/10/67 485/10/67 487/10/67
f 487/10/67 489/10/67 491/10/67
f 491/10/67 493/10/67 495/10/67
f 495/10/67 497/10/67 499/10/67
f 499/10/67 501/10/67 484/10/67
f 484/10/67 487/10/67 491/10/67
f 491/10/67 495/10/67 499/10/67
f 485/10/67 483/10/67 463/10/67
f 500/10/67 499/10/67 479/10/67
f 473/10/67 493/10/67 492/10/67
f 486/10/67 485/10/67 465/10/67
f 481/10/67 501/10/67 500/10/67
f 474/10/67 494/10/67 493/10/67
f 467/10/67 487/10/67 486/10/67
f 482/10/67 502/10/67 501/10/67
f 495/10/67 494/10/67 474/10/67
f 468/10/67 488/10/67 487/10/67
f 484/10/67 502/10/67 482/10/67
f 496/10/67 495/10/67 475/10/67
f 469/10/67 489/10/67 488/10/67
f 477/10/67 497/10/67 496/10/67
f 490/10/67 489/10/67 469/10/67
f 478/10/67 498/10/67 497/10/67
f 471/10/67 491/10/67 490/10/67
f 483/10/67 484/10/67 464/10/67
f 499/10/67 498/10/67 478/10/67
f 503/3/1384 505/3/1384 506/3/1384
f 114/3/1385 108/3/1385 504/3/1385
f 110/3/87 112/3/87 505/3/87
f 507/11/1386 509/11/1386 510/11/1386
f 507/11/1387 508/11/1387 512/11/1387
f 509/11/87 507/11/87 511/11/87
f 512/11/16 508/11/16 510/11/16
f 617/2/1388 618/2/1389 661/2/1390
f 569/2/1391 570/2/1392 1184/2/1392
f 532/2/1393 533/2/1393 686/2/1393
f 532/2/1394 687/2/1394 574/2/1394
f 530/2/264 531/2/264 695/2/264
f 577/2/265 698/2/265 693/2/265
f 527/2/266 694/2/266 697/2/266
f 530/2/267 699/2/267 696/2/267
f 535/2/1395 563/2/1395 572/2/1395
f 575/2/1396 563/2/1396 535/2/1396
f 558/2/273 557/2/273 582/2/273
f 562/2/1397 543/2/1397 559/2/1397
f 538/2/1398 537/2/1398 556/2/1398
f 537/2/1399 538/2/1399 561/2/1399
f 538/2/1400 525/2/1400 549/2/1400
f 576/2/1401 533/2/1402 532/2/1403
f 691/2/1404 705/2/1405 707/2/1406
f 544/2/1407 702/2/1407 700/2/1407
f 522/2/1408 567/2/1408 534/2/1408
f 578/2/1409 546/2/1410 703/2/1411
f 546/2/1412 565/2/1412 547/2/1412
f 607/2/1413 652/2/1414 653/2/1415
f 952/2/69 965/2/69 966/2/69
f 651/2/1416 632/2/1417 657/2/1418
f 536/2/325 523/2/325 515/2/325
f 518/2/1419 580/2/1419 581/2/1419
f 521/2/1420 540/2/1420 580/2/1420
f 526/2/1421 579/2/1421 564/2/1421
f 560/2/1422 1182/2/1423 1190/2/1424
f 572/2/1425 569/2/1426 1188/2/1427
f 571/2/336 564/2/336 1190/2/336
f 557/2/337 558/2/337 584/2/337
f 542/2/1428 525/2/1428 579/2/1428
f 543/2/1429 583/2/1429 584/2/1429
f 573/2/1430 574/2/1430 585/2/1430
f 573/2/1431 587/2/1431 588/2/1431
f 586/2/1432 585/2/1432 574/2/1432
f 589/2/1433 586/2/1433 563/2/1433
f 590/2/1434 589/2/1434 575/2/1434
f 688/2/1435 592/2/1435 591/2/1435
f 114/3/1436 113/3/1437 115/3/1438
f 594/2/1439 520/2/1439 534/2/1439
f 592/2/1440 688/2/1440 686/2/1440
f 556/2/1441 598/2/1441 597/2/1441
f 537/2/1442 552/2/1442 596/2/1442
f 555/2/1443 597/2/1443 599/2/1443
f 537/2/362 595/2/362 598/2/362
f 538/2/1444 535/2/1444 560/2/1444
f 88/3/1445 120/3/1446 142/3/1447
f 609/2/1448 645/2/1448 649/2/1448
f 617/2/1449 616/2/1449 614/2/1449
f 659/2/1450 616/2/1450 617/2/1450
f 616/2/1451 613/2/1451 612/2/1451
f 657/2/1452 648/2/1452 620/2/1452
f 620/2/1453 648/2/1453 660/2/1453
f 643/2/1454 660/2/1454 667/2/1454
f 647/2/1455 640/2/1455 644/2/1455
f 641/2/1456 622/2/1456 623/2/1456
f 646/2/1457 623/2/1457 622/2/1457
f 623/2/1458 646/2/1458 634/2/1458
f 591/2/1459 593/2/1460 544/2/1461
f 612/2/1462 613/2/1463 653/2/1464
f 612/2/1465 630/2/1465 629/2/1465
f 605/2/1466 619/2/1466 652/2/1466
f 572/2/1467 547/2/1468 566/2/1469
f 631/2/1470 633/2/1470 632/2/1470
f 651/2/611 604/2/611 601/2/611
f 649/2/1471 645/2/1471 610/2/1471
f 656/2/1472 665/2/1472 666/2/1472
f 665/2/1473 656/2/1473 611/2/1473
f 621/2/1474 666/2/1474 600/2/1474
f 603/2/1475 600/2/1475 666/2/1475
f 606/2/1476 603/2/1476 665/2/1476
f 611/2/1477 656/2/1477 649/2/1477
f 642/2/1478 668/2/1478 669/2/1478
f 627/2/1479 639/2/1479 664/2/1479
f 669/2/1480 668/2/1480 628/2/1480
f 672/2/1481 670/2/1481 659/2/1481
f 661/2/1482 673/2/1482 672/2/1482
f 648/2/1483 659/2/1483 670/2/1483
f 660/2/1484 648/2/1484 671/2/1484
f 660/2/1485 674/2/1485 675/2/1485
f 638/2/1486 676/2/1486 677/2/1486
f 679/2/1487 678/2/1487 619/2/1487
f 614/2/1488 662/2/1488 677/2/1488
f 682/2/1489 683/2/1489 641/2/1489
f 622/2/1490 680/2/1490 681/2/1490
f 684/2/1491 682/2/1491 640/2/1491
f 683/2/1492 680/2/1492 622/2/1492
f 621/2/1493 655/2/1493 654/2/1494
f 623/2/1495 610/2/1495 645/2/1495
f 541/2/1496 540/2/1496 625/2/1496
f 550/2/1497 635/2/1497 634/2/1497
f 561/2/1498 549/2/1498 634/2/1498
f 561/2/1499 646/2/1499 636/2/1499
f 551/2/1500 636/2/1500 637/2/1500
f 543/2/1501 562/2/1501 647/2/1501
f 521/2/1502 606/2/1502 625/2/1502
f 541/2/1503 626/2/1503 611/2/1503
f 543/2/1504 628/2/1504 667/2/1504
f 554/2/1505 639/2/1505 635/2/1505
f 554/2/1506 526/2/1506 611/2/1506
f 586/2/1507 671/2/1507 670/2/1507
f 585/2/1508 670/2/1508 672/2/1508
f 588/2/1509 587/2/1509 672/2/1509
f 589/2/1510 674/2/1510 671/2/1510
f 589/2/1511 590/2/1511 675/2/1511
f 590/2/1512 582/2/1512 667/2/1512
f 588/2/1513 673/2/1513 661/2/1513
f 594/2/1514 576/2/1514 661/2/1514
f 595/2/1515 596/2/1515 681/2/1515
f 595/2/1516 680/2/1516 683/2/1516
f 597/2/1517 598/2/1517 683/2/1517
f 599/2/1518 597/2/1518 682/2/1518
f 596/2/1519 552/2/1519 637/2/1519
f 599/2/1520 684/2/1520 647/2/1520
f 531/2/1521 687/2/1521 686/2/1521
f 529/2/1522 686/2/1522 688/2/1522
f 577/2/1523 688/2/1523 689/2/1523
f 553/2/1524 689/2/1524 700/2/1524
f 527/2/1525 700/2/1525 701/2/1525
f 530/2/1526 528/2/1526 701/2/1526
f 531/2/1527 530/2/1527 692/2/1527
f 695/12/1528 693/12/1528 694/12/1528
f 528/2/267 696/2/267 694/2/267
f 577/2/524 553/2/524 697/2/524
f 531/2/525 529/2/525 693/2/525
f 691/2/1529 701/2/1530 700/2/1531
f 690/2/1532 700/2/1533 702/2/1534
f 568/2/1535 545/2/1536 702/2/1537
f 568/2/1538 703/2/1539 701/2/1540
f 706/13/1541 707/13/1542 705/13/1543
f 545/2/1544 706/2/1545 704/2/1546
f 545/2/1547 568/2/1548 707/2/1549
f 691/2/1550 690/2/1551 704/2/1552
f 741/14/550 739/14/550 738/14/550
f 739/14/551 737/14/551 736/14/551
f 737/14/552 735/14/552 734/14/552
f 766/14/1553 767/14/1553 765/14/1553
f 733/14/554 731/14/554 730/14/554
f 762/14/555 763/14/555 761/14/555
f 760/14/556 761/14/556 759/14/556
f 757/14/557 755/14/557 754/14/557
f 758/14/558 759/14/558 757/14/558
f 722/14/559 723/14/559 721/14/559
f 720/14/560 721/14/560 719/14/560
f 751/14/561 749/14/561 748/14/561
f 768/14/562 769/14/562 767/14/562
f 747/14/563 745/14/563 744/14/563
f 770/14/564 771/14/564 769/14/564
f 708/14/565 709/14/565 771/14/565
f 958/2/198 960/2/198 959/2/198
f 710/14/566 711/14/566 709/14/566
f 712/14/567 713/14/567 711/14/567
f 735/14/568 733/14/568 732/14/568
f 764/14/569 765/14/569 763/14/569
f 731/14/570 729/14/570 728/14/570
f 969/2/571 970/2/571 966/2/571
f 969/2/572 965/2/572 968/2/572
f 724/14/573 725/14/573 723/14/573
f 755/14/574 753/14/574 752/14/574
f 718/14/575 719/14/575 717/14/575
f 716/14/576 717/14/576 715/14/576
f 749/14/1554 747/14/1554 746/14/1554
f 714/14/578 715/14/578 713/14/578
f 745/14/579 743/14/579 742/14/579
f 743/14/580 741/14/580 740/14/580
f 809/14/581 807/14/581 806/14/581
f 835/14/582 833/14/582 832/14/582
f 826/14/583 827/14/583 825/14/583
f 819/14/584 817/14/584 816/14/584
f 827/14/585 826/14/585 828/14/585
f 777/14/586 776/14/586 778/14/586
f 797/14/587 795/14/587 794/14/587
f 799/14/588 798/14/588 800/14/588
f 789/14/589 787/14/589 786/14/589
f 779/14/590 778/14/590 780/14/590
f 791/14/591 789/14/591 788/14/591
f 825/14/592 823/14/592 822/14/592
f 793/14/593 791/14/593 790/14/593
f 823/14/594 821/14/594 820/14/594
f 807/14/580 805/14/580 804/14/580
f 727/14/595 725/14/595 724/14/595
f 805/14/596 803/14/596 802/14/596
f 773/14/565 835/14/565 834/14/565
f 817/14/597 815/14/597 814/14/597
f 819/14/598 818/14/598 820/14/598
f 783/14/599 781/14/599 780/14/599
f 793/14/600 792/14/600 794/14/600
f 831/14/601 829/14/601 828/14/601
f 797/14/602 796/14/602 798/14/602
f 813/14/603 811/14/603 810/14/603
f 814/14/604 815/14/604 813/14/604
f 831/14/605 830/14/605 832/14/605
f 785/14/606 783/14/606 782/14/606
f 787/14/607 785/14/607 784/14/607
f 777/14/608 775/14/608 774/14/608
f 775/14/609 773/14/609 772/14/609
f 803/14/610 801/14/610 800/14/610
f 836/14/611 837/14/611 774/14/611
f 854/14/611 808/14/611 806/14/611
f 864/14/611 828/14/611 826/14/611
f 850/14/611 800/14/611 798/14/611
f 865/14/611 866/14/611 832/14/611
f 867/14/611 834/14/611 832/14/611
f 842/14/611 843/14/611 786/14/611
f 862/14/611 824/14/611 822/14/611
f 850/14/611 851/14/611 802/14/611
f 843/14/611 844/14/611 788/14/611
f 836/14/611 772/14/611 834/14/611
f 864/14/611 865/14/611 830/14/611
f 858/14/611 816/14/611 814/14/611
f 855/14/611 856/14/611 812/14/611
f 847/14/611 848/14/611 796/14/611
f 852/14/611 804/14/611 802/14/611
f 857/14/611 814/14/611 812/14/611
f 840/14/611 841/14/611 782/14/611
f 861/14/611 822/14/611 820/14/611
f 840/14/611 780/14/611 778/14/611
f 845/14/611 846/14/611 792/14/611
f 860/14/611 820/14/611 818/14/611
f 910/14/611 758/14/611 756/14/611
f 839/14/611 778/14/611 776/14/611
f 862/14/611 863/14/611 826/14/611
f 852/14/611 853/14/611 806/14/611
f 849/14/611 798/14/611 796/14/611
f 776/14/611 774/14/611 837/14/611
f 842/14/611 784/14/611 782/14/611
f 859/14/611 818/14/611 816/14/611
f 844/14/611 845/14/611 790/14/611
f 846/14/611 847/14/611 794/14/611
f 869/14/612 839/14/612 838/14/612
f 1006/14/613 1117/14/613 1118/14/613
f 1130/14/614 1131/14/614 1020/14/614
f 973/14/615 885/14/615 916/14/615
f 836/14/615 867/14/615 1051/14/615
f 870/14/616 840/14/616 839/14/616
f 878/14/617 858/14/617 857/14/617
f 1037/14/618 837/14/618 836/14/618
f 1048/14/619 857/14/619 856/14/619
f 1002/14/620 914/14/620 913/14/620
f 1155/14/621 1156/14/621 925/14/621
f 848/14/622 847/14/622 1043/14/622
f 876/14/623 853/14/623 852/14/623
f 841/14/624 840/14/624 870/14/624
f 991/14/625 992/14/625 904/14/625
f 1043/14/626 847/14/626 846/14/626
f 957/2/627 959/2/627 963/2/627
f 969/2/69 972/2/69 971/2/69
f 1039/14/628 843/14/628 842/14/628
f 881/14/629 863/14/629 862/14/629
f 1050/14/621 860/14/621 859/14/621
f 1128/14/620 1129/14/620 1018/14/620
f 993/14/619 994/14/619 906/14/619
f 976/14/616 977/14/616 889/14/616
f 1010/14/617 1121/14/617 1122/14/617
f 1154/14/630 1155/14/630 924/14/630
f 950/2/631 954/2/631 956/2/631
f 1124/14/632 1125/14/632 1014/14/632
f 1145/14/633 1146/14/633 1035/14/633
f 986/14/634 898/14/634 897/14/634
f 882/14/635 864/14/635 863/14/635
f 875/14/633 850/14/633 849/14/633
f 897/14/611 898/14/611 734/14/611
f 911/14/611 760/14/611 758/14/611
f 901/14/611 902/14/611 742/14/611
f 893/14/611 724/14/611 722/14/611
f 914/14/611 915/14/611 768/14/611
f 912/14/611 913/14/611 764/14/611
f 718/14/611 716/14/611 889/14/611
f 899/14/611 736/14/611 734/14/611
f 894/14/611 726/14/611 724/14/611
f 950/2/198 952/2/198 951/2/198
f 894/14/611 895/14/611 728/14/611
f 766/14/611 764/14/611 913/14/611
f 888/14/611 714/14/611 712/14/611
f 730/14/611 728/14/611 895/14/611
f 738/14/611 736/14/611 899/14/611
f 908/14/611 909/14/611 756/14/611
f 885/14/611 886/14/611 710/14/611
f 907/14/611 752/14/611 750/14/611
f 896/14/611 897/14/611 732/14/611
f 903/14/611 904/14/611 746/14/611
f 890/14/611 891/14/611 720/14/611
f 885/14/611 708/14/611 770/14/611
f 901/14/611 740/14/611 738/14/611
f 907/14/611 908/14/611 754/14/611
f 887/14/611 712/14/611 710/14/611
f 905/14/611 748/14/611 746/14/611
f 911/14/611 912/14/611 762/14/611
f 902/14/611 903/14/611 744/14/611
f 892/14/611 722/14/611 720/14/611
f 915/14/611 916/14/611 770/14/611
f 906/14/611 750/14/611 748/14/611
f 888/14/611 889/14/611 716/14/611
f 935/14/612 1166/14/612 1167/14/612
f 992/14/636 993/14/636 905/14/636
f 998/14/632 910/14/632 909/14/632
f 980/14/628 892/14/628 891/14/628
f 873/14/634 874/14/634 849/14/634
f 891/14/637 890/14/637 978/14/637
f 982/14/638 894/14/638 893/14/638
f 1001/14/635 913/14/635 912/14/635
f 908/14/630 907/14/630 995/14/630
f 996/14/621 997/14/621 909/14/621
f 976/14/612 888/14/612 887/14/612
f 960/2/639 958/2/639 962/2/639
f 984/14/626 896/14/626 895/14/626
f 1168/14/624 1169/14/624 938/14/624
f 861/14/632 860/14/632 1050/14/632
f 982/14/640 983/14/640 895/14/640
f 1162/14/614 1163/14/614 932/14/614
f 918/14/613 1149/14/613 1150/14/613
f 1138/14/628 1139/14/628 1028/14/628
f 990/14/623 902/14/623 901/14/623
f 884/14/614 1051/14/614 867/14/614
f 989/14/641 901/14/641 900/14/641
f 919/14/625 1150/14/625 1151/14/625
f 871/14/637 872/14/637 842/14/637
f 1044/14/642 851/14/642 850/14/642
f 1003/14/614 1004/14/614 916/14/614
f 986/14/633 987/14/633 899/14/633
f 950/2/67 949/2/67 953/2/67
f 1002/14/643 1003/14/643 915/14/643
f 927/14/629 1158/14/629 1159/14/629
f 995/14/617 907/14/617 906/14/617
f 844/14/644 843/14/644 1039/14/644
f 878/14/630 1049/14/630 859/14/630
f 549/2/1555 542/2/1556 554/2/1557
f 567/2/1558 522/2/1559 517/2/1560
f 1136/14/624 1137/14/624 1026/14/624
f 1161/14/643 1162/14/643 931/14/643
f 985/14/622 897/14/622 896/14/622
f 1116/15/651 1147/15/651 1115/15/651
f 949/2/652 951/2/652 955/2/652
f 960/2/653 964/2/653 963/2/653
f 846/14/640 845/14/640 1041/14/640
f 1047/14/625 855/14/625 854/14/625
f 729/14/654 727/14/654 726/14/654
f 958/2/656 957/2/656 961/2/656
f 970/2/657 971/2/657 967/2/657
f 753/14/658 751/14/658 750/14/658
f 940/14/198 996/14/198 995/14/198
f 1036/14/198 1051/14/198 884/14/198
f 880/14/198 1031/14/198 1032/14/198
f 1008/14/198 869/14/198 1038/14/198
f 984/14/198 983/14/198 927/14/198
f 934/14/198 990/14/198 989/14/198
f 876/14/198 1045/14/198 1021/14/198
f 973/14/198 1004/14/198 948/14/198
f 1010/14/198 871/14/198 870/14/198
f 941/14/198 997/14/198 996/14/198
f 979/14/198 978/14/198 922/14/198
f 986/14/198 985/14/198 929/14/198
f 884/14/198 883/14/198 1034/14/198
f 989/14/198 988/14/198 932/14/198
f 975/14/198 974/14/198 918/14/198
f 983/14/198 982/14/198 926/14/198
f 931/14/198 987/14/198 986/14/198
f 943/14/198 999/14/198 998/14/198
f 985/14/198 984/14/198 928/14/198
f 939/14/198 995/14/198 994/14/198
f 935/14/198 991/14/198 990/14/198
f 992/14/198 991/14/198 935/14/198
f 937/14/198 993/14/198 992/14/198
f 1030/14/198 879/14/198 1050/14/198
f 981/14/198 980/14/198 924/14/198
f 948/14/198 1004/14/198 1003/14/198
f 977/14/198 976/14/198 920/14/198
f 878/14/198 1048/14/198 1026/14/198
f 874/14/198 873/14/198 1017/14/198
f 1017/14/198 873/14/198 1043/14/198
f 980/14/198 979/14/198 923/14/198
f 974/14/198 973/14/198 917/14/198
f 940/14/644 1171/14/644 1172/14/644
f 1034/14/198 883/14/198 882/14/198
f 854/14/611 855/14/611 810/14/611
f 872/14/198 871/14/198 1010/14/198
f 868/14/198 1051/14/198 1036/14/198
f 1040/14/198 1039/14/198 1012/14/198
f 1028/14/198 1049/14/198 878/14/198
f 1019/14/198 875/14/198 874/14/198
f 1020/14/198 1044/14/198 875/14/198
f 1029/14/198 1050/14/198 1049/14/198
f 994/14/198 993/14/198 937/14/198
f 945/14/198 1001/14/198 1000/14/198
f 988/14/198 987/14/198 931/14/198
f 1021/14/198 1045/14/198 1044/14/198
f 1006/14/198 1037/14/198 868/14/198
f 997/14/198 941/14/198 942/14/198
f 976/14/198 975/14/198 919/14/198
f 1002/14/198 1001/14/198 945/14/198
f 1041/14/198 1040/14/198 1013/14/198
f 880/14/198 879/14/198 1030/14/198
f 947/14/198 1003/14/198 1002/14/198
f 1025/14/198 877/14/198 1047/14/198
f 978/14/198 977/14/198 921/14/198
f 1048/14/198 877/14/198 1025/14/198
f 1016/14/198 1043/14/198 1042/14/198
f 882/14/198 881/14/198 1032/14/198
f 1012/14/198 1039/14/198 872/14/198
f 999/14/198 943/14/198 944/14/198
f 982/14/198 981/14/198 925/14/198
f 870/14/198 869/14/198 1008/14/198
f 1042/14/198 1041/14/198 1014/14/198
f 1038/14/198 1037/14/198 1006/14/198
f 1046/14/198 876/14/198 1022/14/198
f 1127/14/635 1128/14/635 1017/14/635
f 1144/14/634 1145/14/634 1034/14/634
f 928/14/635 1159/14/635 1160/14/635
f 1046/14/613 854/14/613 853/14/613
f 938/14/637 1169/14/637 1170/14/637
f 947/14/642 1178/14/642 1179/14/642
f 1132/14/618 1133/14/618 1022/14/618
f 1157/14/659 1158/14/659 927/14/659
f 1045/14/641 852/14/641 851/14/641
f 866/14/643 865/14/643 883/14/643
f 1179/14/641 1148/14/641 917/14/641
f 974/14/660 975/14/660 887/14/660
f 1160/14/620 1161/14/620 930/14/620
f 1163/14/615 1164/14/615 933/14/615
f 1140/14/638 1141/14/638 1030/14/638
f 1135/14/616 1136/14/616 1025/14/616
f 1147/14/641 1116/14/641 1005/14/641
f 991/14/613 903/14/613 902/14/613
f 1164/14/618 1165/14/618 934/14/618
f 1142/14/626 1143/14/626 1032/14/626
f 1018/14/643 1129/14/643 1130/14/643
f 1139/14/644 1140/14/644 1029/14/644
f 1143/14/622 1144/14/622 1033/14/622
f 1040/14/638 1041/14/638 845/14/638
f 1167/14/616 1168/14/616 937/14/616
f 1153/14/617 1154/14/617 923/14/617
f 1137/14/637 1138/14/637 1027/14/637
f 1116/14/623 1117/14/623 1006/14/623
f 1014/14/659 1125/14/659 1126/14/659
f 1177/14/633 1178/14/633 947/14/633
f 1122/14/630 1123/14/630 1012/14/630
f 1170/14/628 1171/14/628 940/14/628
f 1133/14/660 1134/14/660 1023/14/660
f 1037/14/660 1038/14/660 838/14/660
f 1141/14/640 1142/14/640 1031/14/640
f 1148/14/623 1149/14/623 918/14/623
f 999/14/629 1000/14/629 912/14/629
f 1118/14/625 1119/14/625 1008/14/625
f 944/14/622 1175/14/622 1176/14/622
f 1134/14/612 1135/14/612 1024/14/612
f 1151/14/636 1152/14/636 921/14/636
f 1165/14/660 1166/14/660 935/14/660
f 1035/14/642 1146/14/642 1147/14/642
f 883/14/620 865/14/620 864/14/620
f 811/14/661 809/14/661 808/14/661
f 1123/14/621 1124/14/621 1013/14/621
f 943/14/626 1174/14/626 1175/14/626
f 998/14/659 999/14/659 911/14/659
f 980/14/644 981/14/644 893/14/644
f 1173/14/638 942/14/638 941/14/638
f 945/14/634 1176/14/634 1177/14/634
f 1120/14/619 1121/14/619 1010/14/619
f 988/14/642 900/14/642 899/14/642
f 942/14/640 1173/14/640 1174/14/640
f 880/14/659 862/14/659 861/14/659
f 1152/14/619 1153/14/619 922/14/619
f 890/14/624 889/14/624 977/14/624
f 1131/14/615 1132/14/615 1021/14/615
f 1119/14/636 1120/14/636 1009/14/636
f 877/14/636 856/14/636 855/14/636
f 1156/14/632 1157/14/632 926/14/632
f 973/14/618 974/14/618 886/14/618
f 1094/15/662 1126/15/662 1125/15/662
f 1147/15/663 1146/15/663 1114/15/663
f 1159/18/664 1158/18/664 1062/18/664
f 1113/15/665 1145/15/665 1144/15/665
f 1144/15/666 1143/15/666 1111/15/666
f 1170/18/667 1169/18/667 1073/18/667
f 1068/18/668 1164/18/668 1163/18/668
f 1104/15/669 1136/15/669 1135/15/669
f 1177/18/665 1176/18/665 1080/18/665
f 1107/15/670 1139/15/670 1138/15/670
f 1110/15/671 1142/15/671 1141/15/671
f 1047/14/198 1046/14/198 1023/14/198
f 1150/18/672 1149/18/672 1053/18/672
f 1064/18/673 1160/18/673 1159/18/673
f 1151/18/674 1055/18/674 1056/18/674
f 1133/15/675 1132/15/675 1100/15/675
f 1118/15/672 1117/15/672 1085/15/672
f 1157/18/676 1156/18/676 1060/18/676
f 1160/18/677 1064/18/677 1065/18/677
f 1109/15/678 1141/15/678 1140/15/678
f 1096/15/673 1128/15/673 1127/15/673
f 1122/15/679 1121/15/679 1089/15/679
f 1089/15/680 1121/15/680 1120/15/680
f 1179/18/663 1178/18/663 1082/18/663
f 1057/18/680 1153/18/680 1152/18/680
f 1123/15/681 1122/15/681 1090/15/681
f 1171/18/670 1170/18/670 1074/18/670
f 1111/15/682 1143/15/682 1142/15/682
f 1129/15/677 1128/15/677 1096/15/677
f 1150/18/683 1054/18/683 1055/18/683
f 1137/15/684 1136/15/684 1104/15/684
f 1085/15/685 1117/15/685 1116/15/685
f 1148/18/651 1179/18/651 1083/18/651
f 1067/18/686 1163/18/686 1162/18/686
f 1060/18/687 1156/18/687 1155/18/687
f 1130/15/688 1129/15/688 1097/15/688
f 1120/15/674 1119/15/674 1087/15/674
f 1059/18/681 1155/18/681 1154/18/681
f 1134/15/689 1102/15/689 1103/15/689
f 1093/15/676 1125/15/676 1124/15/676
f 1167/18/689 1166/18/689 1070/18/689
f 1079/18/682 1175/18/682 1174/18/682
f 1162/18/688 1161/18/688 1065/18/688
f 1053/18/685 1149/18/685 1148/18/685
f 1072/18/669 1168/18/669 1167/18/669
f 1174/18/671 1173/18/671 1077/18/671
f 1169/18/684 1168/18/684 1072/18/684
f 1058/18/679 1154/18/679 1153/18/679
f 1095/15/664 1127/15/664 1126/15/664
f 1140/15/690 1139/15/690 1107/15/690
f 1171/18/690 1075/18/690 1076/18/690
f 1099/15/686 1131/15/686 1130/15/686
f 1100/15/668 1132/15/668 1131/15/668
f 1164/18/675 1068/18/675 1069/18/675
f 1062/18/662 1158/18/662 1157/18/662
f 1087/15/683 1119/15/683 1118/15/683
f 1176/18/666 1175/18/666 1079/18/666
f 1145/15/691 1113/15/691 1114/15/691
f 1138/15/667 1137/15/667 1105/15/667
f 1124/15/687 1123/15/687 1091/15/687
f 1070/18/692 1166/18/692 1165/18/692
f 1102/15/692 1134/15/692 1133/15/692
f 1173/18/678 1172/18/678 1076/18/678
f 1082/18/691 1178/18/691 1177/18/691
f 1126/14/629 1127/14/629 1016/14/629
f 1183/19/1561 1189/19/1561 1190/19/1561
f 1185/19/1562 1189/19/1562 1188/19/1563
f 524/2/704 572/2/704 1187/2/704
f 524/2/705 1183/2/705 1182/2/705
f 571/2/1564 1189/2/1565 1185/2/1566
f 536/2/1567 1185/2/1567 1186/2/1567
f 1192/1/1568 1195/1/1569 1196/1/1570
f 1211/1/1571 1212/1/1572 1205/1/1573
f 1198/1/1574 1195/1/1575 1192/1/1576
f 1197/1/1577 1198/1/1577 1191/1/1578
f 1193/1/1579 1196/1/1580 1197/1/1581
f 1202/1/16 1201/1/16 1200/1/16
f 1206/1/16 1205/1/16 1201/1/16
f 1199/1/16 32/1/16 31/1/16
f 1199/1/1582 1200/1/1583 1196/1/1584
f 1205/1/1585 1206/1/1586 1204/1/1587
f 31/1/16 34/1/16 1206/1/16
f 1197/1/1588 1203/1/1589 1204/1/1590
f 1212/1/16 1210/1/16 1201/1/16
f 1215/1/1583 1213/1/1591 1207/1/1592
f 1218/1/737 1216/1/737 1210/1/737
f 1207/1/1593 1208/1/1594 1197/1/1595
f 1208/1/1596 1211/1/1589 1203/1/1597
f 1209/1/1598 1207/1/1599 1196/1/1600
f 1201/1/16 1210/1/16 1209/1/16
f 1215/1/1601 1216/1/1602 1214/1/1603
f 1218/1/1604 1217/1/1605 1214/1/1606
f 1210/1/752 1216/1/752 1215/1/752
f 1214/1/1607 1217/1/1608 1211/1/1609
f 1211/1/1610 1217/1/1611 1218/1/1612
f 1213/1/1613 1214/1/1614 1208/1/1615
f 34/1/1616 33/1/1617 1204/1/1618
f 30/1/1619 32/1/1620 1199/1/1621
f 29/1/1622 30/1/1623 1195/1/1624
f 33/1/64 29/1/1625 1198/1/1626
f 37/2/67 1221/2/67 1222/2/67
f 1226/2/1627 1225/2/1627 1219/2/1627
f 35/2/69 36/2/69 1220/2/69
f 37/2/1628 35/2/1628 1219/2/1628
f 1220/2/1629 36/2/1629 38/2/1629
f 1225/2/1630 1226/2/1630 1223/2/1630
f 1225/2/1631 1224/2/1631 1221/2/1631
f 1222/2/1632 1223/2/1632 1226/2/1632
f 1221/2/1633 1224/2/1633 1223/2/1633
f 49/2/67 1229/2/67 1230/2/67
f 1234/2/1627 1233/2/1627 1227/2/1627
f 47/2/69 48/2/69 1228/2/69
f 49/2/1628 47/2/1628 1227/2/1628
f 1228/2/1629 48/2/1629 50/2/1629
f 1233/2/1630 1234/2/1630 1231/2/1630
f 1233/2/1631 1232/2/1631 1229/2/1631
f 1230/2/1632 1231/2/1632 1234/2/1632
f 1229/2/1633 1232/2/1633 1231/2/1633
f 61/2/67 1237/2/67 1238/2/67
f 1242/2/1627 1241/2/1627 1235/2/1627
f 59/2/69 60/2/69 1236/2/69
f 61/2/1634 59/2/1634 1235/2/1634
f 1236/2/1635 60/2/1635 62/2/1635
f 1241/2/1630 1242/2/1630 1239/2/1630
f 1241/2/1631 1240/2/1631 1237/2/1631
f 1238/2/1632 1239/2/1632 1242/2/1632
f 1237/2/1633 1240/2/1633 1239/2/1633
f 81/3/1636 136/3/1636 1281/3/1636
f 97/3/1637 1256/3/1637 1257/3/1637
f 71/3/82 115/3/82 1265/3/82
f 1257/3/1638 1258/3/1638 101/3/1638
f 1251/3/1639 87/3/1639 85/3/1639
f 109/3/87 1262/3/87 1263/3/87
f 1252/3/1640 1253/3/1640 91/3/1640
f 87/3/1641 1251/3/1641 1252/3/1641
f 1246/3/1642 1244/3/1642 72/3/1642
f 1269/3/1643 1257/3/1643 1256/3/1643
f 91/3/1644 1253/3/1644 1254/3/1644
f 1245/3/1645 73/3/1645 71/3/1645
f 1248/4/69 1249/4/69 1271/4/69
f 1262/3/1646 109/3/1646 107/3/1646
f 1278/5/69 1279/5/69 1277/5/69
f 1667/2/1647 1665/2/1648 1808/2/1649
f 1275/3/69 1274/3/69 1267/3/69
f 1263/3/1650 1264/3/1650 113/3/1650
f 1244/3/1651 1268/3/1651 1282/3/1651
f 1245/3/1652 1247/3/1652 1282/3/1652
f 1633/3/1653 1632/3/1653 1262/3/1653
f 1274/3/69 1272/3/69 123/3/69
f 1255/3/1654 1256/3/1654 97/3/1654
f 81/3/1655 1286/3/1655 1267/3/1655
f 1266/3/127 1285/3/127 83/3/127
f 1286/3/824 1285/3/824 1266/3/824
f 1279/3/825 1278/3/825 1274/3/825
f 1273/3/130 1277/3/130 1279/3/130
f 125/3/69 1273/3/69 1275/3/69
f 1272/3/69 1273/3/69 125/3/69
f 93/3/1656 1254/3/1656 1255/3/1656
f 1278/3/1657 1276/3/1657 1272/3/1657
f 1276/3/828 1277/3/828 1273/3/828
f 1286/3/1658 1281/3/1658 1280/3/1658
f 1280/3/1659 134/3/1659 79/3/1659
f 105/3/87 1260/3/87 1261/3/87
f 1284/3/1660 1283/3/1660 1249/3/1660
f 1249/3/139 1283/3/139 1285/3/139
f 1270/3/1661 1286/3/1661 1284/3/1661
f 1285/3/1662 1286/3/1662 1270/3/1662
f 1749/2/1663 1745/2/1664 1744/2/1665
f 1289/6/160 1291/6/160 1290/6/160
f 1291/6/159 1293/6/159 1292/6/159
f 1293/6/158 1295/6/158 1294/6/158
f 1295/6/157 1297/6/157 1296/6/157
f 1297/6/156 1299/6/156 1298/6/156
f 1299/6/155 1301/6/155 1300/6/155
f 1301/6/154 1303/6/154 1302/6/154
f 1303/6/153 1305/6/153 1304/6/153
f 1305/6/152 1307/6/152 1306/6/152
f 1307/6/151 1309/6/151 1308/6/151
f 1309/6/150 1311/6/150 1310/6/150
f 1311/6/149 1313/6/149 1312/6/149
f 1313/6/148 1315/6/148 1314/6/148
f 1315/6/147 1317/6/147 1316/6/147
f 1317/6/146 1319/6/146 1318/6/146
f 1319/6/145 1289/6/145 1288/6/145
f 1318/7/69 1288/7/69 1290/7/69
f 1290/7/69 1292/7/69 1294/7/69
f 1294/7/69 1296/7/69 1298/7/69
f 1298/7/69 1300/7/69 1302/7/69
f 1302/7/69 1304/7/69 1306/7/69
f 1306/7/69 1308/7/69 1310/7/69
f 1310/7/69 1312/7/69 1314/7/69
f 1314/7/69 1316/7/69 1318/7/69
f 1318/7/69 1290/7/69 1294/7/69
f 1294/7/69 1298/7/69 1302/7/69
f 1302/7/69 1306/7/69 1310/7/69
f 1310/7/69 1314/7/69 1318/7/69
f 1318/7/69 1294/7/69 1302/7/69
f 1408/8/839 1409/8/839 1323/8/839
f 1410/8/840 1325/8/840 1323/8/840
f 1410/8/841 1411/8/841 1327/8/841
f 1412/8/864 1329/8/864 1327/8/864
f 1413/8/843 1331/8/843 1329/8/843
f 1414/8/863 1333/8/863 1331/8/863
f 1414/8/845 1415/8/845 1335/8/845
f 1415/8/846 1416/8/846 1337/8/846
f 1417/8/867 1339/8/867 1337/8/867
f 1418/8/848 1341/8/848 1339/8/848
f 1419/8/866 1343/8/866 1341/8/866
f 1420/8/850 1345/8/850 1343/8/850
f 1421/8/851 1347/8/851 1345/8/851
f 1422/8/852 1349/8/852 1347/8/852
f 1422/8/853 1423/8/853 1351/8/853
f 1408/8/854 1321/8/854 1351/8/854
f 1450/8/841 1451/8/841 1342/8/841
f 1425/8/839 1355/8/839 1353/8/839
f 1425/8/840 1426/8/840 1357/8/840
f 1426/8/841 1427/8/841 1359/8/841
f 1428/8/864 1361/8/864 1359/8/864
f 1429/8/843 1363/8/843 1361/8/843
f 1429/8/863 1430/8/863 1365/8/863
f 1431/8/845 1367/8/845 1365/8/845
f 1432/8/846 1369/8/846 1367/8/846
f 1432/8/847 1433/8/847 1371/8/847
f 1434/8/848 1373/8/848 1371/8/848
f 1435/8/866 1375/8/866 1373/8/866
f 1435/8/1666 1436/8/1666 1377/8/1666
f 1437/8/851 1379/8/851 1377/8/851
f 1438/8/852 1381/8/852 1379/8/852
f 1439/8/853 1383/8/853 1381/8/853
f 1424/8/854 1353/8/854 1383/8/854
f 1463/8/854 1464/8/854 1368/8/854
f 1384/9/856 1386/9/856 1387/9/856
f 1390/9/857 1391/9/857 1387/9/857
f 1390/9/858 1388/9/858 1389/9/858
f 1388/9/859 1384/9/859 1385/9/859
f 1389/9/860 1385/9/860 1387/9/860
f 249/2/184 1393/2/184 1392/2/184
f 251/2/185 1394/2/185 1393/2/185
f 253/2/186 1395/2/186 1394/2/186
f 253/2/187 255/2/187 1396/2/187
f 257/2/188 1397/2/188 1396/2/188
f 259/2/189 1398/2/189 1397/2/189
f 261/2/190 1399/2/190 1398/2/190
f 263/2/191 1400/2/191 1399/2/191
f 265/2/192 1401/2/192 1400/2/192
f 267/2/193 1402/2/193 1401/2/193
f 269/2/194 1403/2/194 1402/2/194
f 271/2/195 1404/2/195 1403/2/195
f 271/2/196 273/2/196 1405/2/196
f 275/2/197 1406/2/197 1405/2/197
f 1392/2/611 1393/2/611 1394/2/611
f 1394/2/611 1395/2/611 1396/2/611
f 1396/2/611 1397/2/611 1398/2/611
f 1398/2/611 1399/2/611 1400/2/611
f 1400/2/611 1401/2/611 1402/2/611
f 1402/2/611 1403/2/611 1404/2/611
f 1404/2/611 1405/2/611 1406/2/611
f 1406/2/611 1407/2/611 1392/2/611
f 1392/2/611 1394/2/611 1396/2/611
f 1396/2/611 1398/2/611 1400/2/611
f 1400/2/611 1402/2/611 1404/2/611
f 1404/2/611 1406/2/611 1392/2/611
f 1392/2/611 1396/2/611 1400/2/611
f 277/2/199 1407/2/199 1406/2/199
f 247/2/200 1392/2/200 1407/2/200
f 1409/8/861 1408/8/861 1320/8/861
f 1410/8/861 1409/8/861 1322/8/861
f 1326/8/861 1411/8/861 1410/8/861
f 1328/8/861 1412/8/861 1411/8/861
f 1413/8/861 1412/8/861 1328/8/861
f 1332/8/861 1414/8/861 1413/8/861
f 1415/8/861 1414/8/861 1332/8/861
f 1336/8/861 1416/8/861 1415/8/861
f 1417/8/861 1416/8/861 1336/8/861
f 1340/8/861 1418/8/861 1417/8/861
f 1419/8/861 1418/8/861 1340/8/861
f 1420/8/861 1419/8/861 1342/8/861
f 1421/8/861 1420/8/861 1344/8/861
f 1348/8/861 1422/8/861 1421/8/861
f 1350/8/861 1423/8/861 1422/8/861
f 1408/8/861 1423/8/861 1350/8/861
f 1354/8/861 1425/8/861 1424/8/861
f 1426/8/861 1425/8/861 1354/8/861
f 1358/8/861 1427/8/861 1426/8/861
f 1428/8/861 1427/8/861 1358/8/861
f 1362/8/861 1429/8/861 1428/8/861
f 1430/8/861 1429/8/861 1362/8/861
f 1366/8/861 1431/8/861 1430/8/861
f 1432/8/861 1431/8/861 1366/8/861
f 1370/8/861 1433/8/861 1432/8/861
f 1434/8/861 1433/8/861 1370/8/861
f 1435/8/861 1434/8/861 1372/8/861
f 1436/8/861 1435/8/861 1374/8/861
f 1378/8/861 1437/8/861 1436/8/861
f 1438/8/861 1437/8/861 1378/8/861
f 1439/8/861 1438/8/861 1380/8/861
f 1352/8/861 1424/8/861 1439/8/861
f 1464/8/862 1465/8/862 1370/8/862
f 1451/8/842 1452/8/842 1344/8/842
f 1370/8/840 1465/8/840 1466/8/840
f 1344/8/843 1452/8/843 1453/8/843
f 1466/8/841 1467/8/841 1374/8/841
f 1453/8/844 1454/8/844 1348/8/844
f 1440/8/847 1441/8/847 1322/8/847
f 1374/8/842 1467/8/842 1468/8/842
f 1348/8/845 1454/8/845 1455/8/845
f 1441/8/848 1442/8/848 1324/8/848
f 1468/8/843 1469/8/843 1378/8/843
f 1455/8/846 1440/8/846 1320/8/846
f 1324/8/866 1442/8/866 1443/8/866
f 1469/8/844 1470/8/844 1380/8/844
f 1456/8/847 1457/8/847 1354/8/847
f 1443/8/868 1444/8/868 1328/8/868
f 1470/8/845 1471/8/845 1382/8/845
f 1457/8/848 1458/8/848 1356/8/848
f 1444/8/851 1445/8/851 1330/8/851
f 1471/8/846 1456/8/846 1352/8/846
f 1356/8/866 1458/8/866 1459/8/866
f 1445/8/852 1446/8/852 1332/8/852
f 1358/8/1666 1459/8/1666 1460/8/1666
f 1332/8/853 1446/8/853 1447/8/853
f 1460/8/851 1461/8/851 1362/8/851
f 1447/8/854 1448/8/854 1336/8/854
f 1461/8/852 1462/8/852 1364/8/852
f 1336/8/839 1448/8/839 1449/8/839
f 1462/8/853 1463/8/853 1366/8/853
f 1449/8/840 1450/8/840 1340/8/840
f 1473/10/228 1475/10/228 1474/10/228
f 1474/10/227 1475/10/227 1477/10/227
f 1476/10/225 1477/10/225 1479/10/225
f 1479/10/224 1481/10/224 1480/10/224
f 1480/10/223 1481/10/223 1483/10/223
f 1482/10/222 1483/10/222 1485/10/222
f 1485/10/221 1487/10/221 1486/10/221
f 1486/10/220 1487/10/220 1489/10/220
f 1489/10/219 1491/10/219 1490/10/219
f 1490/10/218 1491/10/218 1493/10/218
f 1492/10/217 1493/10/217 1495/10/217
f 1494/10/216 1495/10/216 1497/10/216
f 1496/10/215 1497/10/215 1499/10/215
f 1498/10/214 1499/10/214 1501/10/214
f 1500/10/213 1501/10/213 1503/10/213
f 1503/10/212 1505/10/212 1504/10/212
f 1505/10/211 1507/10/211 1506/10/211
f 1507/10/210 1509/10/210 1508/10/210
f 1485/10/241 1483/10/241 1517/10/241
f 1509/10/209 1511/10/209 1510/10/209
f 1511/10/208 1473/10/208 1472/10/208
f 1521/10/67 1520/10/67 1540/10/67
f 1493/10/240 1522/10/240 1523/10/240
f 1505/10/239 1503/10/239 1527/10/239
f 1481/10/238 1479/10/238 1515/10/238
f 1489/10/237 1520/10/237 1521/10/237
f 1499/10/236 1525/10/236 1526/10/236
f 1509/10/235 1530/10/235 1531/10/235
f 1475/10/234 1512/10/234 1514/10/234
f 1485/10/233 1518/10/233 1519/10/233
f 1497/10/232 1495/10/232 1523/10/232
f 1505/10/231 1528/10/231 1529/10/231
f 1481/10/230 1516/10/230 1517/10/230
f 1491/10/229 1521/10/229 1522/10/229
f 1501/10/226 1526/10/226 1527/10/226
f 1511/10/245 1531/10/245 1513/10/245
f 1479/10/247 1477/10/247 1514/10/247
f 1489/10/246 1487/10/246 1519/10/246
f 1473/10/242 1513/10/242 1512/10/242
f 1497/10/244 1524/10/244 1525/10/244
f 1507/10/243 1529/10/243 1530/10/243
f 1534/10/67 1532/10/67 1533/10/67
f 1533/10/67 1551/10/67 1550/10/67
f 1550/10/67 1549/10/67 1548/10/67
f 1548/10/67 1547/10/67 1546/10/67
f 1546/10/67 1545/10/67 1544/10/67
f 1544/10/67 1543/10/67 1542/10/67
f 1542/10/67 1541/10/67 1540/10/67
f 1540/10/67 1539/10/67 1538/10/67
f 1538/10/67 1537/10/67 1536/10/67
f 1536/10/67 1535/10/67 1534/10/67
f 1534/10/67 1533/10/67 1550/10/67
f 1550/10/67 1548/10/67 1546/10/67
f 1546/10/67 1544/10/67 1542/10/67
f 1542/10/67 1540/10/67 1538/10/67
f 1538/10/67 1536/10/67 1534/10/67
f 1534/10/67 1550/10/67 1546/10/67
f 1546/10/67 1542/10/67 1538/10/67
f 1512/10/67 1532/10/67 1534/10/67
f 1528/10/67 1548/10/67 1549/10/67
f 1522/10/67 1521/10/67 1541/10/67
f 1514/10/67 1534/10/67 1535/10/67
f 1529/10/67 1549/10/67 1550/10/67
f 1523/10/67 1522/10/67 1542/10/67
f 1516/10/67 1515/10/67 1535/10/67
f 1531/10/67 1530/10/67 1550/10/67
f 1523/10/67 1543/10/67 1544/10/67
f 1516/10/67 1536/10/67 1537/10/67
f 1531/10/67 1551/10/67 1533/10/67
f 1524/10/67 1544/10/67 1545/10/67
f 1518/10/67 1517/10/67 1537/10/67
f 1526/10/67 1525/10/67 1545/10/67
f 1518/10/67 1538/10/67 1539/10/67
f 1527/10/67 1526/10/67 1546/10/67
f 1520/10/67 1519/10/67 1539/10/67
f 1513/10/67 1533/10/67 1532/10/67
f 1527/10/67 1547/10/67 1548/10/67
f 1553/10/228 1555/10/228 1554/10/228
f 1554/10/227 1555/10/227 1557/10/227
f 1556/10/225 1557/10/225 1559/10/225
f 1559/10/224 1561/10/224 1560/10/224
f 1561/10/223 1563/10/223 1562/10/223
f 1563/10/222 1565/10/222 1564/10/222
f 1564/10/221 1565/10/221 1567/10/221
f 1566/10/220 1567/10/220 1569/10/220
f 1568/10/219 1569/10/219 1571/10/219
f 1570/10/218 1571/10/218 1573/10/218
f 1572/10/217 1573/10/217 1575/10/217
f 1574/10/216 1575/10/216 1577/10/216
f 1576/10/215 1577/10/215 1579/10/215
f 1579/10/214 1581/10/214 1580/10/214
f 1580/10/213 1581/10/213 1583/10/213
f 1583/10/212 1585/10/212 1584/10/212
f 1584/10/211 1585/10/211 1587/10/211
f 1587/10/210 1589/10/210 1588/10/210
f 1565/10/241 1563/10/241 1597/10/241
f 1588/10/209 1589/10/209 1591/10/209
f 1590/10/208 1591/10/208 1553/10/208
f 1601/10/67 1600/10/67 1620/10/67
f 1575/10/240 1573/10/240 1602/10/240
f 1583/10/239 1607/10/239 1608/10/239
f 1561/10/238 1559/10/238 1595/10/238
f 1569/10/237 1600/10/237 1601/10/237
f 1581/10/236 1579/10/236 1605/10/236
f 1591/10/235 1589/10/235 1610/10/235
f 1555/10/234 1592/10/234 1594/10/234
f 1567/10/233 1565/10/233 1598/10/233
f 1575/10/232 1603/10/232 1604/10/232
f 1587/10/231 1585/10/231 1608/10/231
f 1561/10/230 1596/10/230 1597/10/230
f 1573/10/229 1571/10/229 1601/10/229
f 1583/10/226 1581/10/226 1606/10/226
f 1591/10/245 1611/10/245 1593/10/245
f 1557/10/247 1594/10/247 1595/10/247
f 1567/10/246 1599/10/246 1600/10/246
f 1555/10/242 1553/10/242 1593/10/242
f 1579/10/244 1577/10/244 1604/10/244
f 1589/10/243 1587/10/243 1609/10/243
f 1614/10/67 1612/10/67 1613/10/67
f 1613/10/67 1631/10/67 1630/10/67
f 1630/10/67 1629/10/67 1628/10/67
f 1628/10/67 1627/10/67 1626/10/67
f 1626/10/67 1625/10/67 1624/10/67
f 1624/10/67 1623/10/67 1622/10/67
f 1622/10/67 1621/10/67 1620/10/67
f 1620/10/67 1619/10/67 1618/10/67
f 1618/10/67 1617/10/67 1616/10/67
f 1616/10/67 1615/10/67 1614/10/67
f 1614/10/67 1613/10/67 1630/10/67
f 1630/10/67 1628/10/67 1626/10/67
f 1626/10/67 1624/10/67 1622/10/67
f 1622/10/67 1620/10/67 1618/10/67
f 1618/10/67 1616/10/67 1614/10/67
f 1614/10/67 1630/10/67 1626/10/67
f 1626/10/67 1622/10/67 1618/10/67
f 1592/10/67 1612/10/67 1614/10/67
f 1608/10/67 1628/10/67 1629/10/67
f 1602/10/67 1601/10/67 1621/10/67
f 1594/10/67 1614/10/67 1615/10/67
f 1609/10/67 1629/10/67 1630/10/67
f 1603/10/67 1602/10/67 1622/10/67
f 1596/10/67 1595/10/67 1615/10/67
f 1611/10/67 1610/10/67 1630/10/67
f 1603/10/67 1623/10/67 1624/10/67
f 1597/10/67 1596/10/67 1616/10/67
f 1611/10/67 1631/10/67 1613/10/67
f 1604/10/67 1624/10/67 1625/10/67
f 1598/10/67 1597/10/67 1617/10/67
f 1606/10/67 1605/10/67 1625/10/67
f 1598/10/67 1618/10/67 1619/10/67
f 1607/10/67 1606/10/67 1626/10/67
f 1600/10/67 1599/10/67 1619/10/67
f 1593/10/67 1613/10/67 1612/10/67
f 1607/10/67 1627/10/67 1628/10/67
f 1632/3/1667 1633/3/1667 1635/3/1667
f 1264/3/1668 1635/3/1668 1633/3/1668
f 1262/3/87 1632/3/87 1634/3/87
f 1636/11/1669 1637/11/1669 1639/11/1669
f 512/11/1670 1637/11/1670 1636/11/1670
f 1638/11/87 1640/11/87 511/11/87
f 1639/11/16 1637/11/16 512/11/16
f 1769/2/1671 1728/2/1672 1727/2/1673
f 1688/2/1674 2247/2/1675 1184/2/1676
f 1651/2/1677 1792/2/1677 1791/2/1677
f 1693/2/1678 1792/2/1678 1651/2/1678
f 1649/2/884 1804/2/884 1800/2/884
f 1798/2/885 1803/2/885 1696/2/885
f 1802/2/886 1799/2/886 1646/2/886
f 1801/2/887 1804/2/887 1649/2/887
f 1691/2/1679 1682/2/1679 1654/2/1679
f 1654/2/1680 1682/2/1680 1694/2/1680
f 1677/2/893 1694/2/893 1700/2/893
f 1681/2/1681 1674/2/1681 1678/2/1681
f 1675/2/1682 1656/2/1682 1657/2/1682
f 1680/2/1683 1657/2/1683 1656/2/1683
f 1657/2/1684 1680/2/1684 1668/2/1684
f 1651/2/1685 1652/2/1686 1695/2/1687
f 1812/2/1688 1810/2/1689 1796/2/1690
f 1805/2/1691 1807/2/1691 1663/2/1691
f 522/2/1692 520/2/1692 1653/2/1692
f 578/2/1693 517/2/1694 1808/2/1695
f 1665/2/1696 1667/2/1696 1666/2/1696
f 1762/2/1697 1761/2/1698 607/2/1699
f 2025/2/69 2024/2/69 2031/2/69
f 651/2/1700 1763/2/1701 1765/2/1702
f 1655/2/944 1699/2/944 1641/2/944
f 518/2/1703 1641/2/1703 1699/2/1703
f 521/2/1704 518/2/1704 1698/2/1704
f 1645/2/1705 1690/2/1705 1683/2/1705
f 2249/2/1706 2243/2/1707 1679/2/1708
f 1691/2/1709 2246/2/1710 2247/2/1711
f 1690/2/955 2248/2/955 2249/2/955
f 1676/2/956 1701/2/956 1702/2/956
f 1661/2/1712 1673/2/1712 1697/2/1712
f 1702/2/1713 1701/2/1713 1662/2/1713
f 1692/2/1714 1705/2/1714 1703/2/1714
f 1706/2/1715 1705/2/1715 1692/2/1715
f 1693/2/1716 1703/2/1716 1704/2/1716
f 1682/2/1717 1704/2/1717 1707/2/1717
f 1694/2/1718 1707/2/1718 1708/2/1718
f 1793/2/1719 1794/2/1719 1709/2/1719
f 1264/3/1720 1265/3/1721 115/3/1722
f 594/2/1723 1711/2/1723 1653/2/1723
f 1791/2/1724 1793/2/1724 1710/2/1724
f 1714/2/1725 1715/2/1725 1675/2/1725
f 1656/2/1726 1712/2/1726 1713/2/1726
f 1716/2/1727 1714/2/1727 1674/2/1727
f 1715/2/981 1712/2/981 1656/2/981
f 1657/2/1728 1644/2/1728 1679/2/1728
f 1287/3/1729 1269/3/1730 1251/3/1731
f 1719/2/1732 1764/2/1732 1759/2/1732
f 1727/2/1733 1728/2/1733 1724/2/1733
f 1727/2/1734 1726/2/1734 1767/2/1734
f 1726/2/1735 1724/2/1735 1722/2/1735
f 1730/2/1736 1758/2/1736 1765/2/1736
f 1768/2/1737 1758/2/1737 1730/2/1737
f 1753/2/1738 1752/2/1738 1774/2/1738
f 1757/2/1739 1738/2/1739 1754/2/1739
f 1733/2/1740 1732/2/1740 1751/2/1740
f 1732/2/1741 1733/2/1741 1756/2/1741
f 1733/2/1742 1720/2/1742 1744/2/1742
f 1709/2/1743 1794/2/1744 1663/2/1745
f 1722/2/1746 1740/2/1747 1762/2/1748
f 1739/2/1749 1740/2/1749 1722/2/1749
f 1761/2/1750 1729/2/1750 605/2/1750
f 1691/2/1751 1688/2/1752 1685/2/1753
f 1741/2/1754 1760/2/1754 1742/2/1754
f 651/2/1755 1760/2/1755 601/2/1755
f 1720/2/1756 1755/2/1756 1759/2/1756
f 1764/2/1757 1731/2/1757 1773/2/1757
f 1721/2/1758 1764/2/1758 1772/2/1758
f 1731/2/1759 608/2/1759 600/2/1759
f 1717/2/1760 1772/2/1760 1773/2/1760
f 1718/2/1761 1735/2/1761 1772/2/1761
f 1721/2/1762 1771/2/1762 1759/2/1762
f 1752/2/1763 1753/2/1763 1776/2/1763
f 1737/2/1764 1720/2/1764 1771/2/1764
f 1738/2/1765 1775/2/1765 1776/2/1765
f 1767/2/1766 1777/2/1766 1779/2/1766
f 1769/2/1767 1766/2/1767 1779/2/1767
f 1758/2/1768 1778/2/1768 1777/2/1768
f 1768/2/1769 1781/2/1769 1778/2/1769
f 1782/2/1770 1781/2/1770 1768/2/1770
f 1784/2/1771 1783/2/1771 1748/2/1771
f 679/2/1772 605/2/1772 1729/2/1772
f 1784/2/1773 1770/2/1773 1724/2/1773
f 1751/2/1774 1789/2/1774 1788/2/1774
f 1732/2/1775 1747/2/1775 1787/2/1775
f 1750/2/1776 1788/2/1776 1790/2/1776
f 1732/2/1777 1786/2/1777 1789/2/1777
f 1731/2/1778 1764/2/1778 1763/2/1779
f 1733/2/1780 1730/2/1780 1755/2/1780
f 1660/2/1781 1736/2/1781 1735/2/1781
f 1744/2/1782 1745/2/1782 1669/2/1782
f 1680/2/1783 1756/2/1783 1744/2/1783
f 1746/2/1784 1756/2/1784 1680/2/1784
f 1747/2/1785 1746/2/1785 1670/2/1785
f 1662/2/1786 1738/2/1786 1757/2/1786
f 1735/2/1787 1718/2/1787 521/2/1787
f 1721/2/1788 1736/2/1788 1660/2/1788
f 1774/2/1789 1738/2/1789 1662/2/1789
f 1745/2/1790 1749/2/1790 1673/2/1790
f 1673/2/1791 1749/2/1791 1721/2/1791
f 1777/2/1792 1778/2/1792 1704/2/1792
f 1779/2/1793 1777/2/1793 1703/2/1793
f 1706/2/1794 1780/2/1794 1779/2/1794
f 1778/2/1795 1781/2/1795 1707/2/1795
f 1707/2/1796 1781/2/1796 1782/2/1796
f 1708/2/1797 1782/2/1797 1774/2/1797
f 1769/2/1798 1780/2/1798 1706/2/1798
f 594/2/1799 679/2/1799 1769/2/1799
f 1712/2/1800 1786/2/1800 1787/2/1800
f 1789/2/1801 1786/2/1801 1712/2/1801
f 1714/2/1802 1788/2/1802 1789/2/1802
f 1716/2/1803 1790/2/1803 1788/2/1803
f 1713/2/1804 1787/2/1804 1747/2/1804
f 1757/2/1805 1790/2/1805 1716/2/1805
f 1791/2/1806 1792/2/1806 1650/2/1806
f 1793/2/1807 1791/2/1807 1648/2/1807
f 1794/2/1808 1793/2/1808 1696/2/1808
f 1805/2/1809 1794/2/1809 1672/2/1809
f 1806/2/1810 1805/2/1810 1646/2/1810
f 1649/2/1811 1797/2/1811 1806/2/1811
f 1650/2/1812 1792/2/1812 1797/2/1812
f 1800/12/1813 1801/12/1813 1799/12/1813
f 1799/2/887 1801/2/887 1647/2/887
f 1696/2/1143 1803/2/1143 1802/2/1143
f 1650/2/1144 1800/2/1144 1798/2/1144
f 1805/2/1814 1806/2/1815 1796/2/1816
f 1807/2/1817 1805/2/1818 1795/2/1819
f 1687/2/1820 1808/2/1821 1807/2/1822
f 1806/2/1823 1808/2/1824 1687/2/1825
f 1810/13/1826 1812/13/1827 1811/13/1828
f 1809/2/1829 1811/2/1830 1664/2/1831
f 1664/2/1832 1811/2/1833 1812/2/1834
f 1796/2/1835 1810/2/1836 1809/2/1837
f 741/14/1169 1829/14/1169 1828/14/1169
f 739/14/1170 1828/14/1170 1827/14/1170
f 737/14/1171 1827/14/1171 1826/14/1171
f 1842/14/1838 1841/14/1838 765/14/1838
f 733/14/1173 1825/14/1173 1824/14/1173
f 1840/14/1174 1839/14/1174 761/14/1174
f 1839/14/1175 1838/14/1175 759/14/1175
f 757/14/1176 1837/14/1176 1836/14/1176
f 1838/14/1177 1837/14/1177 757/14/1177
f 1820/14/1178 1819/14/1178 721/14/1178
f 1819/14/1179 1818/14/1179 719/14/1179
f 751/14/1180 1834/14/1180 1833/14/1180
f 1843/14/1181 1842/14/1181 767/14/1181
f 747/14/1182 1832/14/1182 1831/14/1182
f 1844/14/1183 1843/14/1183 769/14/1183
f 1813/14/1184 1844/14/1184 771/14/1184
f 2027/2/611 2026/2/611 2028/2/611
f 1814/14/1185 1813/14/1185 709/14/1185
f 1815/14/1186 1814/14/1186 711/14/1186
f 735/14/1187 1826/14/1187 1825/14/1187
f 1841/14/1188 1840/14/1188 763/14/1188
f 731/14/1189 1824/14/1189 1823/14/1189
f 2031/2/1190 2033/2/1190 2032/2/1190
f 968/2/572 2030/2/572 2032/2/572
f 1821/14/1191 1820/14/1191 723/14/1191
f 755/14/1192 1836/14/1192 1835/14/1192
f 1818/14/1193 1817/14/1193 717/14/1193
f 1817/14/1194 1816/14/1194 715/14/1194
f 749/14/1839 1833/14/1839 1832/14/1839
f 1816/14/1196 1815/14/1196 713/14/1196
f 745/14/1197 1831/14/1197 1830/14/1197
f 743/14/1198 1830/14/1198 1829/14/1198
f 1879/14/1199 1880/14/1199 1882/14/1199
f 1907/14/1200 1905/14/1200 1906/14/1200
f 1897/14/1201 1898/14/1201 1900/14/1201
f 1889/14/1202 1890/14/1202 1892/14/1202
f 1901/14/1203 1899/14/1203 1900/14/1203
f 1851/14/1204 1849/14/1204 1850/14/1204
f 1867/14/1205 1868/14/1205 1870/14/1205
f 1873/14/1206 1871/14/1206 1872/14/1206
f 1861/14/1207 1859/14/1207 1860/14/1207
f 1853/14/1208 1851/14/1208 1852/14/1208
f 1864/14/1209 1863/14/1209 1861/14/1209
f 1895/14/1210 1896/14/1210 1898/14/1210
f 1865/14/1211 1863/14/1211 1864/14/1211
f 1893/14/1212 1894/14/1212 1896/14/1212
f 1877/14/1198 1878/14/1198 1880/14/1198
f 727/14/1213 1822/14/1213 1821/14/1213
f 1875/14/1214 1876/14/1214 1878/14/1214
f 1907/14/1184 1908/14/1184 1846/14/1184
f 1887/14/1215 1888/14/1215 1890/14/1215
f 1893/14/1216 1891/14/1216 1892/14/1216
f 1853/14/1217 1854/14/1217 1856/14/1217
f 1867/14/1218 1865/14/1218 1866/14/1218
f 1901/14/1219 1902/14/1219 1904/14/1219
f 1871/14/1220 1869/14/1220 1870/14/1220
f 1883/14/1221 1884/14/1221 1886/14/1221
f 1885/14/1222 1886/14/1222 1888/14/1222
f 1905/14/1223 1903/14/1223 1904/14/1223
f 1855/14/1224 1856/14/1224 1858/14/1224
f 1857/14/1225 1858/14/1225 1860/14/1225
f 1849/14/1226 1847/14/1226 1848/14/1226
f 1845/14/1227 1846/14/1227 1848/14/1227
f 1873/14/1228 1874/14/1228 1876/14/1228
f 1909/14/198 1845/14/198 1847/14/198
f 1927/14/198 1926/14/198 1879/14/198
f 1899/14/198 1901/14/198 1937/14/198
f 1923/14/198 1922/14/198 1871/14/198
f 1938/14/198 1903/14/198 1905/14/198
f 1905/14/198 1907/14/198 1940/14/198
f 1915/14/198 1857/14/198 1859/14/198
f 1935/14/198 1934/14/198 1895/14/198
f 1923/14/198 1873/14/198 1875/14/198
f 1916/14/198 1859/14/198 1861/14/198
f 1909/14/198 1940/14/198 1907/14/198
f 1937/14/198 1901/14/198 1903/14/198
f 1931/14/198 1930/14/198 1887/14/198
f 1928/14/198 1883/14/198 1885/14/198
f 1920/14/198 1867/14/198 1869/14/198
f 1925/14/198 1924/14/198 1875/14/198
f 1930/14/198 1929/14/198 1885/14/198
f 1853/14/198 1855/14/198 1914/14/198
f 1934/14/198 1933/14/198 1893/14/198
f 1913/14/198 1912/14/198 1851/14/198
f 1918/14/198 1863/14/198 1865/14/198
f 1932/14/198 1891/14/198 1893/14/198
f 1837/14/198 1838/14/198 1983/14/198
f 1912/14/198 1911/14/198 1849/14/198
f 1935/14/198 1897/14/198 1899/14/198
f 1925/14/198 1877/14/198 1879/14/198
f 1922/14/198 1921/14/198 1869/14/198
f 1911/14/198 1910/14/198 1847/14/198
f 1915/14/198 1914/14/198 1855/14/198
f 1932/14/198 1931/14/198 1889/14/198
f 1917/14/198 1861/14/198 1863/14/198
f 1919/14/198 1865/14/198 1867/14/198
f 1911/14/612 1912/14/612 1942/14/612
f 2067/14/613 2068/14/613 2179/14/613
f 2191/14/614 2080/14/614 2081/14/614
f 1989/14/615 1958/14/615 2034/14/615
f 2112/14/615 1940/14/615 1909/14/615
f 1912/14/616 1913/14/616 1943/14/616
f 1930/14/617 1931/14/617 1951/14/617
f 1909/14/618 1910/14/618 2098/14/618
f 1929/14/619 1930/14/619 2109/14/619
f 2063/14/620 2062/14/620 1986/14/620
f 1998/14/621 2217/14/621 2216/14/621
f 2104/14/622 1920/14/622 1921/14/622
f 1925/14/623 1926/14/623 1949/14/623
f 1943/14/624 1913/14/624 1914/14/624
f 2052/14/625 1976/14/625 1977/14/625
f 1919/14/626 1920/14/626 2104/14/626
f 963/2/627 2028/2/627 2026/2/627
f 2032/2/69 2033/2/69 971/2/69
f 2100/14/628 1945/14/628 1915/14/628
f 1953/14/629 1935/14/629 1936/14/629
f 2111/14/621 2110/14/621 1932/14/621
f 2079/14/620 2190/14/620 2189/14/620
f 2054/14/619 1978/14/619 1979/14/619
f 2037/14/616 1961/14/616 1962/14/616
f 2071/14/617 2072/14/617 2183/14/617
f 1997/14/630 2216/14/630 2215/14/630
f 2023/2/631 2025/2/631 956/2/631
f 2075/14/632 2186/14/632 2185/14/632
f 2206/14/633 2095/14/633 2096/14/633
f 1970/14/634 1971/14/634 2047/14/634
f 1936/14/635 1937/14/635 1955/14/635
f 1922/14/633 1923/14/633 1948/14/633
f 1970/14/198 1825/14/198 1826/14/198
f 1838/14/198 1839/14/198 1984/14/198
f 1974/14/198 1829/14/198 1830/14/198
f 1820/14/198 1821/14/198 1966/14/198
f 1987/14/198 1842/14/198 1843/14/198
f 1985/14/198 1840/14/198 1841/14/198
f 1963/14/198 1962/14/198 1817/14/198
f 1972/14/198 1971/14/198 1826/14/198
f 1821/14/198 1822/14/198 1967/14/198
f 2023/2/611 2022/2/611 2024/2/611
f 1967/14/198 1822/14/198 1823/14/198
f 1986/14/198 1841/14/198 1842/14/198
f 1961/14/198 1960/14/198 1815/14/198
f 1969/14/198 1968/14/198 1823/14/198
f 1973/14/198 1972/14/198 1827/14/198
f 1981/14/198 1836/14/198 1837/14/198
f 1958/14/198 1813/14/198 1814/14/198
f 1980/14/198 1979/14/198 1834/14/198
f 1969/14/198 1824/14/198 1825/14/198
f 1976/14/198 1831/14/198 1832/14/198
f 1963/14/198 1818/14/198 1819/14/198
f 1844/14/198 1813/14/198 1958/14/198
f 1974/14/198 1973/14/198 1828/14/198
f 1980/14/198 1835/14/198 1836/14/198
f 1814/14/198 1815/14/198 1960/14/198
f 1977/14/198 1832/14/198 1833/14/198
f 1839/14/198 1840/14/198 1985/14/198
f 1830/14/198 1831/14/198 1976/14/198
f 1819/14/198 1820/14/198 1965/14/198
f 1843/14/198 1844/14/198 1989/14/198
f 1979/14/198 1978/14/198 1833/14/198
f 1816/14/198 1817/14/198 1962/14/198
f 2008/14/612 2009/14/612 2228/14/612
f 2053/14/636 1977/14/636 1978/14/636
f 2059/14/632 2058/14/632 1982/14/632
f 1964/14/628 1965/14/628 2041/14/628
f 1946/14/634 1921/14/634 1922/14/634
f 2039/14/637 1963/14/637 1964/14/637
f 1966/14/638 1967/14/638 2043/14/638
f 2062/14/635 2061/14/635 1985/14/635
f 2056/14/630 1980/14/630 1981/14/630
f 2057/14/621 1981/14/621 1982/14/621
f 1960/14/612 1961/14/612 2037/14/612
f 2029/2/639 964/2/639 962/2/639
f 1968/14/626 1969/14/626 2045/14/626
f 2229/14/624 2010/14/624 2011/14/624
f 2111/14/632 1933/14/632 1934/14/632
f 1967/14/640 1968/14/640 2044/14/640
f 2223/14/614 2004/14/614 2005/14/614
f 1991/14/613 1992/14/613 2211/14/613
f 2199/14/628 2088/14/628 2089/14/628
f 1974/14/623 1975/14/623 2051/14/623
f 1957/14/614 1939/14/614 1940/14/614
f 1973/14/641 1974/14/641 2050/14/641
f 1992/14/625 1993/14/625 2212/14/625
f 1944/14/637 1914/14/637 1915/14/637
f 2105/14/642 1948/14/642 1923/14/642
f 2064/14/614 1988/14/614 1989/14/614
f 2047/14/633 1971/14/633 1972/14/633
f 953/2/67 2022/2/67 2023/2/67
f 2063/14/643 1987/14/643 1988/14/643
f 2000/14/629 2001/14/629 2220/14/629
f 2056/14/617 2055/14/617 1979/14/617
f 2100/14/644 1916/14/644 1917/14/644
f 1931/14/630 1932/14/630 2110/14/630
f 1673/2/1840 1661/2/1841 1668/2/1842
f 1686/2/1843 1808/2/1844 517/2/1845
f 2087/14/624 2198/14/624 2197/14/624
f 2004/14/643 2223/14/643 2222/14/643
f 2046/14/622 2045/14/622 1969/14/622
f 2177/15/1235 2145/15/1235 2176/15/1235
f 955/2/652 2024/2/652 2022/2/652
f 2029/2/653 2028/2/653 963/2/653
f 2102/14/640 1918/14/640 1919/14/640
f 2107/14/625 1927/14/625 1928/14/625
f 729/14/1236 1823/14/1236 1822/14/1236
f 961/2/656 2026/2/656 2027/2/656
f 967/2/657 971/2/657 2033/2/657
f 753/14/1237 1835/14/1237 1834/14/1237
f 2013/14/611 2012/14/611 2056/14/611
f 2097/14/611 2096/14/611 1957/14/611
f 2093/14/611 2092/14/611 1953/14/611
f 2069/14/611 2068/14/611 2099/14/611
f 2045/14/611 2001/14/611 2000/14/611
f 2007/14/611 2006/14/611 2050/14/611
f 1949/14/611 2083/14/611 2082/14/611
f 2034/14/611 1990/14/611 2021/14/611
f 2071/14/611 2070/14/611 1943/14/611
f 2014/14/611 2013/14/611 2057/14/611
f 2040/14/611 1996/14/611 1995/14/611
f 2047/14/611 2003/14/611 2002/14/611
f 1957/14/611 2096/14/611 2095/14/611
f 2050/14/611 2006/14/611 2005/14/611
f 2036/14/611 1992/14/611 1991/14/611
f 2044/14/611 2000/14/611 1999/14/611
f 2004/14/611 2003/14/611 2047/14/611
f 2016/14/611 2015/14/611 2059/14/611
f 2046/14/611 2002/14/611 2001/14/611
f 2012/14/611 2011/14/611 2055/14/611
f 2008/14/611 2007/14/611 2051/14/611
f 2053/14/611 2009/14/611 2008/14/611
f 2010/14/611 2009/14/611 2053/14/611
f 2091/14/611 2090/14/611 2111/14/611
f 1997/14/611 2041/14/611 2042/14/611
f 2021/14/611 2020/14/611 2064/14/611
f 1994/14/611 1993/14/611 2037/14/611
f 1951/14/611 2088/14/611 2087/14/611
f 1947/14/611 2079/14/611 2078/14/611
f 2078/14/611 2077/14/611 2104/14/611
f 2041/14/611 1997/14/611 1996/14/611
f 1990/14/611 2034/14/611 2035/14/611
f 2013/14/644 2014/14/644 2233/14/644
f 2095/14/611 2094/14/611 1955/14/611
f 1927/14/198 1881/14/198 1883/14/198
f 2071/14/611 1944/14/611 1945/14/611
f 1941/14/611 2066/14/611 2097/14/611
f 2101/14/611 2074/14/611 2073/14/611
f 2089/14/611 2088/14/611 1951/14/611
f 2080/14/611 2079/14/611 1947/14/611
f 2081/14/611 2080/14/611 1948/14/611
f 2090/14/611 2089/14/611 2110/14/611
f 2010/14/611 2054/14/611 2055/14/611
f 2018/14/611 2017/14/611 2061/14/611
f 2049/14/611 2005/14/611 2004/14/611
f 2082/14/611 2081/14/611 2105/14/611
f 2067/14/611 2066/14/611 1941/14/611
f 2015/14/611 2014/14/611 2058/14/611
f 2037/14/611 1993/14/611 1992/14/611
f 2063/14/611 2019/14/611 2018/14/611
f 2102/14/611 2075/14/611 2074/14/611
f 1953/14/611 2092/14/611 2091/14/611
f 2020/14/611 2019/14/611 2063/14/611
f 2086/14/611 2085/14/611 2108/14/611
f 2039/14/611 1995/14/611 1994/14/611
f 2109/14/611 2087/14/611 2086/14/611
f 2077/14/611 2076/14/611 2103/14/611
f 1955/14/611 2094/14/611 2093/14/611
f 2073/14/611 2072/14/611 1945/14/611
f 2017/14/611 2016/14/611 2060/14/611
f 2043/14/611 1999/14/611 1998/14/611
f 1943/14/611 2070/14/611 2069/14/611
f 2103/14/611 2076/14/611 2075/14/611
f 2099/14/611 2068/14/611 2067/14/611
f 2107/14/611 2084/14/611 2083/14/611
f 2078/14/635 2189/14/635 2188/14/635
f 2095/14/634 2206/14/634 2205/14/634
f 2001/14/635 2002/14/635 2221/14/635
f 2107/14/613 1949/14/613 1926/14/613
f 2011/14/637 2012/14/637 2231/14/637
f 2020/14/642 2021/14/642 2240/14/642
f 2083/14/618 2194/14/618 2193/14/618
f 2000/14/659 2219/14/659 2218/14/659
f 1924/14/641 1925/14/641 2106/14/641
f 1956/14/643 1938/14/643 1939/14/643
f 1990/14/641 2209/14/641 2240/14/641
f 2035/14/660 1959/14/660 1960/14/660
f 2003/14/620 2222/14/620 2221/14/620
f 2006/14/615 2225/14/615 2224/14/615
f 2091/14/638 2202/14/638 2201/14/638
f 2086/14/616 2197/14/616 2196/14/616
f 2066/14/641 2177/14/641 2208/14/641
f 2052/14/613 2051/14/613 1975/14/613
f 2007/14/618 2226/14/618 2225/14/618
f 2203/14/626 2092/14/626 2093/14/626
f 2079/14/643 2080/14/643 2191/14/643
f 2090/14/644 2201/14/644 2200/14/644
f 2094/14/622 2205/14/622 2204/14/622
f 2101/14/638 1917/14/638 1918/14/638
f 2010/14/616 2229/14/616 2228/14/616
f 2214/14/617 1995/14/617 1996/14/617
f 2088/14/637 2199/14/637 2198/14/637
f 2067/14/623 2178/14/623 2177/14/623
f 2075/14/659 2076/14/659 2187/14/659
f 2238/14/633 2019/14/633 2020/14/633
f 2073/14/630 2184/14/630 2183/14/630
f 2013/14/628 2232/14/628 2231/14/628
f 2194/14/660 2083/14/660 2084/14/660
f 2098/14/660 1910/14/660 1911/14/660
f 2092/14/640 2203/14/640 2202/14/640
f 1991/14/623 2210/14/623 2209/14/623
f 2060/14/629 1984/14/629 1985/14/629
f 2179/14/625 2068/14/625 2069/14/625
f 2017/14/622 2018/14/622 2237/14/622
f 2085/14/612 2196/14/612 2195/14/612
f 2212/14/636 1993/14/636 1994/14/636
f 2226/14/660 2007/14/660 2008/14/660
f 2096/14/642 2097/14/642 2208/14/642
f 1937/14/620 1938/14/620 1956/14/620
f 1883/14/1238 1881/14/1238 1882/14/1238
f 2074/14/621 2185/14/621 2184/14/621
f 2016/14/626 2017/14/626 2236/14/626
f 2059/14/659 1983/14/659 1984/14/659
f 2041/14/644 1965/14/644 1966/14/644
f 2014/14/638 2015/14/638 2234/14/638
f 2018/14/634 2019/14/634 2238/14/634
f 2071/14/619 2182/14/619 2181/14/619
f 2049/14/642 2048/14/642 1972/14/642
f 2015/14/640 2016/14/640 2235/14/640
f 1934/14/659 1935/14/659 1953/14/659
f 2213/14/619 1994/14/619 1995/14/619
f 2038/14/624 1962/14/624 1963/14/624
f 2082/14/615 2193/14/615 2192/14/615
f 2070/14/636 2181/14/636 2180/14/636
f 1950/14/636 2108/14/636 1928/14/636
f 2217/14/632 1998/14/632 1999/14/632
f 1958/14/618 1959/14/618 2035/14/618
f 2155/15/1239 2154/15/1239 2186/15/1239
f 2175/15/1240 2207/15/1240 2208/15/1240
f 2220/18/1241 2124/18/1241 2123/18/1241
f 2174/15/1242 2173/15/1242 2205/15/1242
f 2205/15/1243 2173/15/1243 2172/15/1243
f 2231/18/1244 2135/18/1244 2134/18/1244
f 2128/18/1245 2224/18/1245 2225/18/1245
f 2165/15/1246 2164/15/1246 2196/15/1246
f 2142/18/1242 2141/18/1242 2237/18/1242
f 2168/15/1247 2167/15/1247 2199/15/1247
f 2171/15/1248 2170/15/1248 2202/15/1248
f 2108/14/611 2085/14/611 2084/14/611
f 2211/18/1249 2115/18/1249 2114/18/1249
f 2125/18/1250 2124/18/1250 2220/18/1250
f 2117/18/1251 2116/18/1251 2212/18/1251
f 2194/15/1252 2162/15/1252 2161/15/1252
f 2179/15/1249 2147/15/1249 2146/15/1249
f 2122/18/1253 2121/18/1253 2217/18/1253
f 2222/18/1254 2126/18/1254 2125/18/1254
f 2170/15/1255 2169/15/1255 2201/15/1255
f 2157/15/1250 2156/15/1250 2188/15/1250
f 2183/15/1256 2151/15/1256 2150/15/1256
f 2150/15/1257 2149/15/1257 2181/15/1257
f 2240/18/1240 2144/18/1240 2143/18/1240
f 2118/18/1257 2117/18/1257 2213/18/1257
f 2184/15/1258 2152/15/1258 2151/15/1258
f 2232/18/1247 2136/18/1247 2135/18/1247
f 2172/15/1259 2171/15/1259 2203/15/1259
f 2190/15/1254 2158/15/1254 2157/15/1254
f 2212/18/1260 2116/18/1260 2115/18/1260
f 2198/15/1261 2166/15/1261 2165/15/1261
f 2146/15/1262 2145/15/1262 2177/15/1262
f 2209/18/1235 2113/18/1235 2144/18/1235
f 2128/18/1263 2127/18/1263 2223/18/1263
f 2121/18/1264 2120/18/1264 2216/18/1264
f 2191/15/1265 2159/15/1265 2158/15/1265
f 2181/15/1251 2149/15/1251 2148/15/1251
f 2120/18/1258 2119/18/1258 2215/18/1258
f 2164/15/1266 2163/15/1266 2195/15/1266
f 2154/15/1253 2153/15/1253 2185/15/1253
f 2131/18/1266 2227/18/1266 2228/18/1266
f 2140/18/1259 2139/18/1259 2235/18/1259
f 2223/18/1265 2127/18/1265 2126/18/1265
f 2114/18/1262 2113/18/1262 2209/18/1262
f 2133/18/1246 2132/18/1246 2228/18/1246
f 2138/18/1248 2234/18/1248 2235/18/1248
f 2230/18/1261 2134/18/1261 2133/18/1261
f 2119/18/1256 2118/18/1256 2214/18/1256
f 2156/15/1241 2155/15/1241 2187/15/1241
f 2201/15/1267 2169/15/1267 2168/15/1267
f 2137/18/1267 2136/18/1267 2232/18/1267
f 2160/15/1263 2159/15/1263 2191/15/1263
f 2161/15/1245 2160/15/1245 2192/15/1245
f 2130/18/1252 2129/18/1252 2225/18/1252
f 2123/18/1239 2122/18/1239 2218/18/1239
f 2148/15/1260 2147/15/1260 2179/15/1260
f 2140/18/1243 2236/18/1243 2237/18/1243
f 2175/15/1268 2174/15/1268 2206/15/1268
f 2199/15/1244 2167/15/1244 2166/15/1244
f 2185/15/1264 2153/15/1264 2152/15/1264
f 2131/18/1269 2130/18/1269 2226/18/1269
f 2163/15/1269 2162/15/1269 2194/15/1269
f 2234/18/1255 2138/18/1255 2137/18/1255
f 2143/18/1268 2142/18/1268 2238/18/1268
f 2077/14/629 2188/14/629 2187/14/629
f 2244/19/1846 2243/19/1846 2249/19/1846
f 2245/19/1847 1184/19/1847 2247/19/1848
f 1643/2/1281 2244/2/1281 2246/2/1281
f 2243/2/1282 2244/2/1282 1643/2/1282
f 2245/2/1849 2248/2/1850 1690/2/1851
f 1186/2/1852 2245/2/1852 1655/2/1852
