# Blender 5.0.0
# www.blender.org
o breakout
v 50.171619 22.561266 -5.131284
v 50.140766 -5.722928 -4.355535
v 50.216072 22.561266 -4.679918
v 50.185814 -5.722928 -3.898149
v 50.347733 22.561279 -4.245895
v 50.319229 -5.722928 -3.458340
v 50.561539 22.561279 -3.845901
v 50.535889 -5.722928 -3.053010
v 50.849262 22.561279 -3.495301
v 50.827450 -5.722928 -2.697735
v 51.199867 22.561281 -3.207572
v 51.182732 -5.722928 -2.406168
v 51.599865 22.561281 -2.993769
v 51.588058 -5.722928 -2.189516
v 52.033882 22.561281 -2.862111
v 52.027870 -5.722928 -2.056101
v 52.485245 22.561281 -2.817655
v 52.485245 -5.722928 -2.011052
v 52.936615 22.561281 -2.862111
v 52.942638 -5.722928 -2.056101
v 53.370628 22.561281 -2.993769
v 53.382450 -5.722928 -2.189516
v 53.770634 22.561281 -3.207572
v 53.787788 -5.722928 -2.406168
v 54.121231 22.561281 -3.495301
v 54.143051 -5.722928 -2.697735
v 54.408958 22.561281 -3.845901
v 54.434620 -5.722928 -3.053010
v 54.622761 22.561281 -4.245895
v 54.651276 -5.722928 -3.458340
v 54.754425 22.561274 -4.679918
v 54.784695 -5.722928 -3.898149
v 54.798874 22.561274 -5.131284
v 54.829735 -5.722928 -4.355535
v 54.754425 22.561274 -5.582650
v 54.784695 -5.722928 -4.812921
v 54.622761 22.561274 -6.016671
v 54.651276 -5.722928 -5.252729
v 54.408958 22.561274 -6.416666
v 54.434620 -5.722928 -5.658059
v 54.121231 22.561274 -6.767266
v 54.143051 -5.722928 -6.013334
v 53.770634 22.561274 -7.054995
v 53.787788 -5.722928 -6.304901
v 53.370628 22.561274 -7.268796
v 53.382450 -5.722928 -6.521554
v 52.936615 22.561274 -7.400455
v 52.942638 -5.722928 -6.654969
v 52.485245 22.561274 -7.444911
v 52.485245 -5.722928 -6.700017
v 52.033882 22.561274 -7.400455
v 52.027870 -5.722928 -6.654969
v 51.599865 22.561274 -7.268796
v 51.588058 -5.722928 -6.521554
v 51.199867 22.561274 -7.054995
v 51.182732 -5.722928 -6.304901
v 50.849262 22.561266 -6.767266
v 50.827450 -5.722928 -6.013334
v 50.561539 22.561266 -6.416666
v 50.535889 -5.722928 -5.658059
v 50.347733 22.561266 -6.016671
v 50.319229 -5.722928 -5.252729
v 50.216072 22.561266 -5.582650
v 50.185814 -5.722928 -4.812921
v -40.535957 27.580244 -5.259719
v -40.495796 -3.733709 -5.259703
v -40.479778 27.580244 -4.689282
v -40.440407 -3.733709 -4.697097
v -40.313385 27.580250 -4.140769
v -40.276283 -3.733709 -4.156111
v -40.043179 27.580250 -3.635254
v -40.009800 -3.733709 -3.657539
v -39.679550 27.580250 -3.192169
v -39.651161 -3.733709 -3.220534
v -39.236465 27.580250 -2.828538
v -39.214146 -3.733709 -2.861894
v -38.730942 27.580250 -2.558335
v -38.715584 -3.733709 -2.595401
v -38.182434 27.580250 -2.391946
v -38.174583 -3.733709 -2.431295
v -37.612003 27.580250 -2.335762
v -37.611984 -3.733709 -2.375880
v -37.041573 27.580250 -2.391946
v -37.049377 -3.733709 -2.431295
v -36.493042 27.580250 -2.558335
v -36.508385 -3.733709 -2.595401
v -35.987534 27.580250 -2.828538
v -36.009815 -3.733709 -2.861894
v -35.544449 27.580250 -3.192169
v -35.572803 -3.733709 -3.220534
v -35.180820 27.580250 -3.635254
v -35.214165 -3.733709 -3.657539
v -34.910622 27.580254 -4.140769
v -34.947681 -3.733709 -4.156111
v -34.744221 27.580250 -4.689282
v -34.783577 -3.733709 -4.697097
v -34.688049 27.580250 -5.259719
v -34.728165 -3.733709 -5.259703
v -34.744221 27.580250 -5.830154
v -34.783577 -3.733709 -5.822309
v -34.910622 27.580244 -6.378670
v -34.947681 -3.733709 -6.363295
v -35.180820 27.580244 -6.884183
v -35.214165 -3.733709 -6.861869
v -35.544449 27.580244 -7.327270
v -35.572803 -3.733709 -7.298874
v -35.987534 27.580244 -7.690901
v -36.009815 -3.733709 -7.657515
v -36.493042 27.580244 -7.961102
v -36.508385 -3.733709 -7.924008
v -37.041573 27.580244 -8.127492
v -37.049377 -3.733709 -8.088115
v -37.612003 27.580244 -8.183678
v -37.611984 -3.733709 -8.143526
v -38.182434 27.580244 -8.127492
v -38.174583 -3.733709 -8.088115
v -38.730942 27.580244 -7.961102
v -38.715584 -3.733709 -7.924008
v -39.236465 27.580244 -7.690901
v -39.214146 -3.733709 -7.657515
v -39.679550 27.580244 -7.327270
v -39.651161 -3.733709 -7.298874
v -40.043179 27.580244 -6.884183
v -40.009800 -3.733709 -6.861869
v -40.313385 27.580244 -6.378670
v -40.276283 -3.733709 -6.363295
v -40.479778 27.580244 -5.830154
v -40.440407 -3.733709 -5.822309
v -52.417747 27.580227 -5.259720
v -52.133293 27.580227 -2.371261
v -51.290760 27.580254 0.406199
v -49.922554 27.580254 2.965920
v -48.081242 27.580254 5.209535
v -45.837624 27.580254 7.050820
v -43.277874 27.580261 8.419021
v -40.500435 27.580261 9.261554
v -37.611969 27.580261 9.546041
v -34.723522 27.580261 9.261554
v -31.946064 27.580261 8.419021
v -29.386303 27.580261 7.050820
v -27.142681 27.580261 5.209535
v -25.301456 27.580265 2.965920
v -23.933270 27.580265 0.406199
v -23.090715 27.580240 -2.371261
v -22.806213 27.580240 -5.259720
v -23.090715 27.580240 -8.148181
v -23.933270 27.580233 -10.925637
v -25.301456 27.580233 -13.485360
v -27.142681 27.580233 -15.728973
v -29.386303 27.580233 -17.570257
v -31.946064 27.580233 -18.938456
v -34.723522 27.580233 -19.780991
v -37.611969 27.580227 -20.065477
v -40.500435 27.580227 -19.780991
v -43.277874 27.580227 -18.938456
v -45.837624 27.580227 -17.570257
v -48.081242 27.580227 -15.728973
v -49.922554 27.580227 -13.485360
v -51.290760 27.580227 -10.925637
v -52.133293 27.580227 -8.148181
v -52.417747 39.218338 -5.259722
v -49.922554 39.218361 2.965920
v -48.081242 39.218361 5.209533
v -45.837624 39.218361 7.050818
v -43.277874 39.218361 8.419021
v -27.142681 39.218365 5.209533
v -25.301456 39.218365 2.965920
v -23.933270 39.218365 0.406199
v -23.090715 39.218349 -8.148183
v -27.142681 39.218334 -15.728976
v -31.946064 39.218334 -18.938457
v -40.500435 39.218327 -19.780994
v -43.277874 39.218327 -18.938457
v -45.837624 39.218327 -17.570257
v -48.081242 39.218327 -15.728976
v -49.922554 39.218327 -13.485361
v -51.290760 39.218327 -10.925641
v 38.889946 22.561279 -5.131284
v 39.151176 22.561279 -2.478975
v 39.924835 22.561306 0.071407
v 41.181183 22.561306 2.421853
v 42.871929 22.561312 4.482039
v 44.932117 22.561312 6.172784
v 47.282555 22.561312 7.429126
v 49.832939 22.561312 8.202773
v 52.485252 22.561314 8.464007
v 55.137562 22.561314 8.202773
v 57.687943 22.561314 7.429126
v 60.038376 22.561317 6.172784
v 62.098576 22.561317 4.482039
v 63.789322 22.561317 2.421853
v 65.045662 22.561317 0.071407
v 65.819313 22.561287 -2.478975
v 66.080536 22.561287 -5.131284
v 65.819313 22.561287 -7.783593
v 65.045662 22.561274 -10.333977
v 63.789322 22.561274 -12.684423
v 62.098576 22.561274 -14.744604
v 60.038376 22.561274 -16.435350
v 57.687943 22.561266 -17.691692
v 55.137562 22.561264 -18.465336
v 52.485252 22.561264 -18.726570
v 49.832939 22.561262 -18.465336
v 47.282555 22.561264 -17.691692
v 44.932117 22.561264 -16.435350
v 42.871929 22.561264 -14.744604
v 41.181183 22.561262 -12.684423
v 39.924835 22.561262 -10.333977
v 39.151176 22.561279 -7.783593
v 40.859207 34.098679 -5.131284
v 41.082592 34.098679 -2.863157
v 41.744186 34.098705 -0.682191
v 42.818546 34.098705 1.327800
v 44.264393 34.098705 3.089570
v 46.026169 34.098705 4.535414
v 48.036156 34.098705 5.609776
v 50.217117 34.098705 6.271365
v 52.485245 34.098705 6.494758
v 54.753376 34.098705 6.271365
v 56.934338 34.098705 5.609776
v 58.944324 34.098709 4.535414
v 60.706100 34.098709 3.089570
v 62.151947 34.098709 1.327800
v 63.226311 34.098709 -0.682189
v 63.887894 34.098686 -2.863154
v 64.111298 34.098686 -5.131284
v 63.887894 34.098686 -7.399414
v 63.226311 34.098671 -9.580381
v 62.151947 34.098671 -11.590368
v 60.706100 34.098671 -13.352140
v 58.944324 34.098667 -14.797982
v 56.934338 34.098671 -15.872345
v 54.753376 34.098671 -16.533934
v 52.485245 34.098671 -16.757324
v 50.217117 34.098667 -16.533934
v 48.036140 34.098667 -15.872345
v 46.026169 34.098667 -14.797985
v 44.264393 34.098667 -13.352140
v 42.818546 34.098667 -11.590368
v 41.744186 34.098663 -9.580380
v 41.082592 34.098679 -7.399413
v 60.236858 5.862547 -7.508704
v 60.236858 5.862548 -1.944213
v 45.684334 5.862542 -6.360367
v 45.684334 5.862544 1.966812
v 60.236858 0.000000 -7.508702
v 60.236858 0.000000 -1.944212
v 45.684338 0.000000 -6.360365
v 45.684338 0.000000 1.966813
v -23.058037 5.350032 -7.529280
v -23.747959 5.350032 -0.181148
v -41.011600 5.350027 -8.194130
v -42.044075 5.350027 0.068798
v -23.058037 0.000000 -7.529279
v -23.747961 0.000000 -0.181146
v -41.011600 0.000000 -8.194127
v -42.044075 0.000000 0.068799
v 45.684338 3.026268 -0.076434
v 45.684338 3.026268 -4.317120
v 45.684338 0.000000 -4.317120
v 45.684338 0.000000 -0.076432
v -24.246334 2.513758 -2.288695
v -24.246334 2.513758 -6.529381
v -24.246338 0.000000 -6.529381
v -24.246338 0.000000 -2.288694
v 38.889946 34.098679 -5.131284
v 39.151176 34.098679 -2.478975
v 39.924824 34.098705 0.071407
v 41.181183 34.098705 2.421853
v 42.871929 34.098709 4.482039
v 44.932106 34.098709 6.172784
v 47.282543 34.098709 7.429122
v 49.832939 34.098709 8.202773
v 52.485245 34.098709 8.464007
v 55.137554 34.098709 8.202773
v 57.687943 34.098709 7.429122
v 60.038372 34.098717 6.172784
v 62.098572 34.098717 4.482039
v 63.789314 34.098717 2.421853
v 65.045662 34.098717 0.071407
v 65.819313 34.098686 -2.478975
v 66.080521 34.098686 -5.131284
v 65.819313 34.098686 -7.783594
v 65.045662 34.098667 -10.333978
v 63.789314 34.098667 -12.684424
v 62.098572 34.098667 -14.744606
v 60.038372 34.098667 -16.435352
v 57.687943 34.098667 -17.691692
v 55.137554 34.098663 -18.465340
v 52.485245 34.098663 -18.726572
v 49.832939 34.098660 -18.465340
v 47.282543 34.098663 -17.691692
v 44.932106 34.098663 -16.435352
v 42.871929 34.098663 -14.744606
v 41.181183 34.098660 -12.684424
v 39.924824 34.098660 -10.333978
v 39.151176 34.098679 -7.783594
v -50.420288 39.218338 -5.259722
v -50.174225 39.218338 -2.760928
v -49.445374 39.218361 -0.358191
v -48.261757 39.218353 1.856194
v -46.668831 39.218353 3.797126
v -44.727913 39.218353 5.390004
v -42.513504 39.218361 6.573621
v -40.110744 39.218361 7.302487
v -37.611969 39.218361 7.548598
v -35.113190 39.218361 7.302487
v -32.710449 39.218361 6.573621
v -30.496017 39.218361 5.390002
v -28.555090 39.218361 3.797139
v -26.962290 39.218361 1.856217
v -25.778664 39.218365 -0.358191
v -25.049782 39.218349 -2.760955
v -24.803656 39.218349 -5.259722
v -25.049782 39.218349 -7.758489
v -25.778664 39.218338 -10.161250
v -26.962290 39.218338 -12.375659
v -28.555090 39.218338 -14.316581
v -30.496017 39.218338 -15.909443
v -32.710449 39.218338 -17.093061
v -35.113190 39.218334 -17.821932
v -37.611969 39.218334 -18.068035
v -40.110744 39.218334 -17.821932
v -42.513504 39.218334 -17.093061
v -44.727913 39.218327 -15.909447
v -46.668831 39.218327 -14.316568
v -48.261757 39.218327 -12.375634
v -49.445374 39.218327 -10.161250
v -50.174225 39.218338 -7.758514
v -52.133293 39.218338 -2.371262
v -51.290760 39.218361 0.406199
v -40.500435 39.218361 9.261550
v -37.611969 39.218361 9.546041
v -34.723522 39.218365 9.261550
v -31.946064 39.218365 8.419021
v -29.386303 39.218365 7.050818
v -23.090715 39.218349 -2.371262
v -22.806213 39.218349 -5.259722
v -23.933270 39.218338 -10.925641
v -25.301456 39.218338 -13.485361
v -29.386303 39.218334 -17.570257
v -34.723522 39.218334 -19.780994
v -37.611969 39.218327 -20.065479
v -52.133293 39.218338 -8.148183
v 42.828453 34.464184 -5.131284
v 43.014000 34.464184 -3.247338
v 43.563538 34.464203 -1.435788
v 44.455914 34.464203 0.233742
v 45.656857 34.464203 1.697101
v 47.120216 34.464203 2.898046
v 48.789753 34.464203 3.790431
v 50.601292 34.464203 4.339955
v 52.485245 34.464203 4.525512
v 54.369186 34.464203 4.339955
v 56.180740 34.464203 3.790431
v 57.850266 34.464207 2.898046
v 59.313637 34.464207 1.697101
v 60.514584 34.464214 0.233742
v 61.406971 34.464214 -1.435788
v 61.956490 34.464191 -3.247335
v 62.142036 34.464191 -5.131284
v 61.956490 34.464191 -7.015235
v 61.406971 34.464180 -8.826782
v 60.514584 34.464180 -10.496311
v 59.313637 34.464172 -11.959670
v 57.850273 34.464172 -13.160614
v 56.180740 34.464180 -14.052998
v 54.369186 34.464180 -14.602524
v 52.485245 34.464180 -14.788079
v 50.601292 34.464180 -14.602524
v 48.789753 34.464180 -14.052998
v 47.120216 34.464169 -13.160616
v 45.656857 34.464169 -11.959670
v 44.455914 34.464169 -10.496315
v 43.563538 34.464169 -8.826781
v 43.014000 34.464184 -7.015231
v -48.422859 39.589077 -5.259722
v -48.215160 39.589077 -3.150595
v -47.599976 39.589088 -1.122583
v -46.600937 39.589088 0.746466
v -45.256439 39.589088 2.384716
v -43.618183 39.589088 3.729191
v -41.749107 39.589088 4.728227
v -39.721054 39.589088 5.343429
v -37.611969 39.589088 5.551156
v -35.502884 39.589088 5.343429
v -33.474834 39.589096 4.728224
v -31.605732 39.589096 3.729184
v -29.967522 39.589096 2.384741
v -28.623100 39.589096 0.746517
v -27.624058 39.589096 -1.122582
v -27.008839 39.589081 -3.150649
v -26.801100 39.589081 -5.259722
v -27.008839 39.589081 -7.368795
v -27.624058 39.589066 -9.396860
v -28.623100 39.589073 -11.265958
v -29.967522 39.589073 -12.904184
v -31.605732 39.589073 -14.248626
v -33.474834 39.589073 -15.247663
v -35.502884 39.589066 -15.862869
v -37.611969 39.589066 -16.070597
v -39.721054 39.589066 -15.862869
v -41.749107 39.589066 -15.247666
v -43.618183 39.589066 -14.248631
v -45.256439 39.589066 -12.904158
v -46.600937 39.589066 -11.265907
v -47.599976 39.589058 -9.396859
v -48.215160 39.589077 -7.368850
v -50.420288 37.955395 -5.259722
v -50.174225 37.955395 -2.760928
v -49.445374 37.955410 -0.358191
v -48.261757 37.955410 1.856194
v -46.668831 37.955410 3.797126
v -44.727913 37.955410 5.390004
v -42.513504 37.955410 6.573621
v -40.110744 37.955410 7.302487
v -37.611969 37.955410 7.548598
v -35.113190 37.955410 7.302487
v -32.710449 37.955414 6.573621
v -30.496017 37.955414 5.390002
v -28.555090 37.955414 3.797139
v -26.962290 37.955414 1.856217
v -25.778664 37.955421 -0.358191
v -25.049782 37.955399 -2.760955
v -24.803656 37.955399 -5.259722
v -25.049782 37.955399 -7.758489
v -25.778664 37.955391 -10.161250
v -26.962290 37.955391 -12.375659
v -28.555090 37.955391 -14.316581
v -30.496017 37.955391 -15.909443
v -32.710449 37.955391 -17.093061
v -35.113190 37.955383 -17.821932
v -37.611969 37.955383 -18.068035
v -40.110744 37.955383 -17.821932
v -42.513504 37.955383 -17.093061
v -44.727913 37.955383 -15.909447
v -46.668831 37.955383 -14.316568
v -48.261757 37.955383 -12.375634
v -49.445374 37.955376 -10.161250
v -50.174225 37.955395 -7.758514
v 40.859207 32.853561 -5.131284
v 41.082596 32.853561 -2.863157
v 41.744186 32.853584 -0.682191
v 42.818546 32.853584 1.327800
v 44.264404 32.853584 3.089570
v 46.026169 32.853584 4.535414
v 48.036156 32.853584 5.609776
v 50.217117 32.853584 6.271365
v 52.485252 32.853584 6.494758
v 54.753376 32.853584 6.271365
v 56.934338 32.853584 5.609776
v 58.944324 32.853592 4.535414
v 60.706100 32.853592 3.089570
v 62.151947 32.853592 1.327800
v 63.226311 32.853592 -0.682191
v 63.887894 32.853569 -2.863154
v 64.111298 32.853569 -5.131284
v 63.887894 32.853569 -7.399414
v 63.226311 32.853550 -9.580380
v 62.151947 32.853550 -11.590368
v 60.706100 32.853550 -13.352140
v 58.944324 32.853550 -14.797982
v 56.934338 32.853550 -15.872345
v 54.753376 32.853550 -16.533934
v 52.485252 32.853550 -16.757324
v 50.217117 32.853550 -16.533934
v 48.036148 32.853550 -15.872345
v 46.026169 32.853546 -14.797985
v 44.264404 32.853546 -13.352140
v 42.818546 32.853546 -11.590368
v 41.744186 32.853542 -9.580379
v 41.082596 32.853561 -7.399413
v 52.485245 34.464184 -5.131284
v -37.611980 39.589066 -5.259720
v -55.327576 2.421258 18.641239
v -58.283432 2.421258 18.641239
v -55.327576 1.847730 18.550404
v -58.283432 1.847730 18.550400
v -55.327576 1.330342 18.286777
v -58.283432 1.330342 18.286777
v -55.327576 0.000000 17.876179
v -58.283432 0.000000 17.876179
v -55.327576 0.000000 17.358791
v -58.283432 0.000000 17.358791
v -55.327576 0.000000 16.785259
v -58.283432 0.000000 16.785259
v -55.327576 0.000000 16.211731
v -58.283432 0.000000 16.211731
v -55.327576 0.000000 15.694343
v -58.283432 0.000000 15.694343
v -55.327576 1.330342 15.283744
v -58.283432 1.330342 15.283744
v -55.327576 1.847730 15.020122
v -58.283432 1.847730 15.020122
v -55.327576 2.421258 14.929284
v -58.283432 2.421258 14.929282
v -55.327576 2.994787 15.020122
v -58.283432 2.994787 15.020122
v -55.327576 3.512175 15.283744
v -58.283432 3.512175 15.283744
v -55.327576 3.922775 15.694343
v -58.283432 3.922775 15.694343
v -55.327576 4.186398 16.211731
v -58.283432 4.186398 16.211731
v -55.327576 4.277236 16.785259
v -58.283432 4.277236 16.785259
v -55.327576 4.186398 17.358791
v -58.283432 4.186398 17.358791
v -55.327576 3.922775 17.876179
v -58.283432 3.922775 17.876179
v -55.327576 3.512175 18.286777
v -58.283432 3.512175 18.286777
v -55.327576 2.994787 18.550404
v -58.283432 2.994787 18.550400
v -58.771614 2.197119 18.200424
v -58.771614 1.568581 17.958870
v -58.771622 1.086615 17.218914
v -58.771614 1.144624 16.134785
v -58.771614 1.770781 15.508624
v -58.771614 2.645398 15.370097
v -58.771622 3.556574 15.960406
v -58.771622 3.755902 17.218914
v -58.771614 3.071736 18.061897
v -60.316933 1.972980 18.164921
v -60.316940 1.285943 17.610119
v -60.316933 1.006098 16.561123
v -60.316933 1.408115 15.772117
v -60.316940 2.421258 15.381934
v -60.316940 3.556574 15.960406
v -60.316933 3.836419 17.009399
v -60.316933 3.434402 17.798405
v -60.316933 2.645398 18.200424
v 37.316109 0.000000 11.937034
v 25.828396 0.000000 20.953842
v 19.783253 29.711872 5.571860
v 58.897797 20.241409 8.170779
v 67.339050 27.504128 6.002418
v 64.273560 22.710056 7.094623
v -37.429806 38.055450 13.104484
v -18.370697 31.205265 -11.077743
v 37.197815 29.620876 -11.071019
v 85.156464 30.095699 -0.285560
v -26.352346 20.964314 20.034683
v -27.383671 28.688219 19.287643
v -30.187561 29.229023 17.122665
v -36.726002 37.987907 14.756928
v 74.035477 16.929586 4.344029
v 32.308861 17.911446 12.138343
v 34.056278 16.875563 11.958705
v 37.280670 9.848539 11.662784
v 22.070789 18.978481 13.051578
v 20.299463 14.457263 20.334587
v 25.214661 5.654007 20.961140
v -40.446259 23.009462 12.877879
v -21.509092 0.000000 3.313073
v -30.701227 11.116302 21.501308
v -48.203602 11.046477 18.644100
v 83.473930 16.572088 1.964732
v 82.322578 24.332258 1.752854
v -18.546217 32.938465 10.634290
v -18.375389 34.051792 13.340343
v -17.240643 29.744038 11.266486
v -36.579708 34.392277 16.253593
v 20.052200 35.723656 -0.597987
v 20.300564 35.924023 3.770864
v -16.984701 37.493538 3.157354
v -14.936261 32.482876 -8.444436
v 19.707951 30.756088 -9.036031
v -14.033399 31.198082 -8.261437
v -15.861969 35.865005 2.986837
v -16.538139 15.152861 23.711056
v -16.783161 7.416217 26.006672
v -26.125656 29.266794 16.613300
v 22.294212 6.154312 23.542171
v -16.660126 6.211492 25.032604
v -24.171247 20.064945 18.034836
v -15.200891 26.829187 16.075657
v 20.471992 33.543659 10.323802
v -30.744503 10.560962 22.555378
v -60.512093 6.489727 17.178726
v -48.917812 10.759033 19.773720
v 59.991306 6.520371 8.410886
v 60.911583 4.338255 8.250480
v 60.999416 0.000000 8.236091
v 37.365993 33.007622 7.675578
v 37.361008 35.365433 2.186797
v 37.322479 26.919024 9.687583
v -21.050013 37.876270 3.976722
v 20.340290 26.855688 12.549220
v -17.604200 14.342393 24.968838
v -14.752464 18.907314 17.094856
v -48.962379 18.427769 19.052357
v 88.361588 0.000000 1.144844
v -23.527351 6.743374 24.896709
v -23.126400 11.126431 23.876545
v -1.539723 6.536808 25.183048
v -1.626000 7.388294 26.109764
v 22.904240 12.810689 20.533936
v -22.851105 11.150053 22.108261
v 58.920799 0.000000 7.579618
v -4.455285 34.453014 7.953727
v 87.771500 20.174614 0.521441
v -57.168579 35.138165 13.148986
v 68.062317 0.000000 -11.320360
v 37.258926 0.000000 -7.929240
v -18.277676 0.000000 -10.284627
v -60.353546 0.000000 14.623839
v -56.188698 31.522053 10.805913
v -55.959915 0.000000 14.665179
v -60.546181 0.000000 10.294692
v -59.071037 21.023582 7.962544
v -58.963150 17.954605 10.960990
v -57.171432 31.622452 10.739837
v -52.762074 37.548531 9.356833
v -56.974827 34.315029 9.259557
v -54.312698 36.623482 -5.190499
v -54.727440 28.025120 -3.775344
v -56.656609 37.508247 14.304267
v -54.840389 23.009462 -10.338912
v -54.590221 0.000000 -10.338910
v -44.679928 0.000000 -10.338912
v -44.751476 23.009462 -10.338912
v -57.434822 7.278414 7.804053
v -58.495735 0.000000 7.990920
v -23.759079 13.129354 21.100891
v 58.737015 4.667672 7.612514
v 38.515076 0.000000 11.381951
v 73.120331 25.809298 4.090627
v -18.294165 32.100101 -14.209617
v -18.294165 27.815109 -14.209617
v 37.150093 27.815098 -14.112466
v 37.150093 31.292341 -12.412031
v 37.150093 30.380823 -14.114809
v -34.140862 23.009462 -10.284629
v -34.301315 0.000000 -10.284629
v -18.227875 23.009462 -10.284627
v -57.919048 5.032866 19.397476
v -59.824486 5.143618 18.944084
v -60.184868 6.194222 18.989075
v -57.747276 6.274660 19.392853
v -24.215679 6.138897 24.738628
v -60.309776 5.023002 14.687959
v -56.566658 4.776094 14.666463
v -57.570107 0.000000 19.358383
v 67.796165 34.814903 4.762181
v 72.434494 34.064438 3.811006
v 37.786175 8.533709 10.833358
v 37.459492 20.526501 10.592029
v 66.570076 20.091898 -12.142372
v 67.464249 32.249607 -13.317984
v 67.009483 26.568474 -13.663176
v 84.464157 30.095699 -3.335951
v 88.652817 16.712410 -14.048085
v 70.640228 31.706545 -13.822742
v 80.672188 30.244904 -14.006605
v 37.245708 19.431293 -10.369878
v 88.653732 9.995161 -12.189439
v 88.361588 10.148911 -11.435149
v 87.438644 20.174614 -2.278711
v 88.656784 0.000000 -11.845689
v 88.364639 0.000000 -11.065572
v 82.930717 30.278278 -15.006351
v 67.275330 32.183357 -14.435377
v 70.451332 31.640299 -14.940133
v 66.332733 19.992268 -13.587017
v 66.866104 26.511633 -14.476795
v 80.502869 30.181427 -15.118823
v 37.314392 35.808041 -2.050667
v 65.806305 25.107096 6.548520
v -1.543143 0.000000 25.587646
v -23.335621 0.000000 24.723644
v 20.895884 5.561696 23.089451
v -30.838997 6.438688 23.164642
v -44.103107 10.718003 20.529182
v -49.901749 6.407805 20.215923
v -43.532486 11.014198 19.345188
v -39.053391 19.063358 19.007870
v -39.088486 20.456350 18.919437
v -48.012329 17.995773 18.200104
v -43.195747 18.055336 18.111027
v -30.009157 18.945654 18.504482
v -30.044250 20.338646 18.416050
v -29.163750 17.671471 16.960297
v -23.768404 18.945654 18.504482
v -15.875878 18.962027 17.109985
v -31.364555 28.993456 19.428036
v -54.999741 28.966196 17.405251
v -30.490086 20.988340 20.268528
v -56.142078 20.668537 17.940689
v -47.116714 34.053391 16.665531
v -21.478188 37.947372 12.307693
v -27.978334 38.217915 11.411162
v 19.826942 33.813175 4.495260
v -4.684911 37.115639 7.032483
v -18.069841 32.907501 -12.517266
v -21.433622 23.009462 2.964261
v -28.206741 23.009462 11.416602
v -52.569656 23.009462 9.476943
v -59.662872 19.820759 17.498844
v -55.911270 21.722038 7.535699
v 84.407562 15.888599 2.398211
v 83.062019 24.969952 2.157183
v 73.587158 16.298857 5.132215
v 72.517334 26.661861 4.829686
v 83.153442 16.497681 0.727135
v 82.002068 24.257851 0.515257
v 73.714989 16.855179 3.106432
v 72.799820 25.734886 2.853030
v -27.752522 13.112187 20.792130
v -26.970394 16.446871 18.482071
v -20.210707 17.103394 18.558216
v -23.845108 13.890980 22.171204
v -27.838551 13.873811 21.862446
v -27.056423 17.208494 19.552383
v -20.296736 17.865017 19.628532
v -21.700323 13.248721 21.181431
v -18.151955 17.222759 18.638756
v -21.786354 14.010345 22.251743
v -18.237982 17.984381 19.709068
v -24.276945 0.000000 16.961281
v -25.917185 0.000000 25.226971
v -32.542633 0.000000 15.321036
v -34.182877 0.000000 23.586727
v -32.340359 1.328685 15.361176
v -33.980602 1.328685 23.626873
v -31.753330 2.503256 15.477666
v -33.393570 2.503256 23.743359
v -30.839008 3.435401 15.659104
v -32.479252 3.435401 23.924797
v -29.686907 4.033875 15.887727
v -31.327148 4.033875 24.153419
v -28.409788 4.240095 16.141159
v -30.050030 4.240095 24.406849
v -27.132671 4.033875 16.394592
v -28.772911 4.033875 24.660282
v -25.980560 3.435401 16.623215
v -27.620808 3.435401 24.888905
v -25.066252 2.503256 16.804653
v -26.706486 2.503256 25.070347
v -24.479219 1.328685 16.921139
v -26.119459 1.328685 25.186832
v -30.781870 2.768800 24.045963
v -29.041376 2.768800 24.391346
v -28.256311 2.360991 24.547134
v -27.633282 1.725813 24.670769
v -32.727810 0.000000 23.659813
v -27.095436 0.000000 24.777500
v -32.589973 0.000000 23.687164
v -32.189964 1.725813 23.766544
v -31.566935 2.360991 23.890179
v -29.911625 2.909322 24.218655
v -27.233273 0.000000 24.750145
v -54.449963 18.106491 -3.317521
v -56.659462 18.106491 -3.317521
v -54.449963 17.142838 -3.470147
v -56.659462 17.142838 -3.470147
v -54.449963 16.273510 -3.913091
v -56.659462 16.273510 -3.913091
v -54.449963 15.583611 -4.602990
v -56.659462 15.583611 -4.602990
v -54.449963 15.140668 -5.472315
v -56.659462 15.140668 -5.472315
v -54.449963 14.988040 -6.435969
v -56.659462 14.988040 -6.435969
v -54.449963 15.140668 -7.399621
v -56.659462 15.140668 -7.399621
v -54.449963 15.583611 -8.268948
v -56.659462 15.583611 -8.268948
v -54.449963 16.273510 -8.958848
v -56.659462 16.273510 -8.958848
v -54.449963 17.142838 -9.401792
v -56.659462 17.142838 -9.401792
v -54.449963 18.106491 -9.554420
v -56.659462 18.106491 -9.554420
v -54.449963 19.070147 -9.401792
v -56.659462 19.070147 -9.401792
v -54.449963 19.939472 -8.958848
v -56.659462 19.939472 -8.958848
v -54.449963 20.629372 -8.268948
v -56.659462 20.629372 -8.268948
v -54.449963 21.072313 -7.399621
v -56.659462 21.072313 -7.399621
v -54.449963 21.224939 -6.435969
v -56.659462 21.224939 -6.435969
v -54.449963 21.072313 -5.472315
v -56.659462 21.072313 -5.472315
v -54.449963 20.629372 -4.602990
v -56.659462 20.629372 -4.602990
v -54.449963 19.939472 -3.913091
v -56.659462 19.939472 -3.913091
v -54.449963 19.070147 -3.470147
v -56.659462 19.070147 -3.470147
v -57.024376 17.353285 -4.117835
v -57.024376 18.106491 -3.998540
v -57.024376 16.673805 -4.464049
v -57.024376 16.134569 -5.003285
v -57.024376 15.788359 -5.682762
v -57.024376 15.669062 -6.435969
v -57.024376 15.788359 -7.189177
v -57.024376 16.134569 -7.868655
v -57.024376 16.673805 -8.407888
v -57.024376 17.353285 -8.754104
v -57.024376 18.106491 -8.873399
v -57.024376 18.859699 -8.754104
v -57.024376 19.539177 -8.407888
v -57.024376 20.078413 -7.868655
v -57.024376 20.424623 -7.189177
v -57.024376 20.543919 -6.435969
v -57.024376 20.424623 -5.682762
v -57.024376 20.078413 -5.003285
v -57.024376 19.539177 -4.464049
v -57.024376 18.859699 -4.117835
v -58.179497 17.353285 -4.117835
v -58.179497 18.106491 -3.998540
v -58.179497 16.673805 -4.464049
v -58.179497 16.134569 -5.003285
v -58.179497 15.788359 -5.682762
v -58.179497 15.669062 -6.435969
v -58.179497 15.788359 -7.189177
v -58.179497 16.134569 -7.868655
v -58.179497 16.673805 -8.407888
v -58.179497 17.353285 -8.754104
v -58.179497 18.106491 -8.873399
v -58.179497 18.859699 -8.754104
v -58.179497 19.539177 -8.407888
v -58.179497 20.078413 -7.868655
v -58.179497 20.424623 -7.189177
v -58.179497 20.543919 -6.435969
v -58.179497 20.424623 -5.682762
v -58.179497 20.078413 -5.003285
v -58.179497 19.539177 -4.464049
v -58.179497 18.859699 -4.117835
v -53.889999 21.870800 0.000406
v -53.889999 19.761112 4.259487
v -53.889999 12.037563 -4.870370
v -53.889999 9.927878 -0.611290
v -58.642952 20.615137 0.352462
v -57.770123 21.870800 0.000406
v -58.642952 19.280289 3.047282
v -57.770123 19.761112 4.259487
v -58.642952 12.518386 -3.658166
v -57.770123 12.037563 -4.870370
v -58.642952 11.183538 -0.963347
v -57.770123 9.927878 -0.611290
v -42.473488 0.000000 -10.596006
v -46.840263 0.000000 7.713771
v -42.473488 7.559035 -10.596006
v -42.953629 9.572260 -8.582781
v -46.360123 9.572260 5.700545
v -46.840263 7.559035 7.713771
v -55.685345 0.000000 -10.089682
v -55.035309 0.000000 -10.596006
v -59.492920 0.000000 7.713771
v -59.896416 0.000000 7.207444
v -56.102226 9.051146 -8.377309
v -55.524811 9.572260 -8.582781
v -55.685345 7.338774 -10.089682
v -55.035088 7.559035 -10.596006
v -59.896416 7.338774 7.207444
v -59.492691 7.559035 7.713771
v -59.479530 9.051146 5.495074
v -59.002159 9.572260 5.700545
v -16.623747 0.000000 24.984276
v 19.515701 0.000000 23.574589
v -58.903053 24.913710 16.910870
v -56.803516 27.902277 -0.505981
v -55.946842 35.617748 -2.608593
v -57.204285 35.588264 15.574084
v -57.306450 31.627138 12.755153
v -56.323719 31.526739 12.821227
v -55.568119 35.103271 10.433040
v -55.834862 35.008034 13.271022
v -55.919575 33.598183 13.153979
v -56.809601 33.588745 13.071551
v -55.910316 33.207451 13.098763
v -56.800346 33.198017 13.016339
v -55.890560 32.853100 12.926000
v -56.780586 32.843662 12.843574
v -55.862240 32.569805 12.652600
v -56.752262 32.560371 12.570174
v -55.828117 32.385303 12.305324
v -56.718147 32.375870 12.222896
v -55.791546 32.317661 11.918164
v -56.681576 32.308224 11.835738
v -55.756104 32.373489 11.529021
v -56.646126 32.364052 11.446597
v -55.725254 32.547333 11.175986
v -56.615273 32.537891 11.093566
v -55.702011 32.822163 10.893619
v -56.592041 32.812725 10.811194
v -55.688663 33.171089 10.709556
v -56.578693 33.161648 10.627130
v -55.686512 33.559948 10.641814
v -56.576542 33.550507 10.559394
v -55.695770 33.950676 10.697032
v -56.585804 33.941238 10.614606
v -55.715538 34.305035 10.869796
v -56.605560 34.295593 10.787368
v -55.743862 34.588326 11.143199
v -56.633881 34.578892 11.060773
v -55.777973 34.772823 11.490472
v -56.668007 34.763386 11.408046
v -55.814545 34.840466 11.877631
v -56.704575 34.831032 11.795207
v -55.849991 34.784637 12.266770
v -56.740021 34.775204 12.184348
v -55.880848 34.610802 12.619807
v -56.770874 34.601364 12.537379
v -55.904083 34.335972 12.902175
v -56.794106 34.326534 12.819749
v -55.917427 33.987041 13.086238
v -56.807449 33.977604 13.003814
v -56.923920 33.277611 12.740474
v -56.931156 33.583012 12.783631
v -56.908478 33.000645 12.605439
v -56.886337 32.779213 12.391746
v -56.859665 32.635010 12.120305
v -56.831089 32.582134 11.817698
v -56.803375 32.625774 11.513539
v -56.779270 32.761654 11.237603
v -56.761101 32.976463 11.016898
v -56.750675 33.249187 10.873033
v -56.748997 33.553123 10.820086
v -56.756229 33.858532 10.863240
v -56.771675 34.135498 10.998279
v -56.793816 34.356926 11.211970
v -56.820473 34.501129 11.483409
v -56.849060 34.554005 11.786017
v -56.876770 34.510365 12.090177
v -56.900883 34.374493 12.366115
v -56.919044 34.159676 12.586818
v -56.929474 33.886951 12.730685
v -57.389217 33.272678 12.697383
v -57.396461 33.578079 12.740539
v -57.373775 32.995705 12.562346
v -57.351639 32.774281 12.348653
v -57.324974 32.630074 12.077218
v -57.296379 32.577202 11.774608
v -57.268681 32.620838 11.470447
v -57.244572 32.756718 11.194509
v -57.226406 32.971531 10.973809
v -57.215965 33.244251 10.829940
v -57.214298 33.548187 10.776998
v -57.221535 33.853600 10.820149
v -57.236973 34.130562 10.955188
v -57.259109 34.351990 11.168880
v -57.285774 34.496193 11.440316
v -57.314362 34.549068 11.742927
v -57.342068 34.505428 12.047084
v -57.366184 34.369556 12.323024
v -57.384338 34.154743 12.543725
v -57.394772 33.882019 12.687594
v -58.115234 26.220453 13.089725
v -57.679733 27.257057 9.230769
v -56.740337 26.080215 13.214246
v -56.492996 26.002066 10.395194
v -56.384918 30.925989 12.818528
v -57.367649 31.026390 12.752452
v -57.232624 31.021700 10.737136
v -56.249901 30.921305 10.803212
v -56.769180 25.823425 10.780288
v -56.904202 25.828117 12.795602
v -57.751904 25.923826 10.714213
v -57.886925 25.928518 12.729526
v -55.399586 30.834431 10.860381
v -55.338394 31.435183 10.863084
v -55.473408 31.439873 12.878400
v -55.534611 30.839119 12.875697
v -56.832405 26.911049 -1.320045
v -55.720604 36.822037 -4.020371
v -57.867897 26.142303 10.270675
v -56.969826 35.250088 10.306905
v -56.251125 28.334930 0.165099
v -55.517845 34.939079 -1.634656
v -57.001133 27.782646 8.499387
v -56.397762 33.823997 8.524026
v 35.290806 0.000000 12.401965
v 24.818577 0.000000 20.621712
v 35.258499 10.070766 12.151961
v 32.319138 16.476620 12.421723
v 21.393131 18.393646 13.417989
v 30.726185 17.420931 12.585481
v -13.802870 14.906199 23.135197
v -12.175043 18.328770 17.103851
v 19.778387 14.272090 20.057201
v 22.152908 12.771069 20.238926
v 24.259094 6.247019 20.628365
v -19.557785 11.257229 21.674088
v -13.199150 18.378645 17.117641
v 84.987373 31.206837 0.464775
v 89.306450 15.359367 1.115074
v 83.109909 30.343697 -13.781767
v 87.916145 15.080962 -12.755489
v 84.907272 30.013456 -0.220242
v 87.522316 20.092371 0.586759
v 84.214973 30.013456 -3.270633
v 87.189453 20.092371 -2.213393
v 50.171619 -22.561266 -5.131284
v 50.140766 5.722928 -4.355535
v 50.216072 -22.561266 -4.679918
v 50.185814 5.722928 -3.898149
v 50.347733 -22.561279 -4.245895
v 50.319229 5.722928 -3.458340
v 50.561539 -22.561279 -3.845901
v 50.535889 5.722928 -3.053010
v 50.849262 -22.561279 -3.495301
v 50.827450 5.722928 -2.697735
v 51.199867 -22.561281 -3.207572
v 51.182732 5.722928 -2.406168
v 51.599865 -22.561281 -2.993769
v 51.588058 5.722928 -2.189516
v 52.033882 -22.561281 -2.862111
v 52.027870 5.722928 -2.056101
v 52.485245 -22.561281 -2.817655
v 52.485245 5.722928 -2.011052
v 52.936615 -22.561281 -2.862111
v 52.942638 5.722928 -2.056101
v 53.370628 -22.561281 -2.993769
v 53.382450 5.722928 -2.189516
v 53.770634 -22.561281 -3.207572
v 53.787788 5.722928 -2.406168
v 54.121231 -22.561281 -3.495301
v 54.143051 5.722928 -2.697735
v 54.408958 -22.561281 -3.845901
v 54.434620 5.722928 -3.053010
v 54.622761 -22.561281 -4.245895
v 54.651276 5.722928 -3.458340
v 54.754425 -22.561274 -4.679918
v 54.784695 5.722928 -3.898149
v 54.798874 -22.561274 -5.131284
v 54.829735 5.722928 -4.355535
v 54.754425 -22.561274 -5.582650
v 54.784695 5.722928 -4.812921
v 54.622761 -22.561274 -6.016671
v 54.651276 5.722928 -5.252729
v 54.408958 -22.561274 -6.416666
v 54.434620 5.722928 -5.658059
v 54.121231 -22.561274 -6.767266
v 54.143051 5.722928 -6.013334
v 53.770634 -22.561274 -7.054995
v 53.787788 5.722928 -6.304901
v 53.370628 -22.561274 -7.268796
v 53.382450 5.722928 -6.521554
v 52.936615 -22.561274 -7.400455
v 52.942638 5.722928 -6.654969
v 52.485245 -22.561274 -7.444911
v 52.485245 5.722928 -6.700017
v 52.033882 -22.561274 -7.400455
v 52.027870 5.722928 -6.654969
v 51.599865 -22.561274 -7.268796
v 51.588058 5.722928 -6.521554
v 51.199867 -22.561274 -7.054995
v 51.182732 5.722928 -6.304901
v 50.849262 -22.561266 -6.767266
v 50.827450 5.722928 -6.013334
v 50.561539 -22.561266 -6.416666
v 50.535889 5.722928 -5.658059
v 50.347733 -22.561266 -6.016671
v 50.319229 5.722928 -5.252729
v 50.216072 -22.561266 -5.582650
v 50.185814 5.722928 -4.812921
v -40.535957 -27.580244 -5.259719
v -40.495796 3.733709 -5.259703
v -40.479778 -27.580244 -4.689282
v -40.440407 3.733709 -4.697097
v -40.313385 -27.580250 -4.140769
v -40.276283 3.733709 -4.156111
v -40.043179 -27.580250 -3.635254
v -40.009800 3.733709 -3.657539
v -39.679550 -27.580250 -3.192169
v -39.651161 3.733709 -3.220534
v -39.236465 -27.580250 -2.828538
v -39.214146 3.733709 -2.861894
v -38.730942 -27.580250 -2.558335
v -38.715584 3.733709 -2.595401
v -38.182434 -27.580250 -2.391946
v -38.174583 3.733709 -2.431295
v -37.612003 -27.580250 -2.335762
v -37.611984 3.733709 -2.375880
v -37.041573 -27.580250 -2.391946
v -37.049377 3.733709 -2.431295
v -36.493042 -27.580250 -2.558335
v -36.508385 3.733709 -2.595401
v -35.987534 -27.580250 -2.828538
v -36.009815 3.733709 -2.861894
v -35.544449 -27.580250 -3.192169
v -35.572803 3.733709 -3.220534
v -35.180820 -27.580250 -3.635254
v -35.214165 3.733709 -3.657539
v -34.910622 -27.580254 -4.140769
v -34.947681 3.733709 -4.156111
v -34.744221 -27.580250 -4.689282
v -34.783577 3.733709 -4.697097
v -34.688049 -27.580250 -5.259719
v -34.728165 3.733709 -5.259703
v -34.744221 -27.580250 -5.830154
v -34.783577 3.733709 -5.822309
v -34.910622 -27.580244 -6.378670
v -34.947681 3.733709 -6.363295
v -35.180820 -27.580244 -6.884183
v -35.214165 3.733709 -6.861869
v -35.544449 -27.580244 -7.327270
v -35.572803 3.733709 -7.298874
v -35.987534 -27.580244 -7.690901
v -36.009815 3.733709 -7.657515
v -36.493042 -27.580244 -7.961102
v -36.508385 3.733709 -7.924008
v -37.041573 -27.580244 -8.127492
v -37.049377 3.733709 -8.088115
v -37.612003 -27.580244 -8.183678
v -37.611984 3.733709 -8.143526
v -38.182434 -27.580244 -8.127492
v -38.174583 3.733709 -8.088115
v -38.730942 -27.580244 -7.961102
v -38.715584 3.733709 -7.924008
v -39.236465 -27.580244 -7.690901
v -39.214146 3.733709 -7.657515
v -39.679550 -27.580244 -7.327270
v -39.651161 3.733709 -7.298874
v -40.043179 -27.580244 -6.884183
v -40.009800 3.733709 -6.861869
v -40.313385 -27.580244 -6.378670
v -40.276283 3.733709 -6.363295
v -40.479778 -27.580244 -5.830154
v -40.440407 3.733709 -5.822309
v -52.417747 -27.580227 -5.259720
v -52.133293 -27.580227 -2.371261
v -51.290760 -27.580254 0.406199
v -49.922554 -27.580254 2.965920
v -48.081242 -27.580254 5.209535
v -45.837624 -27.580254 7.050820
v -43.277874 -27.580261 8.419021
v -40.500435 -27.580261 9.261554
v -37.611969 -27.580261 9.546041
v -34.723522 -27.580261 9.261554
v -31.946064 -27.580261 8.419021
v -29.386303 -27.580261 7.050820
v -27.142681 -27.580261 5.209535
v -25.301456 -27.580265 2.965920
v -23.933270 -27.580265 0.406199
v -23.090715 -27.580240 -2.371261
v -22.806213 -27.580240 -5.259720
v -23.090715 -27.580240 -8.148181
v -23.933270 -27.580233 -10.925637
v -25.301456 -27.580233 -13.485360
v -27.142681 -27.580233 -15.728973
v -29.386303 -27.580233 -17.570257
v -31.946064 -27.580233 -18.938456
v -34.723522 -27.580233 -19.780991
v -37.611969 -27.580227 -20.065477
v -40.500435 -27.580227 -19.780991
v -43.277874 -27.580227 -18.938456
v -45.837624 -27.580227 -17.570257
v -48.081242 -27.580227 -15.728973
v -49.922554 -27.580227 -13.485360
v -51.290760 -27.580227 -10.925637
v -52.133293 -27.580227 -8.148181
v -52.417747 -39.218338 -5.259722
v -49.922554 -39.218361 2.965920
v -48.081242 -39.218361 5.209533
v -45.837624 -39.218361 7.050818
v -43.277874 -39.218361 8.419021
v -27.142681 -39.218365 5.209533
v -25.301456 -39.218365 2.965920
v -23.933270 -39.218365 0.406199
v -23.090715 -39.218349 -8.148183
v -27.142681 -39.218334 -15.728976
v -31.946064 -39.218334 -18.938457
v -40.500435 -39.218327 -19.780994
v -43.277874 -39.218327 -18.938457
v -45.837624 -39.218327 -17.570257
v -48.081242 -39.218327 -15.728976
v -49.922554 -39.218327 -13.485361
v -51.290760 -39.218327 -10.925641
v 38.889946 -22.561279 -5.131284
v 39.151176 -22.561279 -2.478975
v 39.924835 -22.561306 0.071407
v 41.181183 -22.561306 2.421853
v 42.871929 -22.561312 4.482039
v 44.932117 -22.561312 6.172784
v 47.282555 -22.561312 7.429126
v 49.832939 -22.561312 8.202773
v 52.485252 -22.561314 8.464007
v 55.137562 -22.561314 8.202773
v 57.687943 -22.561314 7.429126
v 60.038376 -22.561317 6.172784
v 62.098576 -22.561317 4.482039
v 63.789322 -22.561317 2.421853
v 65.045662 -22.561317 0.071407
v 65.819313 -22.561287 -2.478975
v 66.080536 -22.561287 -5.131284
v 65.819313 -22.561287 -7.783593
v 65.045662 -22.561274 -10.333977
v 63.789322 -22.561274 -12.684423
v 62.098576 -22.561274 -14.744604
v 60.038376 -22.561274 -16.435350
v 57.687943 -22.561266 -17.691692
v 55.137562 -22.561264 -18.465336
v 52.485252 -22.561264 -18.726570
v 49.832939 -22.561262 -18.465336
v 47.282555 -22.561264 -17.691692
v 44.932117 -22.561264 -16.435350
v 42.871929 -22.561264 -14.744604
v 41.181183 -22.561262 -12.684423
v 39.924835 -22.561262 -10.333977
v 39.151176 -22.561279 -7.783593
v 40.859207 -34.098679 -5.131284
v 41.082592 -34.098679 -2.863157
v 41.744186 -34.098705 -0.682191
v 42.818546 -34.098705 1.327800
v 44.264393 -34.098705 3.089570
v 46.026169 -34.098705 4.535414
v 48.036156 -34.098705 5.609776
v 50.217117 -34.098705 6.271365
v 52.485245 -34.098705 6.494758
v 54.753376 -34.098705 6.271365
v 56.934338 -34.098705 5.609776
v 58.944324 -34.098709 4.535414
v 60.706100 -34.098709 3.089570
v 62.151947 -34.098709 1.327800
v 63.226311 -34.098709 -0.682189
v 63.887894 -34.098686 -2.863154
v 64.111298 -34.098686 -5.131284
v 63.887894 -34.098686 -7.399414
v 63.226311 -34.098671 -9.580381
v 62.151947 -34.098671 -11.590368
v 60.706100 -34.098671 -13.352140
v 58.944324 -34.098667 -14.797982
v 56.934338 -34.098671 -15.872345
v 54.753376 -34.098671 -16.533934
v 52.485245 -34.098671 -16.757324
v 50.217117 -34.098667 -16.533934
v 48.036140 -34.098667 -15.872345
v 46.026169 -34.098667 -14.797985
v 44.264393 -34.098667 -13.352140
v 42.818546 -34.098667 -11.590368
v 41.744186 -34.098663 -9.580380
v 41.082592 -34.098679 -7.399413
v 60.236858 -5.862547 -7.508704
v 60.236858 -5.862548 -1.944213
v 45.684334 -5.862542 -6.360367
v 45.684334 -5.862544 1.966812
v -23.058037 -5.350032 -7.529280
v -23.747959 -5.350032 -0.181148
v -41.011600 -5.350027 -8.194130
v -42.044075 -5.350027 0.068798
v 45.684338 -3.026268 -0.076434
v 45.684338 -3.026268 -4.317120
v -24.246334 -2.513758 -2.288695
v -24.246334 -2.513758 -6.529381
v 38.889946 -34.098679 -5.131284
v 39.151176 -34.098679 -2.478975
v 39.924824 -34.098705 0.071407
v 41.181183 -34.098705 2.421853
v 42.871929 -34.098709 4.482039
v 44.932106 -34.098709 6.172784
v 47.282543 -34.098709 7.429122
v 49.832939 -34.098709 8.202773
v 52.485245 -34.098709 8.464007
v 55.137554 -34.098709 8.202773
v 57.687943 -34.098709 7.429122
v 60.038372 -34.098717 6.172784
v 62.098572 -34.098717 4.482039
v 63.789314 -34.098717 2.421853
v 65.045662 -34.098717 0.071407
v 65.819313 -34.098686 -2.478975
v 66.080521 -34.098686 -5.131284
v 65.819313 -34.098686 -7.783594
v 65.045662 -34.098667 -10.333978
v 63.789314 -34.098667 -12.684424
v 62.098572 -34.098667 -14.744606
v 60.038372 -34.098667 -16.435352
v 57.687943 -34.098667 -17.691692
v 55.137554 -34.098663 -18.465340
v 52.485245 -34.098663 -18.726572
v 49.832939 -34.098660 -18.465340
v 47.282543 -34.098663 -17.691692
v 44.932106 -34.098663 -16.435352
v 42.871929 -34.098663 -14.744606
v 41.181183 -34.098660 -12.684424
v 39.924824 -34.098660 -10.333978
v 39.151176 -34.098679 -7.783594
v -50.420288 -39.218338 -5.259722
v -50.174225 -39.218338 -2.760928
v -49.445374 -39.218361 -0.358191
v -48.261757 -39.218353 1.856194
v -46.668831 -39.218353 3.797126
v -44.727913 -39.218353 5.390004
v -42.513504 -39.218361 6.573621
v -40.110744 -39.218361 7.302487
v -37.611969 -39.218361 7.548598
v -35.113190 -39.218361 7.302487
v -32.710449 -39.218361 6.573621
v -30.496017 -39.218361 5.390002
v -28.555090 -39.218361 3.797139
v -26.962290 -39.218361 1.856217
v -25.778664 -39.218365 -0.358191
v -25.049782 -39.218349 -2.760955
v -24.803656 -39.218349 -5.259722
v -25.049782 -39.218349 -7.758489
v -25.778664 -39.218338 -10.161250
v -26.962290 -39.218338 -12.375659
v -28.555090 -39.218338 -14.316581
v -30.496017 -39.218338 -15.909443
v -32.710449 -39.218338 -17.093061
v -35.113190 -39.218334 -17.821932
v -37.611969 -39.218334 -18.068035
v -40.110744 -39.218334 -17.821932
v -42.513504 -39.218334 -17.093061
v -44.727913 -39.218327 -15.909447
v -46.668831 -39.218327 -14.316568
v -48.261757 -39.218327 -12.375634
v -49.445374 -39.218327 -10.161250
v -50.174225 -39.218338 -7.758514
v -52.133293 -39.218338 -2.371262
v -51.290760 -39.218361 0.406199
v -40.500435 -39.218361 9.261550
v -37.611969 -39.218361 9.546041
v -34.723522 -39.218365 9.261550
v -31.946064 -39.218365 8.419021
v -29.386303 -39.218365 7.050818
v -23.090715 -39.218349 -2.371262
v -22.806213 -39.218349 -5.259722
v -23.933270 -39.218338 -10.925641
v -25.301456 -39.218338 -13.485361
v -29.386303 -39.218334 -17.570257
v -34.723522 -39.218334 -19.780994
v -37.611969 -39.218327 -20.065479
v -52.133293 -39.218338 -8.148183
v 42.828453 -34.464184 -5.131284
v 43.014000 -34.464184 -3.247338
v 43.563538 -34.464203 -1.435788
v 44.455914 -34.464203 0.233742
v 45.656857 -34.464203 1.697101
v 47.120216 -34.464203 2.898046
v 48.789753 -34.464203 3.790431
v 50.601292 -34.464203 4.339955
v 52.485245 -34.464203 4.525512
v 54.369186 -34.464203 4.339955
v 56.180740 -34.464203 3.790431
v 57.850266 -34.464207 2.898046
v 59.313637 -34.464207 1.697101
v 60.514584 -34.464214 0.233742
v 61.406971 -34.464214 -1.435788
v 61.956490 -34.464191 -3.247335
v 62.142036 -34.464191 -5.131284
v 61.956490 -34.464191 -7.015235
v 61.406971 -34.464180 -8.826782
v 60.514584 -34.464180 -10.496311
v 59.313637 -34.464172 -11.959670
v 57.850273 -34.464172 -13.160614
v 56.180740 -34.464180 -14.052998
v 54.369186 -34.464180 -14.602524
v 52.485245 -34.464180 -14.788079
v 50.601292 -34.464180 -14.602524
v 48.789753 -34.464180 -14.052998
v 47.120216 -34.464169 -13.160616
v 45.656857 -34.464169 -11.959670
v 44.455914 -34.464169 -10.496315
v 43.563538 -34.464169 -8.826781
v 43.014000 -34.464184 -7.015231
v -48.422859 -39.589077 -5.259722
v -48.215160 -39.589077 -3.150595
v -47.599976 -39.589088 -1.122583
v -46.600937 -39.589088 0.746466
v -45.256439 -39.589088 2.384716
v -43.618183 -39.589088 3.729191
v -41.749107 -39.589088 4.728227
v -39.721054 -39.589088 5.343429
v -37.611969 -39.589088 5.551156
v -35.502884 -39.589088 5.343429
v -33.474834 -39.589096 4.728224
v -31.605732 -39.589096 3.729184
v -29.967522 -39.589096 2.384741
v -28.623100 -39.589096 0.746517
v -27.624058 -39.589096 -1.122582
v -27.008839 -39.589081 -3.150649
v -26.801100 -39.589081 -5.259722
v -27.008839 -39.589081 -7.368795
v -27.624058 -39.589066 -9.396860
v -28.623100 -39.589073 -11.265958
v -29.967522 -39.589073 -12.904184
v -31.605732 -39.589073 -14.248626
v -33.474834 -39.589073 -15.247663
v -35.502884 -39.589066 -15.862869
v -37.611969 -39.589066 -16.070597
v -39.721054 -39.589066 -15.862869
v -41.749107 -39.589066 -15.247666
v -43.618183 -39.589066 -14.248631
v -45.256439 -39.589066 -12.904158
v -46.600937 -39.589066 -11.265907
v -47.599976 -39.589058 -9.396859
v -48.215160 -39.589077 -7.368850
v -50.420288 -37.955395 -5.259722
v -50.174225 -37.955395 -2.760928
v -49.445374 -37.955410 -0.358191
v -48.261757 -37.955410 1.856194
v -46.668831 -37.955410 3.797126
v -44.727913 -37.955410 5.390004
v -42.513504 -37.955410 6.573621
v -40.110744 -37.955410 7.302487
v -37.611969 -37.955410 7.548598
v -35.113190 -37.955410 7.302487
v -32.710449 -37.955414 6.573621
v -30.496017 -37.955414 5.390002
v -28.555090 -37.955414 3.797139
v -26.962290 -37.955414 1.856217
v -25.778664 -37.955421 -0.358191
v -25.049782 -37.955399 -2.760955
v -24.803656 -37.955399 -5.259722
v -25.049782 -37.955399 -7.758489
v -25.778664 -37.955391 -10.161250
v -26.962290 -37.955391 -12.375659
v -28.555090 -37.955391 -14.316581
v -30.496017 -37.955391 -15.909443
v -32.710449 -37.955391 -17.093061
v -35.113190 -37.955383 -17.821932
v -37.611969 -37.955383 -18.068035
v -40.110744 -37.955383 -17.821932
v -42.513504 -37.955383 -17.093061
v -44.727913 -37.955383 -15.909447
v -46.668831 -37.955383 -14.316568
v -48.261757 -37.955383 -12.375634
v -49.445374 -37.955376 -10.161250
v -50.174225 -37.955395 -7.758514
v 40.859207 -32.853561 -5.131284
v 41.082596 -32.853561 -2.863157
v 41.744186 -32.853584 -0.682191
v 42.818546 -32.853584 1.327800
v 44.264404 -32.853584 3.089570
v 46.026169 -32.853584 4.535414
v 48.036156 -32.853584 5.609776
v 50.217117 -32.853584 6.271365
v 52.485252 -32.853584 6.494758
v 54.753376 -32.853584 6.271365
v 56.934338 -32.853584 5.609776
v 58.944324 -32.853592 4.535414
v 60.706100 -32.853592 3.089570
v 62.151947 -32.853592 1.327800
v 63.226311 -32.853592 -0.682191
v 63.887894 -32.853569 -2.863154
v 64.111298 -32.853569 -5.131284
v 63.887894 -32.853569 -7.399414
v 63.226311 -32.853550 -9.580380
v 62.151947 -32.853550 -11.590368
v 60.706100 -32.853550 -13.352140
v 58.944324 -32.853550 -14.797982
v 56.934338 -32.853550 -15.872345
v 54.753376 -32.853550 -16.533934
v 52.485252 -32.853550 -16.757324
v 50.217117 -32.853550 -16.533934
v 48.036148 -32.853550 -15.872345
v 46.026169 -32.853546 -14.797985
v 44.264404 -32.853546 -13.352140
v 42.818546 -32.853546 -11.590368
v 41.744186 -32.853542 -9.580379
v 41.082596 -32.853561 -7.399413
v 52.485245 -34.464184 -5.131284
v -37.611980 -39.589066 -5.259720
v -55.327576 -2.421258 18.641239
v -58.283432 -2.421258 18.641239
v -55.327576 -1.847730 18.550404
v -58.283432 -1.847730 18.550400
v -55.327576 -1.330342 18.286777
v -58.283432 -1.330342 18.286777
v -55.327576 -1.330342 15.283744
v -58.283432 -1.330342 15.283744
v -55.327576 -1.847730 15.020122
v -58.283432 -1.847730 15.020122
v -55.327576 -2.421258 14.929284
v -58.283432 -2.421258 14.929282
v -55.327576 -2.994787 15.020122
v -58.283432 -2.994787 15.020122
v -55.327576 -3.512175 15.283744
v -58.283432 -3.512175 15.283744
v -55.327576 -3.922775 15.694343
v -58.283432 -3.922775 15.694343
v -55.327576 -4.186398 16.211731
v -58.283432 -4.186398 16.211731
v -55.327576 -4.277236 16.785259
v -58.283432 -4.277236 16.785259
v -55.327576 -4.186398 17.358791
v -58.283432 -4.186398 17.358791
v -55.327576 -3.922775 17.876179
v -58.283432 -3.922775 17.876179
v -55.327576 -3.512175 18.286777
v -58.283432 -3.512175 18.286777
v -55.327576 -2.994787 18.550404
v -58.283432 -2.994787 18.550400
v -58.771614 -2.197119 18.200424
v -58.771614 -1.568581 17.958870
v -58.771622 -1.086615 17.218914
v -58.771614 -1.144624 16.134785
v -58.771614 -1.770781 15.508624
v -58.771614 -2.645398 15.370097
v -58.771622 -3.556574 15.960406
v -58.771622 -3.755902 17.218914
v -58.771614 -3.071736 18.061897
v -60.316933 -1.972980 18.164921
v -60.316940 -1.285943 17.610119
v -60.316933 -1.006098 16.561123
v -60.316933 -1.408115 15.772117
v -60.316940 -2.421258 15.381934
v -60.316940 -3.556574 15.960406
v -60.316933 -3.836419 17.009399
v -60.316933 -3.434402 17.798405
v -60.316933 -2.645398 18.200424
v 19.783253 -29.711872 5.571860
v 58.897797 -20.241409 8.170779
v 67.339050 -27.504128 6.002418
v 64.273560 -22.710056 7.094623
v -37.429806 -38.055450 13.104484
v -18.370697 -31.205265 -11.077743
v 37.197815 -29.620876 -11.071019
v 85.156464 -30.095699 -0.285560
v -26.352346 -20.964314 20.034683
v -27.383671 -28.688219 19.287643
v -30.187561 -29.229023 17.122665
v -36.726002 -37.987907 14.756928
v 74.035477 -16.929586 4.344029
v 32.308861 -17.911446 12.138343
v 34.056278 -16.875563 11.958705
v 37.280670 -9.848539 11.662784
v 22.070789 -18.978481 13.051578
v 20.299463 -14.457263 20.334587
v 25.214661 -5.654007 20.961140
v -40.446259 -23.009462 12.877879
v -30.701227 -11.116302 21.501308
v -48.203602 -11.046477 18.644100
v 83.473930 -16.572088 1.964732
v 82.322578 -24.332258 1.752854
v -18.546217 -32.938465 10.634290
v -18.375389 -34.051792 13.340343
v -17.240643 -29.744038 11.266486
v -36.579708 -34.392277 16.253593
v 20.052200 -35.723656 -0.597987
v 20.300564 -35.924023 3.770864
v -16.984701 -37.493538 3.157354
v -14.936261 -32.482876 -8.444436
v 19.707951 -30.756088 -9.036031
v -14.033399 -31.198082 -8.261437
v -15.861969 -35.865005 2.986837
v -16.538139 -15.152861 23.711056
v -16.783161 -7.416217 26.006672
v -26.125656 -29.266794 16.613300
v 22.294212 -6.154312 23.542171
v -16.660126 -6.211492 25.032604
v -24.171247 -20.064945 18.034836
v -15.200891 -26.829187 16.075657
v 20.471992 -33.543659 10.323802
v -30.744503 -10.560962 22.555378
v -60.512093 -6.489727 17.178726
v -48.917812 -10.759033 19.773720
v 59.991306 -6.520371 8.410886
v 60.911583 -4.338255 8.250480
v 37.365993 -33.007622 7.675578
v 37.361008 -35.365433 2.186797
v 37.322479 -26.919024 9.687583
v -21.050013 -37.876270 3.976722
v 20.340290 -26.855688 12.549220
v -17.604200 -14.342393 24.968838
v -14.752464 -18.907314 17.094856
v -48.962379 -18.427769 19.052357
v -23.527351 -6.743374 24.896709
v -23.126400 -11.126431 23.876545
v -1.539723 -6.536808 25.183048
v -1.626000 -7.388294 26.109764
v 22.904240 -12.810689 20.533936
v -22.851105 -11.150053 22.108261
v -4.455285 -34.453014 7.953727
v 87.771500 -20.174614 0.521441
v -57.168579 -35.138165 13.148986
v -56.188698 -31.522053 10.805913
v -59.071037 -21.023582 7.962544
v -58.963150 -17.954605 10.960990
v -57.171432 -31.622452 10.739837
v -52.762074 -37.548531 9.356833
v -56.974827 -34.315029 9.259557
v -54.312698 -36.623482 -5.190499
v -54.727440 -28.025120 -3.775344
v -56.656609 -37.508247 14.304267
v -54.840389 -23.009462 -10.338912
v -44.751476 -23.009462 -10.338912
v -57.434822 -7.278414 7.804053
v -23.759079 -13.129354 21.100891
v 58.737015 -4.667672 7.612514
v 73.120331 -25.809298 4.090627
v -18.294165 -32.100101 -14.209617
v -18.294165 -27.815109 -14.209617
v 37.150093 -27.815098 -14.112466
v 37.150093 -31.292341 -12.412031
v 37.150093 -30.380823 -14.114809
v -34.140862 -23.009462 -10.284629
v -18.227875 -23.009462 -10.284627
v -57.919048 -5.032866 19.397476
v -59.824486 -5.143618 18.944084
v -60.184868 -6.194222 18.989075
v -57.747276 -6.274660 19.392853
v -24.215679 -6.138897 24.738628
v -60.309776 -5.023002 14.687959
v -56.566658 -4.776094 14.666463
v 67.796165 -34.814903 4.762181
v 72.434494 -34.064438 3.811006
v 37.786175 -8.533709 10.833358
v 37.459492 -20.526501 10.592029
v 66.570076 -20.091898 -12.142372
v 67.464249 -32.249607 -13.317984
v 67.009483 -26.568474 -13.663176
v 84.464157 -30.095699 -3.335951
v 88.652817 -16.712410 -14.048085
v 70.640228 -31.706545 -13.822742
v 80.672188 -30.244904 -14.006605
v 37.245708 -19.431293 -10.369878
v 88.653732 -9.995161 -12.189439
v 88.361588 -10.148911 -11.435149
v 87.438644 -20.174614 -2.278711
v 82.930717 -30.278278 -15.006351
v 67.275330 -32.183357 -14.435377
v 70.451332 -31.640299 -14.940133
v 66.332733 -19.992268 -13.587017
v 66.866104 -26.511633 -14.476795
v 80.502869 -30.181427 -15.118823
v 37.314392 -35.808041 -2.050667
v 65.806305 -25.107096 6.548520
v 20.895884 -5.561696 23.089451
v -30.838997 -6.438688 23.164642
v -44.103107 -10.718003 20.529182
v -49.901749 -6.407805 20.215923
v -43.532486 -11.014198 19.345188
v -39.053391 -19.063358 19.007870
v -39.088486 -20.456350 18.919437
v -48.012329 -17.995773 18.200104
v -43.195747 -18.055336 18.111027
v -30.009157 -18.945654 18.504482
v -30.044250 -20.338646 18.416050
v -29.163750 -17.671471 16.960297
v -23.768404 -18.945654 18.504482
v -15.875878 -18.962027 17.109985
v -31.364555 -28.993456 19.428036
v -54.999741 -28.966196 17.405251
v -30.490086 -20.988340 20.268528
v -56.142078 -20.668537 17.940689
v -47.116714 -34.053391 16.665531
v -21.478188 -37.947372 12.307693
v -27.978334 -38.217915 11.411162
v 19.826942 -33.813175 4.495260
v -4.684911 -37.115639 7.032483
v -18.069841 -32.907501 -12.517266
v -21.433622 -23.009462 2.964261
v -28.206741 -23.009462 11.416602
v -52.569656 -23.009462 9.476943
v -59.662872 -19.820759 17.498844
v -55.911270 -21.722038 7.535699
v 84.407562 -15.888599 2.398211
v 83.062019 -24.969952 2.157183
v 73.587158 -16.298857 5.132215
v 72.517334 -26.661861 4.829686
v 83.153442 -16.497681 0.727135
v 82.002068 -24.257851 0.515257
v 73.714989 -16.855179 3.106432
v 72.799820 -25.734886 2.853030
v -27.752522 -13.112187 20.792130
v -26.970394 -16.446871 18.482071
v -20.210707 -17.103394 18.558216
v -23.845108 -13.890980 22.171204
v -27.838551 -13.873811 21.862446
v -27.056423 -17.208494 19.552383
v -20.296736 -17.865017 19.628532
v -21.700323 -13.248721 21.181431
v -18.151955 -17.222759 18.638756
v -21.786354 -14.010345 22.251743
v -18.237982 -17.984381 19.709068
v -32.340359 -1.328685 15.361176
v -33.980602 -1.328685 23.626873
v -31.753330 -2.503256 15.477666
v -33.393570 -2.503256 23.743359
v -30.839008 -3.435401 15.659104
v -32.479252 -3.435401 23.924797
v -29.686907 -4.033875 15.887727
v -31.327148 -4.033875 24.153419
v -28.409788 -4.240095 16.141159
v -30.050030 -4.240095 24.406849
v -27.132671 -4.033875 16.394592
v -28.772911 -4.033875 24.660282
v -25.980560 -3.435401 16.623215
v -27.620808 -3.435401 24.888905
v -25.066252 -2.503256 16.804653
v -26.706486 -2.503256 25.070347
v -24.479219 -1.328685 16.921139
v -26.119459 -1.328685 25.186832
v -30.781870 -2.768800 24.045963
v -29.041376 -2.768800 24.391346
v -28.256311 -2.360991 24.547134
v -27.633282 -1.725813 24.670769
v -32.189964 -1.725813 23.766544
v -31.566935 -2.360991 23.890179
v -29.911625 -2.909322 24.218655
v -54.449963 -18.106491 -3.317521
v -56.659462 -18.106491 -3.317521
v -54.449963 -17.142838 -3.470147
v -56.659462 -17.142838 -3.470147
v -54.449963 -16.273510 -3.913091
v -56.659462 -16.273510 -3.913091
v -54.449963 -15.583611 -4.602990
v -56.659462 -15.583611 -4.602990
v -54.449963 -15.140668 -5.472315
v -56.659462 -15.140668 -5.472315
v -54.449963 -14.988040 -6.435969
v -56.659462 -14.988040 -6.435969
v -54.449963 -15.140668 -7.399621
v -56.659462 -15.140668 -7.399621
v -54.449963 -15.583611 -8.268948
v -56.659462 -15.583611 -8.268948
v -54.449963 -16.273510 -8.958848
v -56.659462 -16.273510 -8.958848
v -54.449963 -17.142838 -9.401792
v -56.659462 -17.142838 -9.401792
v -54.449963 -18.106491 -9.554420
v -56.659462 -18.106491 -9.554420
v -54.449963 -19.070147 -9.401792
v -56.659462 -19.070147 -9.401792
v -54.449963 -19.939472 -8.958848
v -56.659462 -19.939472 -8.958848
v -54.449963 -20.629372 -8.268948
v -56.659462 -20.629372 -8.268948
v -54.449963 -21.072313 -7.399621
v -56.659462 -21.072313 -7.399621
v -54.449963 -21.224939 -6.435969
v -56.659462 -21.224939 -6.435969
v -54.449963 -21.072313 -5.472315
v -56.659462 -21.072313 -5.472315
v -54.449963 -20.629372 -4.602990
v -56.659462 -20.629372 -4.602990
v -54.449963 -19.939472 -3.913091
v -56.659462 -19.939472 -3.913091
v -54.449963 -19.070147 -3.470147
v -56.659462 -19.070147 -3.470147
v -57.024376 -17.353285 -4.117835
v -57.024376 -18.106491 -3.998540
v -57.024376 -16.673805 -4.464049
v -57.024376 -16.134569 -5.003285
v -57.024376 -15.788359 -5.682762
v -57.024376 -15.669062 -6.435969
v -57.024376 -15.788359 -7.189177
v -57.024376 -16.134569 -7.868655
v -57.024376 -16.673805 -8.407888
v -57.024376 -17.353285 -8.754104
v -57.024376 -18.106491 -8.873399
v -57.024376 -18.859699 -8.754104
v -57.024376 -19.539177 -8.407888
v -57.024376 -20.078413 -7.868655
v -57.024376 -20.424623 -7.189177
v -57.024376 -20.543919 -6.435969
v -57.024376 -20.424623 -5.682762
v -57.024376 -20.078413 -5.003285
v -57.024376 -19.539177 -4.464049
v -57.024376 -18.859699 -4.117835
v -58.179497 -17.353285 -4.117835
v -58.179497 -18.106491 -3.998540
v -58.179497 -16.673805 -4.464049
v -58.179497 -16.134569 -5.003285
v -58.179497 -15.788359 -5.682762
v -58.179497 -15.669062 -6.435969
v -58.179497 -15.788359 -7.189177
v -58.179497 -16.134569 -7.868655
v -58.179497 -16.673805 -8.407888
v -58.179497 -17.353285 -8.754104
v -58.179497 -18.106491 -8.873399
v -58.179497 -18.859699 -8.754104
v -58.179497 -19.539177 -8.407888
v -58.179497 -20.078413 -7.868655
v -58.179497 -20.424623 -7.189177
v -58.179497 -20.543919 -6.435969
v -58.179497 -20.424623 -5.682762
v -58.179497 -20.078413 -5.003285
v -58.179497 -19.539177 -4.464049
v -58.179497 -18.859699 -4.117835
v -53.889999 -21.870800 0.000406
v -53.889999 -19.761112 4.259487
v -53.889999 -12.037563 -4.870370
v -53.889999 -9.927878 -0.611290
v -58.642952 -20.615137 0.352462
v -57.770123 -21.870800 0.000406
v -58.642952 -19.280289 3.047282
v -57.770123 -19.761112 4.259487
v -58.642952 -12.518386 -3.658166
v -57.770123 -12.037563 -4.870370
v -58.642952 -11.183538 -0.963347
v -57.770123 -9.927878 -0.611290
v -42.473488 -7.559035 -10.596006
v -42.953629 -9.572260 -8.582781
v -46.360123 -9.572260 5.700545
v -46.840263 -7.559035 7.713771
v -56.102226 -9.051146 -8.377309
v -55.524811 -9.572260 -8.582781
v -55.685345 -7.338774 -10.089682
v -55.035088 -7.559035 -10.596006
v -59.896416 -7.338774 7.207444
v -59.492691 -7.559035 7.713771
v -59.479530 -9.051146 5.495074
v -59.002159 -9.572260 5.700545
v -58.903053 -24.913710 16.910870
v -56.803516 -27.902277 -0.505981
v -55.946842 -35.617748 -2.608593
v -57.204285 -35.588264 15.574084
v -57.306450 -31.627138 12.755153
v -56.323719 -31.526739 12.821227
v -55.568119 -35.103271 10.433040
v -55.834862 -35.008034 13.271022
v -55.919575 -33.598183 13.153979
v -56.809601 -33.588745 13.071551
v -55.910316 -33.207451 13.098763
v -56.800346 -33.198017 13.016339
v -55.890560 -32.853100 12.926000
v -56.780586 -32.843662 12.843574
v -55.862240 -32.569805 12.652600
v -56.752262 -32.560371 12.570174
v -55.828117 -32.385303 12.305324
v -56.718147 -32.375870 12.222896
v -55.791546 -32.317661 11.918164
v -56.681576 -32.308224 11.835738
v -55.756104 -32.373489 11.529021
v -56.646126 -32.364052 11.446597
v -55.725254 -32.547333 11.175986
v -56.615273 -32.537891 11.093566
v -55.702011 -32.822163 10.893619
v -56.592041 -32.812725 10.811194
v -55.688663 -33.171089 10.709556
v -56.578693 -33.161648 10.627130
v -55.686512 -33.559948 10.641814
v -56.576542 -33.550507 10.559394
v -55.695770 -33.950676 10.697032
v -56.585804 -33.941238 10.614606
v -55.715538 -34.305035 10.869796
v -56.605560 -34.295593 10.787368
v -55.743862 -34.588326 11.143199
v -56.633881 -34.578892 11.060773
v -55.777973 -34.772823 11.490472
v -56.668007 -34.763386 11.408046
v -55.814545 -34.840466 11.877631
v -56.704575 -34.831032 11.795207
v -55.849991 -34.784637 12.266770
v -56.740021 -34.775204 12.184348
v -55.880848 -34.610802 12.619807
v -56.770874 -34.601364 12.537379
v -55.904083 -34.335972 12.902175
v -56.794106 -34.326534 12.819749
v -55.917427 -33.987041 13.086238
v -56.807449 -33.977604 13.003814
v -56.923920 -33.277611 12.740474
v -56.931156 -33.583012 12.783631
v -56.908478 -33.000645 12.605439
v -56.886337 -32.779213 12.391746
v -56.859665 -32.635010 12.120305
v -56.831089 -32.582134 11.817698
v -56.803375 -32.625774 11.513539
v -56.779270 -32.761654 11.237603
v -56.761101 -32.976463 11.016898
v -56.750675 -33.249187 10.873033
v -56.748997 -33.553123 10.820086
v -56.756229 -33.858532 10.863240
v -56.771675 -34.135498 10.998279
v -56.793816 -34.356926 11.211970
v -56.820473 -34.501129 11.483409
v -56.849060 -34.554005 11.786017
v -56.876770 -34.510365 12.090177
v -56.900883 -34.374493 12.366115
v -56.919044 -34.159676 12.586818
v -56.929474 -33.886951 12.730685
v -57.389217 -33.272678 12.697383
v -57.396461 -33.578079 12.740539
v -57.373775 -32.995705 12.562346
v -57.351639 -32.774281 12.348653
v -57.324974 -32.630074 12.077218
v -57.296379 -32.577202 11.774608
v -57.268681 -32.620838 11.470447
v -57.244572 -32.756718 11.194509
v -57.226406 -32.971531 10.973809
v -57.215965 -33.244251 10.829940
v -57.214298 -33.548187 10.776998
v -57.221535 -33.853600 10.820149
v -57.236973 -34.130562 10.955188
v -57.259109 -34.351990 11.168880
v -57.285774 -34.496193 11.440316
v -57.314362 -34.549068 11.742927
v -57.342068 -34.505428 12.047084
v -57.366184 -34.369556 12.323024
v -57.384338 -34.154743 12.543725
v -57.394772 -33.882019 12.687594
v -58.115234 -26.220453 13.089725
v -57.679733 -27.257057 9.230769
v -56.740337 -26.080215 13.214246
v -56.492996 -26.002066 10.395194
v -56.384918 -30.925989 12.818528
v -57.367649 -31.026390 12.752452
v -57.232624 -31.021700 10.737136
v -56.249901 -30.921305 10.803212
v -56.769180 -25.823425 10.780288
v -56.904202 -25.828117 12.795602
v -57.751904 -25.923826 10.714213
v -57.886925 -25.928518 12.729526
v -55.399586 -30.834431 10.860381
v -55.338394 -31.435183 10.863084
v -55.473408 -31.439873 12.878400
v -55.534611 -30.839119 12.875697
v -56.832405 -26.911049 -1.320045
v -55.720604 -36.822037 -4.020371
v -57.867897 -26.142303 10.270675
v -56.969826 -35.250088 10.306905
v -56.251125 -28.334930 0.165099
v -55.517845 -34.939079 -1.634656
v -57.001133 -27.782646 8.499387
v -56.397762 -33.823997 8.524026
v 35.258499 -10.070766 12.151961
v 32.319138 -16.476620 12.421723
v 21.393131 -18.393646 13.417989
v 30.726185 -17.420931 12.585481
v -13.802870 -14.906199 23.135197
v -12.175043 -18.328770 17.103851
v 19.778387 -14.272090 20.057201
v 22.152908 -12.771069 20.238926
v 24.259094 -6.247019 20.628365
v -19.557785 -11.257229 21.674088
v -13.199150 -18.378645 17.117641
v 84.987373 -31.206837 0.464775
v 89.306450 -15.359367 1.115074
v 83.109909 -30.343697 -13.781767
v 87.916145 -15.080962 -12.755489
v 84.907272 -30.013456 -0.220242
v 87.522316 -20.092371 0.586759
v 84.214973 -30.013456 -3.270633
v 87.189453 -20.092371 -2.213393
vn -0.9952 0.0038 0.0980
vn -0.9569 0.0090 0.2903
vn -0.8818 0.0140 0.4714
vn -0.7729 0.0185 0.6343
vn -0.6342 0.0223 0.7728
vn -0.4713 0.0253 0.8816
vn -0.2902 0.0273 0.9566
vn -0.0980 0.0284 0.9948
vn 0.0980 0.0284 0.9948
vn 0.2902 0.0273 0.9566
vn 0.4712 0.0253 0.8816
vn 0.6342 0.0223 0.7728
vn 0.7729 0.0185 0.6343
vn 0.8818 0.0140 0.4714
vn 0.9569 0.0090 0.2903
vn 0.9952 0.0038 0.0980
vn 0.9952 -0.0016 -0.0980
vn 0.9569 -0.0069 -0.2903
vn 0.8819 -0.0118 -0.4714
vn 0.7729 -0.0163 -0.6343
vn 0.6343 -0.0201 -0.7729
vn 0.4713 -0.0231 -0.8817
vn 0.2902 -0.0252 -0.9566
vn 0.0980 -0.0262 -0.9948
vn -0.0980 -0.0262 -0.9948
vn -0.2902 -0.0252 -0.9566
vn -0.4713 -0.0231 -0.8817
vn -0.6343 -0.0201 -0.7729
vn -0.7729 -0.0163 -0.6343
vn -0.8818 -0.0118 -0.4714
vn -0.9569 -0.0069 -0.2903
vn -0.9952 -0.0016 -0.0980
vn -0.9952 -0.0013 0.0980
vn -0.9569 -0.0013 0.2903
vn -0.8819 -0.0013 0.4714
vn -0.7730 -0.0013 0.6344
vn -0.6344 -0.0013 0.7730
vn -0.4714 -0.0013 0.8819
vn -0.2903 -0.0013 0.9569
vn -0.0980 -0.0013 0.9952
vn 0.0980 -0.0013 0.9952
vn 0.2903 -0.0013 0.9569
vn 0.4714 -0.0013 0.8819
vn 0.6344 -0.0013 0.7730
vn 0.7730 -0.0013 0.6344
vn 0.8819 -0.0013 0.4714
vn 0.9569 -0.0013 0.2903
vn 0.9952 -0.0013 0.0980
vn 0.9952 -0.0013 -0.0980
vn 0.9569 -0.0013 -0.2903
vn 0.8819 -0.0013 -0.4714
vn 0.7730 -0.0013 -0.6344
vn 0.6344 -0.0013 -0.7730
vn 0.4714 -0.0013 -0.8819
vn 0.2903 -0.0013 -0.9569
vn 0.0980 -0.0013 -0.9952
vn -0.0980 -0.0013 -0.9952
vn -0.2903 -0.0013 -0.9569
vn -0.4714 -0.0013 -0.8819
vn -0.6344 -0.0013 -0.7730
vn -0.7730 -0.0013 -0.6344
vn -0.8819 -0.0013 -0.4714
vn -0.9569 -0.0013 -0.2903
vn -0.9952 -0.0013 -0.0980
vn -0.0000 -1.0000 -0.0000
vn -0.6344 -0.0000 -0.7730
vn 0.9569 -0.0000 0.2903
vn -0.9569 -0.0000 0.2903
vn -0.7730 -0.0000 -0.6344
vn 0.9952 -0.0000 0.0980
vn -0.8819 -0.0000 0.4714
vn -0.8819 -0.0000 -0.4714
vn 0.9952 -0.0000 -0.0980
vn -0.7730 -0.0000 0.6344
vn -0.9569 -0.0000 -0.2903
vn 0.9569 -0.0000 -0.2903
vn -0.6344 -0.0000 0.7730
vn -0.9952 -0.0000 -0.0980
vn 0.8819 -0.0000 -0.4714
vn -0.4714 -0.0000 0.8819
vn 0.7730 -0.0000 -0.6344
vn -0.2903 -0.0000 0.9569
vn 0.6344 -0.0000 -0.7730
vn -0.0980 -0.0000 0.9952
vn 0.4714 -0.0000 -0.8819
vn 0.0980 -0.0000 0.9952
vn 0.2903 -0.0000 -0.9569
vn 0.2903 -0.0000 0.9569
vn 0.0980 -0.0000 -0.9952
vn 0.4714 -0.0000 0.8819
vn -0.0980 -0.0000 -0.9952
vn 0.6344 -0.0000 0.7730
vn -0.2903 -0.0000 -0.9569
vn 0.7730 -0.0000 0.6344
vn -0.4714 -0.0000 -0.8819
vn 0.8819 -0.0000 0.4714
vn -0.9952 -0.0000 0.0980
vn -0.0000 1.0000 -0.0000
vn -1.0000 -0.0000 -0.0000
vn 1.0000 -0.0000 -0.0000
vn -0.0787 -0.0000 -0.9969
vn 0.2595 -0.0000 0.9657
vn -0.9923 -0.0000 -0.1240
vn 0.9956 -0.0000 0.0935
vn 0.0370 -0.0000 -0.9993
vn 0.0137 -0.0000 0.9999
vn 0.0316 -0.0000 -0.9995
vn -0.0000 -0.0000 -0.0000
vn -0.0316 -0.0000 0.9995
vn -0.0073 1.0000 -0.0000
vn -0.6319 0.7726 0.0622
vn -0.6076 0.7726 0.1843
vn -0.5600 0.7726 0.2993
vn -0.4908 0.7726 0.4028
vn -0.4028 0.7726 0.4908
vn -0.2993 0.7726 0.5600
vn -0.1843 0.7726 0.6076
vn -0.0622 0.7726 0.6319
vn 0.0622 0.7726 0.6319
vn 0.1843 0.7726 0.6076
vn 0.2993 0.7726 0.5600
vn 0.4028 0.7726 0.4908
vn 0.4908 0.7726 0.4028
vn 0.5600 0.7726 0.2993
vn 0.6076 0.7726 0.1843
vn 0.6319 0.7726 0.0622
vn 0.6319 0.7726 -0.0622
vn 0.6076 0.7726 -0.1843
vn 0.5600 0.7726 -0.2993
vn 0.4908 0.7726 -0.4028
vn 0.4028 0.7726 -0.4908
vn 0.2993 0.7726 -0.5600
vn 0.1843 0.7726 -0.6076
vn 0.0622 0.7726 -0.6319
vn -0.0622 0.7726 -0.6319
vn -0.1843 0.7726 -0.6076
vn -0.2993 0.7726 -0.5600
vn -0.4028 0.7726 -0.4908
vn -0.4908 0.7726 -0.4028
vn -0.5600 0.7726 -0.2993
vn -0.6076 0.7726 -0.1843
vn -0.6319 0.7726 -0.0622
vn -0.4712 0.0253 0.8816
vn 0.6343 0.0223 0.7728
vn 0.6343 -0.0201 -0.7728
vn -0.8819 -0.0118 -0.4714
vn -0.0000 -0.1564 0.9877
vn -0.0000 -0.4540 0.8910
vn -0.0000 -0.2949 0.9555
vn -0.0000 -0.2949 -0.9555
vn -0.0000 -0.4540 -0.8910
vn -0.0000 -0.1564 -0.9877
vn -0.0000 0.1564 -0.9877
vn -0.0000 0.4540 -0.8910
vn -0.0000 0.7071 -0.7071
vn -0.0000 0.8910 -0.4540
vn -0.0000 0.9877 -0.1564
vn -0.0000 0.9877 0.1564
vn -0.0000 0.8910 0.4540
vn -0.0000 0.7071 0.7071
vn -0.6341 0.1210 -0.7637
vn -0.0000 0.4540 0.8910
vn -0.0000 0.1564 0.9877
vn 0.0004 -0.9878 -0.1559
vn -0.6341 0.7637 0.1209
vn -0.6341 0.7637 0.1210
vn -0.8885 -0.4589 0.0040
vn -0.8885 -0.4589 -0.0024
vn -0.8888 -0.4583 0.0093
vn -0.6341 -0.3510 -0.6890
vn -0.6341 0.6890 -0.3511
vn -0.6341 0.6889 -0.3511
vn -0.6341 0.3510 0.6890
vn -0.6030 -0.3938 0.6937
vn -0.6127 -0.3992 0.6820
vn -0.6057 -0.3991 0.6883
vn -0.9198 -0.3923 -0.0000
vn -0.6853 0.3006 -0.6634
vn -0.6483 0.4270 -0.6304
vn -0.6516 0.3640 -0.6655
vn -0.6341 0.6890 0.3511
vn -0.6341 0.6890 0.3510
vn -0.8885 -0.4588 0.0049
vn -0.8884 -0.4590 0.0002
vn -0.8885 -0.4589 0.0028
vn -0.6379 -0.1486 -0.7556
vn -0.6341 -0.1183 -0.7641
vn -0.6341 -0.1210 -0.7637
vn -0.6457 0.7381 -0.1958
vn -0.6449 0.7630 -0.0448
vn -0.6347 0.7633 -0.1209
vn -0.6408 0.1568 0.7516
vn -0.6434 0.0765 0.7617
vn -0.6341 0.1210 0.7637
vn -0.8554 -0.0453 0.5160
vn -0.8275 -0.1837 0.5305
vn -0.8447 -0.0876 0.5281
vn -0.6408 -0.5686 -0.5159
vn -0.6434 -0.5096 -0.5712
vn -0.6341 -0.5468 -0.5468
vn -0.6341 0.5468 -0.5468
vn -0.6341 0.5468 -0.5467
vn -0.6341 -0.1210 0.7637
vn -0.5915 0.5721 0.5681
vn -0.6000 0.5241 0.6044
vn -0.5915 0.5359 0.6024
vn -0.8593 -0.5113 -0.0103
vn -0.8686 -0.4894 -0.0777
vn -0.8600 -0.5072 -0.0559
vn -0.0000 -0.8910 -0.4540
vn 0.0478 0.9936 -0.1019
vn 0.0181 0.9911 -0.1315
vn 0.0320 0.9936 -0.1079
vn -0.0000 -0.7071 -0.7071
vn -0.0001 -0.1558 0.9878
vn -0.0002 -0.1558 0.9878
vn -0.0004 -0.4535 -0.8913
vn -0.1164 -0.5902 0.7988
vn -0.0206 -0.5811 0.8136
vn -0.0379 -0.5650 0.8242
vn 0.0002 -0.7076 0.7066
vn 0.0001 -0.7076 0.7066
vn 0.0004 0.7075 0.7067
vn 0.0174 0.4947 -0.8689
vn 0.0565 0.5258 -0.8488
vn 0.0403 0.5013 -0.8643
vn -0.0004 -0.9876 0.1570
vn -0.0003 -0.9876 0.1570
vn -0.1524 0.1654 0.9744
vn -0.5223 -0.0410 0.8518
vn -0.1517 0.1651 0.9745
vn -0.6441 -0.0939 -0.7591
vn -0.3812 0.9235 0.0437
vn -0.3643 0.9302 0.0443
vn 0.9998 -0.0194 -0.0011
vn 0.9999 0.0059 -0.0119
vn 0.9999 -0.0021 -0.0151
vn 0.9999 -0.0042 -0.0131
vn 0.9998 0.0198 -0.0086
vn 0.9999 0.0089 -0.0087
vn 0.2306 -0.8728 0.4301
vn 0.0337 -0.8499 0.5258
vn 0.3929 -0.7565 0.5229
vn -0.0618 0.9973 -0.0405
vn -0.0278 0.9728 0.2300
vn -0.7929 0.5915 0.1463
vn 0.0313 -0.7345 0.6778
vn -0.4926 0.8699 -0.0250
vn 0.2872 0.8521 0.4375
vn 0.3402 0.9403 -0.0134
vn -0.9817 0.0521 -0.1833
vn -0.9341 0.1724 -0.3125
vn -0.9858 0.1414 -0.0904
vn 0.0168 0.6260 0.7796
vn 0.0409 0.6280 0.7771
vn 0.0066 0.6223 0.7827
vn -0.9513 -0.2939 -0.0929
vn -0.6852 0.1565 0.7113
vn -0.9239 0.2968 -0.2415
vn 0.0899 -0.0029 -0.9959
vn -0.9572 -0.1350 0.2560
vn -0.3011 -0.0093 0.9535
vn -0.3033 -0.1965 0.9324
vn 0.1822 0.0317 0.9828
vn 0.1291 0.9811 -0.1443
vn -0.8484 0.5019 -0.1681
vn -0.8536 0.4898 -0.1774
vn -0.8474 0.5032 -0.1696
vn 0.2397 0.1350 0.9614
vn 0.2851 0.1556 0.9458
vn 0.2780 0.1701 0.9454
vn 0.3003 0.1681 0.9389
vn 0.3509 0.1228 0.9283
vn 0.3551 0.1563 0.9217
vn 0.3801 0.1483 0.9130
vn 0.1991 0.0111 0.9799
vn 0.2582 0.0552 0.9645
vn 0.2505 -0.0520 0.9667
vn 0.2322 -0.0078 0.9726
vn 0.2350 -0.0044 0.9720
vn 0.2583 -0.0186 0.9659
vn 0.2386 0.0578 0.9694
vn 0.4183 0.0938 0.9035
vn 0.0595 -0.4287 0.9015
vn 0.1654 0.0773 0.9832
vn 0.2856 0.0909 0.9540
vn 0.1458 0.0289 0.9889
vn 0.2016 0.1729 0.9641
vn 0.1569 0.3090 0.9380
vn 0.2911 -0.0673 0.9543
vn 0.3253 0.6263 0.7085
vn 0.0973 0.0846 0.9917
vn 0.3628 -0.2365 0.9014
vn 0.2324 0.0286 0.9722
vn 0.2200 0.0211 0.9753
vn 0.2330 0.0147 0.9724
vn -0.4394 0.8816 -0.1724
vn 0.0074 0.9986 -0.0522
vn 0.1449 0.9793 -0.1416
vn -0.2096 -0.1340 -0.9685
vn 0.2147 0.9682 -0.1285
vn 0.1905 0.9770 -0.0956
vn 0.1638 0.9776 -0.1321
vn 0.5179 0.3846 0.7642
vn 0.6969 0.4746 0.5377
vn 0.8076 -0.1633 0.5666
vn 0.7953 -0.3192 0.5154
vn 0.3940 0.7738 0.4960
vn 0.9550 0.2526 0.1555
vn 0.2561 -0.0435 0.9657
vn 0.2489 0.0165 0.9684
vn 0.2786 -0.0008 0.9604
vn 0.9827 -0.0901 -0.1620
vn 0.9983 0.0139 0.0567
vn 0.9599 0.1564 -0.2325
vn 0.9995 -0.0256 -0.0186
vn 0.9989 -0.0246 -0.0401
vn 0.9932 -0.0980 -0.0625
vn 0.9333 0.0167 0.3586
vn 0.9337 0.0166 0.3578
vn 0.9331 0.0101 0.3596
vn 0.1549 0.9843 -0.0845
vn -0.9833 0.0697 0.1684
vn -0.9808 0.1029 0.1657
vn 0.1423 0.9867 -0.0780
vn -0.0374 0.9980 -0.0513
vn 0.5005 0.8003 -0.3301
vn 0.9143 0.3748 -0.1538
vn 0.9254 0.3474 -0.1517
vn 0.9999 0.0008 -0.0113
vn 1.0000 0.0053 0.0064
vn 0.9998 0.0035 -0.0178
vn -0.0264 0.9976 -0.0645
vn 0.9997 0.0198 -0.0112
vn 1.0000 -0.0087 -0.0046
vn 0.9999 -0.0085 -0.0071
vn 0.9997 0.0097 -0.0232
vn -0.8468 0.5045 -0.1682
vn 0.2455 0.0637 0.9673
vn 0.2471 0.0646 0.9668
vn 0.2459 0.0644 0.9671
vn -0.9973 0.0724 0.0082
vn -0.9983 0.0576 0.0062
vn -0.9983 0.0572 0.0075
vn -0.9974 0.0708 0.0133
vn -0.9977 0.0672 -0.0030
vn -0.9973 0.0697 0.0218
vn 0.1239 0.4197 0.8992
vn 0.2418 0.0702 0.9678
vn 0.0222 0.0877 0.9959
vn 0.0153 0.1047 0.9944
vn 0.0131 0.1038 0.9945
vn 0.4857 0.3225 0.8124
vn 0.4857 0.3224 0.8125
vn 0.4857 0.3220 0.8127
vn 0.5561 0.0318 -0.8305
vn 0.3050 0.2733 -0.9123
vn 0.3815 0.2754 -0.8824
vn 0.2117 0.1908 0.9585
vn 0.1208 0.3876 0.9139
vn 0.1105 0.3936 0.9126
vn 0.1101 0.3931 0.9129
vn 0.4675 0.3281 0.8208
vn 0.4675 0.3281 0.8209
vn 0.0091 -0.7359 0.6770
vn 0.2459 -0.7205 0.6484
vn -0.0065 0.1474 0.9891
vn 0.1614 0.3063 0.9382
vn -0.0721 -0.2143 0.9741
vn 0.2098 -0.1579 0.9649
vn 0.3368 0.1871 0.9228
vn 0.0950 0.0614 0.9936
vn 0.1279 -0.0954 0.9872
vn -0.0022 -0.3243 0.9459
vn 0.1071 0.0853 0.9906
vn 0.1081 0.0846 0.9905
vn -0.3978 0.2851 0.8720
vn -0.1808 0.2386 0.9541
vn -0.2381 0.4630 0.8538
vn -0.2358 0.9701 0.0567
vn -0.4139 0.8783 0.2395
vn -0.4398 0.8864 0.1443
vn -0.1012 0.9286 0.3570
vn 0.1141 0.9933 0.0194
vn -0.1449 0.9479 0.2837
vn -0.4425 0.0573 0.8949
vn 0.0717 -0.1844 0.9802
vn -0.2245 0.1646 0.9605
vn -0.2246 -0.2279 0.9474
vn -0.7278 -0.2069 0.6538
vn -0.3120 -0.4314 0.8465
vn -0.2297 0.9521 0.2020
vn -0.0665 0.3380 0.9388
vn 0.6716 0.3445 0.6560
vn -0.0443 -0.8004 0.5978
vn 0.6746 0.0286 0.7376
vn 0.0196 -0.8828 0.4693
vn 0.0563 0.0647 0.9963
vn -0.0000 0.3869 0.9221
vn 0.1473 0.4251 0.8931
vn 0.1451 0.4210 0.8954
vn 0.1453 0.4223 0.8947
vn 0.0862 0.1700 0.9817
vn -0.0000 -0.7713 0.6365
vn 0.0722 -0.8900 0.4502
vn 0.0746 -0.8870 0.4556
vn 0.0743 -0.8872 0.4554
vn 0.0259 -0.7640 0.6446
vn 0.0695 0.5584 0.8266
vn 0.1595 0.4355 0.8859
vn 0.1694 0.4997 0.8495
vn -0.4223 0.3714 0.8269
vn -0.6758 -0.3493 0.6491
vn 0.8376 0.2410 0.4902
vn 0.0986 0.4437 0.8907
vn 0.0953 0.4440 0.8909
vn 0.0958 0.4434 0.8912
vn 0.7004 0.5345 0.4729
vn -0.4174 0.8959 0.1518
vn -0.8243 0.4789 0.3020
vn 0.2764 0.0829 0.9574
vn -0.1458 0.1790 0.9730
vn -0.3701 -0.2103 0.9049
vn -0.5808 0.6329 0.5119
vn -0.1476 0.0671 0.9868
vn -0.1866 0.9767 0.1058
vn 0.2125 0.4094 0.8873
vn 0.0006 0.4402 0.8979
vn 0.8793 0.1608 0.4484
vn -0.0172 -0.9188 0.3944
vn 0.0004 0.0634 0.9980
vn 0.0567 0.1036 0.9930
vn 0.0062 -0.9432 0.3323
vn -0.0507 0.3088 0.9498
vn -0.0850 0.0949 0.9919
vn 0.0185 0.9754 0.2197
vn -0.0094 0.9953 0.0969
vn -0.0674 0.2450 0.9672
vn 0.0099 0.1288 0.9916
vn 0.1158 0.3026 0.9460
vn 0.1343 0.4020 0.9057
vn 0.9206 0.3373 -0.1969
vn 0.0086 0.9993 0.0372
vn 0.0425 0.9991 -0.0063
vn 0.0158 0.9831 0.1823
vn 0.1474 0.3852 0.9110
vn 0.1680 -0.9153 0.3660
vn 0.1416 0.3330 0.9322
vn 0.3078 0.4652 0.8300
vn 0.1424 0.2926 0.9456
vn 0.0366 0.9259 0.3761
vn 0.0389 0.9256 0.3765
vn -0.3550 0.9125 0.2033
vn -0.9595 0.2558 0.1180
vn -0.9035 0.3324 -0.2705
vn 0.1393 0.2977 0.9444
vn 0.0901 0.2305 0.9689
vn 0.1559 0.1921 0.9689
vn 0.1377 0.3344 0.9323
vn 0.2974 0.3350 0.8940
vn 0.0476 0.9988 -0.0061
vn 0.8207 0.5625 -0.1000
vn -0.0351 0.9211 -0.3879
vn 0.0247 0.1580 0.9871
vn -0.0991 0.0358 -0.9944
vn 0.0687 0.9902 -0.1216
vn 0.0436 0.9982 -0.0409
vn 0.0068 0.9185 -0.3955
vn -0.9997 -0.0000 -0.0244
vn 0.0261 0.8821 -0.4703
vn 0.0267 0.8813 -0.4718
vn 0.0218 0.8766 -0.4807
vn 0.0358 0.8800 -0.4736
vn -0.0123 0.8247 -0.5655
vn -0.0178 0.8110 -0.5848
vn 0.0039 0.9946 0.1038
vn 0.0666 0.9168 0.3938
vn -0.9998 -0.0179 -0.0050
vn 0.0119 0.9999 -0.0119
vn 0.0138 0.9998 -0.0106
vn -0.9864 -0.0328 -0.1610
vn -0.0000 -0.0000 -1.0000
vn -0.9711 0.0411 -0.2350
vn -0.1925 -0.0014 -0.9813
vn -0.1764 -0.0144 -0.9842
vn -0.1683 0.0176 -0.9856
vn -0.7313 0.0107 -0.6820
vn 0.0052 -0.0000 -1.0000
vn 0.2383 -0.0332 -0.9706
vn 0.2241 -0.0252 -0.9742
vn 0.2333 -0.0166 -0.9723
vn 0.2701 -0.0044 -0.9628
vn 0.2546 0.0021 -0.9671
vn -0.0075 0.9998 -0.0157
vn 0.0342 -0.0234 -0.9991
vn 0.0346 -0.0232 -0.9991
vn -0.0329 0.0212 -0.9992
vn 0.0077 0.9998 -0.0165
vn 0.0121 0.9998 0.0136
vn -0.0135 0.9998 0.0123
vn -0.9695 0.2379 -0.0584
vn -0.0479 0.9970 0.0612
vn -0.0355 0.9967 0.0724
vn 0.0237 0.3850 0.9226
vn 0.9876 0.0118 -0.1564
vn 0.0019 0.5073 0.8618
vn -0.0696 0.5614 0.8246
vn -0.0555 0.5213 0.8515
vn 0.5150 -0.7706 -0.3755
vn -0.1556 0.1362 0.9784
vn -0.9913 -0.1083 -0.0752
vn -0.9888 0.1425 -0.0434
vn 0.0574 -0.6967 -0.7151
vn -0.1186 -0.8620 -0.4928
vn -0.2243 0.0168 0.9744
vn -0.1207 -0.0161 0.9926
vn -0.2706 0.1577 0.9497
vn -0.3007 0.1521 0.9415
vn -0.0458 0.8715 0.4882
vn -0.5847 0.5210 0.6219
vn -0.2161 0.9270 0.3067
vn -0.0310 0.9904 0.1349
vn -0.0623 0.9884 0.1389
vn -0.7449 0.0747 -0.6630
vn -0.9948 0.0895 -0.0488
vn -0.9903 0.0683 -0.1207
vn 0.0049 -0.0128 0.9999
vn -0.7578 -0.3700 0.5375
vn -0.9787 0.0178 -0.2045
vn -0.8471 -0.4375 -0.3015
vn -0.0655 -0.9972 0.0354
vn 0.1750 -0.9160 -0.3611
vn -0.9604 -0.0645 -0.2710
vn -0.9603 -0.0641 -0.2714
vn -0.6958 -0.3682 -0.6167
vn -0.1559 -0.0185 0.9876
vn -0.4976 -0.0505 0.8660
vn 0.1916 -0.4076 0.8928
vn 0.2805 0.3138 0.9071
vn -0.5003 0.0201 0.8656
vn -0.1573 0.0254 0.9872
vn -0.2279 0.2956 0.9277
vn -0.5267 -0.2407 0.8152
vn 0.0241 -0.5070 0.8616
vn -0.0003 -0.0000 -1.0000
vn 0.0017 -0.0000 -1.0000
vn -0.9932 0.1038 -0.0520
vn -0.9916 0.1210 -0.0463
vn -0.0056 -0.6328 -0.7743
vn 0.0014 -0.6326 -0.7745
vn -0.0015 -0.0000 -1.0000
vn -0.1067 -0.1240 -0.9865
vn -0.0083 -0.1402 -0.9901
vn -0.0084 -0.1402 -0.9901
vn -0.0085 -0.1402 -0.9901
vn -0.0095 -0.1391 -0.9902
vn -0.0097 -0.1393 -0.9902
vn -0.2427 0.1621 -0.9565
vn -0.0398 -0.1319 -0.9905
vn -0.2840 -0.2116 -0.9352
vn 0.0122 -0.1116 -0.9937
vn 0.0498 -0.0807 -0.9955
vn -0.0360 0.2647 -0.9637
vn -0.0515 -0.1582 -0.9861
vn -0.4508 -0.0425 0.8916
vn 0.8279 0.1011 0.5518
vn 0.1014 -0.6097 0.7861
vn 0.1989 0.7041 0.6817
vn 0.2540 0.0537 0.9657
vn 0.0213 0.9976 -0.0655
vn 0.9626 0.0919 -0.2548
vn -0.1344 -0.9864 0.0941
vn -0.0764 0.8048 -0.5886
vn -0.0790 0.8060 -0.5866
vn -0.0771 0.8140 -0.5757
vn -0.4633 0.7815 -0.4178
vn -0.9985 0.0482 0.0276
vn -0.9391 0.3147 -0.1377
vn -0.0207 0.6543 0.7559
vn -0.1164 0.9932 0.0042
vn -0.1001 0.4562 0.8842
vn -0.0828 0.7241 0.6847
vn -0.0827 0.7241 0.6848
vn -0.0862 0.7164 0.6923
vn 0.0774 0.7187 0.6910
vn 0.0784 0.7181 0.6915
vn 0.7345 0.5613 0.3814
vn -0.1289 0.5973 0.7916
vn -0.1288 0.5975 0.7914
vn 0.7638 -0.1983 0.6143
vn -0.3575 -0.8432 0.4016
vn 0.1191 -0.8988 -0.4218
vn -0.0209 0.8087 -0.5878
vn -0.0331 0.8150 -0.5784
vn -0.0168 0.8166 -0.5769
vn 0.7892 -0.5207 0.3257
vn 0.8403 -0.4402 0.3163
vn 0.8126 -0.3852 0.4374
vn -0.1100 0.5321 0.8395
vn -0.0856 0.6306 0.7714
vn -0.1276 0.5998 0.7899
vn -0.0254 -0.5556 0.8311
vn -0.2478 -0.9005 0.3574
vn 0.3766 -0.7265 0.5747
vn -0.0160 -0.5485 -0.8360
vn 0.0420 -0.5066 -0.8612
vn 0.1506 -0.5518 -0.8202
vn -0.2045 0.0722 0.9762
vn -0.0796 -0.0747 0.9940
vn -0.1033 -0.0846 0.9911
vn -0.9491 0.3054 -0.0768
vn -0.9923 0.1238 -0.0040
vn -0.9882 0.1534 -0.0012
vn -0.8143 0.5766 -0.0668
vn -0.9026 0.4305 -0.0043
vn -0.8910 0.4540 -0.0011
vn -0.6191 0.7836 -0.0515
vn -0.7215 0.6924 -0.0041
vn -0.7071 0.7072 -0.0011
vn -0.4424 0.8968 -0.0000
vn -0.5123 0.8578 -0.0407
vn -0.4540 0.8910 -0.0002
vn -0.1303 0.9914 -0.0109
vn -0.1610 0.9870 -0.0008
vn -0.1565 0.9877 -0.0000
vn 0.1556 0.9878 -0.0001
vn 0.1579 0.9875 0.0002
vn 0.1564 0.9877 -0.0000
vn 0.4497 0.8932 -0.0003
vn 0.4601 0.8879 0.0010
vn 0.4540 0.8910 0.0001
vn 0.7050 0.7092 0.0009
vn 0.7118 0.7024 0.0017
vn 0.7071 0.7072 0.0011
vn 0.8868 0.4622 0.0010
vn 0.8941 0.4479 0.0016
vn 0.8910 0.4540 0.0011
vn 0.9880 0.1543 0.0012
vn 0.9896 0.1436 0.0016
vn 0.9882 0.1534 0.0012
vn -0.2226 -0.2046 0.9532
vn -0.0554 -0.0772 0.9955
vn -0.1214 0.1572 0.9801
vn -0.1330 -0.1671 0.9769
vn 0.0121 -0.0088 0.9999
vn -0.2060 0.1911 0.9597
vn -0.3373 0.0317 0.9409
vn -0.1739 -0.1867 0.9669
vn -0.1872 -0.1896 0.9639
vn -0.4297 0.1845 0.8839
vn 0.0061 -0.1309 0.9914
vn -0.1046 0.2411 0.9649
vn -0.4245 0.0638 0.9032
vn 0.0028 -0.0991 0.9951
vn -0.0834 0.1025 0.9912
vn -0.3841 0.0016 0.9233
vn -0.0240 -0.0499 0.9985
vn -0.1476 0.0907 0.9849
vn -0.3229 -0.0215 0.9462
vn -0.0610 -0.0323 0.9976
vn -0.1882 0.0433 0.9812
vn -0.2622 -0.0085 0.9650
vn -0.0894 -0.0409 0.9952
vn -0.1899 -0.0171 0.9817
vn -0.2195 0.0282 0.9752
vn -0.0963 -0.0615 0.9934
vn -0.1561 -0.0648 0.9856
vn -0.9749 0.0147 -0.2223
vn -0.9919 0.0187 -0.1256
vn -0.9924 -0.0356 -0.1179
vn -0.0000 -0.7071 0.7071
vn -0.0000 -0.8910 0.4540
vn -0.0000 -0.9877 0.1564
vn -0.0000 -0.9877 -0.1564
vn -0.8790 0.0746 -0.4710
vn -0.8790 0.4710 0.0746
vn -0.8790 -0.4249 0.2165
vn -0.8790 -0.2165 -0.4249
vn -0.8790 0.4249 -0.2165
vn -0.8790 0.2165 0.4249
vn -0.8790 -0.2165 0.4249
vn -0.8790 -0.4249 -0.2165
vn -0.8790 0.2165 -0.4249
vn -0.8790 0.4249 0.2165
vn -0.8790 -0.4710 0.0746
vn -0.8790 -0.0746 -0.4710
vn -0.8790 0.4710 -0.0746
vn -0.8790 0.0746 0.4710
vn -0.8790 -0.3372 0.3372
vn -0.8790 -0.3372 -0.3372
vn -0.8790 0.3372 -0.3372
vn -0.8790 -0.0746 0.4710
vn -0.8790 0.3372 0.3372
vn -0.8790 -0.4710 -0.0746
vn -0.7430 0.5998 0.2971
vn -0.7430 -0.5998 -0.2971
vn -0.7071 0.3139 -0.6336
vn -0.7071 -0.3139 0.6336
vn -0.0000 0.4439 -0.8961
vn -0.0000 0.8961 0.4439
vn -0.0000 -0.4439 0.8961
vn -0.0000 -0.8961 -0.4439
vn 0.9727 -0.0000 0.2320
vn -0.6370 0.4621 -0.6170
vn -0.7539 0.5473 0.3636
vn -0.6145 -0.0000 -0.7889
vn -0.6928 0.7011 -0.1687
vn -0.7820 -0.0000 0.6232
vn -0.9716 -0.0000 -0.2365
vn -0.0000 -0.0000 1.0000
vn 0.0396 0.1310 0.9906
vn -0.0505 -0.2448 0.9683
vn -0.0400 -0.0080 0.9992
vn -0.0388 -0.0080 0.9992
vn -0.2745 0.0041 0.9616
vn 0.2031 -0.2736 0.9402
vn 0.2087 0.0795 0.9748
vn 0.2349 0.1693 0.9571
vn 0.1753 -0.2137 0.9610
vn -0.9483 0.3038 -0.0916
vn -0.6144 0.7890 -0.0030
vn -0.9938 0.1057 -0.0343
vn -0.9908 0.1011 -0.0897
vn 0.1013 0.9948 0.0045
vn -0.0932 -0.9948 -0.0421
vn -0.0891 0.0048 0.9960
vn -0.0898 -0.1414 0.9859
vn -0.0782 -0.4404 0.8944
vn -0.0589 -0.6963 0.7154
vn -0.0338 -0.8840 0.4663
vn -0.0054 -0.9852 0.1716
vn 0.0235 -0.9899 -0.1399
vn 0.0501 -0.8977 -0.4377
vn 0.0717 -0.7177 -0.6926
vn 0.0864 -0.4674 -0.8798
vn 0.0926 -0.1714 -0.9808
vn 0.0898 0.1414 -0.9859
vn 0.0782 0.4404 -0.8944
vn 0.0589 0.6963 -0.7154
vn 0.0338 0.8840 -0.4663
vn 0.0054 0.9852 -0.1716
vn -0.0235 0.9899 0.1399
vn -0.0500 0.8977 0.4377
vn -0.0718 0.7177 0.6926
vn -0.8323 0.0582 -0.5512
vn -0.0864 0.4674 0.8798
vn -0.0927 0.1714 0.9808
vn 0.9957 0.0106 0.0922
vn -0.8864 0.4628 -0.0143
vn -0.8913 -0.4308 0.1413
vn -0.8340 -0.2322 -0.5006
vn -0.8591 0.4122 -0.3034
vn -0.9164 0.2136 0.3385
vn -0.9124 -0.2193 0.3455
vn -0.8513 -0.4374 -0.2898
vn -0.8379 0.2007 -0.5076
vn -0.8990 0.4188 0.1277
vn -0.8778 -0.4791 0.0008
vn -0.8310 -0.0910 -0.5488
vn -0.8726 0.4605 -0.1629
vn -0.9194 0.0724 0.3867
vn -0.9032 -0.3413 0.2601
vn -0.8410 -0.3515 -0.4113
vn -0.8471 0.3228 -0.4222
vn -0.9180 -0.0767 0.3891
vn -0.9094 0.3330 0.2492
vn -0.8640 -0.4813 -0.1478
vn -0.9957 -0.0106 -0.0922
vn 0.0054 0.9851 -0.1716
vn -0.0898 -0.1415 0.9859
vn -0.0718 0.7177 0.6927
vn -0.0055 -0.9851 0.1716
vn -0.0926 0.1714 0.9808
vn 0.9926 -0.1014 0.0667
vn -0.9926 0.1014 -0.0667
vn -0.0668 0.0023 0.9978
vn 0.0668 -0.0023 -0.9978
vn 0.1031 0.9945 -0.0185
vn -0.1013 -0.9948 -0.0045
vn -0.9932 0.0900 -0.0744
vn -0.9915 0.0994 -0.0840
vn -0.9925 0.0904 -0.0827
vn -0.9923 0.0975 -0.0758
vn -0.9916 0.0994 -0.0827
vn -0.8192 0.2337 0.5237
vn -0.7371 -0.6618 -0.1365
vn -0.7583 0.0784 -0.6472
vn 0.3247 0.6020 0.7295
vn 0.5417 0.2233 0.8104
vn 0.6165 0.0544 0.7855
vn 0.1349 0.8268 0.5461
vn 0.0625 0.8546 0.5155
vn 0.0580 0.8553 0.5149
vn 0.0581 0.8554 0.5146
vn -0.5047 0.7965 0.3329
vn -0.4922 0.7621 0.4207
vn -0.4974 0.7952 0.3466
vn -0.3135 0.6069 -0.7303
vn -0.3610 0.6567 -0.6622
vn 0.1629 0.6303 -0.7590
vn 0.0313 -0.1703 -0.9849
vn 0.4193 0.2584 -0.8703
vn 0.5232 -0.2747 -0.8067
vn 0.1592 0.5253 0.8359
vn 0.1401 0.5378 0.8314
vn 0.1451 0.3992 0.9053
vn 0.0165 0.3858 -0.9224
vn 0.5830 0.3996 -0.7075
vn 0.4768 0.1353 -0.8685
vn 0.2237 0.0279 0.9743
vn -0.0437 0.8573 -0.5130
vn -0.0273 0.8502 -0.5258
vn -0.0425 0.8526 -0.5208
vn 0.8518 0.2125 -0.4788
vn 0.9346 0.2855 -0.2121
vn 0.9495 0.2970 -0.1011
vn 0.9546 0.2737 -0.1173
vn 0.9629 0.2445 -0.1145
vn 0.1996 0.1628 0.9663
vn 0.2967 -0.9526 -0.0673
vn -0.3046 0.9518 0.0362
vn -0.9952 -0.0038 0.0980
vn -0.9569 -0.0090 0.2903
vn -0.8818 -0.0140 0.4714
vn -0.7729 -0.0185 0.6343
vn -0.6342 -0.0223 0.7728
vn -0.4713 -0.0253 0.8816
vn -0.2902 -0.0273 0.9566
vn -0.0980 -0.0284 0.9948
vn 0.0980 -0.0284 0.9948
vn 0.2902 -0.0273 0.9566
vn 0.4712 -0.0253 0.8816
vn 0.6342 -0.0223 0.7728
vn 0.7729 -0.0185 0.6343
vn 0.8818 -0.0140 0.4714
vn 0.9569 -0.0090 0.2903
vn 0.9952 -0.0038 0.0980
vn 0.9952 0.0016 -0.0980
vn 0.9569 0.0069 -0.2903
vn 0.8819 0.0118 -0.4714
vn 0.7729 0.0163 -0.6343
vn 0.6343 0.0201 -0.7729
vn 0.4713 0.0231 -0.8817
vn 0.2902 0.0252 -0.9566
vn 0.0980 0.0262 -0.9948
vn -0.0980 0.0262 -0.9948
vn -0.2902 0.0252 -0.9566
vn -0.4713 0.0231 -0.8817
vn -0.6343 0.0201 -0.7729
vn -0.7729 0.0163 -0.6343
vn -0.8818 0.0118 -0.4714
vn -0.9569 0.0069 -0.2903
vn -0.9952 0.0016 -0.0980
vn -0.9952 0.0013 0.0980
vn -0.9569 0.0013 0.2903
vn -0.8819 0.0013 0.4714
vn -0.7730 0.0013 0.6344
vn -0.6344 0.0013 0.7730
vn -0.4714 0.0013 0.8819
vn -0.2903 0.0013 0.9569
vn -0.0980 0.0013 0.9952
vn 0.0980 0.0013 0.9952
vn 0.2903 0.0013 0.9569
vn 0.4714 0.0013 0.8819
vn 0.6344 0.0013 0.7730
vn 0.7730 0.0013 0.6344
vn 0.8819 0.0013 0.4714
vn 0.9569 0.0013 0.2903
vn 0.9952 0.0013 0.0980
vn 0.9952 0.0013 -0.0980
vn 0.9569 0.0013 -0.2903
vn 0.8819 0.0013 -0.4714
vn 0.7730 0.0013 -0.6344
vn 0.6344 0.0013 -0.7730
vn 0.4714 0.0013 -0.8819
vn 0.2903 0.0013 -0.9569
vn 0.0980 0.0013 -0.9952
vn -0.0980 0.0013 -0.9952
vn -0.2903 0.0013 -0.9569
vn -0.4714 0.0013 -0.8819
vn -0.6344 0.0013 -0.7730
vn -0.7730 0.0013 -0.6344
vn -0.8819 0.0013 -0.4714
vn -0.9569 0.0013 -0.2903
vn -0.9952 0.0013 -0.0980
vn -0.0073 -1.0000 -0.0000
vn -0.6319 -0.7726 0.0622
vn -0.6076 -0.7726 0.1843
vn -0.5600 -0.7726 0.2993
vn -0.4908 -0.7726 0.4028
vn -0.4028 -0.7726 0.4908
vn -0.2993 -0.7726 0.5600
vn -0.1843 -0.7726 0.6076
vn -0.0622 -0.7726 0.6319
vn 0.0622 -0.7726 0.6319
vn 0.1843 -0.7726 0.6076
vn 0.2993 -0.7726 0.5600
vn 0.4028 -0.7726 0.4908
vn 0.4908 -0.7726 0.4028
vn 0.5600 -0.7726 0.2993
vn 0.6076 -0.7726 0.1843
vn 0.6319 -0.7726 0.0622
vn 0.6319 -0.7726 -0.0622
vn 0.6076 -0.7726 -0.1843
vn 0.5600 -0.7726 -0.2993
vn 0.4908 -0.7726 -0.4028
vn 0.4028 -0.7726 -0.4908
vn 0.2993 -0.7726 -0.5600
vn 0.1843 -0.7726 -0.6076
vn 0.0622 -0.7726 -0.6319
vn -0.0622 -0.7726 -0.6319
vn -0.1843 -0.7726 -0.6076
vn -0.2993 -0.7726 -0.5600
vn -0.4028 -0.7726 -0.4908
vn -0.4908 -0.7726 -0.4028
vn -0.5600 -0.7726 -0.2993
vn -0.6076 -0.7726 -0.1843
vn -0.6319 -0.7726 -0.0622
vn -0.4712 -0.0253 0.8816
vn 0.6343 -0.0223 0.7728
vn 0.6343 0.0201 -0.7728
vn -0.8819 0.0118 -0.4714
vn -0.0000 0.2949 0.9555
vn -0.0000 0.2949 -0.9555
vn 0.0004 0.9878 -0.1559
vn 0.0004 0.9878 -0.1558
vn -0.6341 -0.7637 0.1209
vn -0.6341 -0.7637 0.1210
vn -0.8885 0.4589 0.0040
vn -0.8888 0.4583 0.0093
vn -0.8885 0.4589 -0.0024
vn -0.6341 0.3510 -0.6890
vn -0.6341 -0.6890 -0.3511
vn -0.6341 -0.6889 -0.3511
vn -0.6341 -0.3510 0.6890
vn -0.6127 0.3992 0.6820
vn -0.6030 0.3938 0.6937
vn -0.6058 0.3992 0.6883
vn -0.9198 0.3923 -0.0000
vn -0.5916 -0.3686 -0.7171
vn -0.6001 -0.3117 -0.7367
vn -0.5915 -0.3236 -0.7385
vn -0.6341 -0.6890 0.3511
vn -0.6341 -0.6890 0.3510
vn -0.8885 0.4588 0.0049
vn -0.8885 0.4589 0.0028
vn -0.8884 0.4590 0.0002
vn -0.6341 0.1183 -0.7641
vn -0.6379 0.1486 -0.7556
vn -0.6482 -0.7607 -0.0339
vn -0.6349 -0.7614 -0.1313
vn -0.6347 -0.7632 -0.1209
vn -0.6379 -0.0922 0.7646
vn -0.6341 -0.1236 0.7633
vn -0.8276 0.1837 0.5305
vn -0.8554 0.0453 0.5160
vn -0.8447 0.0876 0.5280
vn -0.7960 0.1608 -0.5835
vn -0.8164 0.2351 -0.5275
vn -0.7977 0.2048 -0.5672
vn -0.6341 -0.5468 -0.5467
vn -0.6001 -0.5241 0.6044
vn -0.5916 -0.5721 0.5681
vn -0.5915 -0.5359 0.6024
vn -0.8686 0.4894 -0.0777
vn -0.8594 0.5113 -0.0103
vn -0.8600 0.5072 -0.0559
vn 0.0181 -0.9911 -0.1315
vn 0.0478 -0.9936 -0.1019
vn 0.0320 -0.9936 -0.1079
vn -0.0001 0.1557 0.9878
vn -0.0002 0.1557 0.9878
vn -0.0004 0.4535 -0.8913
vn 0.0529 0.2951 0.9540
vn 0.0273 0.2912 0.9563
vn 0.0535 0.2829 0.9577
vn 0.0002 0.7076 0.7066
vn 0.0001 0.7076 0.7066
vn 0.0004 -0.7075 0.7067
vn 0.0565 -0.5258 -0.8488
vn 0.0174 -0.4947 -0.8689
vn 0.0403 -0.5013 -0.8643
vn -0.0004 0.9876 0.1571
vn -0.5223 0.0410 0.8518
vn -0.1524 -0.1654 0.9744
vn -0.1517 -0.1651 0.9745
vn -0.6441 0.0939 -0.7591
vn -0.3812 -0.9235 0.0437
vn -0.3643 -0.9302 0.0443
vn 0.9998 0.0194 -0.0011
vn 0.9999 0.0021 -0.0151
vn 0.9999 -0.0059 -0.0119
vn 0.9999 0.0042 -0.0131
vn 0.9999 -0.0089 -0.0087
vn 0.9998 -0.0198 -0.0086
vn 0.2306 0.8728 0.4301
vn 0.3929 0.7565 0.5229
vn 0.0337 0.8500 0.5258
vn -0.0618 -0.9973 -0.0405
vn -0.0278 -0.9728 0.2300
vn 0.0313 0.7345 0.6778
vn -0.4926 -0.8699 -0.0249
vn 0.3402 -0.9403 -0.0134
vn 0.2872 -0.8521 0.4375
vn -0.9817 -0.0521 -0.1833
vn -0.9858 -0.1414 -0.0904
vn -0.9342 -0.1724 -0.3125
vn 0.0183 -0.6437 0.7650
vn 0.0276 -0.6606 0.7503
vn -0.9513 0.2939 -0.0929
vn -0.9239 -0.2968 -0.2415
vn -0.6852 -0.1565 0.7114
vn 0.0899 0.0029 -0.9959
vn -0.9572 0.1350 0.2560
vn -0.3011 0.0093 0.9535
vn -0.3033 0.1965 0.9324
vn 0.1822 -0.0317 0.9828
vn 0.1291 -0.9811 -0.1443
vn -0.8484 -0.5020 -0.1681
vn -0.8474 -0.5032 -0.1696
vn -0.8536 -0.4898 -0.1774
vn 0.2397 -0.1350 0.9614
vn 0.2780 -0.1701 0.9454
vn 0.2851 -0.1556 0.9458
vn 0.3003 -0.1681 0.9389
vn 0.2393 -0.0701 0.9684
vn 0.2401 -0.0723 0.9681
vn 0.2736 -0.0500 0.9605
vn 0.1991 -0.0111 0.9799
vn 0.2505 0.0520 0.9667
vn 0.2582 -0.0552 0.9645
vn 0.2510 -0.0034 0.9680
vn 0.2349 0.0082 0.9720
vn 0.2509 0.0259 0.9677
vn 0.2386 -0.0578 0.9694
vn 0.8656 -0.0171 0.5005
vn 0.0595 0.4287 0.9015
vn 0.1832 -0.0003 0.9831
vn 0.2856 -0.0909 0.9540
vn 0.1130 -0.0973 0.9888
vn 0.2016 -0.1729 0.9641
vn 0.2911 0.0673 0.9543
vn 0.1569 -0.3090 0.9380
vn 0.3253 -0.6263 0.7085
vn 0.3628 0.2365 0.9014
vn 0.0973 -0.0846 0.9917
vn 0.2344 -0.0195 0.9720
vn 0.2200 -0.0211 0.9753
vn -0.4394 -0.8816 -0.1724
vn 0.0074 -0.9986 -0.0522
vn 0.1449 -0.9793 -0.1416
vn -0.2096 0.1340 -0.9686
vn -0.0097 -0.9988 -0.0472
vn -0.0127 -0.9990 -0.0433
vn -0.0644 -0.9961 -0.0610
vn 0.9168 -0.3897 0.0869
vn 0.8200 -0.4695 0.3275
vn 0.9273 0.1952 0.3192
vn 0.7953 0.3192 0.5154
vn 0.9550 -0.2526 0.1555
vn 0.3939 -0.7739 0.4959
vn 0.2561 0.0435 0.9657
vn 0.2786 0.0008 0.9604
vn 0.2489 -0.0165 0.9684
vn 0.9827 0.0901 -0.1620
vn 0.9600 -0.1564 -0.2324
vn 0.9983 -0.0139 0.0566
vn 0.9989 0.0246 -0.0401
vn 0.9995 0.0256 -0.0186
vn 0.9932 0.0981 -0.0625
vn 0.9337 -0.0167 0.3578
vn 0.9333 -0.0167 0.3586
vn 0.9331 -0.0101 0.3596
vn 0.1549 -0.9843 -0.0845
vn -0.9843 -0.0689 0.1623
vn -0.9808 -0.1029 0.1657
vn 0.1423 -0.9867 -0.0780
vn -0.0374 -0.9980 -0.0513
vn 0.5005 -0.8004 -0.3301
vn 0.9254 -0.3474 -0.1517
vn 0.9143 -0.3748 -0.1538
vn 0.9999 -0.0008 -0.0113
vn 0.9998 -0.0035 -0.0178
vn 1.0000 -0.0053 0.0064
vn -0.0264 -0.9976 -0.0645
vn 0.9997 -0.0198 -0.0112
vn 1.0000 0.0087 -0.0046
vn 0.9998 0.0158 -0.0126
vn -0.8468 -0.5046 -0.1681
vn 0.2357 -0.0543 0.9703
vn 0.2345 -0.0538 0.9706
vn 0.2354 -0.0546 0.9704
vn -0.9983 -0.0576 0.0062
vn -0.9973 -0.0724 0.0082
vn -0.9983 -0.0572 0.0075
vn -0.9974 -0.0708 0.0133
vn -0.9973 -0.0697 0.0218
vn -0.9977 -0.0672 -0.0030
vn 0.1239 -0.4197 0.8992
vn 0.2418 -0.0702 0.9678
vn 0.0098 -0.1003 0.9949
vn 0.0092 -0.0983 0.9951
vn 0.0272 -0.0951 0.9951
vn 0.4858 -0.3225 0.8124
vn 0.4857 -0.3220 0.8127
vn 0.4858 -0.3224 0.8125
vn 0.5370 -0.1499 -0.8302
vn 0.5558 -0.0296 -0.8308
vn 0.2628 -0.2578 -0.9298
vn 0.2117 -0.1908 0.9585
vn 0.1149 -0.4123 0.9038
vn 0.1073 -0.4136 0.9041
vn 0.1199 -0.4079 0.9051
vn 0.4674 -0.3281 0.8209
vn 0.4675 -0.3282 0.8209
vn 0.2459 0.7205 0.6484
vn 0.0091 0.7359 0.6770
vn -0.0065 -0.1474 0.9891
vn 0.1613 -0.3062 0.9382
vn -0.0998 0.6251 0.7741
vn 0.1420 0.5079 0.8496
vn -0.2073 0.8613 0.4640
vn 0.0950 -0.0614 0.9936
vn 0.1279 0.0954 0.9872
vn 0.1070 -0.0853 0.9906
vn -0.0022 0.3243 0.9459
vn 0.1081 -0.0845 0.9905
vn -0.3656 -0.3068 0.8788
vn -0.2560 -0.1135 0.9600
vn -0.4139 -0.8783 0.2395
vn -0.2358 -0.9701 0.0567
vn -0.4398 -0.8864 0.1443
vn 0.1141 -0.9933 0.0194
vn -0.1012 -0.9286 0.3570
vn -0.1449 -0.9479 0.2836
vn -0.4032 -0.2728 0.8735
vn 0.2632 -0.1713 0.9494
vn -0.1735 -0.2554 0.9511
vn -0.2246 0.2279 0.9474
vn -0.3120 0.4314 0.8465
vn -0.7278 0.2069 0.6538
vn -0.2297 -0.9520 0.2021
vn 0.6716 -0.3446 0.6560
vn -0.0666 -0.3380 0.9388
vn -0.0443 0.8004 0.5978
vn 0.8374 -0.0560 0.5437
vn 0.0196 0.8828 0.4693
vn 0.0563 -0.0647 0.9963
vn -0.0000 -0.3869 0.9221
vn 0.1183 -0.1286 0.9846
vn 0.1208 -0.1335 0.9837
vn 0.1184 -0.1291 0.9845
vn 0.0862 -0.1700 0.9817
vn -0.0000 0.7713 0.6365
vn -0.0543 0.9559 -0.2887
vn -0.0547 0.9510 -0.3043
vn -0.0560 0.9556 -0.2894
vn 0.0348 0.7403 0.6713
vn 0.1229 -0.5495 0.8264
vn 0.1016 -0.5566 0.8245
vn 0.1409 -0.4177 0.8976
vn -0.6758 0.3493 0.6491
vn -0.4223 -0.3714 0.8269
vn 0.8376 -0.2410 0.4902
vn 0.0974 -0.4432 0.8911
vn 0.0976 -0.4435 0.8910
vn 0.0951 -0.4443 0.8908
vn -0.1877 -0.4343 0.8810
vn -0.4569 -0.8803 0.1277
vn -0.0237 -0.9725 0.2318
vn 0.2765 -0.0829 0.9574
vn -0.3701 0.2103 0.9049
vn -0.1458 -0.1790 0.9730
vn -0.0105 -0.8710 0.4912
vn 0.0161 -0.1719 0.9850
vn -0.1866 -0.9767 0.1058
vn 0.0007 -0.4403 0.8979
vn 0.2124 -0.4095 0.8872
vn 0.8793 -0.1608 0.4484
vn -0.0172 0.9188 0.3944
vn 0.0004 -0.0634 0.9980
vn 0.0567 -0.1036 0.9930
vn 0.0062 0.9432 0.3323
vn -0.0507 -0.3088 0.9498
vn -0.0911 -0.0766 0.9929
vn 0.0807 -0.9866 0.1420
vn -0.0094 -0.9953 0.0969
vn -0.2899 -0.1642 0.9429
vn 0.0099 -0.1288 0.9916
vn 0.1158 -0.3026 0.9460
vn 0.1343 -0.4020 0.9057
vn 0.9206 -0.3373 -0.1969
vn 0.0086 -0.9993 0.0372
vn 0.0425 -0.9991 -0.0063
vn 0.0158 -0.9831 0.1823
vn 0.1474 -0.3852 0.9110
vn 0.1680 0.9153 0.3660
vn 0.1416 -0.3330 0.9322
vn 0.3078 -0.4652 0.8300
vn 0.1424 -0.2926 0.9456
vn 0.0390 -0.9256 0.3765
vn 0.0366 -0.9259 0.3761
vn -0.3550 -0.9125 0.2033
vn -0.9035 -0.3324 -0.2704
vn -0.9595 -0.2558 0.1180
vn 0.1966 -0.2541 0.9470
vn 0.1564 -0.1900 0.9693
vn 0.1402 -0.2960 0.9448
vn 0.1377 -0.3344 0.9323
vn 0.2974 -0.3350 0.8940
vn 0.0476 -0.9988 -0.0061
vn 0.8207 -0.5625 -0.1000
vn -0.0004 -0.8618 -0.5073
vn 0.0247 -0.1580 0.9871
vn -0.0991 -0.0358 -0.9944
vn 0.0687 -0.9902 -0.1216
vn 0.0413 -0.9980 -0.0481
vn 0.0068 -0.9185 -0.3955
vn 0.0267 -0.8813 -0.4718
vn 0.0261 -0.8821 -0.4703
vn 0.0218 -0.8766 -0.4807
vn 0.0272 -0.9541 -0.2981
vn 0.0344 -0.9468 -0.3201
vn -0.0123 -0.8247 -0.5655
vn -0.0178 -0.8110 -0.5848
vn 0.0039 -0.9946 0.1038
vn 0.0666 -0.9168 0.3938
vn -0.9998 0.0179 -0.0050
vn 0.0119 -0.9999 -0.0119
vn 0.0138 -0.9998 -0.0106
vn -0.9864 0.0328 -0.1610
vn -0.9711 -0.0411 -0.2350
vn -0.1255 -0.0234 -0.9918
vn -0.1302 -0.0268 -0.9911
vn -0.1058 -0.0505 -0.9931
vn -0.7313 -0.0107 -0.6820
vn 0.0051 -0.0000 -1.0000
vn 0.2383 0.0332 -0.9706
vn 0.2333 0.0166 -0.9723
vn 0.2241 0.0252 -0.9742
vn 0.2701 0.0044 -0.9628
vn 0.2546 -0.0021 -0.9671
vn -0.0075 -0.9998 -0.0157
vn 0.0346 0.0232 -0.9991
vn 0.0342 0.0234 -0.9991
vn -0.0329 -0.0212 -0.9992
vn 0.0077 -0.9998 -0.0165
vn -0.0135 -0.9998 0.0123
vn 0.0121 -0.9998 0.0136
vn -0.9695 -0.2379 -0.0584
vn -0.0238 -0.9997 -0.0106
vn 0.0237 -0.3850 0.9226
vn 0.9927 0.0646 -0.1017
vn 0.0264 -0.5443 0.8385
vn -0.0835 -0.5673 0.8193
vn 0.0700 -0.5469 0.8342
vn 0.5150 0.7706 -0.3755
vn -0.2194 -0.0929 0.9712
vn -0.9913 0.1083 -0.0752
vn -0.9682 -0.2354 -0.0842
vn 0.0574 0.6967 -0.7151
vn -0.1186 0.8620 -0.4928
vn -0.1242 -0.0922 0.9880
vn -0.1207 0.0161 0.9926
vn -0.2706 -0.1577 0.9497
vn -0.3007 -0.1521 0.9415
vn -0.5847 -0.5209 0.6219
vn -0.0458 -0.8715 0.4882
vn -0.2160 -0.9270 0.3067
vn -0.0310 -0.9904 0.1349
vn -0.0623 -0.9883 0.1389
vn -0.7075 -0.0616 -0.7040
vn -0.9990 -0.0081 0.0445
vn -0.9900 -0.0661 -0.1248
vn -0.0094 0.0015 1.0000
vn -0.7012 0.5723 0.4251
vn -0.8998 0.2606 -0.3500
vn -0.9370 0.3286 0.1183
vn -0.0663 0.9972 0.0352
vn 0.3971 0.9159 0.0589
vn -0.3784 0.8475 -0.3723
vn -0.9391 0.1192 -0.3222
vn -0.9389 0.1192 -0.3228
vn -0.9389 0.1192 -0.3229
vn -0.1548 0.0246 0.9876
vn -0.3877 0.2818 0.8777
vn 0.2806 -0.3138 0.9071
vn -0.1573 -0.0254 0.9872
vn -0.5003 -0.0201 0.8656
vn -0.5267 0.2407 0.8152
vn -0.2279 -0.2955 0.9278
vn 0.0241 0.5069 0.8616
vn -0.0004 -0.0000 -1.0000
vn -0.9932 -0.1038 -0.0520
vn -0.9916 -0.1210 -0.0463
vn -0.0327 0.4121 -0.9105
vn -0.0277 0.4077 -0.9127
vn 0.0420 0.1245 -0.9913
vn -0.1067 0.1240 -0.9865
vn -0.0083 0.1402 -0.9901
vn -0.0085 0.1402 -0.9901
vn -0.0095 0.1391 -0.9902
vn -0.0097 0.1393 -0.9902
vn -0.3578 0.0702 -0.9311
vn -0.0590 0.2662 -0.9621
vn -0.3209 0.0868 -0.9431
vn -0.0677 0.3434 -0.9368
vn -0.0255 0.0344 -0.9991
vn -0.0221 0.0341 -0.9992
vn 0.0577 -0.0220 -0.9981
vn 0.0946 -0.3022 -0.9485
vn 0.0482 0.0501 -0.9976
vn -0.4508 0.0425 0.8916
vn 0.8279 -0.1011 0.5518
vn 0.1006 0.6133 0.7834
vn 0.1979 -0.7074 0.6786
vn 0.2462 -0.0629 0.9672
vn 0.0213 -0.9976 -0.0655
vn 0.9626 -0.0919 -0.2548
vn -0.1344 0.9864 0.0941
vn -0.0790 -0.8060 -0.5866
vn -0.0764 -0.8048 -0.5886
vn -0.0771 -0.8140 -0.5757
vn -0.9985 -0.0482 0.0276
vn -0.4633 -0.7815 -0.4178
vn -0.9392 -0.3147 -0.1377
vn -0.0168 -0.5605 0.8280
vn -0.7901 -0.6016 0.1174
vn 0.3433 -0.9211 0.1834
vn -0.0827 -0.7241 0.6848
vn -0.0828 -0.7241 0.6847
vn -0.0862 -0.7164 0.6923
vn 0.0774 -0.7187 0.6910
vn 0.7345 -0.5613 0.3814
vn 0.0784 -0.7180 0.6916
vn -0.1289 -0.5973 0.7916
vn -0.1288 -0.5975 0.7914
vn 0.8508 0.3820 0.3608
vn 0.0086 0.9678 0.2515
vn -0.3920 0.7764 0.4935
vn -0.0331 -0.8150 -0.5784
vn -0.0209 -0.8087 -0.5878
vn -0.0168 -0.8166 -0.5769
vn 0.8456 0.3913 0.3632
vn 0.8445 0.4265 0.3241
vn 0.7730 0.5329 0.3443
vn -0.1294 -0.5530 0.8231
vn -0.1271 -0.5490 0.8261
vn -0.0585 -0.6339 0.7712
vn -0.2478 0.9005 0.3574
vn -0.0254 0.5556 0.8311
vn 0.3766 0.7265 0.5748
vn 0.0420 0.5066 -0.8612
vn -0.0160 0.5485 -0.8360
vn 0.1506 0.5518 -0.8202
vn -0.0532 -0.1044 0.9931
vn -0.1073 0.0797 0.9910
vn -0.2746 0.1062 0.9557
vn -0.9923 -0.1238 -0.0041
vn -0.9491 -0.3054 -0.0769
vn -0.9882 -0.1534 -0.0013
vn -0.9026 -0.4305 -0.0044
vn -0.8143 -0.5766 -0.0668
vn -0.8910 -0.4540 -0.0012
vn -0.7130 -0.7011 -0.0020
vn -0.7018 -0.7124 -0.0008
vn -0.7070 -0.7072 -0.0012
vn -0.4658 -0.8849 -0.0024
vn -0.3845 -0.9226 -0.0319
vn -0.4540 -0.8910 -0.0002
vn -0.1610 -0.9870 -0.0008
vn -0.1302 -0.9914 -0.0109
vn -0.1565 -0.9877 -0.0000
vn 0.1579 -0.9875 0.0002
vn 0.1556 -0.9878 -0.0001
vn 0.1564 -0.9877 -0.0000
vn 0.5124 -0.8578 0.0407
vn 0.4424 -0.8968 -0.0001
vn 0.4540 -0.8910 0.0001
vn 0.7118 -0.7024 0.0018
vn 0.7050 -0.7092 0.0010
vn 0.7070 -0.7072 0.0012
vn 0.9416 -0.3282 0.0756
vn 0.8789 -0.4770 0.0020
vn 0.8910 -0.4540 0.0012
vn 0.9896 -0.1436 0.0017
vn 0.9880 -0.1543 0.0013
vn 0.9882 -0.1534 0.0013
vn -0.0554 0.0772 0.9955
vn -0.2226 0.2046 0.9532
vn -0.1214 -0.1571 0.9801
vn 0.0121 0.0088 0.9999
vn -0.1330 0.1671 0.9769
vn -0.2060 -0.1910 0.9597
vn -0.0997 -0.2106 0.9725
vn -0.0285 -0.0046 0.9996
vn -0.2095 0.1895 0.9593
vn -0.2424 -0.1487 0.9587
vn -0.0574 -0.1295 0.9899
vn -0.0957 0.1438 0.9850
vn -0.2624 -0.0964 0.9601
vn -0.1283 -0.1382 0.9821
vn -0.0814 0.0799 0.9935
vn -0.2439 -0.0439 0.9688
vn -0.1880 -0.1046 0.9766
vn -0.1073 0.0207 0.9940
vn -0.1943 -0.0132 0.9809
vn -0.2154 -0.0443 0.9755
vn -0.1627 -0.0113 0.9866
vn -0.1324 -0.0146 0.9911
vn -0.2053 0.0198 0.9785
vn -0.2239 -0.0005 0.9746
vn -0.0795 -0.0483 0.9957
vn -0.1638 0.0664 0.9843
vn -0.2651 0.0462 0.9631
vn -0.9749 -0.0147 -0.2223
vn -0.9924 0.0356 -0.1179
vn -0.9919 -0.0187 -0.1256
vn -0.7430 -0.5998 0.2971
vn -0.7430 0.5998 -0.2971
vn -0.7071 -0.3139 -0.6336
vn -0.7071 0.3139 0.6336
vn -0.0000 -0.4439 -0.8961
vn -0.0000 -0.8961 0.4439
vn -0.0000 0.4439 0.8961
vn -0.0000 0.8961 -0.4439
vn -0.6367 -0.4622 -0.6172
vn -0.7542 -0.5470 0.3634
vn -0.6928 -0.7011 -0.1687
vn -0.7819 -0.0000 0.6234
vn 0.1480 -0.0769 0.9860
vn 0.2022 0.0438 0.9784
vn -0.0113 -0.0618 0.9980
vn -0.2745 -0.0041 0.9616
vn -0.0388 0.0080 0.9992
vn 0.2030 0.2736 0.9402
vn 0.2647 -0.2012 0.9431
vn 0.1528 0.0786 0.9851
vn 0.3834 0.0146 0.9235
vn -0.9483 -0.3038 -0.0916
vn -0.6143 -0.7890 -0.0030
vn -0.9938 -0.1057 -0.0343
vn -0.9908 -0.1011 -0.0897
vn 0.1013 -0.9948 0.0045
vn -0.1000 0.9939 -0.0461
vn -0.0891 -0.0048 0.9960
vn -0.0898 0.1414 0.9859
vn -0.0782 0.4404 0.8944
vn -0.0589 0.6963 0.7154
vn -0.0338 0.8840 0.4663
vn -0.0055 0.9851 0.1716
vn 0.0235 0.9899 -0.1399
vn 0.0501 0.8977 -0.4377
vn 0.0718 0.7177 -0.6926
vn 0.0864 0.4674 -0.8798
vn 0.0927 0.1714 -0.9808
vn 0.0898 -0.1414 -0.9859
vn 0.0782 -0.4404 -0.8944
vn 0.0589 -0.6963 -0.7154
vn 0.0338 -0.8840 -0.4663
vn 0.0054 -0.9851 -0.1716
vn -0.0235 -0.9899 0.1399
vn -0.0500 -0.8977 0.4377
vn -0.0718 -0.7177 0.6926
vn -0.8323 -0.0582 -0.5512
vn -0.0864 -0.4674 0.8798
vn -0.0927 -0.1714 0.9808
vn 0.9957 -0.0106 0.0922
vn -0.8864 -0.4628 -0.0143
vn -0.8913 0.4308 0.1413
vn -0.8340 0.2322 -0.5006
vn -0.8590 -0.4123 -0.3034
vn -0.9164 -0.2136 0.3385
vn -0.9124 0.2193 0.3455
vn -0.8513 0.4374 -0.2898
vn -0.8379 -0.2007 -0.5076
vn -0.8991 -0.4188 0.1277
vn -0.8778 0.4790 0.0008
vn -0.8310 0.0910 -0.5488
vn -0.8726 -0.4605 -0.1629
vn -0.9194 -0.0724 0.3867
vn -0.9033 0.3413 0.2601
vn -0.8410 0.3515 -0.4114
vn -0.8471 -0.3228 -0.4222
vn -0.9180 0.0767 0.3891
vn -0.9094 -0.3330 0.2493
vn -0.8640 0.4813 -0.1478
vn -0.9957 0.0106 -0.0922
vn 0.0717 0.7177 -0.6926
vn -0.0501 -0.8977 0.4377
vn -0.0718 -0.7177 0.6927
vn 0.9926 0.1014 0.0667
vn -0.9926 -0.1014 -0.0667
vn -0.0668 -0.0023 0.9978
vn 0.0668 0.0023 -0.9978
vn 0.1031 -0.9945 -0.0185
vn -0.1013 0.9948 -0.0045
vn -0.9932 -0.0900 -0.0744
vn -0.9915 -0.0994 -0.0840
vn -0.9918 -0.0969 -0.0828
vn -0.9930 -0.0905 -0.0761
vn -0.9916 -0.0994 -0.0827
vn -0.8192 -0.2337 0.5237
vn -0.7371 0.6618 -0.1365
vn -0.7583 -0.0784 -0.6472
vn 0.3896 -0.5261 0.7560
vn 0.5417 -0.2233 0.8104
vn 0.6165 -0.0544 0.7855
vn 0.1349 -0.8268 0.5461
vn 0.0580 -0.8553 0.5149
vn 0.0625 -0.8546 0.5155
vn 0.0581 -0.8554 0.5146
vn 0.1331 -0.8708 0.4734
vn 0.0933 -0.8967 0.4327
vn 0.1099 -0.8897 0.4431
vn -0.3610 -0.6567 -0.6622
vn -0.3134 -0.6069 -0.7304
vn 0.1628 -0.6303 -0.7591
vn 0.3002 0.3377 -0.8921
vn 0.5300 0.0225 -0.8477
vn 0.3306 -0.2770 -0.9022
vn 0.1741 -0.4222 0.8896
vn 0.0227 -0.5125 0.8584
vn 0.1695 -0.5152 0.8402
vn 0.4109 -0.1085 -0.9052
vn 0.3836 -0.1032 -0.9177
vn 0.5402 -0.5001 -0.6768
vn 0.2237 -0.0279 0.9743
vn -0.0273 -0.8502 -0.5258
vn -0.0437 -0.8573 -0.5129
vn -0.0425 -0.8526 -0.5208
vn 0.9600 -0.2416 -0.1413
vn 0.9346 -0.2855 -0.2121
vn 0.9506 -0.2891 -0.1130
vn 0.9546 -0.2737 -0.1173
vn 0.9629 -0.2445 -0.1145
vn 0.1996 -0.1628 0.9663
vn 0.2967 0.9526 -0.0673
vn -0.3047 -0.9518 0.0362
vn 1.0000 -0.0000 -0.0001
vn 1.0000 -0.0000 0.0001
vn -0.6835 -0.3103 0.6607
vn -0.6547 -0.3130 0.6881
vn -0.6412 -0.2900 0.7104
vn -0.5915 0.3686 -0.7171
vn -0.5915 0.3236 -0.7385
vn -0.6000 0.3117 -0.7368
vn -0.6408 -0.0831 -0.7632
vn -0.6434 -0.1626 -0.7481
vn -0.6481 0.7608 -0.0339
vn -0.6349 0.7614 -0.1313
vn -0.6379 0.0922 0.7646
vn -0.6341 0.1236 0.7633
vn -0.5324 -0.6635 0.5257
vn -0.5627 -0.6361 0.5280
vn -0.5800 -0.6122 0.5375
vn -0.7960 -0.1608 -0.5835
vn -0.7977 -0.2048 -0.5672
vn -0.8164 -0.2351 -0.5275
vn -0.6853 0.4909 0.5380
vn -0.6516 0.5519 0.5204
vn -0.6483 0.6009 0.4675
vn -0.8798 -0.4542 -0.1399
vn -0.8513 -0.5216 -0.0575
vn -0.8529 -0.5207 -0.0382
vn -0.0565 0.9697 -0.2377
vn -0.0403 0.9769 -0.2097
vn -0.0174 0.9792 -0.2019
vn 0.0529 -0.2951 0.9540
vn 0.0535 -0.2829 0.9577
vn 0.0273 -0.2912 0.9563
vn -0.0181 0.4314 -0.9020
vn -0.0320 0.4097 -0.9117
vn -0.0478 0.4040 -0.9135
vn -0.1310 0.1570 0.9789
vn -0.1811 0.1424 0.9731
vn 0.0348 -0.2527 0.9669
vn -0.7321 -0.1014 -0.6736
vn 0.0805 0.9942 -0.0718
vn 0.0448 -0.6711 0.7400
vn 0.1895 -0.7712 0.6077
vn 0.0183 0.6437 0.7650
vn 0.0276 0.6606 0.7503
vn 0.0908 -0.0029 -0.9959
vn -0.2840 -0.0179 0.9587
vn 0.1400 0.9794 -0.1452
vn 0.2218 0.1496 0.9635
vn 0.2529 0.1302 0.9587
vn 0.2733 0.1403 0.9516
vn 0.2526 0.1308 0.9587
vn 0.2393 0.0701 0.9684
vn 0.2736 0.0500 0.9605
vn 0.2401 0.0723 0.9681
vn 0.2510 0.0034 0.9680
vn 0.2509 -0.0259 0.9677
vn 0.2349 -0.0082 0.9720
vn 0.8656 0.0171 0.5005
vn 0.0459 -0.5203 0.8527
vn 0.1832 0.0003 0.9831
vn 0.1130 0.0973 0.9888
vn 0.2182 0.1413 0.9656
vn 0.1568 0.3089 0.9381
vn 0.5216 0.1825 0.8335
vn 0.1630 0.1735 0.9712
vn 0.5539 0.0803 0.8287
vn 0.2344 0.0195 0.9720
vn -0.0235 0.9996 -0.0162
vn -0.0097 0.9988 -0.0472
vn -0.0644 0.9961 -0.0610
vn -0.0127 0.9990 -0.0433
vn 0.9168 0.3897 0.0869
vn 0.9273 -0.1953 0.3192
vn 0.8199 0.4695 0.3275
vn 0.9989 0.0472 -0.0068
vn 0.9992 -0.0258 -0.0291
vn 0.9993 0.0110 0.0367
vn 0.9365 0.0156 0.3502
vn 0.9363 0.0090 0.3510
vn 0.9355 0.0148 0.3529
vn -0.9843 0.0689 0.1623
vn -0.9826 0.1029 0.1543
vn 0.1417 0.9865 -0.0824
vn -0.0360 0.9982 -0.0481
vn -0.0376 0.9963 -0.0776
vn 1.0000 0.0043 -0.0054
vn 0.9996 0.0281 -0.0006
vn 0.9998 -0.0158 -0.0126
vn 0.2357 0.0544 0.9703
vn 0.2354 0.0546 0.9704
vn 0.2345 0.0538 0.9706
vn -0.9961 0.0864 0.0172
vn -0.9961 0.0872 0.0150
vn -0.9973 0.0720 0.0134
vn 0.0098 0.1003 0.9949
vn 0.0272 0.0951 0.9951
vn 0.0092 0.0983 0.9951
vn 0.5370 0.1499 -0.8302
vn 0.2627 0.2579 -0.9298
vn 0.5559 0.0296 -0.8307
vn 0.0746 0.8174 0.5713
vn 0.0685 0.8193 0.5693
vn 0.0696 0.8182 0.5707
vn 0.1294 0.4234 0.8967
vn 0.1176 0.4312 0.8946
vn 0.1059 0.4245 0.8992
vn -0.0064 -0.6291 0.7773
vn 0.1570 -0.7435 0.6500
vn 0.2307 -0.6021 0.7644
vn -0.0998 -0.6251 0.7741
vn -0.2073 -0.8613 0.4640
vn 0.1420 -0.5079 0.8496
vn 0.0954 0.0630 0.9934
vn 0.1758 0.2906 0.9405
vn -0.3215 0.0555 0.9453
vn 0.0973 0.1302 0.9867
vn 0.0976 0.1302 0.9867
vn -0.3656 0.3068 0.8788
vn -0.2560 0.1135 0.9600
vn -0.4897 0.7910 0.3667
vn -0.4860 0.8245 0.2897
vn -0.2733 0.9446 0.1819
vn -0.3887 0.7867 0.4796
vn 0.0297 0.0260 0.9992
vn 0.1189 0.9222 0.3681
vn -0.4032 0.2728 0.8735
vn -0.1735 0.2554 0.9511
vn 0.2632 0.1713 0.9494
vn 0.8374 0.0560 0.5437
vn 0.0526 -0.7757 0.6290
vn 0.0676 0.0649 0.9956
vn 0.1183 0.1286 0.9846
vn 0.1184 0.1291 0.9845
vn 0.1208 0.1335 0.9837
vn -0.0543 -0.9559 -0.2887
vn -0.0560 -0.9556 -0.2894
vn -0.0547 -0.9510 -0.3043
vn 0.0348 -0.7403 0.6713
vn 0.1229 0.5495 0.8264
vn 0.1409 0.4177 0.8976
vn 0.1016 0.5566 0.8245
vn -0.3987 0.5046 0.7658
vn 0.0868 0.1118 0.9899
vn 0.7623 -0.0904 0.6409
vn 0.0974 0.4432 0.8911
vn 0.0951 0.4443 0.8908
vn 0.0976 0.4435 0.8910
vn -0.1878 0.4343 0.8810
vn -0.0237 0.9725 0.2318
vn -0.4569 0.8803 0.1277
vn -0.0106 0.8710 0.4912
vn 0.0161 0.1719 0.9850
vn 0.7084 0.2523 0.6592
vn 0.0434 0.1090 0.9931
vn 0.0134 -0.9426 0.3338
vn -0.0911 0.0766 0.9929
vn 0.0807 0.9866 0.1420
vn -0.2899 0.1642 0.9429
vn 0.0317 0.2039 0.9785
vn 0.1532 0.3767 0.9136
vn 0.9233 0.3342 -0.1890
vn 0.1537 0.3658 0.9179
vn 0.0766 0.8667 0.4929
vn 0.0789 0.8666 0.4927
vn -0.9929 0.0399 0.1117
vn -0.9595 -0.0363 -0.2794
vn 0.1966 0.2541 0.9470
vn 0.1402 0.2960 0.9448
vn 0.1564 0.1900 0.9693
vn 0.8138 0.5719 -0.1033
vn -0.0004 0.8618 -0.5073
vn 0.0413 0.9980 -0.0481
vn -0.0259 0.9122 -0.4088
vn -0.9789 0.2015 0.0336
vn 0.0269 0.9008 -0.4335
vn 0.0287 0.9007 -0.4335
vn 0.0272 0.9541 -0.2981
vn 0.0344 0.9468 -0.3201
vn -0.0467 0.8616 -0.5054
vn 0.0283 0.9985 -0.0474
vn 0.0828 0.9374 0.3383
vn 0.3959 0.9138 0.0907
vn -0.1255 0.0234 -0.9918
vn -0.1058 0.0505 -0.9931
vn -0.1302 0.0268 -0.9911
vn -0.7788 0.0626 -0.6241
vn 0.0368 0.0191 -0.9991
vn -0.0304 0.0250 -0.9992
vn 0.0180 -0.0375 -0.9991
vn -0.0238 0.9997 -0.0106
vn 0.9927 -0.0646 -0.1017
vn 0.0264 0.5443 0.8385
vn 0.0700 0.5470 0.8342
vn -0.0835 0.5673 0.8193
vn -0.2194 0.0929 0.9712
vn -0.9682 0.2354 -0.0842
vn 0.1191 -0.8512 -0.5111
vn -0.1242 0.0922 0.9880
vn -0.0218 0.9324 0.3607
vn -0.0535 0.9317 0.3592
vn -0.5626 0.6166 0.5506
vn -0.7917 0.0922 -0.6039
vn -0.1735 -0.0000 -0.9848
vn -0.9990 0.0081 0.0445
vn -0.9900 0.0661 -0.1248
vn -0.0094 -0.0015 1.0000
vn -0.7012 -0.5723 0.4252
vn -0.9370 -0.3286 0.1183
vn -0.8998 -0.2606 -0.3500
vn -0.0665 -0.9972 0.0349
vn -0.3784 -0.8475 -0.3723
vn 0.3971 -0.9159 0.0589
vn -0.9391 -0.1192 -0.3222
vn -0.9390 -0.1192 -0.3227
vn -0.1548 -0.0246 0.9876
vn -0.3877 -0.2819 0.8776
vn 0.1372 0.2005 0.9701
vn -0.3438 0.5407 0.7677
vn -0.3597 -0.3574 0.8619
vn -0.0001 -0.0016 -1.0000
vn -0.0028 0.0044 -1.0000
vn 0.0018 -0.0009 -1.0000
vn -0.0327 -0.4121 -0.9105
vn -0.0277 -0.4077 -0.9127
vn 0.0420 -0.1245 -0.9913
vn -0.1086 -0.1213 -0.9867
vn -0.3579 -0.0702 -0.9311
vn -0.3210 -0.0868 -0.9431
vn -0.0590 -0.2662 -0.9621
vn -0.0677 -0.3434 -0.9367
vn -0.0221 -0.0341 -0.9992
vn -0.0255 -0.0344 -0.9991
vn 0.0577 0.0220 -0.9981
vn 0.0482 -0.0501 -0.9976
vn 0.0946 0.3022 -0.9485
vn -0.4461 -0.0424 0.8940
vn 0.8249 0.1014 0.5561
vn 0.1006 -0.6133 0.7834
vn 0.1979 0.7074 0.6786
vn 0.2462 0.0629 0.9672
vn -0.0710 0.8046 -0.5896
vn -0.0813 0.8093 -0.5817
vn -0.0812 0.8087 -0.5827
vn -0.5717 0.7848 0.2392
vn -0.4506 0.3064 -0.8385
vn -0.9889 0.1436 0.0388
vn -0.0167 0.5605 0.8280
vn 0.3433 0.9211 0.1835
vn -0.7902 0.6015 0.1175
vn -0.0799 0.7251 0.6839
vn -0.0850 0.7148 0.6941
vn -0.0867 0.7187 0.6899
vn 0.8508 -0.3821 0.3608
vn -0.3920 -0.7764 0.4935
vn 0.0086 -0.9678 0.2515
vn -0.0157 0.8121 -0.5833
vn -0.0321 0.8105 -0.5849
vn -0.0280 0.8184 -0.5740
vn 0.7648 -0.5366 0.3565
vn 0.8435 -0.4301 0.3217
vn 0.8474 -0.4020 0.3469
vn -0.1294 0.5530 0.8231
vn -0.0585 0.6339 0.7712
vn -0.1271 0.5490 0.8261
vn 0.2935 -0.6196 0.7280
vn -0.3310 -0.7936 0.5106
vn 0.0711 -0.9645 0.2543
vn -0.0213 -0.5983 -0.8010
vn 0.0332 -0.5092 -0.8600
vn 0.1115 -0.5121 -0.8517
vn -0.0531 0.1045 0.9931
vn -0.2747 -0.1062 0.9557
vn -0.1073 -0.0797 0.9910
vn -0.9896 0.1436 -0.0016
vn -0.9880 0.1543 -0.0012
vn -0.8949 0.4463 -0.0017
vn -0.8899 0.4561 -0.0011
vn -0.7118 0.7024 -0.0017
vn -0.7050 0.7092 -0.0009
vn -0.4601 0.8879 -0.0011
vn -0.4540 0.8910 -0.0000
vn -0.4497 0.8932 0.0002
vn -0.1579 0.9875 -0.0002
vn -0.1564 0.9877 -0.0000
vn -0.1556 0.9878 0.0001
vn 0.1610 0.9870 0.0008
vn 0.1565 0.9877 -0.0000
vn 0.1303 0.9914 0.0109
vn 0.5124 0.8578 0.0407
vn 0.4424 0.8968 -0.0001
vn 0.7215 0.6924 0.0041
vn 0.6191 0.7836 0.0515
vn 0.9416 0.3282 0.0756
vn 0.8789 0.4770 0.0019
vn 0.9923 0.1238 0.0040
vn 0.9491 0.3054 0.0768
vn -0.2775 0.0191 0.9605
vn -0.0550 -0.0157 0.9984
vn -0.0591 -0.0285 0.9978
vn -0.0968 -0.4005 0.9112
vn 0.0601 0.1178 0.9912
vn 0.0013 0.1631 0.9866
vn -0.0998 0.2106 0.9725
vn -0.2096 -0.1895 0.9593
vn -0.0285 0.0046 0.9996
vn -0.2424 0.1487 0.9587
vn -0.0956 -0.1438 0.9850
vn -0.0574 0.1295 0.9899
vn -0.2623 0.0964 0.9602
vn -0.0814 -0.0799 0.9935
vn -0.1282 0.1382 0.9821
vn -0.2439 0.0440 0.9688
vn -0.1073 -0.0207 0.9940
vn -0.1880 0.1047 0.9766
vn -0.1943 0.0132 0.9809
vn -0.1627 0.0114 0.9866
vn -0.2154 0.0444 0.9755
vn -0.1324 0.0147 0.9911
vn -0.2239 0.0005 0.9746
vn -0.2054 -0.0198 0.9785
vn -0.0795 0.0484 0.9957
vn -0.2652 -0.0462 0.9631
vn -0.1638 -0.0664 0.9843
vn -0.6367 0.4622 -0.6172
vn -0.7542 0.5470 0.3634
vn -0.6144 -0.0000 -0.7890
vn 0.1480 0.0768 0.9860
vn -0.0113 0.0618 0.9980
vn 0.2023 -0.0438 0.9783
vn -0.2205 -0.1588 0.9624
vn 0.2646 0.2013 0.9431
vn 0.3834 -0.0146 0.9235
vn 0.1528 -0.0786 0.9851
vn -0.8713 0.4886 -0.0454
vn -0.6143 0.7890 -0.0030
vn -0.9784 0.1363 -0.1551
vn -0.1000 -0.9939 -0.0461
vn -0.0897 0.0050 0.9960
vn 0.0718 -0.7177 -0.6926
vn 0.0927 -0.1714 -0.9808
vn -0.0234 0.9899 0.1399
vn -0.0501 0.8977 0.4377
vn 0.9957 0.0106 0.0924
vn 0.9957 0.0106 0.0923
vn 0.9957 0.0106 0.0921
vn 0.9957 0.0105 0.0922
vn 0.9957 0.0105 0.0923
vn 0.0234 -0.9899 -0.1399
vn -0.8590 0.4123 -0.3034
vn -0.8991 0.4188 0.1277
vn -0.8778 -0.4790 0.0008
vn -0.9033 -0.3413 0.2601
vn -0.8409 -0.3515 -0.4114
vn -0.9094 0.3330 0.2493
vn -0.9957 -0.0106 -0.0920
vn -0.9957 -0.0105 -0.0921
vn -0.9957 -0.0107 -0.0921
vn -0.9957 -0.0106 -0.0923
vn -0.9957 -0.0106 -0.0924
vn -0.9957 -0.0107 -0.0922
vn -0.9957 -0.0105 -0.0922
vn -0.0717 0.7177 0.6926
vn -0.0054 -0.9851 0.1716
vn -0.9926 0.0886 -0.0835
vn -0.9924 0.0982 -0.0743
vn -0.9918 0.0969 -0.0828
vn -0.9930 0.0905 -0.0761
vn -0.9931 0.0895 -0.0762
vn 0.3896 0.5261 0.7560
vn 0.5474 0.2171 0.8082
vn 0.6055 0.0217 0.7955
vn 0.0509 0.8368 0.5452
vn 0.0526 0.8364 0.5456
vn 0.0685 0.8391 0.5397
vn 0.1331 0.8708 0.4734
vn 0.1099 0.8897 0.4431
vn 0.0933 0.8967 0.4327
vn -0.3439 0.4807 -0.8066
vn -0.1951 0.6953 -0.6917
vn 0.0820 0.7198 -0.6893
vn 0.3002 -0.3378 -0.8921
vn 0.3306 0.2770 -0.9022
vn 0.5300 -0.0225 -0.8477
vn 0.1741 0.4222 0.8896
vn 0.1695 0.5152 0.8402
vn 0.0226 0.5125 0.8584
vn 0.4109 0.1085 -0.9052
vn 0.5402 0.5001 -0.6768
vn 0.3836 0.1031 -0.9177
vn 0.2376 0.0249 0.9710
vn -0.0208 0.8533 -0.5209
vn -0.0355 0.8508 -0.5243
vn -0.0169 0.8569 -0.5152
vn 0.9600 0.2416 -0.1413
vn 0.9913 -0.0251 -0.1291
vn 0.9506 0.2891 -0.1130
vn 0.9510 0.2928 -0.0990
vn 0.9418 0.2596 -0.2137
vn -0.3047 0.9518 0.0362
vn -0.6412 0.2900 0.7104
vn -0.6547 0.3130 0.6880
vn -0.6835 0.3103 0.6607
vn -0.6853 -0.3006 -0.6633
vn -0.6517 -0.3640 -0.6654
vn -0.6483 -0.4270 -0.6303
vn -0.6434 0.1626 -0.7481
vn -0.6408 0.0831 -0.7632
vn -0.6457 -0.7380 -0.1957
vn -0.6449 -0.7629 -0.0449
vn -0.6408 -0.1568 0.7516
vn -0.6434 -0.0765 0.7617
vn -0.5800 0.6122 0.5375
vn -0.5627 0.6361 0.5280
vn -0.5324 0.6635 0.5257
vn -0.6408 0.5686 -0.5159
vn -0.6434 0.5096 -0.5712
vn -0.6483 -0.6009 0.4675
vn -0.6517 -0.5519 0.5204
vn -0.6853 -0.4909 0.5379
vn -0.8529 0.5206 -0.0381
vn -0.8513 0.5215 -0.0574
vn -0.8798 0.4542 -0.1399
vn -0.0174 -0.9792 -0.2019
vn -0.0403 -0.9769 -0.2097
vn -0.0565 -0.9697 -0.2377
vn -0.1164 0.5902 0.7988
vn -0.0379 0.5650 0.8242
vn -0.0206 0.5811 0.8136
vn -0.0478 -0.4040 -0.9135
vn -0.0320 -0.4097 -0.9117
vn -0.0181 -0.4314 -0.9020
vn 0.0348 0.2527 0.9669
vn -0.1811 -0.1424 0.9731
vn -0.1310 -0.1570 0.9789
vn -0.7321 0.1014 -0.6736
vn 0.0805 -0.9942 -0.0718
vn -0.7930 -0.5914 0.1463
vn 0.0448 0.6711 0.7400
vn 0.1895 0.7712 0.6077
vn 0.0168 -0.6260 0.7796
vn 0.0066 -0.6223 0.7827
vn 0.0409 -0.6280 0.7771
vn 0.0908 0.0029 -0.9959
vn -0.2840 0.0179 0.9587
vn 0.1400 -0.9794 -0.1452
vn 0.2218 -0.1496 0.9635
vn 0.2526 -0.1308 0.9587
vn 0.2733 -0.1403 0.9516
vn 0.2529 -0.1302 0.9587
vn 0.3509 -0.1228 0.9283
vn 0.3801 -0.1483 0.9130
vn 0.3551 -0.1563 0.9217
vn 0.2322 0.0078 0.9726
vn 0.2583 0.0186 0.9659
vn 0.2350 0.0044 0.9720
vn 0.4183 -0.0938 0.9035
vn 0.0459 0.5203 0.8527
vn 0.1654 -0.0773 0.9832
vn 0.1458 -0.0289 0.9889
vn 0.2182 -0.1413 0.9656
vn 0.5215 -0.1825 0.8335
vn 0.1568 -0.3089 0.9381
vn 0.5539 -0.0803 0.8287
vn 0.1630 -0.1735 0.9712
vn 0.2324 -0.0286 0.9722
vn 0.2330 -0.0147 0.9724
vn -0.0235 -0.9996 -0.0162
vn -0.2096 0.1340 -0.9685
vn 0.2147 -0.9682 -0.1285
vn 0.1638 -0.9776 -0.1321
vn 0.1905 -0.9770 -0.0956
vn 0.5179 -0.3845 0.7642
vn 0.8076 0.1633 0.5666
vn 0.6969 -0.4746 0.5377
vn 0.9993 -0.0110 0.0367
vn 0.9992 0.0258 -0.0291
vn 0.9989 -0.0472 -0.0068
vn 0.9355 -0.0149 0.3530
vn 0.9363 -0.0090 0.3510
vn 0.9366 -0.0157 0.3502
vn -0.9833 -0.0697 0.1684
vn -0.9826 -0.1029 0.1543
vn 0.1417 -0.9865 -0.0824
vn -0.0360 -0.9982 -0.0481
vn -0.0376 -0.9963 -0.0776
vn 1.0000 -0.0043 -0.0054
vn 0.9996 -0.0281 -0.0006
vn 0.9999 0.0085 -0.0071
vn 0.9997 -0.0097 -0.0232
vn 0.2456 -0.0636 0.9673
vn 0.2459 -0.0644 0.9671
vn 0.2471 -0.0646 0.9668
vn -0.9973 -0.0720 0.0134
vn -0.9961 -0.0872 0.0150
vn -0.9961 -0.0864 0.0172
vn 0.0222 -0.0877 0.9959
vn 0.0131 -0.1038 0.9945
vn 0.0153 -0.1047 0.9944
vn 0.5560 -0.0318 -0.8305
vn 0.3815 -0.2753 -0.8824
vn 0.3050 -0.2732 -0.9123
vn 0.0696 -0.8182 0.5707
vn 0.0685 -0.8193 0.5693
vn 0.0746 -0.8174 0.5713
vn 0.1144 -0.3939 0.9120
vn 0.1174 -0.3947 0.9113
vn 0.1308 -0.3844 0.9138
vn 0.2306 0.6021 0.7644
vn 0.1569 0.7435 0.6501
vn -0.0064 0.6291 0.7773
vn -0.0721 0.2143 0.9741
vn 0.3368 -0.1871 0.9228
vn 0.2097 0.1579 0.9649
vn 0.0954 -0.0630 0.9934
vn 0.1758 -0.2906 0.9406
vn 0.0976 -0.1302 0.9867
vn 0.0973 -0.1301 0.9867
vn -0.3215 -0.0554 0.9453
vn -0.3978 -0.2851 0.8721
vn -0.2381 -0.4629 0.8538
vn -0.1808 -0.2386 0.9541
vn -0.2734 -0.9446 0.1818
vn -0.4860 -0.8245 0.2897
vn -0.4897 -0.7910 0.3667
vn 0.1188 -0.9222 0.3681
vn 0.0297 -0.0260 0.9992
vn -0.3887 -0.7867 0.4797
vn -0.4425 -0.0573 0.8950
vn -0.2245 -0.1646 0.9605
vn 0.0717 0.1844 0.9802
vn 0.6746 -0.0286 0.7376
vn 0.0526 0.7757 0.6290
vn 0.0676 -0.0649 0.9956
vn 0.1473 -0.4251 0.8931
vn 0.1453 -0.4223 0.8947
vn 0.1451 -0.4210 0.8954
vn 0.0722 0.8900 0.4502
vn 0.0743 0.8872 0.4554
vn 0.0746 0.8870 0.4556
vn 0.0259 0.7640 0.6446
vn 0.0695 -0.5584 0.8266
vn 0.1694 -0.4997 0.8495
vn 0.1595 -0.4355 0.8859
vn 0.7623 0.0904 0.6408
vn 0.0867 -0.1118 0.9899
vn -0.3986 -0.5046 0.7658
vn 0.0986 -0.4437 0.8907
vn 0.0958 -0.4434 0.8912
vn 0.0953 -0.4440 0.8909
vn 0.7005 -0.5345 0.4729
vn -0.8243 -0.4789 0.3020
vn -0.4174 -0.8959 0.1518
vn -0.5808 -0.6329 0.5119
vn -0.1476 -0.0671 0.9868
vn 0.7084 -0.2523 0.6592
vn 0.0434 -0.1090 0.9931
vn 0.0134 0.9426 0.3338
vn -0.0850 -0.0949 0.9919
vn 0.0185 -0.9754 0.2197
vn -0.0674 -0.2450 0.9672
vn 0.0317 -0.2039 0.9785
vn 0.1532 -0.3767 0.9136
vn 0.9233 -0.3342 -0.1890
vn 0.1537 -0.3658 0.9179
vn 0.0789 -0.8666 0.4927
vn 0.0766 -0.8667 0.4929
vn -0.9595 0.0362 -0.2794
vn -0.9929 -0.0399 0.1117
vn 0.1393 -0.2977 0.9444
vn 0.1559 -0.1921 0.9689
vn 0.0901 -0.2305 0.9689
vn 0.8138 -0.5719 -0.1033
vn -0.0351 -0.9211 -0.3879
vn 0.0436 -0.9982 -0.0409
vn -0.0259 -0.9122 -0.4088
vn -0.9789 -0.2015 0.0336
vn 0.0287 -0.9007 -0.4335
vn 0.0269 -0.9008 -0.4335
vn 0.0358 -0.8800 -0.4736
vn -0.0467 -0.8616 -0.5054
vn 0.0283 -0.9985 -0.0474
vn 0.0828 -0.9374 0.3383
vn 0.3959 -0.9138 0.0907
vn -0.1925 0.0014 -0.9813
vn -0.1683 -0.0176 -0.9856
vn -0.1764 0.0144 -0.9842
vn -0.7788 -0.0626 -0.6241
vn 0.0180 0.0375 -0.9991
vn -0.0304 -0.0250 -0.9992
vn 0.0368 -0.0191 -0.9991
vn -0.0479 -0.9970 0.0612
vn -0.0355 -0.9967 0.0724
vn 0.9876 -0.0118 -0.1564
vn 0.0019 -0.5073 0.8618
vn -0.0555 -0.5213 0.8515
vn -0.0695 -0.5614 0.8246
vn -0.1556 -0.1362 0.9784
vn -0.9888 -0.1425 -0.0434
vn 0.1191 0.8512 -0.5111
vn -0.2243 -0.0168 0.9744
vn -0.5627 -0.6166 0.5507
vn -0.0535 -0.9317 0.3592
vn -0.0218 -0.9324 0.3607
vn -0.7917 -0.0922 -0.6039
vn -0.7439 -0.0914 -0.6621
vn -0.9948 -0.0895 -0.0488
vn -0.9903 -0.0683 -0.1207
vn 0.0049 0.0128 0.9999
vn -0.7578 0.3700 0.5375
vn -0.8471 0.4375 -0.3015
vn -0.9787 -0.0178 -0.2045
vn -0.0656 0.9972 0.0357
vn 0.1750 0.9160 -0.3611
vn -0.9604 0.0645 -0.2710
vn -0.6958 0.3682 -0.6167
vn -0.9603 0.0640 -0.2715
vn -0.1559 0.0185 0.9876
vn 0.1916 0.4076 0.8928
vn -0.4975 0.0505 0.8660
vn -0.3597 0.3574 0.8619
vn -0.3438 -0.5407 0.7677
vn 0.1371 -0.2004 0.9701
vn 0.0018 0.0009 -1.0000
vn -0.0028 -0.0044 -1.0000
vn -0.0002 0.0017 -1.0000
vn -0.0056 0.6328 -0.7743
vn 0.0014 0.6326 -0.7745
vn -0.1086 0.1213 -0.9867
vn -0.2427 -0.1620 -0.9565
vn -0.0398 0.1319 -0.9905
vn -0.2840 0.2116 -0.9352
vn 0.0122 0.1116 -0.9937
vn 0.0498 0.0807 -0.9955
vn -0.0515 0.1582 -0.9861
vn -0.0360 -0.2646 -0.9637
vn -0.4461 0.0424 0.8940
vn 0.8249 -0.1014 0.5561
vn 0.1014 0.6097 0.7861
vn 0.1989 -0.7041 0.6817
vn 0.2540 -0.0537 0.9657
vn -0.0812 -0.8087 -0.5827
vn -0.0813 -0.8093 -0.5817
vn -0.0710 -0.8046 -0.5896
vn -0.9889 -0.1436 0.0387
vn -0.4505 -0.3064 -0.8385
vn -0.5717 -0.7848 0.2392
vn -0.0208 -0.6543 0.7559
vn -0.1001 -0.4563 0.8842
vn -0.1164 -0.9932 0.0041
vn -0.0867 -0.7187 0.6899
vn -0.0850 -0.7148 0.6941
vn -0.0799 -0.7251 0.6839
vn 0.7638 0.1983 0.6143
vn 0.1191 0.8988 -0.4218
vn -0.3574 0.8432 0.4016
vn -0.0280 -0.8184 -0.5740
vn -0.0321 -0.8105 -0.5849
vn -0.0157 -0.8121 -0.5833
vn 0.8092 0.3873 0.4418
vn 0.8439 0.4286 0.3227
vn 0.8010 0.5084 0.3160
vn -0.1100 -0.5321 0.8395
vn -0.1276 -0.5998 0.7899
vn -0.0856 -0.6306 0.7714
vn 0.0711 0.9645 0.2543
vn -0.3309 0.7936 0.5106
vn 0.2935 0.6196 0.7279
vn 0.1115 0.5121 -0.8517
vn 0.0332 0.5092 -0.8600
vn -0.0213 0.5983 -0.8010
vn -0.2045 -0.0721 0.9762
vn -0.1033 0.0846 0.9911
vn -0.0796 0.0747 0.9940
vn -0.9880 -0.1543 -0.0013
vn -0.9896 -0.1436 -0.0017
vn -0.8899 -0.4561 -0.0011
vn -0.8949 -0.4463 -0.0018
vn -0.6926 -0.7213 -0.0012
vn -0.7071 -0.7072 -0.0012
vn -0.7761 -0.6275 -0.0623
vn -0.4519 -0.8921 -0.0001
vn -0.4540 -0.8910 -0.0001
vn -0.4578 -0.8890 -0.0005
vn -0.1556 -0.9878 0.0001
vn -0.1564 -0.9877 -0.0000
vn -0.1579 -0.9875 -0.0002
vn 0.1303 -0.9914 0.0109
vn 0.1565 -0.9877 -0.0000
vn 0.1610 -0.9870 0.0008
vn 0.4497 -0.8932 -0.0002
vn 0.4601 -0.8879 0.0010
vn 0.6191 -0.7836 0.0515
vn 0.7071 -0.7072 0.0012
vn 0.7215 -0.6924 0.0042
vn 0.8868 -0.4622 0.0010
vn 0.8941 -0.4479 0.0016
vn 0.9491 -0.3054 0.0769
vn 0.9923 -0.1238 0.0041
vn -0.0591 0.0285 0.9978
vn -0.0550 0.0157 0.9984
vn -0.2775 -0.0191 0.9605
vn 0.0013 -0.1631 0.9866
vn 0.0601 -0.1177 0.9912
vn -0.0968 0.4005 0.9112
vn -0.3373 -0.0316 0.9409
vn -0.1872 0.1896 0.9639
vn -0.1739 0.1867 0.9669
vn -0.4297 -0.1844 0.8839
vn -0.1047 -0.2410 0.9649
vn 0.0061 0.1309 0.9914
vn -0.4245 -0.0637 0.9032
vn -0.0834 -0.1025 0.9912
vn 0.0027 0.0991 0.9951
vn -0.3840 -0.0016 0.9233
vn -0.1476 -0.0907 0.9849
vn -0.0240 0.0499 0.9985
vn -0.3228 0.0215 0.9462
vn -0.1882 -0.0432 0.9812
vn -0.0611 0.0323 0.9976
vn -0.2622 0.0086 0.9650
vn -0.1899 0.0171 0.9817
vn -0.0894 0.0409 0.9952
vn -0.2195 -0.0282 0.9752
vn -0.1561 0.0648 0.9856
vn -0.0963 0.0615 0.9934
vn -0.6370 -0.4621 -0.6170
vn -0.7539 -0.5473 0.3636
vn 0.0396 -0.1310 0.9906
vn -0.0400 0.0080 0.9992
vn -0.0505 0.2447 0.9683
vn -0.2205 0.1588 0.9624
vn 0.2087 -0.0795 0.9747
vn 0.1753 0.2137 0.9610
vn 0.2350 -0.1693 0.9571
vn -0.8713 -0.4886 -0.0454
vn -0.6144 -0.7890 -0.0030
vn -0.9784 -0.1363 -0.1551
vn -0.0932 0.9948 -0.0421
vn -0.0897 -0.0050 0.9960
vn -0.0054 0.9852 0.1716
vn 0.0926 0.1714 -0.9808
vn 0.0054 -0.9852 -0.1716
vn -0.0234 -0.9899 0.1399
vn 0.9957 -0.0106 0.0924
vn 0.9957 -0.0105 0.0923
vn 0.9957 -0.0105 0.0922
vn 0.9957 -0.0106 0.0921
vn 0.9957 -0.0106 0.0923
vn -0.8864 -0.4628 -0.0144
vn -0.8591 -0.4123 -0.3034
vn -0.8990 -0.4188 0.1277
vn -0.8778 0.4791 0.0008
vn -0.9032 0.3413 0.2601
vn -0.9094 -0.3330 0.2492
vn -0.9957 0.0106 -0.0920
vn -0.9957 0.0107 -0.0922
vn -0.9957 0.0105 -0.0921
vn -0.9957 0.0106 -0.0924
vn -0.9957 0.0106 -0.0923
vn -0.9957 0.0107 -0.0921
vn -0.9957 0.0105 -0.0923
vn -0.0054 0.9851 0.1716
vn -0.0926 -0.1714 0.9808
vn -0.9926 -0.0886 -0.0835
vn -0.9924 -0.0982 -0.0743
vn -0.9925 -0.0904 -0.0827
vn -0.9923 -0.0975 -0.0758
vn -0.9931 -0.0895 -0.0762
vn 0.3247 -0.6020 0.7295
vn 0.5474 -0.2171 0.8082
vn 0.6055 -0.0217 0.7955
vn 0.0685 -0.8391 0.5397
vn 0.0526 -0.8364 0.5456
vn 0.0509 -0.8368 0.5452
vn -0.5047 -0.7965 0.3329
vn -0.4974 -0.7952 0.3466
vn -0.4922 -0.7620 0.4207
vn 0.0820 -0.7197 -0.6894
vn -0.1951 -0.6952 -0.6918
vn -0.3439 -0.4807 -0.8067
vn 0.0313 0.1703 -0.9849
vn 0.5232 0.2746 -0.8067
vn 0.4192 -0.2584 -0.8703
vn 0.1592 -0.5253 0.8359
vn 0.1451 -0.3992 0.9053
vn 0.1401 -0.5378 0.8314
vn 0.0166 -0.3858 -0.9224
vn 0.4768 -0.1354 -0.8685
vn 0.5829 -0.3996 -0.7075
vn 0.2376 -0.0249 0.9710
vn -0.0169 -0.8568 -0.5153
vn -0.0355 -0.8508 -0.5243
vn -0.0208 -0.8533 -0.5209
vn 0.8518 -0.2125 -0.4788
vn 0.9913 0.0251 -0.1291
vn 0.9495 -0.2970 -0.1011
vn 0.9510 -0.2928 -0.0990
vn 0.9418 -0.2596 -0.2137
vn -0.3046 -0.9518 0.0362
vt 0.148582 0.632243
vt 0.147583 0.616265
vt 0.148582 0.616265
vt 0.147583 0.632243
vt 0.146584 0.616265
vt 0.146584 0.632243
vt 0.145586 0.616265
vt 0.145586 0.632243
vt 0.144587 0.616265
vt 0.144587 0.632243
vt 0.143588 0.616265
vt 0.143588 0.632243
vt 0.142590 0.616265
vt 0.142590 0.632243
vt 0.141591 0.616265
vt 0.141591 0.632243
vt 0.140593 0.616265
vt 0.139594 0.632243
vt 0.139594 0.616265
vt 0.138595 0.632243
vt 0.138595 0.616265
vt 0.137597 0.632243
vt 0.137597 0.616265
vt 0.136598 0.632243
vt 0.136598 0.616265
vt 0.135599 0.632243
vt 0.135599 0.616265
vt 0.134601 0.632243
vt 0.134601 0.616265
vt 0.133602 0.632243
vt 0.133602 0.616265
vt 0.132603 0.632243
vt 0.132603 0.616265
vt 0.131605 0.632243
vt 0.131605 0.616265
vt 0.130606 0.632243
vt 0.130606 0.616265
vt 0.129607 0.632243
vt 0.129607 0.616265
vt 0.128609 0.632243
vt 0.128609 0.616265
vt 0.127610 0.632243
vt 0.127610 0.616265
vt 0.126612 0.632243
vt 0.126612 0.616265
vt 0.125613 0.632243
vt 0.125613 0.616265
vt 0.124614 0.632243
vt 0.124614 0.616265
vt 0.123616 0.616265
vt 0.123616 0.632243
vt 0.122617 0.616265
vt 0.122617 0.632243
vt 0.121618 0.616265
vt 0.121618 0.632243
vt 0.120620 0.616265
vt 0.120620 0.632243
vt 0.119621 0.616265
vt 0.119621 0.632243
vt 0.118622 0.616265
vt 0.118622 0.632243
vt 0.117624 0.616265
vt 0.117624 0.632243
vt 0.116625 0.616265
vt 0.136169 0.616265
vt 0.137061 0.616265
vt 0.823097 0.257931
vt 0.831086 0.249942
vt 0.823097 0.249942
vt 0.831086 0.257931
vt 0.823097 0.281899
vt 0.831086 0.273910
vt 0.823097 0.273910
vt 0.815108 0.265920
vt 0.823097 0.265920
vt 0.831086 0.265920
vt 0.839075 0.273910
vt 0.839075 0.265920
vt 0.811113 0.249942
vt 0.138096 0.616265
vt 0.126112 0.616265
vt 0.142633 0.616265
vt 0.143011 0.616265
vt 0.142610 0.616265
vt 0.141973 0.616265
vt 0.141235 0.616265
vt 0.140441 0.616265
vt 0.139614 0.616265
vt 0.138764 0.616265
vt 0.137899 0.616265
vt 0.137022 0.616265
vt 0.136138 0.616265
vt 0.135247 0.616265
vt 0.134352 0.616265
vt 0.133454 0.616265
vt 0.132554 0.616265
vt 0.131654 0.616265
vt 0.130754 0.616265
vt 0.129856 0.616265
vt 0.128961 0.616265
vt 0.128071 0.616265
vt 0.127186 0.616265
vt 0.126309 0.616265
vt 0.125444 0.616265
vt 0.124594 0.616265
vt 0.123767 0.616265
vt 0.122973 0.616265
vt 0.122235 0.616265
vt 0.121599 0.616265
vt 0.121197 0.616265
vt 0.121575 0.616265
vt 0.138470 0.616265
vt 0.125739 0.616265
vt 0.142943 0.616265
vt 0.143207 0.616265
vt 0.142754 0.616265
vt 0.142088 0.616265
vt 0.141329 0.616265
vt 0.140520 0.616265
vt 0.139681 0.616265
vt 0.138820 0.616265
vt 0.137946 0.616265
vt 0.135271 0.616265
vt 0.134368 0.616265
vt 0.133464 0.616265
vt 0.132558 0.616265
vt 0.131651 0.616265
vt 0.130745 0.616265
vt 0.129840 0.616265
vt 0.128938 0.616265
vt 0.128040 0.616265
vt 0.127147 0.616265
vt 0.126262 0.616265
vt 0.125388 0.616265
vt 0.124528 0.616265
vt 0.123688 0.616265
vt 0.122879 0.616265
vt 0.122120 0.616265
vt 0.121454 0.616265
vt 0.121001 0.616265
vt 0.121265 0.616265
vt 0.410018 0.904601
vt 0.409229 0.904601
vt 0.454279 0.895300
vt 0.453499 0.895300
vt 0.443529 0.895300
vt 0.453056 0.895300
vt 0.446733 0.895300
vt 0.460734 0.895300
vt 0.457106 0.895300
vt 0.458454 0.895300
vt 0.460544 0.895300
vt 0.458594 0.895300
vt 0.458287 0.895300
vt 0.459119 0.895300
vt 0.457783 0.895300
vt 0.458311 0.895300
vt 0.457174 0.895300
vt 0.457471 0.895300
vt 0.456501 0.895300
vt 0.455787 0.895300
vt 0.456611 0.895300
vt 0.455043 0.895300
vt 0.455736 0.895300
vt 0.454851 0.895300
vt 0.453061 0.895300
vt 0.452709 0.895300
vt 0.452159 0.895300
vt 0.451910 0.895300
vt 0.451106 0.895300
vt 0.451254 0.895300
vt 0.450298 0.895300
vt 0.449441 0.895300
vt 0.449490 0.895300
vt 0.448683 0.895300
vt 0.447630 0.895300
vt 0.447879 0.895300
vt 0.447080 0.895300
vt 0.445830 0.895300
vt 0.446289 0.895300
vt 0.444937 0.895300
vt 0.445510 0.895300
vt 0.444745 0.895300
vt 0.443178 0.895300
vt 0.444002 0.895300
vt 0.443287 0.895300
vt 0.442318 0.895300
vt 0.442615 0.895300
vt 0.441478 0.895300
vt 0.442006 0.895300
vt 0.439910 0.895300
vt 0.441502 0.895300
vt 0.441195 0.895300
vt 0.438791 0.895300
vt 0.441334 0.895300
vt 0.442683 0.895300
vt 0.402047 0.904601
vt 0.410914 0.904601
vt 0.405164 0.904601
vt 0.418568 0.904601
vt 0.414781 0.904601
vt 0.418946 0.904601
vt 0.416206 0.904601
vt 0.418544 0.904601
vt 0.416433 0.904601
vt 0.416186 0.904601
vt 0.417908 0.904601
vt 0.415725 0.904601
vt 0.417170 0.904601
vt 0.415148 0.904601
vt 0.416376 0.904601
vt 0.414502 0.904601
vt 0.415549 0.904601
vt 0.413810 0.904601
vt 0.414699 0.904601
vt 0.413086 0.904601
vt 0.412957 0.904601
vt 0.412340 0.904601
vt 0.411577 0.904601
vt 0.411182 0.904601
vt 0.410802 0.904601
vt 0.410287 0.904601
vt 0.409389 0.904601
vt 0.408436 0.904601
vt 0.407589 0.904601
vt 0.407642 0.904601
vt 0.406849 0.904601
vt 0.406689 0.904601
vt 0.406060 0.904601
vt 0.405791 0.904601
vt 0.405276 0.904601
vt 0.404005 0.904601
vt 0.404501 0.904601
vt 0.403121 0.904601
vt 0.403738 0.904601
vt 0.402244 0.904601
vt 0.402992 0.904601
vt 0.401379 0.904601
vt 0.402268 0.904601
vt 0.400529 0.904601
vt 0.401576 0.904601
vt 0.400930 0.904601
vt 0.399702 0.904601
vt 0.400353 0.904601
vt 0.398908 0.904601
vt 0.399892 0.904601
vt 0.398170 0.904601
vt 0.399645 0.904601
vt 0.397534 0.904601
vt 0.399872 0.904601
vt 0.397510 0.904601
vt 0.401297 0.904601
vt 0.140593 0.632243
vt 0.116625 0.632243
vt 0.831086 0.281899
vt 0.815108 0.273910
vt 0.456260 0.895300
vt 0.460997 0.895300
vt 0.459878 0.895300
vt 0.453959 0.895300
vt 0.450348 0.895300
vt 0.448535 0.895300
vt 0.446728 0.895300
vt 0.444052 0.895300
vt 0.440669 0.895300
vt 0.439244 0.895300
vt 0.439055 0.895300
vt 0.414031 0.904601
vt 0.413834 0.904601
vt 0.412073 0.904601
vt 0.408489 0.904601
vt 0.404896 0.904601
vt 0.397132 0.904601
vt 0.870413 0.906899
vt 0.868815 0.890920
vt 0.870413 0.890920
vt 0.868815 0.906899
vt 0.867218 0.890920
vt 0.867218 0.906899
vt 0.865620 0.890920
vt 0.865620 0.906899
vt 0.864022 0.890920
vt 0.864022 0.906899
vt 0.862424 0.890920
vt 0.862424 0.906899
vt 0.860826 0.890920
vt 0.860826 0.906899
vt 0.859228 0.890920
vt 0.859228 0.906899
vt 0.857631 0.890920
vt 0.857631 0.906899
vt 0.856033 0.890920
vt 0.856033 0.906899
vt 0.854435 0.890920
vt 0.854435 0.906899
vt 0.852837 0.890920
vt 0.852837 0.906899
vt 0.851239 0.890920
vt 0.851239 0.906899
vt 0.849642 0.890920
vt 0.849642 0.906899
vt 0.848044 0.890920
vt 0.848044 0.906899
vt 0.846446 0.890920
vt 0.846446 0.906899
vt 0.844848 0.890920
vt 0.844848 0.906899
vt 0.843250 0.890920
vt 0.843250 0.906899
vt 0.841652 0.890920
vt 0.444634 0.944008
vt 0.446232 0.944008
vt 0.840055 0.906899
vt 0.840055 0.890920
vt 0.838457 0.890920
vt 0.461891 0.920041
vt 0.451851 0.912746
vt 0.451851 0.927335
vt 0.452623 0.944008
vt 0.454221 0.944008
vt 0.436645 0.944008
vt 0.438243 0.944008
vt 0.455819 0.944008
vt 0.457417 0.944008
vt 0.447830 0.944008
vt 0.449428 0.944008
vt 0.439841 0.944008
vt 0.441439 0.944008
vt 0.431852 0.944008
vt 0.433449 0.944008
vt 0.460612 0.944008
vt 0.459015 0.944008
vt 0.451025 0.944008
vt 0.443036 0.944008
vt 0.435047 0.944008
vt 0.430254 0.944008
vt 0.462210 0.944008
vt 0.435873 0.927335
vt 0.440613 0.912746
vt 0.445912 0.920041
vt 0.816507 0.253255
vt 0.115801 0.902286
vt 0.100319 0.926908
vt 0.100310 0.926915
vt 0.100309 0.926906
vt 0.100315 0.926903
vt 0.816529 0.253274
vt 0.838279 0.252673
vt 0.838716 0.252423
vt 0.838638 0.252610
vt 0.099921 0.926693
vt 0.816879 0.267543
vt 0.817113 0.266701
vt 0.817803 0.267465
vt 0.452579 0.915241
vt 0.095025 0.899589
vt 0.085182 0.914354
vt 0.424770 0.914354
vt 0.424770 0.914354
vt 0.117172 0.929118
vt 0.828839 0.259507
vt 0.832334 0.264516
vt 0.832147 0.264547
vt 0.832303 0.264532
vt 0.832256 0.263549
vt 0.832334 0.263549
vt 0.809952 0.267365
vt 0.806307 0.257818
vt 0.811113 0.279396
vt 0.831460 0.262441
vt 0.112138 0.907322
vt 0.091822 0.894824
vt 0.097238 0.898156
vt 0.831429 0.262441
vt 0.456760 0.865138
vt 0.084366 0.942415
vt 0.118689 0.949832
vt 0.136350 0.933231
vt 0.127519 0.892520
vt 0.086504 0.896426
vt 0.114107 0.898907
vt 0.092710 0.908051
vt 0.114029 0.899095
vt 0.092710 0.908332
vt 0.100088 0.908022
vt 0.121309 0.921629
vt 0.106295 0.919928
vt 0.107725 0.910033
vt 0.092511 0.908379
vt 0.092511 0.908051
vt 0.144824 0.902007
vt 0.135902 0.932976
vt 0.078013 0.917057
vt 0.786310 0.581684
vt 0.491773 0.866920
vt 0.512089 0.879419
vt 0.126985 0.594399
vt 0.128583 0.594399
vt 0.145451 0.654945
vt 0.143853 0.638967
vt 0.145451 0.638967
vt 0.143853 0.654945
vt 0.142255 0.638967
vt 0.142255 0.654945
vt 0.140657 0.638967
vt 0.139059 0.654945
vt 0.139059 0.638967
vt 0.137462 0.638967
vt 0.137462 0.654945
vt 0.135864 0.638967
vt 0.134266 0.654945
vt 0.134266 0.638967
vt 0.132668 0.638967
vt 0.131070 0.654945
vt 0.131070 0.638967
vt 0.129472 0.638967
vt 0.130181 0.594399
vt 0.117399 0.594399
vt 0.115801 0.594399
vt 0.131779 0.594399
vt 0.118996 0.594399
vt 0.120594 0.594399
vt 0.122192 0.594399
vt 0.123790 0.594399
vt 0.125388 0.594399
vt 0.147031 0.929881
vt 0.145434 0.913902
vt 0.147031 0.913902
vt 0.145434 0.929881
vt 0.143836 0.913902
vt 0.143836 0.929881
vt 0.142238 0.913902
vt 0.142238 0.929881
vt 0.140640 0.913902
vt 0.140640 0.929881
vt 0.139042 0.913902
vt 0.139042 0.929881
vt 0.137445 0.913902
vt 0.137445 0.929881
vt 0.135847 0.913902
vt 0.135847 0.929881
vt 0.134249 0.913902
vt 0.134249 0.929881
vt 0.132651 0.913902
vt 0.132651 0.929881
vt 0.131053 0.913902
vt 0.131053 0.929881
vt 0.129455 0.913902
vt 0.129455 0.929881
vt 0.127858 0.913902
vt 0.127858 0.929881
vt 0.126260 0.913902
vt 0.126260 0.929881
vt 0.124662 0.913902
vt 0.124662 0.929881
vt 0.123064 0.913902
vt 0.123064 0.929881
vt 0.121466 0.913902
vt 0.121466 0.929881
vt 0.119868 0.913902
vt 0.119868 0.929881
vt 0.118271 0.913902
vt 0.118271 0.929881
vt 0.116673 0.913902
vt 0.116673 0.929881
vt 0.115075 0.913902
vt 0.145247 0.901405
vt 0.131373 0.905913
vt 0.136672 0.913207
vt 0.115075 0.929881
vt 0.115770 0.903543
vt 0.130358 0.903543
vt 0.127572 0.912118
vt 0.480420 0.888623
vt 0.486942 0.890090
vt 0.478953 0.890090
vt 0.480420 0.913296
vt 0.486942 0.911490
vt 0.485475 0.913296
vt 0.478953 0.911490
vt 0.480420 0.919874
vt 0.478953 0.920579
vt 0.485475 0.919874
vt 0.478953 0.904601
vt 0.470964 0.911123
vt 0.470964 0.904601
vt 0.478953 0.896612
vt 0.494931 0.904601
vt 0.486942 0.904601
vt 0.110885 0.878010
vt 0.117996 0.878850
vt 0.110007 0.885999
vt 0.110074 0.870021
vt 0.110885 0.870342
vt 0.110007 0.870376
vt 0.117104 0.870021
vt 0.117996 0.870374
vt 0.117117 0.870341
vt 0.103881 0.893988
vt 0.110007 0.893666
vt 0.110117 0.893988
vt 0.110898 0.870021
vt 0.117996 0.893828
vt 0.117775 0.900113
vt 0.117775 0.893988
vt 0.103698 0.893666
vt 0.103698 0.885999
vt 0.117028 0.901542
vt 0.110227 0.900113
vt 0.117996 0.885999
vt 0.124304 0.893669
vt 0.110007 0.878850
vt 0.117117 0.878010
vt 0.508825 0.919627
vt 0.455006 0.891458
vt 0.088722 0.902575
vt 0.144842 0.633354
vt 0.143619 0.645593
vt 0.143619 0.633354
vt 0.142395 0.645593
vt 0.142395 0.633354
vt 0.141171 0.633354
vt 0.141171 0.645593
vt 0.139947 0.633354
vt 0.138723 0.645593
vt 0.138723 0.633354
vt 0.137499 0.633354
vt 0.136275 0.645593
vt 0.136275 0.633354
vt 0.135051 0.645593
vt 0.135051 0.633354
vt 0.133827 0.645593
vt 0.133827 0.633354
vt 0.132603 0.645593
vt 0.132603 0.633354
vt 0.131380 0.633354
vt 0.130156 0.645593
vt 0.130156 0.633354
vt 0.128932 0.633354
vt 0.128932 0.645593
vt 0.127708 0.633354
vt 0.126484 0.645593
vt 0.126484 0.633354
vt 0.125260 0.633354
vt 0.125260 0.645593
vt 0.124036 0.633354
vt 0.122812 0.645593
vt 0.122812 0.633354
vt 0.131380 0.645593
vt 0.121588 0.645593
vt 0.121588 0.633354
vt 0.120364 0.645593
vt 0.120364 0.633354
vt 0.143476 0.623782
vt 0.132848 0.627235
vt 0.136908 0.632822
vt 0.137499 0.645593
vt 0.139947 0.645593
vt 0.127708 0.645593
vt 0.124036 0.645593
vt 0.144842 0.645593
vt 0.120897 0.625419
vt 0.132071 0.625419
vt 0.129937 0.631987
vt 0.124376 0.893274
vt 0.119633 0.631364
vt 0.791153 0.276674
vt 0.139319 0.931579
vt 0.771741 0.572305
vt 0.841652 0.906899
vt 0.446552 0.920041
vt 0.458729 0.913836
vt 0.458729 0.926245
vt 0.442751 0.926245
vt 0.433735 0.913836
vt 0.432038 0.924549
vt 0.117463 0.879974
vt 0.140657 0.654945
vt 0.135864 0.654945
vt 0.132668 0.654945
vt 0.132838 0.901405
vt 0.146712 0.905913
vt 0.141412 0.913207
vt 0.127572 0.899708
vt 0.115770 0.908283
vt 0.123064 0.913583
vt 0.485475 0.888623
vt 0.486942 0.920579
vt 0.117929 0.870021
vt 0.117996 0.900297
vt 0.124304 0.885999
vt 0.133970 0.623782
vt 0.144598 0.627235
vt 0.140538 0.632822
vt 0.129937 0.622482
vt 0.120897 0.629050
vt 0.126484 0.633109
vt 0.838457 0.906899
vt 0.454221 0.927710
vt 0.456591 0.927335
vt 0.460426 0.924549
vt 0.461515 0.922411
vt 0.448016 0.924549
vt 0.449713 0.926245
vt 0.446927 0.922411
vt 0.448016 0.915533
vt 0.446927 0.917671
vt 0.449713 0.913836
vt 0.456591 0.912746
vt 0.454221 0.912371
vt 0.461515 0.917671
vt 0.460426 0.915533
vt 0.440613 0.927335
vt 0.430573 0.920041
vt 0.444448 0.915533
vt 0.144840 0.902397
vt 0.129472 0.654945
vt 0.139042 0.913583
vt 0.143550 0.912118
vt 0.145247 0.910421
vt 0.146336 0.908283
vt 0.146336 0.903543
vt 0.143550 0.899708
vt 0.141412 0.898619
vt 0.139042 0.898244
vt 0.136672 0.898619
vt 0.134534 0.899708
vt 0.131748 0.903543
vt 0.131748 0.908283
vt 0.132838 0.910421
vt 0.134534 0.912118
vt 0.125434 0.913207
vt 0.120694 0.913207
vt 0.118556 0.912118
vt 0.116859 0.910421
vt 0.115395 0.905913
vt 0.116859 0.901405
vt 0.118556 0.899708
vt 0.120694 0.898619
vt 0.123064 0.898244
vt 0.125434 0.898619
vt 0.129269 0.901405
vt 0.130734 0.905913
vt 0.130358 0.908283
vt 0.129269 0.910421
vt 0.486942 0.896612
vt 0.494931 0.911123
vt 0.110975 0.901542
vt 0.138723 0.633109
vt 0.142176 0.631987
vt 0.143476 0.630688
vt 0.144310 0.629050
vt 0.144310 0.625419
vt 0.142176 0.622482
vt 0.140538 0.621647
vt 0.138723 0.621360
vt 0.136908 0.621647
vt 0.135270 0.622482
vt 0.133136 0.625419
vt 0.133136 0.629050
vt 0.133970 0.630688
vt 0.135270 0.631987
vt 0.128299 0.632822
vt 0.124669 0.632822
vt 0.123031 0.631987
vt 0.121731 0.630688
vt 0.120609 0.627235
vt 0.121731 0.623782
vt 0.123031 0.622482
vt 0.124669 0.621647
vt 0.126484 0.621360
vt 0.128299 0.621647
vt 0.131237 0.623782
vt 0.132359 0.627235
vt 0.132071 0.629050
vt 0.131237 0.630688
s 0
f 2/1/1 3/2/1 1/3/1
f 4/4/2 5/5/2 3/2/2
f 6/6/3 7/7/3 5/5/3
f 8/8/4 9/9/4 7/7/4
f 10/10/5 11/11/5 9/9/5
f 12/12/6 13/13/6 11/11/6
f 14/14/7 15/15/7 13/13/7
f 16/16/8 17/17/8 15/15/8
f 17/17/9 20/18/9 19/19/9
f 19/19/10 22/20/10 21/21/10
f 21/21/11 24/22/11 23/23/11
f 23/23/12 26/24/12 25/25/12
f 25/25/13 28/26/13 27/27/13
f 27/27/14 30/28/14 29/29/14
f 29/29/15 32/30/15 31/31/15
f 31/31/16 34/32/16 33/33/16
f 33/33/17 36/34/17 35/35/17
f 35/35/18 38/36/18 37/37/18
f 37/37/19 40/38/19 39/39/19
f 39/39/20 42/40/20 41/41/20
f 41/41/21 44/42/21 43/43/21
f 43/43/22 46/44/22 45/45/22
f 45/45/23 48/46/23 47/47/23
f 47/47/24 50/48/24 49/49/24
f 50/48/25 51/50/25 49/49/25
f 52/51/26 53/52/26 51/50/26
f 54/53/27 55/54/27 53/52/27
f 56/55/28 57/56/28 55/54/28
f 58/57/29 59/58/29 57/56/29
f 60/59/30 61/60/30 59/58/30
f 62/61/31 63/62/31 61/60/31
f 64/63/32 1/64/32 63/62/32
f 66/1/33 67/2/33 65/3/33
f 68/4/34 69/5/34 67/2/34
f 69/5/35 72/8/35 71/7/35
f 71/7/36 74/10/36 73/9/36
f 74/10/37 75/11/37 73/9/37
f 76/12/38 77/13/38 75/11/38
f 78/14/39 79/15/39 77/13/39
f 80/16/40 81/17/40 79/15/40
f 81/17/41 84/18/41 83/19/41
f 84/18/42 85/21/42 83/19/42
f 85/21/43 88/22/43 87/23/43
f 88/22/44 89/25/44 87/23/44
f 89/25/45 92/26/45 91/27/45
f 91/27/46 94/28/46 93/29/46
f 94/28/47 95/31/47 93/29/47
f 96/30/48 97/33/48 95/31/48
f 98/32/49 99/35/49 97/33/49
f 100/34/50 101/37/50 99/35/50
f 101/37/51 104/38/51 103/39/51
f 104/38/52 105/41/52 103/39/52
f 106/40/53 107/43/53 105/41/53
f 108/42/54 109/45/54 107/43/54
f 110/44/55 111/47/55 109/45/55
f 111/47/56 114/48/56 113/49/56
f 114/48/57 115/50/57 113/49/57
f 116/51/58 117/52/58 115/50/58
f 118/53/59 119/54/59 117/52/59
f 119/54/60 122/57/60 121/56/60
f 122/57/61 123/58/61 121/56/61
f 123/58/62 126/61/62 125/60/62
f 125/60/63 128/63/63 127/62/63
f 128/63/64 65/64/64 127/62/64
f 75/11/65 135/13/65 134/11/65
f 95/31/65 143/29/65 93/29/65
f 113/49/65 152/47/65 111/47/65
f 67/2/65 131/5/65 130/2/65
f 87/23/65 139/21/65 85/21/65
f 105/41/65 148/39/65 103/39/65
f 123/58/65 157/56/65 121/56/65
f 79/15/65 135/13/65 77/13/65
f 95/31/65 145/33/65 144/31/65
f 113/49/65 154/50/65 153/49/65
f 69/5/65 132/7/65 131/5/65
f 89/25/65 140/23/65 87/23/65
f 105/41/65 150/43/65 149/41/65
f 125/60/65 158/58/65 123/58/65
f 81/17/65 136/15/65 79/15/65
f 99/35/65 145/33/65 97/33/65
f 115/50/65 155/52/65 154/50/65
f 71/7/65 133/9/65 132/7/65
f 89/25/65 142/27/65 141/25/65
f 107/43/65 151/45/65 150/43/65
f 127/62/65 159/60/65 125/60/65
f 83/19/65 137/17/65 81/17/65
f 99/35/65 147/37/65 146/35/65
f 119/54/65 155/52/65 117/52/65
f 75/11/65 133/9/65 73/9/65
f 91/27/65 143/29/65 142/27/65
f 109/45/65 152/47/65 151/45/65
f 67/2/65 129/3/65 65/3/65
f 127/62/65 129/64/65 160/62/65
f 85/21/65 138/19/65 83/19/65
f 103/39/65 147/37/65 101/37/65
f 121/56/65 156/54/65 119/54/65
f 157/56/66 174/54/66 156/54/66
f 143/29/67 337/31/67 168/29/67
f 131/5/68 330/2/68 130/2/68
f 158/58/69 175/56/69 157/56/69
f 145/33/70 337/31/70 144/31/70
f 132/7/71 331/5/71 131/5/71
f 158/58/72 177/60/72 176/58/72
f 146/35/73 338/33/73 145/33/73
f 133/9/74 162/7/74 132/7/74
f 160/62/75 177/60/75 159/60/75
f 146/35/76 339/37/76 169/35/76
f 133/9/77 164/11/77 163/9/77
f 160/62/78 161/64/78 344/62/78
f 148/39/79 339/37/79 147/37/79
f 135/13/80 164/11/80 134/11/80
f 148/39/81 170/41/81 340/39/81
f 135/13/82 332/15/82 165/13/82
f 150/43/83 170/41/83 149/41/83
f 136/15/84 333/17/84 332/15/84
f 151/45/85 341/43/85 150/43/85
f 138/19/86 333/17/86 137/17/86
f 152/47/87 171/45/87 151/45/87
f 138/19/88 335/21/88 334/19/88
f 152/47/89 343/49/89 342/47/89
f 140/23/90 335/21/90 139/21/90
f 153/49/91 172/50/91 343/49/91
f 140/23/92 166/25/92 336/23/92
f 155/52/93 172/50/93 154/50/93
f 142/27/94 166/25/94 141/25/94
f 155/52/95 174/54/95 173/52/95
f 143/29/96 167/27/96 142/27/96
f 130/2/97 161/3/97 129/3/97
f 57/56/65 207/58/65 206/56/65
f 15/15/65 184/13/65 13/13/65
f 31/31/65 194/33/65 193/31/65
f 51/50/65 202/49/65 49/49/65
f 5/5/65 181/7/65 180/5/65
f 25/25/65 189/23/65 23/23/65
f 41/41/65 199/43/65 198/41/65
f 61/60/65 207/58/65 59/58/65
f 17/17/65 185/15/65 15/15/65
f 35/35/65 194/33/65 33/33/65
f 53/52/65 203/50/65 51/50/65
f 9/9/65 181/7/65 7/7/65
f 27/27/65 190/25/65 25/25/65
f 43/43/65 200/45/65 199/43/65
f 63/62/65 208/60/65 61/60/65
f 19/19/65 186/17/65 17/17/65
f 37/37/65 195/35/65 35/35/65
f 55/54/65 204/52/65 53/52/65
f 9/9/65 183/11/65 182/9/65
f 27/27/65 192/29/65 191/27/65
f 47/47/65 200/45/65 45/45/65
f 3/2/65 178/3/65 1/3/65
f 1/64/65 209/62/65 63/62/65
f 21/21/65 187/19/65 19/19/65
f 39/39/65 196/37/65 37/37/65
f 57/56/65 205/54/65 55/54/65
f 13/13/65 183/11/65 11/11/65
f 29/29/65 193/31/65 192/29/65
f 49/49/65 201/47/65 47/47/65
f 5/5/65 179/2/65 3/2/65
f 21/21/65 189/23/65 188/21/65
f 39/39/65 198/41/65 197/39/65
f 199/43/83 286/41/83 198/41/83
f 186/17/84 273/15/84 185/15/84
f 199/43/85 288/45/85 287/43/85
f 187/19/86 274/17/86 186/17/86
f 200/45/87 289/47/87 288/45/87
f 188/21/88 275/19/88 187/19/88
f 202/49/89 289/47/89 201/47/89
f 189/23/90 276/21/90 188/21/90
f 202/49/91 291/50/91 290/49/91
f 189/23/92 278/25/92 277/23/92
f 204/52/93 291/50/93 203/50/93
f 191/27/94 278/25/94 190/25/94
f 205/54/95 292/52/95 204/52/95
f 192/29/96 279/27/96 191/27/96
f 179/2/97 266/3/97 178/3/97
f 205/54/66 294/56/66 293/54/66
f 192/29/67 281/31/67 280/29/67
f 180/5/68 267/2/68 179/2/68
f 206/56/69 295/58/69 294/56/69
f 194/33/70 281/31/70 193/31/70
f 181/7/71 268/5/71 180/5/71
f 208/60/72 295/58/72 207/58/72
f 195/35/73 282/33/73 194/33/73
f 182/9/74 269/7/74 181/7/74
f 209/62/75 296/60/75 208/60/75
f 195/35/76 284/37/76 283/35/76
f 182/9/77 271/11/77 270/9/77
f 178/64/78 297/62/78 209/62/78
f 197/39/79 284/37/79 196/37/79
f 183/11/80 272/13/80 271/11/80
f 198/41/81 285/39/81 197/39/81
f 185/15/82 272/13/82 184/13/82
f 421/65/66 309/66/66 310/65/66
f 244/67/98 243/68/98 242/69/98
f 259/67/99 245/70/99 244/67/99
f 242/71/100 247/72/100 246/73/100
f 244/74/101 246/73/101 248/75/101
f 249/76/102 243/77/102 245/78/102
f 252/67/98 251/68/98 250/69/98
f 256/75/103 253/70/103 252/67/103
f 250/71/104 255/72/104 254/73/104
f 252/74/105 254/73/105 256/75/105
f 255/72/106 253/78/106 257/76/106
f 264/75/107 259/74/107 260/75/107
f 249/79/108 260/79/108 248/79/108
f 248/75/99 259/74/99 244/74/99
f 258/78/99 249/76/99 245/78/99
f 264/75/99 262/70/99 263/67/99
f 258/78/109 265/76/109 261/76/109
f 263/67/110 258/70/110 259/67/110
f 266/64/98 211/80/98 210/81/98
f 211/80/98 268/5/98 212/82/98
f 212/82/98 269/7/98 213/83/98
f 269/7/98 214/84/98 213/83/98
f 214/84/98 271/11/98 215/85/98
f 215/85/98 272/13/98 216/86/98
f 216/86/98 273/15/98 217/87/98
f 273/15/98 218/88/98 217/87/98
f 218/88/98 275/19/98 219/89/98
f 219/89/98 276/21/98 220/90/98
f 220/90/98 277/23/98 221/91/98
f 221/91/98 278/25/98 222/92/98
f 222/92/98 279/27/98 223/93/98
f 279/27/98 224/94/98 223/93/98
f 224/94/98 281/31/98 225/95/98
f 225/95/98 282/33/98 226/96/98
f 282/33/98 227/97/98 226/96/98
f 283/35/98 228/98/98 227/97/98
f 228/98/98 285/39/98 229/99/98
f 285/39/98 230/100/98 229/99/98
f 286/41/98 231/101/98 230/100/98
f 287/43/98 232/102/98 231/101/98
f 288/45/98 233/103/98 232/102/98
f 289/47/98 234/104/98 233/103/98
f 234/104/98 291/50/98 235/105/98
f 291/50/98 236/106/98 235/105/98
f 236/106/98 293/54/98 237/107/98
f 293/54/98 238/108/98 237/107/98
f 238/108/98 295/58/98 239/109/98
f 295/58/98 240/110/98 239/109/98
f 296/60/98 241/111/98 240/110/98
f 241/111/98 266/64/98 210/81/98
f 219/89/91 449/88/91 218/88/91
f 161/64/98 299/112/98 298/113/98
f 299/112/98 331/5/98 300/114/98
f 331/5/98 301/115/98 300/114/98
f 301/115/98 163/9/98 302/116/98
f 163/9/98 303/117/98 302/116/98
f 164/11/98 304/118/98 303/117/98
f 165/13/98 305/119/98 304/118/98
f 305/119/98 333/17/98 306/120/98
f 306/120/98 334/19/98 307/121/98
f 307/121/98 335/21/98 308/122/98
f 335/21/98 309/66/98 308/122/98
f 336/23/98 310/65/98 309/66/98
f 310/65/98 167/27/98 311/123/98
f 167/27/98 312/124/98 311/123/98
f 168/29/98 313/125/98 312/124/98
f 337/31/98 314/126/98 313/125/98
f 314/126/98 169/35/98 315/127/98
f 315/127/98 339/37/98 316/128/98
f 316/128/98 340/39/98 317/129/98
f 340/39/98 318/130/98 317/129/98
f 318/130/98 341/43/98 319/131/98
f 319/131/98 171/45/98 320/132/98
f 171/45/98 321/133/98 320/132/98
f 342/47/98 322/134/98 321/133/98
f 343/49/98 323/135/98 322/134/98
f 323/135/98 173/52/98 324/136/98
f 324/136/98 174/54/98 325/137/98
f 325/137/98 175/56/98 326/138/98
f 175/56/98 327/139/98 326/138/98
f 327/139/98 177/60/98 328/140/98
f 177/60/98 329/141/98 328/140/98
f 329/141/98 161/64/98 298/113/98
f 359/142/98 360/143/98 473/142/98
f 388/144/98 389/145/98 474/144/98
f 451/90/93 219/89/93 220/90/93
f 422/123/69 310/65/69 311/123/69
f 452/91/95 220/90/95 221/91/95
f 423/124/72 311/123/72 312/124/72
f 453/92/66 221/91/66 222/92/66
f 313/125/75 423/124/75 312/124/75
f 425/126/78 313/125/78 314/126/78
f 454/93/69 222/92/69 223/93/69
f 426/127/97 314/126/97 315/127/97
f 455/94/72 223/93/72 224/94/72
f 316/128/68 426/127/68 315/127/68
f 225/95/75 455/94/75 224/94/75
f 457/96/78 225/95/78 226/96/78
f 428/129/71 316/128/71 317/129/71
f 429/130/74 317/129/74 318/130/74
f 458/97/97 226/96/97 227/97/97
f 430/131/77 318/130/77 319/131/77
f 228/98/68 458/97/68 227/97/68
f 431/132/80 319/131/80 320/132/80
f 460/99/71 228/98/71 229/99/71
f 321/133/82 431/132/82 320/132/82
f 461/100/74 229/99/74 230/100/74
f 433/134/84 321/133/84 322/134/84
f 231/101/77 461/100/77 230/100/77
f 434/135/86 322/134/86 323/135/86
f 463/102/80 231/101/80 232/102/80
f 435/136/88 323/135/88 324/136/88
f 464/103/82 232/102/82 233/103/82
f 325/137/90 435/136/90 324/136/90
f 465/104/84 233/103/84 234/104/84
f 410/112/73 298/113/73 299/112/73
f 437/138/92 325/137/92 326/138/92
f 235/105/86 465/104/86 234/104/86
f 411/114/76 299/112/76 300/114/76
f 438/139/94 326/138/94 327/139/94
f 467/106/88 235/105/88 236/106/88
f 301/115/79 411/114/79 300/114/79
f 328/140/96 438/139/96 327/139/96
f 468/107/90 236/106/90 237/107/90
f 413/116/81 301/115/81 302/116/81
f 442/80/73 210/81/73 211/80/73
f 440/141/67 328/140/67 329/141/67
f 469/108/92 237/107/92 238/108/92
f 414/117/83 302/116/83 303/117/83
f 443/82/76 211/80/76 212/82/76
f 409/113/70 329/141/70 298/113/70
f 470/109/94 238/108/94 239/109/94
f 444/83/79 212/82/79 213/83/79
f 415/118/85 303/117/85 304/118/85
f 240/110/96 470/109/96 239/109/96
f 214/84/81 444/83/81 213/83/81
f 416/119/87 304/118/87 305/119/87
f 472/111/67 240/110/67 241/111/67
f 215/85/83 445/84/83 214/84/83
f 417/120/89 305/119/89 306/120/89
f 441/81/70 241/111/70 210/81/70
f 216/86/85 446/85/85 215/85/85
f 418/121/91 306/120/91 307/121/91
f 448/87/87 216/86/87 217/87/87
f 419/122/93 307/121/93 308/122/93
f 449/88/89 217/87/89 218/88/89
f 420/66/95 308/122/95 309/66/95
f 409/146/111 378/147/111 377/148/111
f 378/147/112 411/149/112 379/150/112
f 411/149/113 380/151/113 379/150/113
f 380/151/114 413/152/114 381/153/114
f 413/152/115 382/154/115 381/153/115
f 382/154/116 415/155/116 383/156/116
f 383/156/117 416/157/117 384/158/117
f 384/158/118 417/159/118 385/160/118
f 417/159/119 386/161/119 385/160/119
f 418/162/120 387/163/120 386/161/120
f 419/164/121 388/144/121 387/163/121
f 420/165/122 389/145/122 388/144/122
f 389/145/123 422/166/123 390/167/123
f 390/167/124 423/168/124 391/169/124
f 423/168/125 392/170/125 391/169/125
f 424/171/126 393/172/126 392/170/126
f 393/172/127 426/173/127 394/174/127
f 426/173/128 395/175/128 394/174/128
f 395/175/129 428/176/129 396/177/129
f 428/176/130 397/178/130 396/177/130
f 397/178/131 430/179/131 398/180/131
f 398/180/132 431/181/132 399/182/132
f 431/181/133 400/183/133 399/182/133
f 400/183/134 433/184/134 401/185/134
f 433/184/135 402/186/135 401/185/135
f 434/187/136 403/188/136 402/186/136
f 435/189/137 404/190/137 403/188/137
f 404/190/138 437/191/138 405/192/138
f 437/191/139 406/193/139 405/192/139
f 406/193/140 439/194/140 407/195/140
f 439/194/141 408/196/141 407/195/141
f 408/196/142 409/146/142 377/148/142
f 441/197/111 346/198/111 345/199/111
f 346/198/112 443/200/112 347/201/112
f 347/201/113 444/202/113 348/203/113
f 348/203/114 445/204/114 349/205/114
f 445/204/115 350/206/115 349/205/115
f 446/207/116 351/208/116 350/206/116
f 447/209/117 352/210/117 351/208/117
f 448/211/118 353/212/118 352/210/118
f 449/213/119 354/214/119 353/212/119
f 450/215/120 355/216/120 354/214/120
f 355/216/121 452/217/121 356/218/121
f 452/217/122 357/219/122 356/218/122
f 357/219/123 454/220/123 358/221/123
f 358/221/124 455/222/124 359/142/124
f 455/222/125 360/143/125 359/142/125
f 456/223/126 361/224/126 360/143/126
f 361/224/127 458/225/127 362/226/127
f 458/225/128 363/227/128 362/226/128
f 459/228/129 364/229/129 363/227/129
f 460/230/130 365/231/130 364/229/130
f 365/231/131 462/232/131 366/233/131
f 366/233/132 463/234/132 367/235/132
f 367/235/133 464/236/133 368/237/133
f 368/237/134 465/238/134 369/239/134
f 369/239/135 466/240/135 370/241/135
f 466/240/136 371/242/136 370/241/136
f 467/243/137 372/244/137 371/242/137
f 468/245/138 373/246/138 372/244/138
f 469/247/139 374/248/139 373/246/139
f 470/249/140 375/250/140 374/248/140
f 375/250/141 472/251/141 376/252/141
f 376/252/142 441/197/142 345/199/142
f 346/198/98 347/201/98 473/198/98
f 373/246/98 374/248/98 473/246/98
f 360/143/98 361/224/98 473/143/98
f 347/201/98 348/203/98 473/201/98
f 374/248/98 375/250/98 473/248/98
f 361/224/98 362/226/98 473/224/98
f 348/203/98 349/205/98 473/203/98
f 375/250/98 376/252/98 473/250/98
f 362/226/98 363/227/98 473/226/98
f 349/205/98 350/206/98 473/205/98
f 376/252/98 345/199/98 473/252/98
f 363/227/98 364/229/98 473/227/98
f 350/206/98 351/208/98 473/206/98
f 364/229/98 365/231/98 473/229/98
f 351/208/98 352/210/98 473/208/98
f 365/231/98 366/233/98 473/231/98
f 352/210/98 353/212/98 473/210/98
f 366/233/98 367/235/98 473/233/98
f 353/212/98 354/214/98 473/212/98
f 367/235/98 368/237/98 473/235/98
f 354/214/98 355/216/98 473/214/98
f 368/237/98 369/239/98 473/237/98
f 355/216/98 356/218/98 473/216/98
f 369/239/98 370/241/98 473/239/98
f 356/218/98 357/219/98 473/218/98
f 370/241/98 371/242/98 473/241/98
f 357/219/98 358/221/98 473/219/98
f 371/242/98 372/244/98 473/242/98
f 358/221/98 359/142/98 473/221/98
f 345/199/98 346/198/98 473/199/98
f 372/244/98 373/246/98 473/244/98
f 402/186/98 403/188/98 474/186/98
f 389/145/98 390/167/98 474/145/98
f 403/188/98 404/190/98 474/188/98
f 390/167/98 391/169/98 474/167/98
f 377/148/98 378/147/98 474/148/98
f 404/190/98 405/192/98 474/190/98
f 391/169/98 392/170/98 474/169/98
f 378/147/98 379/150/98 474/147/98
f 405/192/98 406/193/98 474/192/98
f 392/170/98 393/172/98 474/170/98
f 379/150/98 380/151/98 474/150/98
f 406/193/98 407/195/98 474/193/98
f 393/172/98 394/174/98 474/172/98
f 380/151/98 381/153/98 474/151/98
f 407/195/98 408/196/98 474/195/98
f 394/174/98 395/175/98 474/174/98
f 381/153/98 382/154/98 474/153/98
f 408/196/98 377/148/98 474/196/98
f 395/175/98 396/177/98 474/175/98
f 382/154/98 383/156/98 474/154/98
f 396/177/98 397/178/98 474/177/98
f 383/156/98 384/158/98 474/156/98
f 397/178/98 398/180/98 474/178/98
f 384/158/98 385/160/98 474/158/98
f 398/180/98 399/182/98 474/180/98
f 385/160/98 386/161/98 474/160/98
f 399/182/98 400/183/98 474/182/98
f 386/161/98 387/163/98 474/161/98
f 400/183/98 401/185/98 474/183/98
f 387/163/98 388/144/98 474/163/98
f 401/185/98 402/186/98 474/185/98
f 2/1/1 4/4/1 3/2/1
f 4/4/2 6/6/2 5/5/2
f 6/6/3 8/8/3 7/7/3
f 8/8/4 10/10/4 9/9/4
f 10/10/5 12/12/5 11/11/5
f 12/12/143 14/14/143 13/13/143
f 14/14/7 16/16/7 15/15/7
f 16/16/8 18/253/8 17/17/8
f 17/17/9 18/253/9 20/18/9
f 19/19/10 20/18/10 22/20/10
f 21/21/11 22/20/11 24/22/11
f 23/23/144 24/22/144 26/24/144
f 25/25/13 26/24/13 28/26/13
f 27/27/14 28/26/14 30/28/14
f 29/29/15 30/28/15 32/30/15
f 31/31/16 32/30/16 34/32/16
f 33/33/17 34/32/17 36/34/17
f 35/35/18 36/34/18 38/36/18
f 37/37/19 38/36/19 40/38/19
f 39/39/20 40/38/20 42/40/20
f 41/41/145 42/40/145 44/42/145
f 43/43/22 44/42/22 46/44/22
f 45/45/23 46/44/23 48/46/23
f 47/47/24 48/46/24 50/48/24
f 50/48/25 52/51/25 51/50/25
f 52/51/26 54/53/26 53/52/26
f 54/53/27 56/55/27 55/54/27
f 56/55/28 58/57/28 57/56/28
f 58/57/29 60/59/29 59/58/29
f 60/59/146 62/61/146 61/60/146
f 62/61/31 64/63/31 63/62/31
f 64/63/32 2/254/32 1/64/32
f 66/1/33 68/4/33 67/2/33
f 68/4/34 70/6/34 69/5/34
f 69/5/35 70/6/35 72/8/35
f 71/7/36 72/8/36 74/10/36
f 74/10/37 76/12/37 75/11/37
f 76/12/38 78/14/38 77/13/38
f 78/14/39 80/16/39 79/15/39
f 80/16/40 82/253/40 81/17/40
f 81/17/41 82/253/41 84/18/41
f 84/18/42 86/20/42 85/21/42
f 85/21/43 86/20/43 88/22/43
f 88/22/44 90/24/44 89/25/44
f 89/25/45 90/24/45 92/26/45
f 91/27/46 92/26/46 94/28/46
f 94/28/47 96/30/47 95/31/47
f 96/30/48 98/32/48 97/33/48
f 98/32/49 100/34/49 99/35/49
f 100/34/50 102/36/50 101/37/50
f 101/37/51 102/36/51 104/38/51
f 104/38/52 106/40/52 105/41/52
f 106/40/53 108/42/53 107/43/53
f 108/42/54 110/44/54 109/45/54
f 110/44/55 112/46/55 111/47/55
f 111/47/56 112/46/56 114/48/56
f 114/48/57 116/51/57 115/50/57
f 116/51/58 118/53/58 117/52/58
f 118/53/59 120/55/59 119/54/59
f 119/54/60 120/55/60 122/57/60
f 122/57/61 124/59/61 123/58/61
f 123/58/62 124/59/62 126/61/62
f 125/60/63 126/61/63 128/63/63
f 128/63/64 66/254/64 65/64/64
f 75/11/65 77/13/65 135/13/65
f 95/31/65 144/31/65 143/29/65
f 113/49/65 153/49/65 152/47/65
f 67/2/65 69/5/65 131/5/65
f 87/23/65 140/23/65 139/21/65
f 105/41/65 149/41/65 148/39/65
f 123/58/65 158/58/65 157/56/65
f 79/15/65 136/15/65 135/13/65
f 95/31/65 97/33/65 145/33/65
f 113/49/65 115/50/65 154/50/65
f 69/5/65 71/7/65 132/7/65
f 89/25/65 141/25/65 140/23/65
f 105/41/65 107/43/65 150/43/65
f 125/60/65 159/60/65 158/58/65
f 81/17/65 137/17/65 136/15/65
f 99/35/65 146/35/65 145/33/65
f 115/50/65 117/52/65 155/52/65
f 71/7/65 73/9/65 133/9/65
f 89/25/65 91/27/65 142/27/65
f 107/43/65 109/45/65 151/45/65
f 127/62/65 160/62/65 159/60/65
f 83/19/65 138/19/65 137/17/65
f 99/35/65 101/37/65 147/37/65
f 119/54/65 156/54/65 155/52/65
f 75/11/65 134/11/65 133/9/65
f 91/27/65 93/29/65 143/29/65
f 109/45/65 111/47/65 152/47/65
f 67/2/65 130/2/65 129/3/65
f 127/62/65 65/64/65 129/64/65
f 85/21/65 139/21/65 138/19/65
f 103/39/65 148/39/65 147/37/65
f 121/56/65 157/56/65 156/54/65
f 157/56/66 175/56/66 174/54/66
f 143/29/67 144/31/67 337/31/67
f 131/5/68 331/5/68 330/2/68
f 158/58/69 176/58/69 175/56/69
f 145/33/70 338/33/70 337/31/70
f 132/7/71 162/7/71 331/5/71
f 158/58/72 159/60/72 177/60/72
f 146/35/73 169/35/73 338/33/73
f 133/9/74 163/9/74 162/7/74
f 160/62/75 344/62/75 177/60/75
f 146/35/76 147/37/76 339/37/76
f 133/9/77 134/11/77 164/11/77
f 160/62/78 129/64/78 161/64/78
f 148/39/79 340/39/79 339/37/79
f 135/13/80 165/13/80 164/11/80
f 148/39/81 149/41/81 170/41/81
f 135/13/82 136/15/82 332/15/82
f 150/43/83 341/43/83 170/41/83
f 136/15/84 137/17/84 333/17/84
f 151/45/85 171/45/85 341/43/85
f 138/19/86 334/19/86 333/17/86
f 152/47/87 342/47/87 171/45/87
f 138/19/88 139/21/88 335/21/88
f 152/47/89 153/49/89 343/49/89
f 140/23/90 336/23/90 335/21/90
f 153/49/91 154/50/91 172/50/91
f 140/23/92 141/25/92 166/25/92
f 155/52/93 173/52/93 172/50/93
f 142/27/94 167/27/94 166/25/94
f 155/52/95 156/54/95 174/54/95
f 143/29/96 168/29/96 167/27/96
f 130/2/97 330/2/97 161/3/97
f 57/56/65 59/58/65 207/58/65
f 15/15/65 185/15/65 184/13/65
f 31/31/65 33/33/65 194/33/65
f 51/50/65 203/50/65 202/49/65
f 5/5/65 7/7/65 181/7/65
f 25/25/65 190/25/65 189/23/65
f 41/41/65 43/43/65 199/43/65
f 61/60/65 208/60/65 207/58/65
f 17/17/65 186/17/65 185/15/65
f 35/35/65 195/35/65 194/33/65
f 53/52/65 204/52/65 203/50/65
f 9/9/65 182/9/65 181/7/65
f 27/27/65 191/27/65 190/25/65
f 43/43/65 45/45/65 200/45/65
f 63/62/65 209/62/65 208/60/65
f 19/19/65 187/19/65 186/17/65
f 37/37/65 196/37/65 195/35/65
f 55/54/65 205/54/65 204/52/65
f 9/9/65 11/11/65 183/11/65
f 27/27/65 29/29/65 192/29/65
f 47/47/65 201/47/65 200/45/65
f 3/2/65 179/2/65 178/3/65
f 1/64/65 178/64/65 209/62/65
f 21/21/65 188/21/65 187/19/65
f 39/39/65 197/39/65 196/37/65
f 57/56/65 206/56/65 205/54/65
f 13/13/65 184/13/65 183/11/65
f 29/29/65 31/31/65 193/31/65
f 49/49/65 202/49/65 201/47/65
f 5/5/65 180/5/65 179/2/65
f 21/21/65 23/23/65 189/23/65
f 39/39/65 41/41/65 198/41/65
f 199/43/83 287/43/83 286/41/83
f 186/17/84 274/17/84 273/15/84
f 199/43/85 200/45/85 288/45/85
f 187/19/86 275/19/86 274/17/86
f 200/45/87 201/47/87 289/47/87
f 188/21/88 276/21/88 275/19/88
f 202/49/89 290/49/89 289/47/89
f 189/23/90 277/23/90 276/21/90
f 202/49/91 203/50/91 291/50/91
f 189/23/92 190/25/92 278/25/92
f 204/52/93 292/52/93 291/50/93
f 191/27/94 279/27/94 278/25/94
f 205/54/95 293/54/95 292/52/95
f 192/29/96 280/29/96 279/27/96
f 179/2/97 267/2/97 266/3/97
f 205/54/66 206/56/66 294/56/66
f 192/29/67 193/31/67 281/31/67
f 180/5/68 268/5/68 267/2/68
f 206/56/69 207/58/69 295/58/69
f 194/33/70 282/33/70 281/31/70
f 181/7/71 269/7/71 268/5/71
f 208/60/72 296/60/72 295/58/72
f 195/35/73 283/35/73 282/33/73
f 182/9/74 270/9/74 269/7/74
f 209/62/75 297/62/75 296/60/75
f 195/35/76 196/37/76 284/37/76
f 182/9/77 183/11/77 271/11/77
f 178/64/78 266/64/78 297/62/78
f 197/39/79 285/39/79 284/37/79
f 183/11/80 184/13/80 272/13/80
f 198/41/81 286/41/81 285/39/81
f 185/15/82 273/15/82 272/13/82
f 421/65/66 420/66/66 309/66/66
f 244/67/98 245/70/98 243/68/98
f 259/67/99 258/70/99 245/70/99
f 242/71/100 243/255/100 247/72/100
f 244/74/101 242/256/101 246/73/101
f 249/76/102 247/72/102 243/77/102
f 252/67/98 253/70/98 251/68/98
f 256/75/103 257/76/103 253/70/103
f 250/71/104 251/255/104 255/72/104
f 252/74/105 250/256/105 254/73/105
f 255/72/106 251/77/106 253/78/106
f 264/75/107 263/74/107 259/74/107
f 249/79/108 261/79/108 260/79/108
f 248/75/99 260/75/99 259/74/99
f 258/78/99 261/76/99 249/76/99
f 264/75/99 265/76/99 262/70/99
f 258/78/109 262/78/109 265/76/109
f 263/67/110 262/70/110 258/70/110
f 266/64/98 267/2/98 211/80/98
f 211/80/98 267/2/98 268/5/98
f 212/82/98 268/5/98 269/7/98
f 269/7/98 270/9/98 214/84/98
f 214/84/98 270/9/98 271/11/98
f 215/85/98 271/11/98 272/13/98
f 216/86/98 272/13/98 273/15/98
f 273/15/98 274/17/98 218/88/98
f 218/88/98 274/17/98 275/19/98
f 219/89/98 275/19/98 276/21/98
f 220/90/98 276/21/98 277/23/98
f 221/91/98 277/23/98 278/25/98
f 222/92/98 278/25/98 279/27/98
f 279/27/98 280/29/98 224/94/98
f 224/94/98 280/29/98 281/31/98
f 225/95/98 281/31/98 282/33/98
f 282/33/98 283/35/98 227/97/98
f 283/35/98 284/37/98 228/98/98
f 228/98/98 284/37/98 285/39/98
f 285/39/98 286/41/98 230/100/98
f 286/41/98 287/43/98 231/101/98
f 287/43/98 288/45/98 232/102/98
f 288/45/98 289/47/98 233/103/98
f 289/47/98 290/49/98 234/104/98
f 234/104/98 290/49/98 291/50/98
f 291/50/98 292/52/98 236/106/98
f 236/106/98 292/52/98 293/54/98
f 293/54/98 294/56/98 238/108/98
f 238/108/98 294/56/98 295/58/98
f 295/58/98 296/60/98 240/110/98
f 296/60/98 297/62/98 241/111/98
f 241/111/98 297/62/98 266/64/98
f 219/89/91 450/89/91 449/88/91
f 161/64/98 330/2/98 299/112/98
f 299/112/98 330/2/98 331/5/98
f 331/5/98 162/7/98 301/115/98
f 301/115/98 162/7/98 163/9/98
f 163/9/98 164/11/98 303/117/98
f 164/11/98 165/13/98 304/118/98
f 165/13/98 332/15/98 305/119/98
f 305/119/98 332/15/98 333/17/98
f 306/120/98 333/17/98 334/19/98
f 307/121/98 334/19/98 335/21/98
f 335/21/98 336/23/98 309/66/98
f 336/23/98 166/25/98 310/65/98
f 310/65/98 166/25/98 167/27/98
f 167/27/98 168/29/98 312/124/98
f 168/29/98 337/31/98 313/125/98
f 337/31/98 338/33/98 314/126/98
f 314/126/98 338/33/98 169/35/98
f 315/127/98 169/35/98 339/37/98
f 316/128/98 339/37/98 340/39/98
f 340/39/98 170/41/98 318/130/98
f 318/130/98 170/41/98 341/43/98
f 319/131/98 341/43/98 171/45/98
f 171/45/98 342/47/98 321/133/98
f 342/47/98 343/49/98 322/134/98
f 343/49/98 172/50/98 323/135/98
f 323/135/98 172/50/98 173/52/98
f 324/136/98 173/52/98 174/54/98
f 325/137/98 174/54/98 175/56/98
f 175/56/98 176/58/98 327/139/98
f 327/139/98 176/58/98 177/60/98
f 177/60/98 344/62/98 329/141/98
f 329/141/98 344/62/98 161/64/98
f 451/90/93 450/89/93 219/89/93
f 422/123/69 421/65/69 310/65/69
f 452/91/95 451/90/95 220/90/95
f 423/124/72 422/123/72 311/123/72
f 453/92/66 452/91/66 221/91/66
f 313/125/75 424/125/75 423/124/75
f 425/126/78 424/125/78 313/125/78
f 454/93/69 453/92/69 222/92/69
f 426/127/97 425/126/97 314/126/97
f 455/94/72 454/93/72 223/93/72
f 316/128/68 427/128/68 426/127/68
f 225/95/75 456/95/75 455/94/75
f 457/96/78 456/95/78 225/95/78
f 428/129/71 427/128/71 316/128/71
f 429/130/74 428/129/74 317/129/74
f 458/97/97 457/96/97 226/96/97
f 430/131/77 429/130/77 318/130/77
f 228/98/68 459/98/68 458/97/68
f 431/132/80 430/131/80 319/131/80
f 460/99/71 459/98/71 228/98/71
f 321/133/82 432/133/82 431/132/82
f 461/100/74 460/99/74 229/99/74
f 433/134/84 432/133/84 321/133/84
f 231/101/77 462/101/77 461/100/77
f 434/135/86 433/134/86 322/134/86
f 463/102/80 462/101/80 231/101/80
f 435/136/88 434/135/88 323/135/88
f 464/103/82 463/102/82 232/102/82
f 325/137/90 436/137/90 435/136/90
f 465/104/84 464/103/84 233/103/84
f 410/112/73 409/113/73 298/113/73
f 437/138/92 436/137/92 325/137/92
f 235/105/86 466/105/86 465/104/86
f 411/114/76 410/112/76 299/112/76
f 438/139/94 437/138/94 326/138/94
f 467/106/88 466/105/88 235/105/88
f 301/115/79 412/115/79 411/114/79
f 328/140/96 439/140/96 438/139/96
f 468/107/90 467/106/90 236/106/90
f 413/116/81 412/115/81 301/115/81
f 442/80/73 441/81/73 210/81/73
f 440/141/67 439/140/67 328/140/67
f 469/108/92 468/107/92 237/107/92
f 414/117/83 413/116/83 302/116/83
f 443/82/76 442/80/76 211/80/76
f 409/113/70 440/141/70 329/141/70
f 470/109/94 469/108/94 238/108/94
f 444/83/79 443/82/79 212/82/79
f 415/118/85 414/117/85 303/117/85
f 240/110/96 471/110/96 470/109/96
f 214/84/81 445/84/81 444/83/81
f 416/119/87 415/118/87 304/118/87
f 472/111/67 471/110/67 240/110/67
f 215/85/83 446/85/83 445/84/83
f 417/120/89 416/119/89 305/119/89
f 441/81/70 472/111/70 241/111/70
f 216/86/85 447/86/85 446/85/85
f 418/121/91 417/120/91 306/120/91
f 448/87/87 447/86/87 216/86/87
f 419/122/93 418/121/93 307/121/93
f 449/88/89 448/87/89 217/87/89
f 420/66/95 419/122/95 308/122/95
f 409/146/111 410/257/111 378/147/111
f 378/147/112 410/257/112 411/149/112
f 411/149/113 412/258/113 380/151/113
f 380/151/114 412/258/114 413/152/114
f 413/152/115 414/259/115 382/154/115
f 382/154/116 414/259/116 415/155/116
f 383/156/117 415/155/117 416/157/117
f 384/158/118 416/157/118 417/159/118
f 417/159/119 418/162/119 386/161/119
f 418/162/120 419/164/120 387/163/120
f 419/164/121 420/165/121 388/144/121
f 420/165/122 421/260/122 389/145/122
f 389/145/123 421/260/123 422/166/123
f 390/167/124 422/166/124 423/168/124
f 423/168/125 424/171/125 392/170/125
f 424/171/126 425/261/126 393/172/126
f 393/172/127 425/261/127 426/173/127
f 426/173/128 427/262/128 395/175/128
f 395/175/129 427/262/129 428/176/129
f 428/176/130 429/263/130 397/178/130
f 397/178/131 429/263/131 430/179/131
f 398/180/132 430/179/132 431/181/132
f 431/181/133 432/264/133 400/183/133
f 400/183/134 432/264/134 433/184/134
f 433/184/135 434/187/135 402/186/135
f 434/187/136 435/189/136 403/188/136
f 435/189/137 436/265/137 404/190/137
f 404/190/138 436/265/138 437/191/138
f 437/191/139 438/266/139 406/193/139
f 406/193/140 438/266/140 439/194/140
f 439/194/141 440/267/141 408/196/141
f 408/196/142 440/267/142 409/146/142
f 441/197/111 442/268/111 346/198/111
f 346/198/112 442/268/112 443/200/112
f 347/201/113 443/200/113 444/202/113
f 348/203/114 444/202/114 445/204/114
f 445/204/115 446/207/115 350/206/115
f 446/207/116 447/209/116 351/208/116
f 447/209/117 448/211/117 352/210/117
f 448/211/118 449/213/118 353/212/118
f 449/213/119 450/215/119 354/214/119
f 450/215/120 451/269/120 355/216/120
f 355/216/121 451/269/121 452/217/121
f 452/217/122 453/270/122 357/219/122
f 357/219/123 453/270/123 454/220/123
f 358/221/124 454/220/124 455/222/124
f 455/222/125 456/223/125 360/143/125
f 456/223/126 457/271/126 361/224/126
f 361/224/127 457/271/127 458/225/127
f 458/225/128 459/228/128 363/227/128
f 459/228/129 460/230/129 364/229/129
f 460/230/130 461/272/130 365/231/130
f 365/231/131 461/272/131 462/232/131
f 366/233/132 462/232/132 463/234/132
f 367/235/133 463/234/133 464/236/133
f 368/237/134 464/236/134 465/238/134
f 369/239/135 465/238/135 466/240/135
f 466/240/136 467/243/136 371/242/136
f 467/243/137 468/245/137 372/244/137
f 468/245/138 469/247/138 373/246/138
f 469/247/139 470/249/139 374/248/139
f 470/249/140 471/273/140 375/250/140
f 375/250/141 471/273/141 472/251/141
f 376/252/142 472/251/142 441/197/142
f 476/274/147 477/275/147 475/276/147
f 478/277/148 479/278/148 477/275/148
f 480/279/149 481/280/149 479/278/149
f 482/281/65 483/282/65 481/280/65
f 484/283/65 485/284/65 483/282/65
f 486/285/65 487/286/65 485/284/65
f 488/287/65 489/288/65 487/286/65
f 490/289/150 491/290/150 489/288/150
f 492/291/151 493/292/151 491/290/151
f 494/293/152 495/294/152 493/292/152
f 496/295/153 497/296/153 495/294/153
f 498/297/154 499/298/154 497/296/154
f 500/299/155 501/300/155 499/298/155
f 502/301/156 503/302/156 501/300/156
f 504/303/157 505/304/157 503/302/157
f 506/305/158 507/306/158 505/304/158
f 508/307/159 509/308/159 507/306/159
f 510/309/160 511/310/160 509/308/160
f 498/311/161 496/312/161 520/311/161
f 511/310/162 514/313/162 513/314/162
f 514/313/163 475/315/163 513/314/163
f 485/316/100 497/317/100 513/318/100
f 518/319/164 517/320/164 526/319/164
f 508/321/165 506/322/165 522/321/166
f 484/323/167 482/324/168 517/323/169
f 494/325/170 492/326/170 519/325/170
f 504/327/171 502/328/171 521/327/172
f 514/329/173 512/330/173 523/329/173
f 478/331/174 516/332/175 480/332/176
f 490/333/177 488/319/177 518/333/177
f 500/334/178 520/311/179 521/334/180
f 510/335/181 508/321/181 522/335/182
f 486/320/183 484/323/184 517/320/185
f 494/325/186 520/312/187 496/312/188
f 506/322/189 521/327/190 522/322/191
f 476/336/192 523/329/193 515/336/194
f 480/332/195 517/324/196 482/324/197
f 492/326/198 518/333/199 519/326/200
f 502/328/201 500/334/201 521/328/202
f 478/331/203 476/337/203 515/331/203
f 510/335/204 523/330/205 512/330/206
f 486/320/207 518/319/208 488/319/209
f 532/338/99 528/339/99 526/340/99
f 518/319/210 526/319/210 527/333/210
f 521/327/211 530/322/212 522/322/213
f 519/326/214 518/333/214 527/326/214
f 515/337/215 532/337/216 524/331/215
f 519/326/217 527/326/217 528/325/217
f 516/332/218 524/331/219 525/332/220
f 522/321/159 530/321/159 531/335/159
f 520/312/152 519/325/152 528/312/152
f 517/324/221 516/332/222 525/324/222
f 523/330/223 522/335/223 531/330/223
f 523/330/162 531/330/162 532/329/162
f 520/311/224 529/334/225 521/334/226
f 517/323/227 525/323/228 526/320/228
f 515/336/163 523/329/163 532/336/163
f 675/79/229 674/341/230 581/79/231
f 617/79/232 970/79/232 616/79/232
f 698/342/233 619/342/234 700/342/233
f 541/343/235 631/344/236 633/345/237
f 541/343/238 633/345/239 632/346/240
f 672/79/241 553/79/242 574/79/243
f 614/79/244 970/79/244 618/79/244
f 557/79/245 674/341/245 676/347/246
f 672/79/247 597/79/247 596/79/247
f 640/348/248 580/349/249 639/350/250
f 620/79/251 624/79/252 623/79/253
f 695/351/254 541/343/255 632/346/256
f 578/352/257 535/353/258 589/354/259
f 603/355/260 955/355/260 953/355/260
f 559/356/261 705/356/261 558/356/261
f 583/79/262 600/79/262 584/79/262
f 582/79/263 626/79/263 583/79/263
f 582/79/264 538/79/264 536/79/264
f 646/79/265 654/79/265 645/79/265
f 669/79/266 537/79/267 649/79/268
f 646/79/269 537/79/269 704/79/269
f 646/79/270 702/79/271 990/79/272
f 702/79/273 991/79/274 990/79/275
f 593/79/276 583/79/277 584/79/278
f 703/79/279 593/79/280 701/79/281
f 704/79/282 537/79/282 669/79/282
f 647/79/283 533/79/283 627/79/283
f 582/79/284 647/79/284 626/79/284
f 627/357/285 626/357/285 647/357/285
f 549/79/286 550/79/286 648/79/286
f 536/79/287 550/79/287 582/79/287
f 648/79/288 548/79/288 549/79/288
f 587/79/289 578/352/290 589/354/291
f 548/79/292 589/354/293 551/79/292
f 703/79/294 582/79/295 583/79/296
f 536/79/297 538/79/297 649/79/297
f 536/79/298 656/79/298 648/79/298
f 654/79/299 650/79/299 645/79/299
f 602/358/300 994/359/300 542/359/300
f 990/79/301 655/79/302 646/79/303
f 993/351/304 657/351/305 653/351/306
f 993/351/307 653/351/308 992/351/309
f 991/79/310 701/79/311 593/79/312
f 991/360/313 658/360/314 993/360/315
f 593/360/316 658/360/317 991/360/318
f 661/351/319 657/351/320 658/351/321
f 654/351/322 663/351/322 650/351/322
f 651/351/323 663/351/323 666/351/323
f 665/351/324 651/351/324 666/351/324
f 667/351/325 654/351/325 655/351/325
f 655/351/326 662/351/326 667/351/326
f 653/351/327 662/351/328 992/351/329
f 631/344/330 541/343/331 656/351/332
f 656/351/333 649/351/333 665/351/333
f 656/79/334 587/79/334 648/79/334
f 585/79/335 587/79/335 586/79/335
f 668/79/336 587/79/336 541/361/337
f 538/79/268 669/79/338 649/79/268
f 703/79/339 669/79/340 538/79/341
f 650/79/342 537/79/343 645/79/344
f 649/79/345 537/79/346 651/79/347
f 551/79/348 982/79/348 548/79/348
f 549/79/349 979/79/349 550/79/349
f 591/79/350 989/79/351 984/79/352
f 598/79/353 574/79/354 553/79/355
f 598/79/356 987/79/357 986/79/358
f 548/79/359 980/79/359 549/79/359
f 590/79/360 574/79/361 552/79/362
f 598/79/363 552/79/364 574/79/363
f 597/79/365 575/362/366 596/79/365
f 590/79/367 572/363/368 597/79/367
f 575/364/369 594/365/370 641/366/371
f 864/79/372 596/79/372 670/79/373
f 589/367/374 591/368/375 551/368/376
f 572/363/377 595/79/378 594/365/379
f 590/369/380 599/369/381 595/369/382
f 599/79/383 579/370/384 595/79/385
f 594/365/386 579/370/387 673/79/388
f 673/79/389 641/366/390 594/365/391
f 556/371/392 680/372/393 676/373/394
f 689/79/395 678/79/395 688/79/395
f 592/79/396 557/79/396 679/79/396
f 680/79/397 592/79/397 679/79/397
f 677/79/398 682/79/398 678/79/398
f 576/79/399 681/79/399 684/79/399
f 591/368/400 576/368/401 684/368/402
f 576/79/403 577/79/403 573/79/403
f 684/79/404 681/79/404 683/79/404
f 685/79/405 684/79/406 683/79/407
f 677/79/408 683/79/408 681/79/408
f 599/372/409 711/372/410 625/372/411
f 599/372/412 709/371/413 556/371/414
f 551/79/415 984/79/416 981/79/417
f 676/347/418 579/370/419 556/374/420
f 674/341/421 673/79/422 579/370/423
f 676/347/424 679/79/425 557/79/425
f 556/371/426 683/372/427 680/372/428
f 543/79/429 573/79/429 544/79/429
f 576/79/430 543/79/430 682/79/430
f 677/79/431 678/79/431 592/79/431
f 544/79/432 688/79/432 543/79/432
f 682/79/433 688/79/433 678/79/433
f 592/79/434 678/79/434 689/79/434
f 687/79/435 688/79/435 686/79/435
f 545/79/436 544/79/436 573/79/436
f 687/79/437 686/79/437 545/79/437
f 868/79/438 687/79/438 690/79/438
f 545/79/439 690/79/439 687/79/439
f 573/79/440 563/79/440 545/79/440
f 561/79/441 573/79/441 577/79/441
f 561/79/442 562/79/442 560/79/442
f 539/79/443 546/79/443 691/79/443
f 588/79/444 692/79/444 691/79/444
f 691/79/445 692/79/445 539/79/445
f 563/79/446 691/79/446 546/79/446
f 560/79/447 601/79/447 561/79/447
f 693/368/448 601/368/448 560/368/448
f 561/79/449 601/79/449 691/79/449
f 693/79/450 565/79/450 601/79/450
f 535/79/451 577/79/452 589/354/453
f 693/79/454 578/352/455 565/79/454
f 562/79/456 693/79/457 560/79/458
f 601/79/459 565/79/459 694/79/459
f 601/79/460 694/79/460 691/79/460
f 691/79/461 694/79/461 588/79/461
f 567/375/462 570/375/462 569/375/462
f 564/375/463 569/375/463 570/375/463
f 569/375/464 568/375/464 567/375/464
f 566/375/465 564/375/465 570/375/465
f 588/79/466 694/79/466 566/79/466
f 694/79/467 564/79/467 566/79/467
f 567/79/468 588/79/468 566/79/468
f 540/376/469 629/376/469 630/376/469
f 633/345/470 695/351/471 632/346/472
f 568/79/473 540/79/473 567/79/473
f 568/79/474 668/79/474 541/361/475
f 564/79/476 586/79/476 668/79/476
f 565/79/477 585/79/477 586/79/477
f 636/376/478 540/376/478 630/376/478
f 697/377/479 634/377/98 554/377/480
f 588/377/481 540/377/481 636/377/481
f 634/378/482 606/378/482 635/378/482
f 636/377/483 696/377/483 588/377/483
f 697/377/484 539/377/485 692/377/486
f 696/377/98 634/377/98 697/377/98
f 588/377/487 697/377/487 692/377/487
f 622/379/488 635/379/488 621/379/488
f 614/377/489 539/377/490 554/377/491
f 614/377/492 554/377/493 698/377/492
f 554/377/494 634/377/98 698/377/98
f 634/377/98 622/377/98 698/377/98
f 620/378/495 622/378/496 621/378/497
f 619/377/498 698/377/499 622/377/500
f 618/79/501 970/79/501 868/79/501
f 614/79/502 546/79/502 539/79/503
f 546/79/504 690/79/504 563/79/504
f 617/79/505 614/79/505 698/79/505
f 618/79/506 690/79/507 546/79/508
f 698/79/509 700/79/509 617/79/509
f 689/79/510 865/79/510 699/79/510
f 612/79/511 699/79/511 611/79/511
f 865/79/512 611/79/512 699/79/512
f 612/79/513 611/79/513 700/79/513
f 700/79/514 969/79/514 617/79/514
f 581/79/515 689/79/515 580/79/515
f 699/79/516 580/79/516 689/79/516
f 581/79/517 580/79/517 675/79/518
f 675/79/519 641/366/520 673/79/521
f 640/79/522 675/79/523 580/79/522
f 700/79/524 624/79/524 610/79/524
f 610/380/525 642/380/525 612/380/525
f 580/380/526 612/380/526 642/380/526
f 607/380/527 643/380/527 642/380/527
f 580/381/528 638/382/529 639/383/530
f 643/380/531 638/382/532 642/380/531
f 643/380/533 644/380/534 637/384/535
f 644/385/536 641/386/537 637/387/538
f 637/384/539 641/388/540 640/380/541
f 638/382/542 640/389/543 639/390/544
f 633/391/545 630/379/546 629/379/546
f 623/379/547 700/379/547 619/379/548
f 631/392/549 636/378/550 630/378/550
f 656/379/551 606/379/551 636/379/551
f 665/379/552 605/379/552 656/379/552
f 664/379/553 667/379/554 666/379/555
f 666/379/556 663/379/557 664/379/556
f 653/379/558 665/379/559 666/379/559
f 657/393/560 604/393/561 665/393/561
f 667/379/562 653/379/563 666/379/564
f 558/79/565 702/79/565 559/79/565
f 628/79/566 703/79/566 547/79/566
f 628/79/567 702/79/567 704/79/567
f 558/79/568 703/79/568 701/79/568
f 707/394/569 706/394/569 708/394/569
f 547/356/570 705/356/570 707/356/570
f 547/356/571 708/356/571 628/356/571
f 559/356/572 708/356/572 706/356/572
f 710/395/573 715/395/574 711/395/575
f 709/396/576 714/395/577 710/395/578
f 683/372/579 709/371/580 710/372/581
f 683/372/582 711/372/583 685/372/584
f 712/395/585 714/395/586 713/396/587
f 712/395/588 715/395/589 714/395/588
f 709/396/590 712/395/591 713/396/592
f 715/395/593 717/395/594 711/395/595
f 717/395/596 718/395/597 716/395/598
f 715/395/599 718/395/600 719/395/601
f 625/395/602 718/395/603 712/395/604
f 711/79/605 716/79/606 625/79/607
f 729/397/608 749/398/609 750/397/610
f 723/399/611 724/400/612 722/401/613
f 725/402/614 726/403/615 724/400/616
f 727/404/617 728/405/618 726/403/619
f 728/405/620 731/406/621 730/407/622
f 731/406/623 732/408/624 730/407/625
f 733/409/626 734/410/627 732/408/628
f 734/410/629 737/411/630 736/412/631
f 737/411/632 738/413/633 736/412/634
f 738/413/635 741/414/636 740/415/637
f 741/414/638 720/416/639 740/415/640
f 725/417/641 749/398/642 727/398/643
f 741/418/644 747/419/645 721/419/646
f 725/417/647 746/420/648 748/417/649
f 741/418/650 745/421/651 752/418/652
f 739/421/653 744/422/654 745/421/655
f 737/422/656 743/423/657 744/422/658
f 735/423/659 751/424/660 743/423/661
f 733/424/662 742/425/663 751/424/664
f 731/425/665 750/397/666 742/425/667
f 620/379/668 623/379/669 619/379/670
f 754/426/147 755/427/147 753/428/147
f 756/429/148 757/430/148 755/427/148
f 758/431/671 759/432/671 757/430/671
f 760/433/672 761/434/672 759/432/672
f 762/435/673 763/436/673 761/434/673
f 764/437/674 765/438/674 763/436/674
f 766/439/210 767/440/210 765/438/210
f 768/441/214 769/442/214 767/440/214
f 770/443/151 771/444/151 769/442/151
f 772/445/152 773/446/152 771/444/152
f 774/447/153 775/448/153 773/446/153
f 776/449/154 777/450/154 775/448/154
f 778/451/155 779/452/155 777/450/155
f 780/453/156 781/454/156 779/452/156
f 782/455/157 783/456/157 781/454/157
f 784/457/158 785/458/158 783/456/158
f 786/459/159 787/460/159 785/458/159
f 788/461/160 789/462/160 787/460/160
f 774/447/675 804/449/675 776/449/675
f 790/463/162 791/464/162 789/462/162
f 792/465/163 753/466/163 791/464/163
f 767/467/100 783/468/100 791/469/100
f 798/437/674 819/439/674 799/439/674
f 784/457/676 809/459/676 786/459/676
f 762/435/677 796/433/677 797/435/677
f 770/443/678 802/445/678 772/445/678
f 780/453/679 807/455/679 782/455/679
f 790/463/680 812/465/680 792/465/680
f 756/429/681 795/431/681 758/431/681
f 766/439/682 800/441/682 768/441/682
f 778/451/683 804/449/683 805/451/683
f 786/459/684 810/461/684 788/461/684
f 762/435/685 798/437/685 764/437/685
f 774/447/686 802/445/686 803/447/686
f 782/455/687 808/457/687 784/457/687
f 754/470/688 812/465/688 794/470/688
f 760/433/689 795/431/689 796/433/689
f 770/443/690 800/441/690 801/443/690
f 778/451/691 806/453/691 780/453/691
f 754/426/692 793/429/692 756/429/692
f 788/461/693 811/463/693 790/463/693
f 766/439/694 798/437/694 799/439/694
f 827/471/99 819/472/99 815/473/99
f 806/453/156 827/455/156 807/455/156
f 799/439/210 820/441/210 800/441/210
f 807/455/157 828/457/157 808/457/157
f 800/441/214 821/443/214 801/443/214
f 794/426/147 813/429/147 793/429/147
f 808/457/158 829/459/158 809/459/158
f 801/443/151 822/445/151 802/445/151
f 793/429/148 815/431/148 795/431/148
f 809/459/159 830/461/159 810/461/159
f 802/445/152 823/447/152 803/447/152
f 795/431/671 816/433/671 796/433/671
f 810/461/160 831/463/160 811/463/160
f 803/447/153 824/449/153 804/449/153
f 796/433/672 817/435/672 797/435/672
f 811/463/162 832/465/162 812/465/162
f 804/449/154 825/451/154 805/451/154
f 797/435/673 818/437/673 798/437/673
f 812/465/163 814/470/163 794/470/163
f 805/451/155 826/453/155 806/453/155
f 837/474/695 840/475/695 838/476/695
f 841/477/696 844/478/696 843/479/696
f 842/480/697 837/481/697 838/482/697
f 844/478/698 839/483/698 843/479/698
f 835/484/699 838/485/699 833/486/699
f 840/475/700 833/487/700 838/476/700
f 841/477/99 839/483/99 837/481/99
f 834/488/701 844/478/701 836/489/701
f 836/489/702 842/480/702 835/484/702
f 848/490/703 850/491/703 845/492/703
f 857/493/704 856/494/704 858/495/704
f 861/496/705 860/497/705 862/498/705
f 857/499/706 852/500/706 851/501/706
f 855/502/707 862/498/707 856/494/707
f 853/503/708 859/504/708 854/505/708
f 845/492/482 858/506/482 847/507/482
f 854/505/709 861/508/709 857/509/709
f 846/510/710 860/511/710 853/503/710
f 858/495/155 848/490/155 847/512/155
f 856/494/98 849/513/98 848/490/98
f 850/491/160 862/498/160 860/497/160
f 670/79/711 575/362/712 863/79/713
f 671/79/714 575/362/715 641/366/716
f 672/79/717 534/79/718 553/79/719
f 971/79/720 865/79/720 953/79/720
f 866/514/721 975/514/721 973/514/721
f 953/79/722 868/79/722 603/79/722
f 972/79/501 868/79/501 970/79/501
f 956/515/723 872/515/723 871/515/723
f 613/516/724 870/516/724 608/516/724
f 603/355/725 871/355/725 872/355/725
f 971/355/726 871/355/726 972/355/726
f 873/517/727 876/518/727 875/519/727
f 875/519/728 878/520/728 877/521/728
f 878/520/729 879/522/729 877/521/729
f 880/523/730 881/524/730 879/522/730
f 881/524/731 884/525/731 883/526/731
f 884/525/732 885/527/732 883/526/732
f 885/527/733 888/528/733 887/529/733
f 887/529/734 890/530/734 889/531/734
f 889/531/735 892/532/735 891/533/735
f 891/533/736 894/534/736 893/535/736
f 894/534/737 895/536/737 893/535/737
f 895/536/738 898/537/738 897/538/738
f 898/537/739 899/539/739 897/538/739
f 900/540/740 901/541/740 899/539/740
f 901/541/741 904/542/741 903/543/741
f 904/542/742 905/544/742 903/543/742
f 906/545/743 907/546/743 905/544/743
f 907/546/744 910/547/744 909/548/744
f 896/549/745 923/534/745 924/549/745
f 909/548/746 912/550/746 911/551/746
f 911/551/747 874/552/747 873/553/747
f 887/554/748 903/555/748 911/556/748
f 918/525/732 939/557/732 919/557/732
f 906/545/749 928/542/749 929/545/749
f 882/558/750 916/523/750 917/558/750
f 890/530/751 922/532/751 892/532/751
f 900/540/752 927/559/752 902/559/752
f 912/550/753 931/547/753 932/550/753
f 878/520/754 913/518/754 915/520/754
f 888/528/755 919/557/755 920/528/755
f 898/537/756 924/549/756 925/537/756
f 908/560/757 929/545/757 930/560/757
f 884/525/758 917/558/758 918/525/758
f 894/534/759 922/532/759 923/534/759
f 904/542/760 927/559/760 928/542/760
f 874/552/761 932/550/761 914/552/761
f 880/523/762 915/520/762 916/523/762
f 888/528/763 921/530/763 890/530/763
f 898/537/764 926/540/764 900/540/764
f 874/561/765 913/518/765 876/518/765
f 910/547/766 930/560/766 931/547/766
f 884/525/767 919/557/767 886/557/767
f 947/562/768 939/563/768 935/564/768
f 926/540/740 947/559/740 927/559/740
f 920/528/733 939/557/733 940/528/733
f 928/542/769 947/559/769 948/542/769
f 920/528/734 941/530/734 921/530/734
f 914/561/770 933/518/770 913/518/770
f 929/545/742 948/542/742 949/545/742
f 921/530/735 942/532/735 922/532/735
f 915/520/728 933/518/728 935/520/728
f 930/560/743 949/545/743 950/560/743
f 923/534/736 942/532/736 943/534/736
f 915/520/729 936/523/729 916/523/729
f 930/560/771 951/547/771 931/547/771
f 923/534/737 944/549/737 924/549/737
f 916/523/730 937/558/730 917/558/730
f 932/550/746 951/547/746 952/550/746
f 924/549/738 945/537/738 925/537/738
f 917/558/772 938/525/772 918/525/772
f 914/552/773 952/550/773 934/552/773
f 925/537/739 946/540/739 926/540/739
f 961/516/774 957/516/774 962/516/774
f 959/516/775 869/516/775 613/516/775
f 957/516/776 869/516/776 958/516/776
f 964/516/776 957/516/776 958/516/776
f 964/516/775 959/516/775 963/516/775
f 960/516/777 613/516/777 608/516/777
f 608/516/724 967/516/724 966/516/724
f 953/355/778 956/355/778 971/355/778
f 961/516/777 959/516/777 960/516/777
f 960/516/779 968/516/779 957/516/779
f 608/516/777 965/516/777 960/516/777
f 870/516/776 968/516/776 967/516/776
f 867/79/780 969/79/780 866/79/780
f 954/79/781 972/79/781 615/79/781
f 954/79/782 969/79/782 971/79/782
f 867/79/783 972/79/783 970/79/783
f 976/565/784 973/565/784 975/565/784
f 866/514/785 974/514/785 867/514/785
f 615/514/786 974/514/786 976/514/786
f 615/514/787 975/514/787 954/514/787
f 986/566/788 982/566/788 985/566/788
f 987/566/789 980/566/789 986/566/789
f 977/566/790 987/566/790 978/566/790
f 982/566/791 981/566/791 985/566/791
f 985/566/792 984/566/793 983/566/794
f 983/566/795 989/566/796 988/566/797
f 571/369/798 988/369/799 599/369/800
f 553/79/801 978/79/802 987/79/803
f 685/567/804 988/567/805 989/567/806
f 552/79/807 986/79/808 985/79/809
f 550/79/810 977/79/810 533/79/810
f 552/79/811 983/79/812 571/79/813
f 602/568/814 990/568/814 991/568/814
f 652/568/815 990/568/815 542/568/815
f 659/568/816 991/568/816 993/568/816
f 659/568/817 992/568/817 652/568/817
f 997/569/818 994/569/818 995/569/818
f 659/359/819 996/359/819 997/359/819
f 542/359/820 996/359/820 652/359/820
f 602/358/821 997/359/821 995/358/821
f 999/1/822 998/3/822 1000/2/822
f 1001/4/823 1000/2/823 1002/5/823
f 1003/6/824 1002/5/824 1004/7/824
f 1005/8/825 1004/7/825 1006/9/825
f 1007/10/826 1006/9/826 1008/11/826
f 1009/12/827 1008/11/827 1010/13/827
f 1011/14/828 1010/13/828 1012/15/828
f 1013/16/829 1012/15/829 1014/17/829
f 1014/17/830 1016/19/830 1017/18/830
f 1016/19/831 1018/21/831 1019/20/831
f 1018/21/832 1020/23/832 1021/22/832
f 1020/23/833 1022/25/833 1023/24/833
f 1022/25/834 1024/27/834 1025/26/834
f 1024/27/835 1026/29/835 1027/28/835
f 1026/29/836 1028/31/836 1029/30/836
f 1028/31/837 1030/33/837 1031/32/837
f 1030/33/838 1032/35/838 1033/34/838
f 1032/35/839 1034/37/839 1035/36/839
f 1034/37/840 1036/39/840 1037/38/840
f 1036/39/841 1038/41/841 1039/40/841
f 1038/41/842 1040/43/842 1041/42/842
f 1040/43/843 1042/45/843 1043/44/843
f 1042/45/844 1044/47/844 1045/46/844
f 1044/47/845 1046/49/845 1047/48/845
f 1047/48/846 1046/49/846 1048/50/846
f 1049/51/847 1048/50/847 1050/52/847
f 1051/53/848 1050/52/848 1052/54/848
f 1053/55/849 1052/54/849 1054/56/849
f 1055/57/850 1054/56/850 1056/58/850
f 1057/59/851 1056/58/851 1058/60/851
f 1059/61/852 1058/60/852 1060/62/852
f 1061/63/853 1060/62/853 998/64/853
f 1063/1/854 1062/3/854 1064/2/854
f 1065/4/855 1064/2/855 1066/5/855
f 1066/5/856 1068/7/856 1069/8/856
f 1068/7/857 1070/9/857 1071/10/857
f 1071/10/858 1070/9/858 1072/11/858
f 1073/12/859 1072/11/859 1074/13/859
f 1075/14/860 1074/13/860 1076/15/860
f 1077/16/861 1076/15/861 1078/17/861
f 1078/17/862 1080/19/862 1081/18/862
f 1081/18/863 1080/19/863 1082/21/863
f 1082/21/864 1084/23/864 1085/22/864
f 1085/22/865 1084/23/865 1086/25/865
f 1086/25/866 1088/27/866 1089/26/866
f 1088/27/867 1090/29/867 1091/28/867
f 1091/28/868 1090/29/868 1092/31/868
f 1093/30/869 1092/31/869 1094/33/869
f 1095/32/870 1094/33/870 1096/35/870
f 1097/34/871 1096/35/871 1098/37/871
f 1098/37/872 1100/39/872 1101/38/872
f 1101/38/873 1100/39/873 1102/41/873
f 1103/40/874 1102/41/874 1104/43/874
f 1105/42/875 1104/43/875 1106/45/875
f 1107/44/876 1106/45/876 1108/47/876
f 1108/47/877 1110/49/877 1111/48/877
f 1111/48/878 1110/49/878 1112/50/878
f 1113/51/879 1112/50/879 1114/52/879
f 1115/53/880 1114/52/880 1116/54/880
f 1116/54/881 1118/56/881 1119/57/881
f 1119/57/882 1118/56/882 1120/58/882
f 1120/58/883 1122/60/883 1123/61/883
f 1122/60/884 1124/62/884 1125/63/884
f 1125/63/885 1124/62/885 1062/64/885
f 1072/11/98 1131/11/98 1132/13/98
f 1092/31/98 1090/29/98 1140/29/98
f 1110/49/98 1108/47/98 1149/47/98
f 1064/2/98 1127/2/98 1128/5/98
f 1084/23/98 1082/21/98 1136/21/98
f 1102/41/98 1100/39/98 1145/39/98
f 1120/58/98 1118/56/98 1154/56/98
f 1076/15/98 1074/13/98 1132/13/98
f 1092/31/98 1141/31/98 1142/33/98
f 1110/49/98 1150/49/98 1151/50/98
f 1066/5/98 1128/5/98 1129/7/98
f 1086/25/98 1084/23/98 1137/23/98
f 1102/41/98 1146/41/98 1147/43/98
f 1122/60/98 1120/58/98 1155/58/98
f 1078/17/98 1076/15/98 1133/15/98
f 1096/35/98 1094/33/98 1142/33/98
f 1112/50/98 1151/50/98 1152/52/98
f 1068/7/98 1129/7/98 1130/9/98
f 1086/25/98 1138/25/98 1139/27/98
f 1104/43/98 1147/43/98 1148/45/98
f 1124/62/98 1122/60/98 1156/60/98
f 1080/19/98 1078/17/98 1134/17/98
f 1096/35/98 1143/35/98 1144/37/98
f 1116/54/98 1114/52/98 1152/52/98
f 1072/11/98 1070/9/98 1130/9/98
f 1088/27/98 1139/27/98 1140/29/98
f 1106/45/98 1148/45/98 1149/47/98
f 1064/2/98 1062/3/98 1126/3/98
f 1124/62/98 1157/62/98 1126/64/98
f 1082/21/98 1080/19/98 1135/19/98
f 1100/39/98 1098/37/98 1144/37/98
f 1118/56/98 1116/54/98 1153/54/98
f 1154/56/66 1153/54/66 1171/54/66
f 1140/29/67 1165/29/67 1322/31/67
f 1128/5/68 1127/2/68 1315/2/68
f 1155/58/69 1154/56/69 1172/56/69
f 1142/33/70 1141/31/70 1322/31/70
f 1129/7/71 1128/5/71 1316/5/71
f 1155/58/72 1173/58/72 1174/60/72
f 1143/35/73 1142/33/73 1323/33/73
f 1130/9/74 1129/7/74 1159/7/74
f 1157/62/75 1156/60/75 1174/60/75
f 1143/35/76 1166/35/76 1324/37/76
f 1130/9/77 1160/9/77 1161/11/77
f 1157/62/78 1329/62/78 1158/64/78
f 1145/39/79 1144/37/79 1324/37/79
f 1132/13/80 1131/11/80 1161/11/80
f 1145/39/81 1325/39/81 1167/41/81
f 1132/13/82 1162/13/82 1317/15/82
f 1147/43/83 1146/41/83 1167/41/83
f 1133/15/84 1317/15/84 1318/17/84
f 1148/45/85 1147/43/85 1326/43/85
f 1135/19/86 1134/17/86 1318/17/86
f 1149/47/87 1148/45/87 1168/45/87
f 1135/19/88 1319/19/88 1320/21/88
f 1149/47/89 1327/47/89 1328/49/89
f 1137/23/90 1136/21/90 1320/21/90
f 1150/49/91 1328/49/91 1169/50/91
f 1137/23/92 1321/23/92 1163/25/92
f 1152/52/93 1151/50/93 1169/50/93
f 1139/27/94 1138/25/94 1163/25/94
f 1152/52/95 1170/52/95 1171/54/95
f 1140/29/96 1139/27/96 1164/27/96
f 1127/2/97 1126/3/97 1158/3/97
f 1054/56/98 1203/56/98 1204/58/98
f 1012/15/98 1010/13/98 1181/13/98
f 1028/31/98 1190/31/98 1191/33/98
f 1048/50/98 1046/49/98 1199/49/98
f 1002/5/98 1177/5/98 1178/7/98
f 1022/25/98 1020/23/98 1186/23/98
f 1038/41/98 1195/41/98 1196/43/98
f 1058/60/98 1056/58/98 1204/58/98
f 1014/17/98 1012/15/98 1182/15/98
f 1032/35/98 1030/33/98 1191/33/98
f 1050/52/98 1048/50/98 1200/50/98
f 1006/9/98 1004/7/98 1178/7/98
f 1024/27/98 1022/25/98 1187/25/98
f 1040/43/98 1196/43/98 1197/45/98
f 1060/62/98 1058/60/98 1205/60/98
f 1016/19/98 1014/17/98 1183/17/98
f 1034/37/98 1032/35/98 1192/35/98
f 1052/54/98 1050/52/98 1201/52/98
f 1006/9/98 1179/9/98 1180/11/98
f 1024/27/98 1188/27/98 1189/29/98
f 1044/47/98 1042/45/98 1197/45/98
f 1000/2/98 998/3/98 1175/3/98
f 998/64/98 1060/62/98 1206/62/98
f 1018/21/98 1016/19/98 1184/19/98
f 1036/39/98 1034/37/98 1193/37/98
f 1054/56/98 1052/54/98 1202/54/98
f 1010/13/98 1008/11/98 1180/11/98
f 1026/29/98 1189/29/98 1190/31/98
f 1046/49/98 1044/47/98 1198/47/98
f 1002/5/98 1000/2/98 1176/2/98
f 1018/21/98 1185/21/98 1186/23/98
f 1036/39/98 1194/39/98 1195/41/98
f 1196/43/83 1195/41/83 1271/41/83
f 1183/17/84 1182/15/84 1258/15/84
f 1196/43/85 1272/43/85 1273/45/85
f 1184/19/86 1183/17/86 1259/17/86
f 1197/45/87 1273/45/87 1274/47/87
f 1185/21/88 1184/19/88 1260/19/88
f 1199/49/89 1198/47/89 1274/47/89
f 1186/23/90 1185/21/90 1261/21/90
f 1199/49/91 1275/49/91 1276/50/91
f 1186/23/92 1262/23/92 1263/25/92
f 1201/52/93 1200/50/93 1276/50/93
f 1188/27/94 1187/25/94 1263/25/94
f 1202/54/95 1201/52/95 1277/52/95
f 1189/29/96 1188/27/96 1264/27/96
f 1176/2/97 1175/3/97 1251/3/97
f 1202/54/66 1278/54/66 1279/56/66
f 1189/29/67 1265/29/67 1266/31/67
f 1177/5/68 1176/2/68 1252/2/68
f 1203/56/69 1279/56/69 1280/58/69
f 1191/33/70 1190/31/70 1266/31/70
f 1178/7/71 1177/5/71 1253/5/71
f 1205/60/72 1204/58/72 1280/58/72
f 1192/35/73 1191/33/73 1267/33/73
f 1179/9/74 1178/7/74 1254/7/74
f 1206/62/75 1205/60/75 1281/60/75
f 1192/35/76 1268/35/76 1269/37/76
f 1179/9/77 1255/9/77 1256/11/77
f 1175/64/78 1206/62/78 1282/62/78
f 1194/39/79 1193/37/79 1269/37/79
f 1180/11/80 1256/11/80 1257/13/80
f 1195/41/81 1194/39/81 1270/39/81
f 1182/15/82 1181/13/82 1257/13/82
f 1406/65/66 1295/65/66 1294/66/66
f 1241/67/65 1239/69/65 1240/68/65
f 1248/67/99 1241/67/99 1242/70/99
f 1239/71/100 246/73/100 247/72/100
f 1241/74/101 248/75/101 246/73/101
f 249/76/102 1242/78/102 1240/77/102
f 1245/67/65 1243/69/65 1244/68/65
f 256/75/103 1245/67/103 1246/70/103
f 1243/71/104 254/73/104 255/72/104
f 1245/74/105 256/75/105 254/73/105
f 255/72/106 257/76/106 1246/78/106
f 264/75/107 260/75/107 1248/74/107
f 248/75/99 1241/74/99 1248/74/99
f 1247/78/99 1242/78/99 249/76/99
f 264/75/99 1250/67/99 1249/70/99
f 1247/78/109 261/76/109 265/76/109
f 1250/67/886 1248/67/886 1247/70/886
f 1251/64/65 1207/81/65 1208/80/65
f 1208/80/65 1209/82/65 1253/5/65
f 1209/82/65 1210/83/65 1254/7/65
f 1254/7/65 1210/83/65 1211/84/65
f 1211/84/65 1212/85/65 1256/11/65
f 1212/85/65 1213/86/65 1257/13/65
f 1213/86/65 1214/87/65 1258/15/65
f 1258/15/65 1214/87/65 1215/88/65
f 1215/88/65 1216/89/65 1260/19/65
f 1216/89/65 1217/90/65 1261/21/65
f 1217/90/65 1218/91/65 1262/23/65
f 1218/91/65 1219/92/65 1263/25/65
f 1219/92/65 1220/93/65 1264/27/65
f 1264/27/65 1220/93/65 1221/94/65
f 1221/94/65 1222/95/65 1266/31/65
f 1222/95/65 1223/96/65 1267/33/65
f 1267/33/65 1223/96/65 1224/97/65
f 1268/35/65 1224/97/65 1225/98/65
f 1225/98/65 1226/99/65 1270/39/65
f 1270/39/65 1226/99/65 1227/100/65
f 1271/41/65 1227/100/65 1228/101/65
f 1272/43/65 1228/101/65 1229/102/65
f 1273/45/65 1229/102/65 1230/103/65
f 1274/47/65 1230/103/65 1231/104/65
f 1231/104/65 1232/105/65 1276/50/65
f 1276/50/65 1232/105/65 1233/106/65
f 1233/106/65 1234/107/65 1278/54/65
f 1278/54/65 1234/107/65 1235/108/65
f 1235/108/65 1236/109/65 1280/58/65
f 1280/58/65 1236/109/65 1237/110/65
f 1281/60/65 1237/110/65 1238/111/65
f 1238/111/65 1207/81/65 1251/64/65
f 1216/89/91 1215/88/91 1434/88/91
f 1158/64/65 1283/113/65 1284/112/65
f 1284/112/65 1285/114/65 1316/5/65
f 1316/5/65 1285/114/65 1286/115/65
f 1286/115/65 1287/116/65 1160/9/65
f 1160/9/65 1287/116/65 1288/117/65
f 1161/11/65 1288/117/65 1289/118/65
f 1162/13/65 1289/118/65 1290/119/65
f 1290/119/65 1291/120/65 1318/17/65
f 1291/120/65 1292/121/65 1319/19/65
f 1292/121/65 1293/122/65 1320/21/65
f 1320/21/65 1293/122/65 1294/66/65
f 1321/23/65 1294/66/65 1295/65/65
f 1295/65/65 1296/123/65 1164/27/65
f 1164/27/65 1296/123/65 1297/124/65
f 1165/29/65 1297/124/65 1298/125/65
f 1322/31/65 1298/125/65 1299/126/65
f 1299/126/65 1300/127/65 1166/35/65
f 1300/127/65 1301/128/65 1324/37/65
f 1301/128/65 1302/129/65 1325/39/65
f 1325/39/65 1302/129/65 1303/130/65
f 1303/130/65 1304/131/65 1326/43/65
f 1304/131/65 1305/132/65 1168/45/65
f 1168/45/65 1305/132/65 1306/133/65
f 1327/47/65 1306/133/65 1307/134/65
f 1328/49/65 1307/134/65 1308/135/65
f 1308/135/65 1309/136/65 1170/52/65
f 1309/136/65 1310/137/65 1171/54/65
f 1310/137/65 1311/138/65 1172/56/65
f 1172/56/65 1311/138/65 1312/139/65
f 1312/139/65 1313/140/65 1174/60/65
f 1174/60/65 1313/140/65 1314/141/65
f 1314/141/65 1283/113/65 1158/64/65
f 1344/142/65 1458/142/65 1345/143/65
f 1373/144/65 1459/144/65 1374/145/65
f 1436/90/93 1217/90/93 1216/89/93
f 1407/123/69 1296/123/69 1295/65/69
f 1437/91/95 1218/91/95 1217/90/95
f 1408/124/72 1297/124/72 1296/123/72
f 1438/92/66 1219/92/66 1218/91/66
f 1298/125/75 1297/124/75 1408/124/75
f 1410/126/78 1299/126/78 1298/125/78
f 1439/93/69 1220/93/69 1219/92/69
f 1411/127/97 1300/127/97 1299/126/97
f 1440/94/72 1221/94/72 1220/93/72
f 1301/128/68 1300/127/68 1411/127/68
f 1222/95/75 1221/94/75 1440/94/75
f 1442/96/78 1223/96/78 1222/95/78
f 1413/129/71 1302/129/71 1301/128/71
f 1414/130/74 1303/130/74 1302/129/74
f 1443/97/97 1224/97/97 1223/96/97
f 1415/131/77 1304/131/77 1303/130/77
f 1225/98/68 1224/97/68 1443/97/68
f 1416/132/80 1305/132/80 1304/131/80
f 1445/99/71 1226/99/71 1225/98/71
f 1306/133/82 1305/132/82 1416/132/82
f 1446/100/74 1227/100/74 1226/99/74
f 1418/134/84 1307/134/84 1306/133/84
f 1228/101/77 1227/100/77 1446/100/77
f 1419/135/86 1308/135/86 1307/134/86
f 1448/102/80 1229/102/80 1228/101/80
f 1420/136/88 1309/136/88 1308/135/88
f 1449/103/82 1230/103/82 1229/102/82
f 1310/137/90 1309/136/90 1420/136/90
f 1450/104/84 1231/104/84 1230/103/84
f 1395/112/73 1284/112/73 1283/113/73
f 1422/138/92 1311/138/92 1310/137/92
f 1232/105/86 1231/104/86 1450/104/86
f 1396/114/76 1285/114/76 1284/112/76
f 1423/139/94 1312/139/94 1311/138/94
f 1452/106/88 1233/106/88 1232/105/88
f 1286/115/79 1285/114/79 1396/114/79
f 1313/140/96 1312/139/96 1423/139/96
f 1453/107/90 1234/107/90 1233/106/90
f 1398/116/81 1287/116/81 1286/115/81
f 1427/80/73 1208/80/73 1207/81/73
f 1425/141/67 1314/141/67 1313/140/67
f 1454/108/92 1235/108/92 1234/107/92
f 1399/117/83 1288/117/83 1287/116/83
f 1428/82/76 1209/82/76 1208/80/76
f 1394/113/70 1283/113/70 1314/141/70
f 1455/109/94 1236/109/94 1235/108/94
f 1429/83/79 1210/83/79 1209/82/79
f 1400/118/85 1289/118/85 1288/117/85
f 1237/110/96 1236/109/96 1455/109/96
f 1211/84/81 1210/83/81 1429/83/81
f 1401/119/87 1290/119/87 1289/118/87
f 1457/111/67 1238/111/67 1237/110/67
f 1212/85/83 1211/84/83 1430/84/83
f 1402/120/89 1291/120/89 1290/119/89
f 1426/81/70 1207/81/70 1238/111/70
f 1213/86/85 1212/85/85 1431/85/85
f 1403/121/91 1292/121/91 1291/120/91
f 1433/87/87 1214/87/87 1213/86/87
f 1404/122/93 1293/122/93 1292/121/93
f 1434/88/89 1215/88/89 1214/87/89
f 1405/66/95 1294/66/95 1293/122/95
f 1394/146/887 1362/148/887 1363/147/887
f 1363/147/888 1364/150/888 1396/149/888
f 1396/149/889 1364/150/889 1365/151/889
f 1365/151/890 1366/153/890 1398/152/890
f 1398/152/891 1366/153/891 1367/154/891
f 1367/154/892 1368/156/892 1400/155/892
f 1368/156/893 1369/158/893 1401/157/893
f 1369/158/894 1370/160/894 1402/159/894
f 1402/159/895 1370/160/895 1371/161/895
f 1403/162/896 1371/161/896 1372/163/896
f 1404/164/897 1372/163/897 1373/144/897
f 1405/165/898 1373/144/898 1374/145/898
f 1374/145/899 1375/167/899 1407/166/899
f 1375/167/900 1376/169/900 1408/168/900
f 1408/168/901 1376/169/901 1377/170/901
f 1409/171/902 1377/170/902 1378/172/902
f 1378/172/903 1379/174/903 1411/173/903
f 1411/173/904 1379/174/904 1380/175/904
f 1380/175/905 1381/177/905 1413/176/905
f 1413/176/906 1381/177/906 1382/178/906
f 1382/178/907 1383/180/907 1415/179/907
f 1383/180/908 1384/182/908 1416/181/908
f 1416/181/909 1384/182/909 1385/183/909
f 1385/183/910 1386/185/910 1418/184/910
f 1418/184/911 1386/185/911 1387/186/911
f 1419/187/912 1387/186/912 1388/188/912
f 1420/189/913 1388/188/913 1389/190/913
f 1389/190/914 1390/192/914 1422/191/914
f 1422/191/915 1390/192/915 1391/193/915
f 1391/193/916 1392/195/916 1424/194/916
f 1424/194/917 1392/195/917 1393/196/917
f 1393/196/918 1362/148/918 1394/146/918
f 1426/197/887 1330/199/887 1331/198/887
f 1331/198/888 1332/201/888 1428/200/888
f 1332/201/889 1333/203/889 1429/202/889
f 1333/203/890 1334/205/890 1430/204/890
f 1430/204/891 1334/205/891 1335/206/891
f 1431/207/892 1335/206/892 1336/208/892
f 1432/209/893 1336/208/893 1337/210/893
f 1433/211/894 1337/210/894 1338/212/894
f 1434/213/895 1338/212/895 1339/214/895
f 1435/215/896 1339/214/896 1340/216/896
f 1340/216/897 1341/218/897 1437/217/897
f 1437/217/898 1341/218/898 1342/219/898
f 1342/219/899 1343/221/899 1439/220/899
f 1343/221/900 1344/142/900 1440/222/900
f 1440/222/901 1344/142/901 1345/143/901
f 1441/223/902 1345/143/902 1346/224/902
f 1346/224/903 1347/226/903 1443/225/903
f 1443/225/904 1347/226/904 1348/227/904
f 1444/228/905 1348/227/905 1349/229/905
f 1445/230/906 1349/229/906 1350/231/906
f 1350/231/907 1351/233/907 1447/232/907
f 1351/233/908 1352/235/908 1448/234/908
f 1352/235/909 1353/237/909 1449/236/909
f 1353/237/910 1354/239/910 1450/238/910
f 1354/239/911 1355/241/911 1451/240/911
f 1451/240/912 1355/241/912 1356/242/912
f 1452/243/913 1356/242/913 1357/244/913
f 1453/245/914 1357/244/914 1358/246/914
f 1454/247/915 1358/246/915 1359/248/915
f 1455/249/916 1359/248/916 1360/250/916
f 1360/250/917 1361/252/917 1457/251/917
f 1361/252/918 1330/199/918 1426/197/918
f 1331/198/65 1458/198/65 1332/201/65
f 1358/246/65 1458/246/65 1359/248/65
f 1345/143/65 1458/143/65 1346/224/65
f 1332/201/65 1458/201/65 1333/203/65
f 1359/248/65 1458/248/65 1360/250/65
f 1346/224/65 1458/224/65 1347/226/65
f 1333/203/65 1458/203/65 1334/205/65
f 1360/250/65 1458/250/65 1361/252/65
f 1347/226/65 1458/226/65 1348/227/65
f 1334/205/65 1458/205/65 1335/206/65
f 1361/252/65 1458/252/65 1330/199/65
f 1348/227/65 1458/227/65 1349/229/65
f 1335/206/65 1458/206/65 1336/208/65
f 1349/229/65 1458/229/65 1350/231/65
f 1336/208/65 1458/208/65 1337/210/65
f 1350/231/65 1458/231/65 1351/233/65
f 1337/210/65 1458/210/65 1338/212/65
f 1351/233/65 1458/233/65 1352/235/65
f 1338/212/65 1458/212/65 1339/214/65
f 1352/235/65 1458/235/65 1353/237/65
f 1339/214/65 1458/214/65 1340/216/65
f 1353/237/65 1458/237/65 1354/239/65
f 1340/216/65 1458/216/65 1341/218/65
f 1354/239/65 1458/239/65 1355/241/65
f 1341/218/65 1458/218/65 1342/219/65
f 1355/241/65 1458/241/65 1356/242/65
f 1342/219/65 1458/219/65 1343/221/65
f 1356/242/65 1458/242/65 1357/244/65
f 1343/221/65 1458/221/65 1344/142/65
f 1330/199/65 1458/199/65 1331/198/65
f 1357/244/65 1458/244/65 1358/246/65
f 1387/186/65 1459/186/65 1388/188/65
f 1374/145/65 1459/145/65 1375/167/65
f 1388/188/65 1459/188/65 1389/190/65
f 1375/167/65 1459/167/65 1376/169/65
f 1362/148/65 1459/148/65 1363/147/65
f 1389/190/65 1459/190/65 1390/192/65
f 1376/169/65 1459/169/65 1377/170/65
f 1363/147/65 1459/147/65 1364/150/65
f 1390/192/65 1459/192/65 1391/193/65
f 1377/170/65 1459/170/65 1378/172/65
f 1364/150/65 1459/150/65 1365/151/65
f 1391/193/65 1459/193/65 1392/195/65
f 1378/172/65 1459/172/65 1379/174/65
f 1365/151/65 1459/151/65 1366/153/65
f 1392/195/65 1459/195/65 1393/196/65
f 1379/174/65 1459/174/65 1380/175/65
f 1366/153/65 1459/153/65 1367/154/65
f 1393/196/65 1459/196/65 1362/148/65
f 1380/175/65 1459/175/65 1381/177/65
f 1367/154/65 1459/154/65 1368/156/65
f 1381/177/65 1459/177/65 1382/178/65
f 1368/156/65 1459/156/65 1369/158/65
f 1382/178/65 1459/178/65 1383/180/65
f 1369/158/65 1459/158/65 1370/160/65
f 1383/180/65 1459/180/65 1384/182/65
f 1370/160/65 1459/160/65 1371/161/65
f 1384/182/65 1459/182/65 1385/183/65
f 1371/161/65 1459/161/65 1372/163/65
f 1385/183/65 1459/183/65 1386/185/65
f 1372/163/65 1459/163/65 1373/144/65
f 1386/185/65 1459/185/65 1387/186/65
f 999/1/822 1000/2/822 1001/4/822
f 1001/4/823 1002/5/823 1003/6/823
f 1003/6/824 1004/7/824 1005/8/824
f 1005/8/825 1006/9/825 1007/10/825
f 1007/10/826 1008/11/826 1009/12/826
f 1009/12/919 1010/13/919 1011/14/919
f 1011/14/828 1012/15/828 1013/16/828
f 1013/16/829 1014/17/829 1015/253/829
f 1014/17/830 1017/18/830 1015/253/830
f 1016/19/831 1019/20/831 1017/18/831
f 1018/21/832 1021/22/832 1019/20/832
f 1020/23/920 1023/24/920 1021/22/920
f 1022/25/834 1025/26/834 1023/24/834
f 1024/27/835 1027/28/835 1025/26/835
f 1026/29/836 1029/30/836 1027/28/836
f 1028/31/837 1031/32/837 1029/30/837
f 1030/33/838 1033/34/838 1031/32/838
f 1032/35/839 1035/36/839 1033/34/839
f 1034/37/840 1037/38/840 1035/36/840
f 1036/39/841 1039/40/841 1037/38/841
f 1038/41/921 1041/42/921 1039/40/921
f 1040/43/843 1043/44/843 1041/42/843
f 1042/45/844 1045/46/844 1043/44/844
f 1044/47/845 1047/48/845 1045/46/845
f 1047/48/846 1048/50/846 1049/51/846
f 1049/51/847 1050/52/847 1051/53/847
f 1051/53/848 1052/54/848 1053/55/848
f 1053/55/849 1054/56/849 1055/57/849
f 1055/57/850 1056/58/850 1057/59/850
f 1057/59/922 1058/60/922 1059/61/922
f 1059/61/852 1060/62/852 1061/63/852
f 1061/63/853 998/64/853 999/254/853
f 1063/1/854 1064/2/854 1065/4/854
f 1065/4/855 1066/5/855 1067/6/855
f 1066/5/856 1069/8/856 1067/6/856
f 1068/7/857 1071/10/857 1069/8/857
f 1071/10/858 1072/11/858 1073/12/858
f 1073/12/859 1074/13/859 1075/14/859
f 1075/14/860 1076/15/860 1077/16/860
f 1077/16/861 1078/17/861 1079/253/861
f 1078/17/862 1081/18/862 1079/253/862
f 1081/18/863 1082/21/863 1083/20/863
f 1082/21/864 1085/22/864 1083/20/864
f 1085/22/865 1086/25/865 1087/24/865
f 1086/25/866 1089/26/866 1087/24/866
f 1088/27/867 1091/28/867 1089/26/867
f 1091/28/868 1092/31/868 1093/30/868
f 1093/30/869 1094/33/869 1095/32/869
f 1095/32/870 1096/35/870 1097/34/870
f 1097/34/871 1098/37/871 1099/36/871
f 1098/37/872 1101/38/872 1099/36/872
f 1101/38/873 1102/41/873 1103/40/873
f 1103/40/874 1104/43/874 1105/42/874
f 1105/42/875 1106/45/875 1107/44/875
f 1107/44/876 1108/47/876 1109/46/876
f 1108/47/877 1111/48/877 1109/46/877
f 1111/48/878 1112/50/878 1113/51/878
f 1113/51/879 1114/52/879 1115/53/879
f 1115/53/880 1116/54/880 1117/55/880
f 1116/54/881 1119/57/881 1117/55/881
f 1119/57/882 1120/58/882 1121/59/882
f 1120/58/883 1123/61/883 1121/59/883
f 1122/60/884 1125/63/884 1123/61/884
f 1125/63/885 1062/64/885 1063/254/885
f 1072/11/98 1132/13/98 1074/13/98
f 1092/31/98 1140/29/98 1141/31/98
f 1110/49/98 1149/47/98 1150/49/98
f 1064/2/98 1128/5/98 1066/5/98
f 1084/23/98 1136/21/98 1137/23/98
f 1102/41/98 1145/39/98 1146/41/98
f 1120/58/98 1154/56/98 1155/58/98
f 1076/15/98 1132/13/98 1133/15/98
f 1092/31/98 1142/33/98 1094/33/98
f 1110/49/98 1151/50/98 1112/50/98
f 1066/5/98 1129/7/98 1068/7/98
f 1086/25/98 1137/23/98 1138/25/98
f 1102/41/98 1147/43/98 1104/43/98
f 1122/60/98 1155/58/98 1156/60/98
f 1078/17/98 1133/15/98 1134/17/98
f 1096/35/98 1142/33/98 1143/35/98
f 1112/50/98 1152/52/98 1114/52/98
f 1068/7/98 1130/9/98 1070/9/98
f 1086/25/98 1139/27/98 1088/27/98
f 1104/43/98 1148/45/98 1106/45/98
f 1124/62/98 1156/60/98 1157/62/98
f 1080/19/98 1134/17/98 1135/19/98
f 1096/35/98 1144/37/98 1098/37/98
f 1116/54/98 1152/52/98 1153/54/98
f 1072/11/98 1130/9/98 1131/11/98
f 1088/27/98 1140/29/98 1090/29/98
f 1106/45/98 1149/47/98 1108/47/98
f 1064/2/98 1126/3/98 1127/2/98
f 1124/62/98 1126/64/98 1062/64/98
f 1082/21/98 1135/19/98 1136/21/98
f 1100/39/98 1144/37/98 1145/39/98
f 1118/56/98 1153/54/98 1154/56/98
f 1154/56/66 1171/54/66 1172/56/66
f 1140/29/67 1322/31/67 1141/31/67
f 1128/5/68 1315/2/68 1316/5/68
f 1155/58/69 1172/56/69 1173/58/69
f 1142/33/70 1322/31/70 1323/33/70
f 1129/7/71 1316/5/71 1159/7/71
f 1155/58/72 1174/60/72 1156/60/72
f 1143/35/73 1323/33/73 1166/35/73
f 1130/9/74 1159/7/74 1160/9/74
f 1157/62/75 1174/60/75 1329/62/75
f 1143/35/76 1324/37/76 1144/37/76
f 1130/9/77 1161/11/77 1131/11/77
f 1157/62/78 1158/64/78 1126/64/78
f 1145/39/79 1324/37/79 1325/39/79
f 1132/13/80 1161/11/80 1162/13/80
f 1145/39/81 1167/41/81 1146/41/81
f 1132/13/82 1317/15/82 1133/15/82
f 1147/43/83 1167/41/83 1326/43/83
f 1133/15/84 1318/17/84 1134/17/84
f 1148/45/85 1326/43/85 1168/45/85
f 1135/19/86 1318/17/86 1319/19/86
f 1149/47/87 1168/45/87 1327/47/87
f 1135/19/88 1320/21/88 1136/21/88
f 1149/47/89 1328/49/89 1150/49/89
f 1137/23/90 1320/21/90 1321/23/90
f 1150/49/91 1169/50/91 1151/50/91
f 1137/23/92 1163/25/92 1138/25/92
f 1152/52/93 1169/50/93 1170/52/93
f 1139/27/94 1163/25/94 1164/27/94
f 1152/52/95 1171/54/95 1153/54/95
f 1140/29/96 1164/27/96 1165/29/96
f 1127/2/97 1158/3/97 1315/2/97
f 1054/56/98 1204/58/98 1056/58/98
f 1012/15/98 1181/13/98 1182/15/98
f 1028/31/98 1191/33/98 1030/33/98
f 1048/50/98 1199/49/98 1200/50/98
f 1002/5/98 1178/7/98 1004/7/98
f 1022/25/98 1186/23/98 1187/25/98
f 1038/41/98 1196/43/98 1040/43/98
f 1058/60/98 1204/58/98 1205/60/98
f 1014/17/98 1182/15/98 1183/17/98
f 1032/35/98 1191/33/98 1192/35/98
f 1050/52/98 1200/50/98 1201/52/98
f 1006/9/98 1178/7/98 1179/9/98
f 1024/27/98 1187/25/98 1188/27/98
f 1040/43/98 1197/45/98 1042/45/98
f 1060/62/98 1205/60/98 1206/62/98
f 1016/19/98 1183/17/98 1184/19/98
f 1034/37/98 1192/35/98 1193/37/98
f 1052/54/98 1201/52/98 1202/54/98
f 1006/9/98 1180/11/98 1008/11/98
f 1024/27/98 1189/29/98 1026/29/98
f 1044/47/98 1197/45/98 1198/47/98
f 1000/2/98 1175/3/98 1176/2/98
f 998/64/98 1206/62/98 1175/64/98
f 1018/21/98 1184/19/98 1185/21/98
f 1036/39/98 1193/37/98 1194/39/98
f 1054/56/98 1202/54/98 1203/56/98
f 1010/13/98 1180/11/98 1181/13/98
f 1026/29/98 1190/31/98 1028/31/98
f 1046/49/98 1198/47/98 1199/49/98
f 1002/5/98 1176/2/98 1177/5/98
f 1018/21/98 1186/23/98 1020/23/98
f 1036/39/98 1195/41/98 1038/41/98
f 1196/43/83 1271/41/83 1272/43/83
f 1183/17/84 1258/15/84 1259/17/84
f 1196/43/85 1273/45/85 1197/45/85
f 1184/19/86 1259/17/86 1260/19/86
f 1197/45/87 1274/47/87 1198/47/87
f 1185/21/88 1260/19/88 1261/21/88
f 1199/49/89 1274/47/89 1275/49/89
f 1186/23/90 1261/21/90 1262/23/90
f 1199/49/91 1276/50/91 1200/50/91
f 1186/23/92 1263/25/92 1187/25/92
f 1201/52/93 1276/50/93 1277/52/93
f 1188/27/94 1263/25/94 1264/27/94
f 1202/54/95 1277/52/95 1278/54/95
f 1189/29/96 1264/27/96 1265/29/96
f 1176/2/97 1251/3/97 1252/2/97
f 1202/54/66 1279/56/66 1203/56/66
f 1189/29/67 1266/31/67 1190/31/67
f 1177/5/68 1252/2/68 1253/5/68
f 1203/56/69 1280/58/69 1204/58/69
f 1191/33/70 1266/31/70 1267/33/70
f 1178/7/71 1253/5/71 1254/7/71
f 1205/60/72 1280/58/72 1281/60/72
f 1192/35/73 1267/33/73 1268/35/73
f 1179/9/74 1254/7/74 1255/9/74
f 1206/62/75 1281/60/75 1282/62/75
f 1192/35/76 1269/37/76 1193/37/76
f 1179/9/77 1256/11/77 1180/11/77
f 1175/64/78 1282/62/78 1251/64/78
f 1194/39/79 1269/37/79 1270/39/79
f 1180/11/80 1257/13/80 1181/13/80
f 1195/41/81 1270/39/81 1271/41/81
f 1182/15/82 1257/13/82 1258/15/82
f 1406/65/66 1294/66/66 1405/66/66
f 1241/67/65 1240/68/65 1242/70/65
f 1248/67/99 1242/70/99 1247/70/99
f 1239/71/100 247/72/100 1240/255/100
f 1241/74/101 246/73/101 1239/256/101
f 249/76/102 1240/77/102 247/72/102
f 1245/67/65 1244/68/65 1246/70/65
f 256/75/103 1246/70/103 257/76/103
f 1243/71/104 255/72/104 1244/255/104
f 1245/74/105 254/73/105 1243/256/105
f 255/72/106 1246/78/106 1244/77/106
f 264/75/107 1248/74/107 1250/74/107
f 248/75/99 1248/74/99 260/75/99
f 1247/78/99 249/76/99 261/76/99
f 264/75/99 1249/70/99 265/76/99
f 1247/78/109 265/76/109 1249/78/109
f 1250/67/886 1247/70/886 1249/70/886
f 1251/64/65 1208/80/65 1252/2/65
f 1208/80/65 1253/5/65 1252/2/65
f 1209/82/65 1254/7/65 1253/5/65
f 1254/7/65 1211/84/65 1255/9/65
f 1211/84/65 1256/11/65 1255/9/65
f 1212/85/65 1257/13/65 1256/11/65
f 1213/86/65 1258/15/65 1257/13/65
f 1258/15/65 1215/88/65 1259/17/65
f 1215/88/65 1260/19/65 1259/17/65
f 1216/89/65 1261/21/65 1260/19/65
f 1217/90/65 1262/23/65 1261/21/65
f 1218/91/65 1263/25/65 1262/23/65
f 1219/92/65 1264/27/65 1263/25/65
f 1264/27/65 1221/94/65 1265/29/65
f 1221/94/65 1266/31/65 1265/29/65
f 1222/95/65 1267/33/65 1266/31/65
f 1267/33/65 1224/97/65 1268/35/65
f 1268/35/65 1225/98/65 1269/37/65
f 1225/98/65 1270/39/65 1269/37/65
f 1270/39/65 1227/100/65 1271/41/65
f 1271/41/65 1228/101/65 1272/43/65
f 1272/43/65 1229/102/65 1273/45/65
f 1273/45/65 1230/103/65 1274/47/65
f 1274/47/65 1231/104/65 1275/49/65
f 1231/104/65 1276/50/65 1275/49/65
f 1276/50/65 1233/106/65 1277/52/65
f 1233/106/65 1278/54/65 1277/52/65
f 1278/54/65 1235/108/65 1279/56/65
f 1235/108/65 1280/58/65 1279/56/65
f 1280/58/65 1237/110/65 1281/60/65
f 1281/60/65 1238/111/65 1282/62/65
f 1238/111/65 1251/64/65 1282/62/65
f 1216/89/91 1434/88/91 1435/89/91
f 1158/64/65 1284/112/65 1315/2/65
f 1284/112/65 1316/5/65 1315/2/65
f 1316/5/65 1286/115/65 1159/7/65
f 1286/115/65 1160/9/65 1159/7/65
f 1160/9/65 1288/117/65 1161/11/65
f 1161/11/65 1289/118/65 1162/13/65
f 1162/13/65 1290/119/65 1317/15/65
f 1290/119/65 1318/17/65 1317/15/65
f 1291/120/65 1319/19/65 1318/17/65
f 1292/121/65 1320/21/65 1319/19/65
f 1320/21/65 1294/66/65 1321/23/65
f 1321/23/65 1295/65/65 1163/25/65
f 1295/65/65 1164/27/65 1163/25/65
f 1164/27/65 1297/124/65 1165/29/65
f 1165/29/65 1298/125/65 1322/31/65
f 1322/31/65 1299/126/65 1323/33/65
f 1299/126/65 1166/35/65 1323/33/65
f 1300/127/65 1324/37/65 1166/35/65
f 1301/128/65 1325/39/65 1324/37/65
f 1325/39/65 1303/130/65 1167/41/65
f 1303/130/65 1326/43/65 1167/41/65
f 1304/131/65 1168/45/65 1326/43/65
f 1168/45/65 1306/133/65 1327/47/65
f 1327/47/65 1307/134/65 1328/49/65
f 1328/49/65 1308/135/65 1169/50/65
f 1308/135/65 1170/52/65 1169/50/65
f 1309/136/65 1171/54/65 1170/52/65
f 1310/137/65 1172/56/65 1171/54/65
f 1172/56/65 1312/139/65 1173/58/65
f 1312/139/65 1174/60/65 1173/58/65
f 1174/60/65 1314/141/65 1329/62/65
f 1314/141/65 1158/64/65 1329/62/65
f 1436/90/93 1216/89/93 1435/89/93
f 1407/123/69 1295/65/69 1406/65/69
f 1437/91/95 1217/90/95 1436/90/95
f 1408/124/72 1296/123/72 1407/123/72
f 1438/92/66 1218/91/66 1437/91/66
f 1298/125/75 1408/124/75 1409/125/75
f 1410/126/78 1298/125/78 1409/125/78
f 1439/93/69 1219/92/69 1438/92/69
f 1411/127/97 1299/126/97 1410/126/97
f 1440/94/72 1220/93/72 1439/93/72
f 1301/128/68 1411/127/68 1412/128/68
f 1222/95/75 1440/94/75 1441/95/75
f 1442/96/78 1222/95/78 1441/95/78
f 1413/129/71 1301/128/71 1412/128/71
f 1414/130/74 1302/129/74 1413/129/74
f 1443/97/97 1223/96/97 1442/96/97
f 1415/131/77 1303/130/77 1414/130/77
f 1225/98/68 1443/97/68 1444/98/68
f 1416/132/80 1304/131/80 1415/131/80
f 1445/99/71 1225/98/71 1444/98/71
f 1306/133/82 1416/132/82 1417/133/82
f 1446/100/74 1226/99/74 1445/99/74
f 1418/134/84 1306/133/84 1417/133/84
f 1228/101/77 1446/100/77 1447/101/77
f 1419/135/86 1307/134/86 1418/134/86
f 1448/102/80 1228/101/80 1447/101/80
f 1420/136/88 1308/135/88 1419/135/88
f 1449/103/82 1229/102/82 1448/102/82
f 1310/137/90 1420/136/90 1421/137/90
f 1450/104/84 1230/103/84 1449/103/84
f 1395/112/73 1283/113/73 1394/113/73
f 1422/138/92 1310/137/92 1421/137/92
f 1232/105/86 1450/104/86 1451/105/86
f 1396/114/76 1284/112/76 1395/112/76
f 1423/139/94 1311/138/94 1422/138/94
f 1452/106/88 1232/105/88 1451/105/88
f 1286/115/79 1396/114/79 1397/115/79
f 1313/140/96 1423/139/96 1424/140/96
f 1453/107/90 1233/106/90 1452/106/90
f 1398/116/81 1286/115/81 1397/115/81
f 1427/80/73 1207/81/73 1426/81/73
f 1425/141/67 1313/140/67 1424/140/67
f 1454/108/92 1234/107/92 1453/107/92
f 1399/117/83 1287/116/83 1398/116/83
f 1428/82/76 1208/80/76 1427/80/76
f 1394/113/70 1314/141/70 1425/141/70
f 1455/109/94 1235/108/94 1454/108/94
f 1429/83/79 1209/82/79 1428/82/79
f 1400/118/85 1288/117/85 1399/117/85
f 1237/110/96 1455/109/96 1456/110/96
f 1211/84/81 1429/83/81 1430/84/81
f 1401/119/87 1289/118/87 1400/118/87
f 1457/111/67 1237/110/67 1456/110/67
f 1212/85/83 1430/84/83 1431/85/83
f 1402/120/89 1290/119/89 1401/119/89
f 1426/81/70 1238/111/70 1457/111/70
f 1213/86/85 1431/85/85 1432/86/85
f 1403/121/91 1291/120/91 1402/120/91
f 1433/87/87 1213/86/87 1432/86/87
f 1404/122/93 1292/121/93 1403/121/93
f 1434/88/89 1214/87/89 1433/87/89
f 1405/66/95 1293/122/95 1404/122/95
f 1394/146/887 1363/147/887 1395/257/887
f 1363/147/888 1396/149/888 1395/257/888
f 1396/149/889 1365/151/889 1397/258/889
f 1365/151/890 1398/152/890 1397/258/890
f 1398/152/891 1367/154/891 1399/259/891
f 1367/154/892 1400/155/892 1399/259/892
f 1368/156/893 1401/157/893 1400/155/893
f 1369/158/894 1402/159/894 1401/157/894
f 1402/159/895 1371/161/895 1403/162/895
f 1403/162/896 1372/163/896 1404/164/896
f 1404/164/897 1373/144/897 1405/165/897
f 1405/165/898 1374/145/898 1406/260/898
f 1374/145/899 1407/166/899 1406/260/899
f 1375/167/900 1408/168/900 1407/166/900
f 1408/168/901 1377/170/901 1409/171/901
f 1409/171/902 1378/172/902 1410/261/902
f 1378/172/903 1411/173/903 1410/261/903
f 1411/173/904 1380/175/904 1412/262/904
f 1380/175/905 1413/176/905 1412/262/905
f 1413/176/906 1382/178/906 1414/263/906
f 1382/178/907 1415/179/907 1414/263/907
f 1383/180/908 1416/181/908 1415/179/908
f 1416/181/909 1385/183/909 1417/264/909
f 1385/183/910 1418/184/910 1417/264/910
f 1418/184/911 1387/186/911 1419/187/911
f 1419/187/912 1388/188/912 1420/189/912
f 1420/189/913 1389/190/913 1421/265/913
f 1389/190/914 1422/191/914 1421/265/914
f 1422/191/915 1391/193/915 1423/266/915
f 1391/193/916 1424/194/916 1423/266/916
f 1424/194/917 1393/196/917 1425/267/917
f 1393/196/918 1394/146/918 1425/267/918
f 1426/197/887 1331/198/887 1427/268/887
f 1331/198/888 1428/200/888 1427/268/888
f 1332/201/889 1429/202/889 1428/200/889
f 1333/203/890 1430/204/890 1429/202/890
f 1430/204/891 1335/206/891 1431/207/891
f 1431/207/892 1336/208/892 1432/209/892
f 1432/209/893 1337/210/893 1433/211/893
f 1433/211/894 1338/212/894 1434/213/894
f 1434/213/895 1339/214/895 1435/215/895
f 1435/215/896 1340/216/896 1436/269/896
f 1340/216/897 1437/217/897 1436/269/897
f 1437/217/898 1342/219/898 1438/270/898
f 1342/219/899 1439/220/899 1438/270/899
f 1343/221/900 1440/222/900 1439/220/900
f 1440/222/901 1345/143/901 1441/223/901
f 1441/223/902 1346/224/902 1442/271/902
f 1346/224/903 1443/225/903 1442/271/903
f 1443/225/904 1348/227/904 1444/228/904
f 1444/228/905 1349/229/905 1445/230/905
f 1445/230/906 1350/231/906 1446/272/906
f 1350/231/907 1447/232/907 1446/272/907
f 1351/233/908 1448/234/908 1447/232/908
f 1352/235/909 1449/236/909 1448/234/909
f 1353/237/910 1450/238/910 1449/236/910
f 1354/239/911 1451/240/911 1450/238/911
f 1451/240/912 1356/242/912 1452/243/912
f 1452/243/913 1357/244/913 1453/245/913
f 1453/245/914 1358/246/914 1454/247/914
f 1454/247/915 1359/248/915 1455/249/915
f 1455/249/916 1360/250/916 1456/273/916
f 1360/250/917 1457/251/917 1456/273/917
f 1361/252/918 1426/197/918 1457/251/918
f 1462/275/163 1461/274/163 1460/276/163
f 1464/278/162 1463/277/162 1462/275/162
f 481/280/923 1465/279/923 1464/278/923
f 1466/290/924 490/289/924 489/288/924
f 1468/292/154 1467/291/154 1466/290/154
f 1470/294/153 1469/293/153 1468/292/153
f 1472/296/152 1471/295/152 1470/294/152
f 1474/298/151 1473/297/151 1472/296/151
f 1476/300/214 1475/299/214 1474/298/214
f 1478/302/210 1477/301/210 1476/300/210
f 1480/304/674 1479/303/674 1478/302/674
f 1482/306/673 1481/305/673 1480/304/673
f 1484/308/672 1483/307/672 1482/306/672
f 1486/310/671 1485/309/671 1484/308/671
f 1473/311/188 1495/311/188 1471/312/188
f 1486/310/148 1489/313/148 1487/570/148
f 1460/315/147 1489/313/147 1488/314/147
f 1480/571/100 1466/572/100 1464/573/100
f 1493/319/925 1501/319/926 1492/320/926
f 1483/321/927 1497/321/928 1481/322/927
f 484/323/929 1492/323/930 482/324/931
f 1469/325/932 1494/325/932 1467/326/932
f 1479/327/933 1496/327/934 1477/328/933
f 1489/329/935 1498/329/935 1487/330/935
f 1491/332/936 1463/331/937 1465/332/938
f 490/333/939 1493/333/939 488/319/939
f 1475/334/940 1495/311/941 1473/311/942
f 1485/335/943 1497/335/944 1483/321/943
f 486/320/945 1492/320/946 484/323/947
f 1495/312/948 1469/325/949 1471/312/161
f 1481/322/950 1496/327/951 1479/327/952
f 1461/336/953 1498/329/954 1489/329/203
f 1492/324/955 1465/332/956 482/324/957
f 1467/326/958 1493/333/959 490/333/960
f 1477/328/200 1496/328/961 1475/334/200
f 1463/331/194 1490/331/194 1461/337/194
f 1498/330/962 1485/335/963 1487/330/964
f 1493/319/965 486/320/966 488/319/967
f 1500/574/99 1504/575/99 1506/576/99
f 1493/319/156 1502/333/156 1501/319/156
f 1505/322/968 1496/327/969 1497/322/970
f 1494/326/155 1502/326/155 1493/333/155
f 1490/337/971 1499/331/971 1507/337/972
f 1494/326/973 1503/325/973 1502/326/973
f 1491/332/974 1499/331/975 1490/331/976
f 1497/321/672 1506/335/672 1505/321/672
f 1495/312/153 1503/312/153 1494/325/153
f 1492/324/977 1500/324/978 1491/332/978
f 1498/330/979 1506/330/979 1497/335/979
f 1498/330/148 1507/329/148 1506/330/148
f 1504/334/980 1495/311/981 1496/334/982
f 1492/323/983 1501/320/983 1500/323/983
f 1490/336/147 1507/336/147 1498/329/147
f 1627/341/984 1628/79/985 1553/79/986
f 1907/79/987 1580/79/987 1579/79/987
f 1651/342/988 1653/342/988 1582/342/989
f 1514/343/990 1592/345/991 1590/344/992
f 1514/343/993 1591/346/994 1592/345/995
f 1625/79/996 1546/79/997 1526/79/998
f 1907/79/999 1577/79/999 1581/79/999
f 1529/79/1000 1627/341/1000 1553/79/1000
f 1567/79/1001 1625/79/1001 1566/79/1001
f 1598/348/1002 1597/350/1003 1552/349/1004
f 620/79/1005 1584/79/1006 624/79/1007
f 1648/351/1008 1514/343/1009 1513/351/1008
f 1550/352/1010 1560/354/1011 1508/353/1012
f 1892/355/1013 1572/355/1013 1890/355/1013
f 1658/356/1014 1531/356/1014 1530/356/1014
f 600/79/1015 1555/79/1015 584/79/1015
f 1554/79/1016 1555/79/1016 1586/79/1016
f 1554/79/1017 1509/79/1017 1511/79/1017
f 1611/79/1018 1603/79/1018 1602/79/1018
f 1624/79/1019 1606/79/1020 1510/79/1021
f 1510/79/1022 1603/79/1022 1657/79/1022
f 1655/79/1023 1603/79/1024 1925/79/1025
f 1655/79/1026 1926/79/1027 1654/79/1028
f 593/79/1029 584/79/1030 1555/79/1031
f 1656/79/1032 593/79/1033 1555/79/1034
f 1657/79/1035 1624/79/1035 1510/79/1035
f 1604/79/1036 533/79/1036 1523/79/1036
f 1604/79/1037 1554/79/1037 1586/79/1037
f 627/357/1038 1586/357/1038 600/357/1038
f 1522/79/1039 1605/79/1039 1523/79/1039
f 1509/79/1040 1523/79/1040 1605/79/1040
f 1521/79/1041 1605/79/1041 1522/79/1041
f 1550/352/1042 1558/79/1043 1560/354/1044
f 1560/354/1045 1521/79/1046 1524/79/1046
f 1656/79/1047 1554/79/1048 1511/79/1048
f 1509/79/1049 1606/79/1049 1511/79/1049
f 1613/79/1050 1509/79/1050 1605/79/1050
f 1611/79/1051 1602/79/1051 1607/79/1051
f 1929/359/1052 1571/358/1052 1515/359/1052
f 1925/79/1053 1612/79/1054 1927/79/1055
f 1928/351/1056 1614/351/1057 1615/351/1058
f 1928/351/1059 1927/351/1060 1610/351/1061
f 1926/79/1062 593/79/1063 1654/79/1064
f 1926/360/1065 1928/360/1066 1615/360/1067
f 1615/360/1068 593/360/1069 1926/360/1070
f 1614/351/1071 661/351/1072 1615/351/1073
f 1618/351/1074 1611/351/1074 1607/351/1074
f 1608/351/1075 1618/351/1075 1607/351/1075
f 1608/351/1076 1620/351/1076 1621/351/1076
f 1611/351/1077 1622/351/1077 1612/351/1077
f 1617/351/1078 1612/351/1078 1622/351/1078
f 1610/351/1079 1927/351/1080 1617/351/1081
f 1590/344/1082 1613/351/1083 1514/343/1084
f 1613/351/1085 1620/351/1085 1606/351/1085
f 1558/79/1086 1613/79/1086 1605/79/1086
f 1556/79/1087 1557/79/1087 1558/79/1087
f 1623/79/1088 1558/79/1088 1557/79/1088
f 1511/79/1020 1606/79/1020 1624/79/1089
f 1656/79/1090 1624/79/1091 1657/79/1092
f 1510/79/1093 1607/79/1094 1602/79/1095
f 1606/79/1096 1608/79/1097 1510/79/1098
f 1917/79/1099 1524/79/1099 1521/79/1099
f 1914/79/1100 1522/79/1100 1523/79/1100
f 1562/79/1101 1924/79/1102 1638/79/1103
f 1568/79/1104 1526/79/1105 1546/79/1106
f 1568/79/1107 1922/79/1108 1526/79/1109
f 1915/79/1110 1521/79/1110 1522/79/1110
f 1525/79/1111 1567/79/1112 1561/79/1113
f 1568/79/1114 1546/79/1115 1525/79/1114
f 1547/362/1116 1567/79/1117 1566/79/1117
f 1561/79/1118 1567/79/1118 1544/363/1119
f 1547/364/1120 1564/365/1121 1544/363/1122
f 1566/79/1123 864/79/1123 670/79/1124
f 1562/368/1125 1560/367/1126 1524/368/1127
f 1544/363/1128 1565/79/1129 1561/79/1129
f 1569/369/1130 1561/369/1131 1565/369/1132
f 1551/370/1133 1569/79/1134 1565/79/1135
f 1564/365/1136 1551/370/1137 1565/79/1138
f 1626/79/1139 1564/365/1140 1599/366/1141
f 1528/371/1142 1629/373/1143 1633/372/1144
f 1642/79/1145 1641/79/1145 1631/79/1145
f 1563/79/1146 1529/79/1146 1553/79/1146
f 1563/79/1147 1633/79/1147 1632/79/1147
f 1635/79/1148 1630/79/1148 1631/79/1148
f 1634/79/1149 1548/79/1149 1637/79/1149
f 1562/368/1150 1548/368/1151 1549/368/1152
f 1548/79/1153 1545/79/1153 1549/79/1153
f 1637/79/1154 1636/79/1154 1634/79/1154
f 1638/79/1155 1637/79/1156 1562/79/1157
f 1630/79/1158 1636/79/1158 1633/79/1158
f 1569/372/1159 1664/372/1160 1638/372/1161
f 1662/371/1162 1569/372/1163 1528/371/1164
f 1524/79/1165 1919/79/1166 1562/79/1167
f 1629/347/1168 1551/370/1169 1627/341/1170
f 1627/341/1171 1551/370/1172 1626/79/1173
f 1629/347/1174 1632/79/1175 1633/79/1175
f 1528/371/1176 1633/372/1177 1636/372/1178
f 1545/79/1179 1516/79/1179 1517/79/1179
f 1548/79/1180 1635/79/1180 1516/79/1180
f 1630/79/1181 1563/79/1181 1631/79/1181
f 1641/79/1182 1517/79/1182 1516/79/1182
f 1641/79/1183 1635/79/1183 1631/79/1183
f 1563/79/1184 1642/79/1184 1631/79/1184
f 1640/79/1185 1641/79/1185 1642/79/1185
f 1518/79/1186 1517/79/1186 1639/79/1186
f 1640/79/1187 1518/79/1187 1639/79/1187
f 1805/79/1188 1640/79/1188 1802/79/1188
f 1643/79/1189 1518/79/1189 1640/79/1189
f 1535/79/1190 1545/79/1190 1518/79/1190
f 1533/79/1191 1549/79/1191 1545/79/1191
f 1534/79/1192 1533/79/1192 1532/79/1192
f 1512/79/1193 1644/79/1193 1519/79/1193
f 1559/79/1194 1644/79/1194 1645/79/1194
f 1644/79/1195 1512/79/1195 1645/79/1195
f 1644/79/1196 1535/79/1196 1519/79/1196
f 1532/79/1197 1533/79/1197 1570/79/1197
f 1646/368/1198 1532/368/1198 1570/368/1198
f 1533/79/1199 1644/79/1199 1570/79/1199
f 1646/79/1200 1570/79/1200 1537/79/1200
f 1549/79/1201 1508/79/1202 1560/354/1203
f 1550/352/1204 1646/79/1205 1537/79/1205
f 1534/79/1206 1646/79/1207 1508/79/1208
f 1570/79/1209 1647/79/1209 1537/79/1209
f 1570/79/1210 1644/79/1210 1647/79/1210
f 1644/79/1211 1559/79/1211 1647/79/1211
f 1542/375/1212 1539/375/1212 1541/375/1212
f 1536/375/1213 1541/375/1213 1540/375/1213
f 1541/375/1214 1539/375/1214 1540/375/1214
f 1538/375/1215 1542/375/1215 1536/375/1215
f 1559/79/1216 1538/79/1216 1647/79/1216
f 1647/79/1217 1536/79/1217 1537/79/1217
f 1559/79/1218 1539/79/1218 1538/79/1218
f 1588/376/469 1513/376/469 1589/376/469
f 1648/351/1219 1592/345/1220 1591/346/1221
f 1540/79/1222 1513/79/1222 1514/361/1223
f 1623/79/1224 1540/79/1224 1514/361/1225
f 1557/79/1226 1536/79/1226 1623/79/1226
f 1556/79/1227 1537/79/1227 1557/79/1227
f 1594/376/1228 1589/376/1228 1513/376/1228
f 1650/377/1229 1527/377/1230 1593/377/65
f 1559/377/1231 1594/377/1231 1513/377/1231
f 606/378/482 1593/378/482 635/378/482
f 1594/377/1232 1559/377/1232 1649/377/1232
f 1650/377/1233 1512/377/1234 1527/377/1235
f 1593/377/65 1649/377/65 1650/377/65
f 1650/377/1236 1559/377/1236 1645/377/1236
f 1583/379/1237 635/379/1237 1593/379/1237
f 1577/377/1238 1527/377/1239 1512/377/1240
f 1577/377/1241 1651/377/1241 1527/377/1242
f 1527/377/1243 1651/377/65 1593/377/65
f 1593/377/65 1651/377/65 1583/377/65
f 1583/378/1244 620/378/1245 621/378/1246
f 1582/377/1247 1583/377/1248 1651/377/1249
f 1581/79/1250 1805/79/1250 1907/79/1250
f 1577/79/1251 1519/79/1251 1581/79/1251
f 1519/79/1252 1535/79/1252 1643/79/1252
f 1580/79/1253 1577/79/1253 1579/79/1253
f 1581/79/1254 1643/79/1255 1805/79/1256
f 1651/79/1257 1580/79/1257 1653/79/1257
f 1642/79/1258 1802/79/1258 1640/79/1258
f 1575/79/1259 1574/79/1259 1652/79/1259
f 1802/79/1260 1574/79/1260 1906/79/1260
f 1575/79/1261 1653/79/1261 1574/79/1261
f 1906/79/1262 1653/79/1262 1580/79/1262
f 1553/79/1263 1642/79/1263 1563/79/1263
f 1652/79/1264 1642/79/1264 1552/79/1264
f 1553/79/1265 1628/79/1266 1552/79/1265
f 1599/366/1267 1628/79/1268 1626/79/1269
f 1598/79/1270 1552/79/1270 1628/79/1271
f 610/79/1272 1584/79/1272 1653/79/1272
f 610/380/1273 1600/380/1273 607/380/1273
f 1552/380/1274 1575/380/1274 1652/380/1274
f 607/380/1275 1601/380/1275 609/380/1275
f 1552/381/1276 1596/382/1277 1600/380/1278
f 1601/380/1279 1596/382/1280 1595/384/1281
f 1601/380/1282 644/380/1283 609/380/1284
f 644/385/1285 1599/386/1286 671/385/1285
f 1595/384/1287 1598/380/1288 1599/388/1289
f 1598/389/1290 1596/382/1291 1597/390/1292
f 1589/379/546 1592/391/1293 1588/379/546
f 1584/379/1294 1582/379/1295 1653/379/1294
f 1590/392/1296 1594/378/1297 1613/378/1297
f 1613/379/1298 606/379/1298 605/379/1298
f 605/379/1299 1620/379/1299 1613/379/1299
f 1619/379/1300 1621/379/1301 1622/379/1301
f 1621/379/1302 1619/379/1302 1618/379/1303
f 1610/379/1304 1620/379/1305 1614/379/1306
f 1614/393/1307 604/393/1308 660/577/1309
f 1622/379/1310 1610/379/1311 1617/379/1312
f 1655/79/1313 1530/79/1313 1531/79/1313
f 1656/79/1314 1587/79/1314 1520/79/1314
f 1587/79/1315 1655/79/1315 1531/79/1315
f 1530/79/1316 1656/79/1316 1520/79/1316
f 1660/394/1317 1659/394/1317 1658/394/1317
f 1520/356/1318 1658/356/1318 1530/356/1318
f 1661/356/1319 1520/356/1319 1587/356/1319
f 1531/356/1320 1661/356/1320 1587/356/1320
f 1668/395/1321 1663/395/1322 1664/395/1323
f 1667/395/1324 1662/396/1325 1663/395/1326
f 1636/372/1327 1662/371/1328 1528/371/1329
f 1664/372/1330 1636/372/1331 1638/372/1332
f 1665/395/1333 1666/396/1334 1667/395/1335
f 1665/395/1336 1667/395/1336 1668/395/1337
f 1662/396/1338 1665/395/1339 1585/395/1340
f 1670/395/1341 1668/395/1342 1664/395/1343
f 1669/395/1344 1672/395/1345 1670/395/1346
f 1668/395/1347 1671/395/1348 1665/395/1349
f 1671/395/1350 1585/395/1351 1665/395/1352
f 1669/79/1353 1664/79/1354 1585/79/1355
f 1678/397/1356 1695/398/1357 1676/398/1358
f 1673/400/1359 723/399/1360 722/401/1361
f 1675/403/1362 1674/402/1363 1673/400/1364
f 1675/403/1365 1678/578/1366 1676/404/1367
f 1679/407/1368 1678/578/1369 1677/405/1370
f 1681/408/1371 1680/406/1372 1679/407/1373
f 1683/410/1374 1682/409/1375 1681/408/1376
f 1683/410/1377 1686/411/1378 1684/579/1379
f 1687/413/1380 1686/411/1381 1685/412/1382
f 1687/413/1383 1690/414/1384 1688/580/1385
f 720/416/1386 1690/414/1387 1689/415/1388
f 1695/398/1389 1674/417/1390 1676/398/1391
f 747/419/1392 1690/418/1393 721/419/1394
f 1674/417/1395 746/420/1396 723/420/1397
f 1690/418/1398 1694/421/1399 1688/421/1400
f 1688/421/1401 1693/422/1402 1686/422/1403
f 1686/422/1404 1692/423/1405 1684/423/1406
f 1684/423/1407 1697/424/1408 1682/424/1409
f 1682/424/1410 1691/425/1411 1680/425/1412
f 1680/425/1413 1696/397/1414 1678/397/1415
f 620/379/1416 1582/379/1417 1584/379/1418
f 1700/427/163 1699/426/163 1698/428/163
f 1702/430/162 1701/429/162 1700/427/162
f 1704/432/160 1703/431/160 1702/430/160
f 1706/434/159 1705/433/159 1704/432/159
f 1708/436/158 1707/435/158 1706/434/158
f 1710/438/157 1709/437/157 1708/436/157
f 1712/440/156 1711/439/156 1710/438/156
f 1714/442/155 1713/441/155 1712/440/155
f 1716/444/154 1715/443/154 1714/442/154
f 1718/446/153 1717/445/153 1716/444/153
f 1720/448/152 1719/447/152 1718/446/152
f 1722/450/151 1721/449/151 1720/448/151
f 1724/452/214 1723/451/214 1722/450/214
f 1726/454/210 1725/453/210 1724/452/210
f 1728/456/674 1727/455/674 1726/454/674
f 1730/458/673 1729/457/673 1728/456/673
f 1732/460/672 1731/459/672 1730/458/672
f 1734/462/671 1733/461/671 1732/460/671
f 1749/449/686 1719/447/686 1721/449/686
f 1736/464/148 1735/463/148 1734/462/148
f 1698/466/147 1737/465/147 1736/464/147
f 1724/581/100 1708/582/100 1700/583/100
f 1764/439/157 1743/437/157 1744/439/157
f 1754/459/685 1729/457/685 1731/459/685
f 1707/435/684 1741/433/684 1705/433/684
f 1747/445/683 1715/443/683 1717/445/683
f 1752/455/682 1725/453/682 1727/455/682
f 1757/465/681 1735/463/681 1737/465/681
f 1740/431/680 1701/429/680 1703/431/680
f 1713/441/679 1744/439/679 1711/439/679
f 1723/451/678 1749/449/678 1721/449/678
f 1755/461/677 1731/459/677 1733/461/677
f 1743/437/676 1707/435/676 1709/437/676
f 1719/447/675 1747/445/675 1717/445/675
f 1753/457/694 1727/455/694 1729/457/694
f 1699/470/692 1757/465/692 1737/465/692
f 1705/433/693 1740/431/693 1703/431/693
f 1715/443/691 1745/441/691 1713/441/691
f 1751/453/690 1723/451/690 1725/453/690
f 1738/429/688 1699/426/688 1701/429/688
f 1756/463/689 1733/461/689 1735/463/689
f 1711/439/687 1743/437/687 1709/437/687
f 1766/584/99 1774/585/99 1759/586/99
f 1772/455/210 1751/453/210 1752/455/210
f 1765/441/156 1744/439/156 1745/441/156
f 1773/457/674 1752/455/674 1753/457/674
f 1766/443/155 1745/441/155 1746/443/155
f 1758/429/163 1739/426/163 1738/429/163
f 1774/459/673 1753/457/673 1754/459/673
f 1767/445/154 1746/443/154 1747/445/154
f 1760/431/162 1738/429/162 1740/431/162
f 1775/461/672 1754/459/672 1755/461/672
f 1768/447/153 1747/445/153 1748/447/153
f 1761/433/160 1740/431/160 1741/433/160
f 1776/463/671 1755/461/671 1756/463/671
f 1769/449/152 1748/447/152 1749/449/152
f 1762/435/159 1741/433/159 1742/435/159
f 1777/465/148 1756/463/148 1757/465/148
f 1770/451/151 1749/449/151 1750/451/151
f 1763/437/158 1742/435/158 1743/437/158
f 1759/470/147 1757/465/147 1739/470/147
f 1771/453/214 1750/451/214 1751/453/214
f 1783/476/1419 1784/587/1419 1782/474/1419
f 1789/478/1420 1786/477/1420 1788/479/1420
f 1782/481/1421 1787/480/1421 1783/482/1421
f 1789/478/1422 1784/483/1422 1785/588/1422
f 1783/485/1423 1780/484/1423 1778/486/1423
f 1778/487/1424 1785/475/1424 1783/476/1424
f 1786/477/99 1784/483/99 1788/479/99
f 1789/478/1425 1779/488/1425 1781/489/1425
f 1787/480/1426 1781/489/1426 1780/484/1426
f 845/492/703 1793/491/703 1791/490/703
f 1796/493/1427 1795/494/1427 1794/502/1427
f 1800/496/1428 1799/497/1428 1798/589/1428
f 852/500/706 1796/499/706 851/501/706
f 1794/502/1429 1801/498/1429 1800/496/1429
f 853/503/1430 1798/504/1430 1799/590/1430
f 1797/506/482 845/492/482 1790/507/482
f 1796/509/709 1800/508/709 854/505/709
f 846/510/710 1799/511/710 1793/591/710
f 1791/490/214 1797/495/214 1790/512/214
f 1795/494/65 1792/513/65 1801/498/65
f 1801/498/671 1793/491/671 1799/497/671
f 670/79/1431 1547/362/1432 1566/79/1433
f 1547/362/1434 671/79/1435 1599/366/1436
f 1625/79/1437 534/79/1438 864/79/1439
f 1802/79/1440 1908/79/1440 1890/79/1440
f 1803/514/1441 1912/514/1441 1891/514/1441
f 1805/79/1442 1890/79/1442 1572/79/1442
f 1909/79/1250 1805/79/1250 1572/79/1250
f 1893/515/1443 1809/515/1443 1892/515/1443
f 1573/516/1444 1806/516/1444 1576/516/1444
f 1572/355/1445 1808/355/1445 1909/355/1445
f 1808/355/1446 1908/355/1446 1909/355/1446
f 1810/517/1447 1813/518/1447 1811/561/1447
f 1812/519/1448 1815/520/1448 1813/518/1448
f 1814/521/1449 1817/523/1449 1815/520/1449
f 1818/524/1450 1817/523/1450 1816/522/1450
f 1818/524/1451 1821/525/1451 1819/558/1451
f 1822/527/1452 1821/525/1452 1820/526/1452
f 1822/527/1453 1825/528/1453 1823/557/1453
f 1824/529/1454 1827/530/1454 1825/528/1454
f 1826/531/1455 1829/532/1455 1827/530/1455
f 1828/533/1456 1831/534/1456 1829/532/1456
f 1832/536/1457 1831/534/1457 1830/535/1457
f 1834/538/1458 1833/549/1458 1832/536/1458
f 1836/539/1459 1835/537/1459 1834/538/1459
f 1838/541/1460 1837/540/1460 1836/539/1460
f 1838/541/1461 1841/542/1461 1839/559/1461
f 1842/544/1462 1841/542/1462 1840/543/1462
f 1844/546/1463 1843/545/1463 1842/544/1463
f 1844/546/1464 1847/547/1464 1845/560/1464
f 1833/549/1465 1860/534/1465 1831/534/1465
f 1846/548/1466 1849/550/1466 1847/547/1466
f 1810/553/1467 1849/550/1467 1848/551/1467
f 1836/592/1468 1820/593/1468 1812/594/1468
f 1856/557/1452 1875/525/1452 1855/525/1452
f 1866/545/1469 1841/542/1469 1843/545/1469
f 1819/558/1470 1853/523/1470 1817/523/1470
f 1859/532/1471 1827/530/1471 1829/532/1471
f 1839/559/1472 1863/540/1472 1837/540/1472
f 1849/550/1473 1868/547/1473 1847/547/1473
f 1815/520/1474 1850/518/1474 1813/518/1474
f 1825/528/1475 1856/557/1475 1823/557/1475
f 1835/537/1476 1861/549/1476 1833/549/1476
f 1867/560/1477 1843/545/1477 1845/560/1477
f 1821/525/1478 1854/558/1478 1819/558/1478
f 1831/534/1479 1859/532/1479 1829/532/1479
f 1865/542/1480 1839/559/1480 1841/542/1480
f 1811/552/1481 1869/550/1481 1849/550/1481
f 1817/523/1482 1852/520/1482 1815/520/1482
f 1827/530/1483 1857/528/1483 1825/528/1483
f 1863/540/1484 1835/537/1484 1837/540/1484
f 1850/518/1485 1811/561/1485 1813/518/1485
f 1847/547/1486 1867/560/1486 1845/560/1486
f 1856/557/1487 1821/525/1487 1823/557/1487
f 1878/595/1488 1886/596/1488 1871/597/1488
f 1884/559/1460 1863/540/1460 1864/559/1460
f 1857/528/1453 1876/557/1453 1856/557/1453
f 1885/542/1461 1864/559/1461 1865/542/1461
f 1878/530/1489 1857/528/1489 1858/530/1489
f 1870/518/1447 1851/561/1447 1850/518/1447
f 1866/545/1462 1885/542/1462 1865/542/1462
f 1879/532/1455 1858/530/1455 1859/532/1455
f 1852/520/1448 1870/518/1448 1850/518/1448
f 1867/560/1490 1886/545/1490 1866/545/1490
f 1860/534/1456 1879/532/1456 1859/532/1456
f 1873/523/1449 1852/520/1449 1853/523/1449
f 1888/547/1491 1867/560/1491 1868/547/1491
f 1881/549/1457 1860/534/1457 1861/549/1457
f 1874/558/1450 1853/523/1450 1854/558/1450
f 1869/550/1466 1888/547/1466 1868/547/1466
f 1882/537/1458 1861/549/1458 1862/537/1458
f 1875/525/1451 1854/558/1451 1855/525/1451
f 1851/552/1467 1889/550/1467 1869/550/1467
f 1883/540/1459 1862/537/1459 1863/540/1459
f 1894/516/1492 1898/516/1492 1899/516/1492
f 1896/516/1493 1806/516/1493 1895/516/1493
f 1806/516/1494 1894/516/1494 1895/516/1494
f 1901/516/1494 1894/516/1494 1899/516/1494
f 1896/516/1493 1901/516/1493 1900/516/1493
f 1897/516/1495 1576/516/1495 1896/516/1495
f 1573/516/1444 1904/516/1444 1807/516/1444
f 1893/355/1496 1890/355/1496 1908/355/1496
f 1898/516/1495 1896/516/1495 1900/516/1495
f 1905/516/1497 1897/516/1497 1894/516/1497
f 1902/516/1495 1573/516/1495 1897/516/1495
f 1807/516/1494 1905/516/1494 1894/516/1494
f 1906/79/1498 1804/79/1498 1803/79/1498
f 1909/79/1499 1891/79/1499 1578/79/1499
f 1891/79/1500 1906/79/1500 1803/79/1500
f 1804/79/1501 1909/79/1501 1578/79/1501
f 1910/565/1502 1913/565/1502 1912/565/1502
f 1911/514/1503 1803/514/1503 1804/514/1503
f 1578/514/1504 1911/514/1504 1804/514/1504
f 1912/514/1505 1578/514/1505 1891/514/1505
f 1921/566/1506 1917/566/1506 1915/566/1506
f 1915/566/1507 1922/566/1507 1921/566/1507
f 1922/566/1508 977/566/1508 978/566/1508
f 1917/566/1509 1920/566/1509 1916/566/1509
f 1919/566/1510 1920/566/1511 1918/566/1512
f 1918/566/1513 1924/566/1514 1919/566/1515
f 1923/369/1516 1543/369/1517 1569/369/1518
f 1526/79/1519 978/79/1520 534/79/1521
f 1638/567/1522 1923/567/1523 1569/567/1524
f 1525/79/1525 1921/79/1526 1568/79/1527
f 977/79/1528 1523/79/1528 533/79/1528
f 1918/79/1529 1525/79/1530 1543/79/1531
f 1571/568/1532 1925/568/1532 1515/568/1532
f 1925/568/1533 1609/568/1533 1515/568/1533
f 1616/568/1534 1926/568/1534 1571/568/1534
f 1927/568/1535 1616/568/1535 1609/568/1535
f 1929/569/1536 1932/569/1536 1930/569/1536
f 1616/359/1537 1931/359/1537 1609/359/1537
f 1931/359/1538 1515/359/1538 1609/359/1538
f 1571/358/1539 1932/359/1539 1616/359/1539
f 476/274/147 478/277/147 477/275/147
f 478/277/148 480/279/148 479/278/148
f 480/279/149 482/281/149 481/280/149
f 482/281/65 484/283/65 483/282/65
f 484/283/65 486/285/65 485/284/65
f 486/285/65 488/287/65 487/286/65
f 488/287/65 490/289/65 489/288/65
f 490/289/150 492/291/150 491/290/150
f 492/291/151 494/293/151 493/292/151
f 494/293/152 496/295/152 495/294/152
f 496/295/153 498/297/153 497/296/153
f 498/297/154 500/299/154 499/298/154
f 500/299/155 502/301/155 501/300/155
f 502/301/156 504/303/156 503/302/156
f 504/303/157 506/305/157 505/304/157
f 506/305/158 508/307/158 507/306/158
f 508/307/159 510/309/159 509/308/159
f 510/309/160 512/570/160 511/310/160
f 511/310/162 512/570/162 514/313/162
f 514/313/163 476/598/163 475/315/163
f 513/318/1540 475/599/1540 477/600/1540
f 479/573/100 481/601/100 483/602/100
f 513/318/100 477/600/100 479/573/100
f 509/603/100 511/604/100 513/318/100
f 505/571/100 507/605/100 509/603/100
f 501/606/100 503/607/100 505/571/100
f 497/317/100 499/608/100 501/606/100
f 493/609/1541 495/610/1541 497/317/1541
f 487/611/100 489/612/100 491/572/100
f 491/572/100 493/609/100 497/317/100
f 497/317/100 501/606/100 505/571/100
f 505/571/100 509/603/100 513/318/100
f 513/318/100 479/573/100 483/602/100
f 485/316/100 487/611/100 491/572/100
f 513/318/100 483/602/100 485/316/100
f 497/317/100 505/571/100 513/318/100
f 485/316/100 491/572/100 497/317/100
f 478/331/1542 515/331/1543 516/332/1544
f 500/334/1545 498/311/1546 520/311/1547
f 494/325/1548 519/325/188 520/312/1549
f 506/322/1550 504/327/191 521/327/1551
f 476/336/1552 514/329/194 523/329/1553
f 480/332/1554 516/332/1555 517/324/1556
f 492/326/1557 490/333/1558 518/333/1559
f 510/335/1560 522/335/1561 523/330/1562
f 486/320/1563 517/320/1564 518/319/1565
f 525/574/99 524/613/99 532/338/99
f 532/338/99 531/576/99 530/614/99
f 530/614/99 529/575/99 528/339/99
f 528/339/99 527/615/99 526/340/99
f 526/340/99 525/574/99 532/338/99
f 532/338/99 530/614/99 528/339/99
f 521/327/1566 529/327/1567 530/322/1568
f 516/332/1569 515/331/1570 524/331/1571
f 520/311/1572 528/311/1573 529/334/1574
f 675/79/1575 673/79/1576 674/341/1577
f 617/79/1578 969/79/1578 970/79/1578
f 614/79/1579 616/79/1579 970/79/1579
f 557/79/245 581/79/245 674/341/245
f 672/79/1580 574/79/1581 597/79/1580
f 695/351/1582 540/351/1582 541/343/1583
f 603/355/1584 872/355/1584 955/355/1584
f 559/356/261 706/356/261 705/356/261
f 583/79/1585 626/79/1585 600/79/1585
f 646/79/1586 655/79/1586 654/79/1586
f 646/79/1587 645/79/1587 537/79/1587
f 646/79/1588 704/79/1589 702/79/1590
f 702/79/1591 701/79/1592 991/79/1593
f 703/79/1594 583/79/1595 593/79/1596
f 647/79/1597 550/79/1597 533/79/1597
f 582/79/1598 550/79/1598 647/79/1598
f 627/357/1599 600/357/1599 626/357/1599
f 536/79/1600 648/79/1600 550/79/1600
f 648/79/1601 587/79/1601 548/79/1601
f 587/79/1602 585/79/1602 578/352/1603
f 548/79/1604 587/79/1604 589/354/1605
f 703/79/1606 538/79/295 582/79/295
f 536/79/1607 649/79/1607 656/79/1607
f 602/358/300 995/358/300 994/359/300
f 990/79/1608 992/79/1609 655/79/1610
f 993/351/1611 658/351/1612 657/351/1613
f 593/360/1614 661/360/1615 658/360/1616
f 661/351/1617 660/351/1618 657/351/1619
f 654/351/322 664/351/322 663/351/322
f 651/351/1620 650/351/1620 663/351/1620
f 665/351/1621 649/351/1621 651/351/1621
f 667/351/1622 664/351/1622 654/351/1622
f 655/351/1623 992/351/1624 662/351/1623
f 656/79/1625 541/361/1626 587/79/1625
f 668/79/1627 586/79/1627 587/79/1627
f 703/79/1628 704/79/1629 669/79/1630
f 650/79/1631 651/79/1632 537/79/1633
f 551/79/348 981/79/348 982/79/348
f 549/79/349 980/79/349 979/79/349
f 591/79/1634 685/79/1635 989/79/1636
f 598/79/1637 553/79/1638 987/79/1639
f 548/79/359 982/79/359 980/79/359
f 552/79/1640 571/79/1641 590/79/1642
f 590/79/1643 597/79/1644 574/79/1645
f 597/79/1646 572/363/1647 575/362/1648
f 575/364/1649 572/363/1650 594/365/1651
f 864/79/1652 672/79/1653 596/79/1652
f 589/367/1654 577/368/1655 591/368/1656
f 572/363/1657 590/79/1658 595/79/1658
f 590/369/1659 571/369/1660 599/369/1661
f 599/79/1662 556/374/1663 579/370/1664
f 594/365/1665 595/79/1666 579/370/1667
f 592/79/1668 581/79/1668 557/79/1668
f 680/79/1669 677/79/1669 592/79/1669
f 677/79/398 681/79/398 682/79/398
f 576/79/1670 682/79/1670 681/79/1670
f 591/368/1671 577/368/1672 576/368/1673
f 685/79/1674 591/79/1675 684/79/1676
f 677/79/1677 680/79/1677 683/79/1677
f 599/372/1678 685/372/1679 711/372/1680
f 599/372/1681 625/372/1682 709/371/1683
f 551/79/1684 591/79/1685 984/79/1686
f 676/347/1687 674/341/1688 579/370/1689
f 676/347/1690 680/79/1691 679/79/1691
f 543/79/1692 576/79/1692 573/79/1692
f 544/79/1693 686/79/1693 688/79/1693
f 682/79/1694 543/79/1694 688/79/1694
f 687/79/1695 689/79/1695 688/79/1695
f 545/79/1696 686/79/1696 544/79/1696
f 868/79/1697 865/79/1697 687/79/1697
f 545/79/1698 563/79/1698 690/79/1698
f 573/79/1699 561/79/1699 563/79/1699
f 561/79/1700 577/79/1700 562/79/1700
f 563/79/1701 561/79/1701 691/79/1701
f 535/79/1702 562/79/1702 577/79/1703
f 693/79/1704 535/79/1704 578/352/1705
f 562/79/1706 535/79/1707 693/79/1708
f 567/375/1709 566/375/1709 570/375/1709
f 564/375/1710 568/375/1710 569/375/1710
f 694/79/1711 565/79/1711 564/79/1711
f 567/79/1712 540/79/1712 588/79/1712
f 540/376/1713 695/376/1713 629/376/1713
f 633/345/1714 629/351/1715 695/351/1715
f 568/79/1716 541/361/1717 540/79/1716
f 568/79/1718 564/79/1718 668/79/1718
f 564/79/1719 565/79/1719 586/79/1719
f 565/79/1720 578/352/1721 585/79/1720
f 634/378/482 636/378/482 606/378/482
f 697/377/1722 554/377/1723 539/377/1724
f 696/377/98 636/377/98 634/377/98
f 588/377/1725 696/377/1725 697/377/1725
f 622/379/1237 634/379/1237 635/379/1237
f 620/378/1726 619/378/1727 622/378/1728
f 614/79/1729 618/79/1729 546/79/1729
f 617/79/1730 616/79/1730 614/79/1730
f 618/79/1731 868/79/1732 690/79/1733
f 689/79/1734 687/79/1734 865/79/1734
f 865/79/1735 969/79/1735 611/79/1735
f 700/79/1736 611/79/1736 969/79/1736
f 581/79/1737 592/79/1737 689/79/1737
f 675/79/1738 640/79/1739 641/366/1740
f 610/79/1741 612/79/1741 700/79/1741
f 700/79/1742 623/79/1742 624/79/1742
f 610/380/1743 607/380/1743 642/380/1743
f 580/380/1744 699/380/1744 612/380/1744
f 607/380/1745 609/380/1745 643/380/1745
f 580/381/1746 642/380/1747 638/382/1748
f 643/380/1749 637/384/1750 638/382/1751
f 643/380/1752 609/380/1753 644/380/1753
f 644/385/1754 671/385/1754 641/386/1755
f 638/382/1756 637/384/1757 640/389/1758
f 633/391/1759 631/616/1760 630/379/1761
f 631/392/1762 656/378/1763 636/378/1763
f 656/379/1764 605/379/1764 606/379/1764
f 665/379/1765 604/379/1765 605/379/1765
f 653/379/1766 657/379/1767 665/379/1768
f 657/393/1769 660/577/1770 604/393/1771
f 667/379/1772 662/379/1773 653/379/1774
f 558/79/1775 701/79/1775 702/79/1775
f 628/79/1776 704/79/1776 703/79/1776
f 628/79/1777 559/79/1777 702/79/1777
f 558/79/1778 547/79/1778 703/79/1778
f 707/394/1779 705/394/1779 706/394/1779
f 547/356/570 558/356/570 705/356/570
f 547/356/571 707/356/571 708/356/571
f 559/356/572 628/356/572 708/356/572
f 710/395/1780 714/395/1781 715/395/1782
f 709/396/1783 713/396/1784 714/395/1785
f 683/372/1786 556/371/1787 709/371/1788
f 683/372/1789 710/372/1790 711/372/1791
f 709/396/1792 625/395/1793 712/395/1794
f 715/395/1795 719/395/1796 717/395/1797
f 717/395/1798 719/395/1799 718/395/1800
f 715/395/1801 712/395/1802 718/395/1803
f 625/395/1804 716/395/1805 718/395/1806
f 711/79/1807 717/79/1808 716/79/1809
f 729/397/1810 727/398/1811 749/398/1812
f 723/399/1813 725/402/613 724/400/1814
f 725/402/1815 727/404/616 726/403/1816
f 727/404/1817 729/578/619 728/405/1818
f 728/405/1819 729/578/1820 731/406/1821
f 731/406/1822 733/409/1823 732/408/1824
f 733/409/1825 735/579/1826 734/410/1827
f 734/410/1828 735/579/631 737/411/1829
f 737/411/1830 739/580/634 738/413/1831
f 738/413/1832 739/580/637 741/414/1833
f 741/414/1834 721/617/640 720/416/1835
f 725/417/1836 748/417/1837 749/398/1838
f 741/418/1839 752/418/1840 747/419/1841
f 725/417/1842 723/420/1843 746/420/1844
f 741/418/1845 739/421/1846 745/421/1847
f 739/421/1848 737/422/1849 744/422/1850
f 737/422/1851 735/423/1852 743/423/1853
f 735/423/1854 733/424/1855 751/424/1856
f 733/424/1857 731/425/1858 742/425/1859
f 731/425/1860 729/397/1861 750/397/1862
f 754/426/147 756/429/147 755/427/147
f 756/429/148 758/431/148 757/430/148
f 758/431/671 760/433/671 759/432/671
f 760/433/672 762/435/672 761/434/672
f 762/435/673 764/437/673 763/436/673
f 764/437/674 766/439/674 765/438/674
f 766/439/210 768/441/210 767/440/210
f 768/441/214 770/443/214 769/442/214
f 770/443/151 772/445/151 771/444/151
f 772/445/152 774/447/152 773/446/152
f 774/447/153 776/449/153 775/448/153
f 776/449/154 778/451/154 777/450/154
f 778/451/155 780/453/155 779/452/155
f 780/453/156 782/455/156 781/454/156
f 782/455/157 784/457/157 783/456/157
f 784/457/158 786/459/158 785/458/158
f 786/459/159 788/461/159 787/460/159
f 788/461/160 790/463/160 789/462/160
f 774/447/675 803/447/675 804/449/675
f 790/463/162 792/465/162 791/464/162
f 792/465/163 754/470/163 753/466/163
f 791/469/100 753/618/100 755/583/100
f 755/583/100 757/619/100 759/620/100
f 759/620/100 761/621/100 763/582/100
f 763/582/100 765/622/100 767/467/100
f 767/467/100 769/623/100 771/624/100
f 771/624/100 773/625/100 775/626/100
f 775/626/100 777/627/100 779/581/100
f 779/581/100 781/628/100 783/468/100
f 783/468/100 785/629/100 787/630/100
f 787/630/100 789/631/100 791/469/100
f 791/469/100 755/583/100 759/620/100
f 759/620/100 763/582/100 767/467/100
f 767/467/100 771/624/100 775/626/100
f 775/626/100 779/581/100 783/468/100
f 783/468/100 787/630/100 791/469/100
f 791/469/100 759/620/100 767/467/100
f 767/467/100 775/626/100 783/468/100
f 798/437/674 818/437/674 819/439/674
f 784/457/676 808/457/676 809/459/676
f 762/435/677 760/433/677 796/433/677
f 770/443/678 801/443/678 802/445/678
f 780/453/679 806/453/679 807/455/679
f 790/463/680 811/463/680 812/465/680
f 756/429/681 793/429/681 795/431/681
f 766/439/682 799/439/682 800/441/682
f 778/451/683 776/449/683 804/449/683
f 786/459/684 809/459/684 810/461/684
f 762/435/685 797/435/685 798/437/685
f 774/447/686 772/445/686 802/445/686
f 782/455/687 807/455/687 808/457/687
f 754/470/688 792/465/688 812/465/688
f 760/433/689 758/431/689 795/431/689
f 770/443/690 768/441/690 800/441/690
f 778/451/691 805/451/691 806/453/691
f 754/426/692 794/426/692 793/429/692
f 788/461/693 810/461/693 811/463/693
f 766/439/694 764/437/694 798/437/694
f 815/473/99 813/632/99 814/586/99
f 814/586/99 832/633/99 831/634/99
f 831/634/99 830/635/99 829/585/99
f 829/585/99 828/636/99 827/471/99
f 827/471/99 826/637/99 825/638/99
f 825/638/99 824/639/99 823/640/99
f 823/640/99 822/641/99 821/584/99
f 821/584/99 820/642/99 819/472/99
f 819/472/99 818/643/99 817/644/99
f 817/644/99 816/645/99 815/473/99
f 815/473/99 814/586/99 831/634/99
f 831/634/99 829/585/99 827/471/99
f 827/471/99 825/638/99 823/640/99
f 823/640/99 821/584/99 819/472/99
f 819/472/99 817/644/99 815/473/99
f 815/473/99 831/634/99 827/471/99
f 827/471/99 823/640/99 819/472/99
f 806/453/156 826/453/156 827/455/156
f 799/439/210 819/439/210 820/441/210
f 807/455/157 827/455/157 828/457/157
f 800/441/214 820/441/214 821/443/214
f 794/426/147 814/426/147 813/429/147
f 808/457/158 828/457/158 829/459/158
f 801/443/151 821/443/151 822/445/151
f 793/429/148 813/429/148 815/431/148
f 809/459/159 829/459/159 830/461/159
f 802/445/152 822/445/152 823/447/152
f 795/431/671 815/431/671 816/433/671
f 810/461/160 830/461/160 831/463/160
f 803/447/153 823/447/153 824/449/153
f 796/433/672 816/433/672 817/435/672
f 811/463/162 831/463/162 832/465/162
f 804/449/154 824/449/154 825/451/154
f 797/435/673 817/435/673 818/437/673
f 812/465/163 832/465/163 814/470/163
f 805/451/155 825/451/155 826/453/155
f 837/474/695 839/587/695 840/475/695
f 841/477/696 842/480/696 844/478/696
f 842/480/697 841/477/697 837/481/697
f 844/478/698 840/588/698 839/483/698
f 835/484/699 842/480/699 838/485/699
f 840/475/700 834/646/700 833/487/700
f 841/477/99 843/479/99 839/483/99
f 834/488/701 840/647/701 844/478/701
f 836/489/702 844/478/702 842/480/702
f 845/492/703 847/512/703 848/490/703
f 848/490/703 849/513/703 850/491/703
f 850/491/703 846/510/703 845/492/703
f 857/493/1863 855/502/1863 856/494/1863
f 861/496/1864 859/589/1864 860/497/1864
f 857/499/1865 858/506/1865 852/500/1865
f 855/502/707 861/496/707 862/498/707
f 853/503/1430 860/590/1430 859/504/1430
f 845/492/482 852/500/482 858/506/482
f 857/509/709 851/501/709 854/505/709
f 854/505/709 859/504/709 861/508/709
f 861/508/709 855/648/709 857/509/709
f 846/510/710 850/591/710 860/511/710
f 858/495/155 856/494/155 848/490/155
f 856/494/98 862/498/98 849/513/98
f 850/491/160 849/513/160 862/498/160
f 670/79/1866 596/79/1867 575/362/1868
f 671/79/714 863/79/714 575/362/1869
f 672/79/1870 864/79/1871 534/79/1872
f 971/79/1873 969/79/1873 865/79/1873
f 866/514/1874 954/514/1874 975/514/1874
f 953/79/1875 865/79/1875 868/79/1875
f 972/79/501 603/79/501 868/79/501
f 956/515/723 955/515/723 872/515/723
f 613/516/724 869/516/724 870/516/724
f 603/355/1876 972/355/1876 871/355/1876
f 971/355/1877 956/355/1877 871/355/1877
f 873/517/727 874/561/727 876/518/727
f 875/519/728 876/518/728 878/520/728
f 878/520/729 880/523/729 879/522/729
f 880/523/730 882/558/730 881/524/730
f 881/524/772 882/558/772 884/525/772
f 884/525/732 886/557/732 885/527/732
f 885/527/733 886/557/733 888/528/733
f 887/529/1878 888/528/1878 890/530/1878
f 889/531/735 890/530/735 892/532/735
f 891/533/1879 892/532/1879 894/534/1879
f 894/534/737 896/549/737 895/536/737
f 895/536/738 896/549/738 898/537/738
f 898/537/739 900/540/739 899/539/739
f 900/540/740 902/559/740 901/541/740
f 901/541/769 902/559/769 904/542/769
f 904/542/1880 906/545/1880 905/544/1880
f 906/545/1881 908/560/1881 907/546/1881
f 907/546/744 908/560/744 910/547/744
f 896/549/745 894/534/745 923/534/745
f 909/548/746 910/547/746 912/550/746
f 911/551/747 912/550/747 874/552/747
f 911/556/1882 873/649/1882 875/594/1882
f 875/594/748 877/650/748 879/651/748
f 879/651/748 881/652/748 883/593/748
f 883/593/748 885/653/748 887/554/748
f 887/554/1883 889/654/1883 891/655/1883
f 891/655/748 893/656/748 895/657/748
f 895/657/1884 897/658/1884 899/592/1884
f 899/592/1885 901/659/1885 903/555/1885
f 903/555/1886 905/660/1886 907/661/1886
f 907/661/1882 909/662/1882 911/556/1882
f 911/556/748 875/594/748 879/651/748
f 879/651/748 883/593/748 887/554/748
f 887/554/1883 891/655/1883 895/657/1883
f 895/657/748 899/592/748 903/555/748
f 903/555/748 907/661/748 911/556/748
f 911/556/748 879/651/748 887/554/748
f 887/554/748 895/657/748 903/555/748
f 918/525/1887 938/525/1887 939/557/1887
f 906/545/749 904/542/749 928/542/749
f 882/558/750 880/523/750 916/523/750
f 890/530/751 921/530/751 922/532/751
f 900/540/1888 926/540/1888 927/559/1888
f 912/550/753 910/547/753 931/547/753
f 878/520/754 876/518/754 913/518/754
f 888/528/755 886/557/755 919/557/755
f 898/537/756 896/549/756 924/549/756
f 908/560/1889 906/545/1889 929/545/1889
f 884/525/1890 882/558/1890 917/558/1890
f 894/534/759 892/532/759 922/532/759
f 904/542/760 902/559/760 927/559/760
f 874/552/761 912/550/761 932/550/761
f 880/523/1891 878/520/1891 915/520/1891
f 888/528/1892 920/528/1892 921/530/1892
f 898/537/764 925/537/764 926/540/764
f 874/561/765 914/561/765 913/518/765
f 910/547/1893 908/560/1893 930/560/1893
f 884/525/767 918/525/767 919/557/767
f 935/564/1894 933/663/1894 934/597/1894
f 934/597/1895 952/664/1895 951/665/1895
f 951/665/1896 950/666/1896 949/596/1896
f 949/596/768 948/667/768 947/562/768
f 947/562/768 946/668/768 945/669/768
f 945/669/1897 944/670/1897 943/671/1897
f 943/671/1898 942/672/1898 941/595/1898
f 941/595/1895 940/673/1895 939/563/1895
f 939/563/1899 938/674/1899 937/675/1899
f 937/675/768 936/676/768 935/564/768
f 935/564/1897 934/597/1897 951/665/1897
f 951/665/768 949/596/768 947/562/768
f 947/562/1900 945/669/1900 943/671/1900
f 943/671/768 941/595/768 939/563/768
f 939/563/768 937/675/768 935/564/768
f 935/564/768 951/665/768 947/562/768
f 947/562/768 943/671/768 939/563/768
f 926/540/740 946/540/740 947/559/740
f 920/528/733 919/557/733 939/557/733
f 928/542/769 927/559/769 947/559/769
f 920/528/1878 940/528/1878 941/530/1878
f 914/561/727 934/561/727 933/518/727
f 929/545/742 928/542/742 948/542/742
f 921/530/735 941/530/735 942/532/735
f 915/520/728 913/518/728 933/518/728
f 930/560/1881 929/545/1881 949/545/1881
f 923/534/1879 922/532/1879 942/532/1879
f 915/520/729 935/520/729 936/523/729
f 930/560/1901 950/560/1901 951/547/1901
f 923/534/737 943/534/737 944/549/737
f 916/523/730 936/523/730 937/558/730
f 932/550/746 931/547/746 951/547/746
f 924/549/738 944/549/738 945/537/738
f 917/558/1902 937/558/1902 938/525/1902
f 914/552/747 932/550/747 952/550/747
f 925/537/739 945/537/739 946/540/739
f 961/516/774 960/516/774 957/516/774
f 959/516/775 958/516/775 869/516/775
f 957/516/776 870/516/776 869/516/776
f 964/516/776 962/516/776 957/516/776
f 964/516/775 958/516/775 959/516/775
f 960/516/777 959/516/777 613/516/777
f 608/516/724 870/516/724 967/516/724
f 953/355/778 955/355/778 956/355/778
f 961/516/777 963/516/777 959/516/777
f 960/516/779 965/516/779 968/516/779
f 608/516/777 966/516/777 965/516/777
f 870/516/776 957/516/776 968/516/776
f 867/79/1903 970/79/1903 969/79/1903
f 954/79/1904 971/79/1904 972/79/1904
f 954/79/1905 866/79/1905 969/79/1905
f 867/79/1906 615/79/1906 972/79/1906
f 976/565/1907 974/565/1907 973/565/1907
f 866/514/785 973/514/785 974/514/785
f 615/514/786 867/514/786 974/514/786
f 615/514/787 976/514/787 975/514/787
f 986/566/1908 980/566/1908 982/566/1908
f 987/566/1909 979/566/1909 980/566/1909
f 977/566/1910 979/566/1910 987/566/1910
f 985/566/1911 981/566/1912 984/566/1913
f 983/566/1914 984/566/1915 989/566/1916
f 571/369/1917 983/369/1918 988/369/1919
f 553/79/1920 534/79/1921 978/79/1922
f 685/567/1923 599/567/1924 988/567/1925
f 552/79/1926 598/79/1927 986/79/1928
f 550/79/1929 979/79/1929 977/79/1929
f 552/79/1930 985/79/1931 983/79/1932
f 602/568/1933 542/568/1933 990/568/1933
f 652/568/1934 992/568/1934 990/568/1934
f 659/568/1935 602/568/1935 991/568/1935
f 659/568/1936 993/568/1936 992/568/1936
f 997/569/1937 996/569/1937 994/569/1937
f 659/359/819 652/359/819 996/359/819
f 542/359/820 994/359/820 996/359/820
f 602/358/1938 659/359/1938 997/359/1938
f 1462/275/163 1463/277/163 1461/274/163
f 1464/278/162 1465/279/162 1463/277/162
f 481/280/923 482/281/923 1465/279/923
f 1466/290/924 1467/291/924 490/289/924
f 1468/292/154 1469/293/154 1467/291/154
f 1470/294/153 1471/295/153 1469/293/153
f 1472/296/152 1473/297/152 1471/295/152
f 1474/298/151 1475/299/151 1473/297/151
f 1476/300/214 1477/301/214 1475/299/214
f 1478/302/210 1479/303/210 1477/301/210
f 1480/304/674 1481/305/674 1479/303/674
f 1482/306/673 1483/307/673 1481/305/673
f 1484/308/672 1485/309/672 1483/307/672
f 1486/310/671 1487/570/671 1485/309/671
f 1486/310/148 1488/314/148 1489/313/148
f 1460/315/147 1461/598/147 1489/313/147
f 1462/600/1540 1460/599/1540 1488/318/1540
f 1488/318/100 1486/604/100 1484/603/100
f 1484/603/100 1482/605/100 1480/571/100
f 1480/571/100 1478/607/100 1476/606/100
f 1476/606/100 1474/608/100 1472/317/100
f 1472/317/1541 1470/610/1541 1468/609/1541
f 1466/572/100 489/612/100 487/611/100
f 1472/317/100 1468/609/100 1466/572/100
f 1480/571/100 1476/606/100 1472/317/100
f 1488/318/100 1484/603/100 1480/571/100
f 1464/573/100 1462/600/100 1488/318/100
f 483/602/100 481/601/100 1464/573/100
f 1466/572/100 487/611/100 485/316/100
f 485/316/100 483/602/100 1464/573/100
f 1464/573/100 1488/318/100 1480/571/100
f 1480/571/100 1472/317/100 1466/572/100
f 1466/572/100 485/316/100 1464/573/100
f 1491/332/1939 1490/331/1940 1463/331/1941
f 1475/334/1942 1496/334/1943 1495/311/1944
f 1495/312/1945 1494/325/161 1469/325/1946
f 1481/322/1947 1497/322/952 1496/327/1948
f 1461/336/1949 1490/336/203 1498/329/1950
f 1492/324/1951 1491/332/1952 1465/332/1953
f 1467/326/1954 1494/326/201 1493/333/1955
f 1498/330/1956 1497/335/1957 1485/335/1958
f 1493/319/1959 1492/320/1960 486/320/1961
f 1507/338/99 1499/613/99 1500/574/99
f 1500/574/99 1501/340/99 1502/615/99
f 1502/615/99 1503/339/99 1504/575/99
f 1504/575/99 1505/614/99 1506/576/99
f 1506/576/99 1507/338/99 1500/574/99
f 1500/574/99 1502/615/99 1504/575/99
f 1505/322/1962 1504/327/1963 1496/327/1964
f 1491/332/1965 1500/332/1966 1499/331/1967
f 1504/334/1968 1503/311/1969 1495/311/1970
f 1627/341/1971 1626/79/1972 1628/79/1973
f 1907/79/1974 1906/79/1974 1580/79/1974
f 1907/79/1975 1579/79/1975 1577/79/1975
f 1529/79/1000 1629/347/1976 1627/341/1000
f 1567/79/1977 1546/79/1978 1625/79/1977
f 1648/351/1979 1591/346/1980 1514/343/1981
f 1892/355/1982 1809/355/1982 1572/355/1982
f 1658/356/1014 1659/356/1014 1531/356/1014
f 600/79/1983 1586/79/1983 1555/79/1983
f 1611/79/1984 1612/79/1984 1603/79/1984
f 1510/79/1985 1602/79/1985 1603/79/1985
f 1655/79/1986 1657/79/1987 1603/79/1988
f 1655/79/1989 1925/79/1990 1926/79/1991
f 1656/79/1992 1654/79/1993 593/79/1994
f 1604/79/1995 627/79/1995 533/79/1995
f 1604/79/1996 1523/79/1996 1554/79/1996
f 627/357/1997 1604/357/1997 1586/357/1997
f 1509/79/1998 1554/79/1998 1523/79/1998
f 1521/79/1999 1558/79/1999 1605/79/1999
f 1550/352/2000 1556/79/2001 1558/79/2001
f 1560/354/2002 1558/79/2003 1521/79/2003
f 1656/79/2004 1555/79/2005 1554/79/1048
f 1613/79/2006 1606/79/2006 1509/79/2006
f 1929/359/2007 1930/358/2007 1571/358/2007
f 1925/79/2008 1603/79/2009 1612/79/2010
f 1928/351/2011 1610/351/2012 1614/351/2013
f 1615/360/2014 661/360/2015 593/360/2016
f 1614/351/2017 660/351/2018 661/351/2019
f 1618/351/1074 1619/351/1074 1611/351/1074
f 1608/351/2020 1621/351/2020 1618/351/2020
f 1608/351/2021 1606/351/2021 1620/351/2021
f 1611/351/2022 1619/351/2022 1622/351/2022
f 1617/351/2023 1927/351/2024 1612/351/2023
f 1558/79/2025 1514/361/2026 1613/79/2025
f 1623/79/2027 1514/361/2028 1558/79/2027
f 1656/79/2029 1511/79/2030 1624/79/2031
f 1510/79/2032 1608/79/2033 1607/79/2034
f 1917/79/1099 1916/79/1099 1524/79/1099
f 1914/79/1100 1915/79/1100 1522/79/1100
f 1562/79/2035 1919/79/2036 1924/79/2037
f 1568/79/2038 1921/79/2039 1922/79/2040
f 1915/79/1110 1917/79/1110 1521/79/1110
f 1561/79/2041 1543/79/2042 1525/79/2043
f 1525/79/2044 1546/79/2045 1567/79/2046
f 1547/362/2047 1544/363/2048 1567/79/2049
f 1547/364/2050 1599/366/2051 1564/365/2052
f 1566/79/2053 1625/79/2054 864/79/2053
f 1562/368/2055 1549/368/2056 1560/367/2057
f 1544/363/2058 1564/365/2059 1565/79/2060
f 1569/369/2061 1543/369/2062 1561/369/2063
f 1551/370/2064 1528/374/2065 1569/79/2066
f 1564/365/2067 1626/79/2068 1551/370/2069
f 1563/79/2070 1632/79/2070 1529/79/2070
f 1563/79/2071 1630/79/2071 1633/79/2071
f 1635/79/1148 1634/79/1148 1630/79/1148
f 1634/79/2072 1635/79/2072 1548/79/2072
f 1562/368/2073 1637/368/2074 1548/368/2075
f 1638/79/2076 1636/79/2077 1637/79/2078
f 1630/79/2079 1634/79/2079 1636/79/2079
f 1569/372/2080 1585/372/2081 1664/372/2082
f 1662/371/2083 1585/372/2084 1569/372/2085
f 1524/79/2086 1916/79/2087 1919/79/2088
f 1629/347/2089 1528/374/2090 1551/370/2091
f 1629/347/2092 1529/79/2093 1632/79/2093
f 1545/79/2094 1548/79/2094 1516/79/2094
f 1641/79/2095 1639/79/2095 1517/79/2095
f 1641/79/2096 1516/79/2096 1635/79/2096
f 1640/79/2097 1639/79/2097 1641/79/2097
f 1518/79/2098 1545/79/2098 1517/79/2098
f 1805/79/2099 1643/79/2099 1640/79/2099
f 1643/79/2100 1535/79/2100 1518/79/2100
f 1535/79/2101 1533/79/2101 1545/79/2101
f 1534/79/2102 1549/79/2102 1533/79/2102
f 1644/79/2103 1533/79/2103 1535/79/2103
f 1549/79/2104 1534/79/2105 1508/79/2105
f 1550/352/2106 1508/79/2107 1646/79/2107
f 1534/79/2108 1532/79/2109 1646/79/2110
f 1542/375/2111 1538/375/2111 1539/375/2111
f 1536/375/2112 1542/375/2112 1541/375/2112
f 1647/79/2113 1538/79/2113 1536/79/2113
f 1559/79/2114 1513/79/2114 1539/79/2114
f 1588/376/2115 1648/376/2115 1513/376/2115
f 1648/351/2116 1588/351/2116 1592/345/2117
f 1540/79/2118 1539/79/2118 1513/79/2118
f 1623/79/2119 1536/79/2119 1540/79/2119
f 1557/79/2120 1537/79/2120 1536/79/2120
f 1556/79/2121 1550/352/2122 1537/79/2121
f 606/378/482 1594/378/482 1593/378/482
f 1650/377/2123 1645/377/2124 1512/377/2125
f 1593/377/65 1594/377/65 1649/377/65
f 1650/377/2126 1649/377/2126 1559/377/2126
f 1583/379/488 621/379/488 635/379/488
f 1583/378/2127 1582/378/2128 620/378/2129
f 1577/79/2130 1512/79/2131 1519/79/2130
f 1580/79/2132 1651/79/2132 1577/79/2132
f 1581/79/2133 1519/79/2134 1643/79/2135
f 1642/79/2136 1652/79/2136 1802/79/2136
f 1802/79/2137 1652/79/2137 1574/79/2137
f 1906/79/2138 1574/79/2138 1653/79/2138
f 1553/79/2139 1552/79/2139 1642/79/2139
f 1599/366/2140 1598/79/2141 1628/79/2142
f 1653/79/2143 1575/79/2143 610/79/2143
f 610/79/2144 624/79/2144 1584/79/2144
f 610/380/2145 1575/380/2145 1600/380/2145
f 1552/380/2146 1600/380/2146 1575/380/2146
f 607/380/2147 1600/380/2147 1601/380/2147
f 1552/381/2148 1597/383/2149 1596/382/2150
f 1601/380/2151 1600/380/2151 1596/382/2152
f 1601/380/2153 1595/384/2154 644/380/2155
f 644/385/2156 1595/387/2157 1599/386/2158
f 1598/389/2159 1595/384/2160 1596/382/2161
f 1589/379/2162 1590/616/2163 1592/391/2164
f 1590/392/2165 1589/378/2166 1594/378/2166
f 1613/379/551 1594/379/551 606/379/551
f 605/379/2167 604/379/2167 1620/379/2167
f 1610/379/2168 1621/379/2169 1620/379/2169
f 1614/393/2170 1620/393/2171 604/393/2171
f 1622/379/2172 1621/379/2173 1610/379/2174
f 1655/79/2175 1654/79/2175 1530/79/2175
f 1656/79/2176 1657/79/2176 1587/79/2176
f 1587/79/2177 1657/79/2177 1655/79/2177
f 1530/79/2178 1654/79/2178 1656/79/2178
f 1660/394/2179 1661/394/2179 1659/394/2179
f 1520/356/1318 1660/356/1318 1658/356/1318
f 1661/356/1319 1660/356/1319 1520/356/1319
f 1531/356/1320 1659/356/1320 1661/356/1320
f 1668/395/2180 1667/395/2181 1663/395/2182
f 1667/395/2183 1666/396/2184 1662/396/2185
f 1636/372/2186 1663/372/2187 1662/371/2188
f 1664/372/2189 1663/372/2190 1636/372/2191
f 1662/396/2192 1666/396/2193 1665/395/2194
f 1670/395/2195 1672/395/2196 1668/395/2197
f 1669/395/2198 1671/395/2199 1672/395/2200
f 1668/395/2201 1672/395/2202 1671/395/2203
f 1671/395/2204 1669/395/2205 1585/395/2206
f 1669/79/2207 1670/79/2208 1664/79/2209
f 1678/397/2210 1696/397/2211 1695/398/2212
f 1673/400/2213 1674/402/1361 723/399/2214
f 1675/403/2215 1676/404/1364 1674/402/2216
f 1675/403/2217 1677/405/2218 1678/578/2219
f 1679/407/2220 1680/406/2221 1678/578/2222
f 1681/408/2223 1682/409/2224 1680/406/2225
f 1683/410/2226 1684/579/2227 1682/409/2228
f 1683/410/2229 1685/412/1379 1686/411/2230
f 1687/413/2231 1688/580/2232 1686/411/2233
f 1687/413/2234 1689/415/1385 1690/414/2235
f 720/416/2236 721/617/1388 1690/414/2237
f 1695/398/2238 748/417/2239 1674/417/2240
f 747/419/2241 752/418/2242 1690/418/2243
f 1674/417/2244 748/417/2245 746/420/2246
f 1690/418/2247 752/418/2248 1694/421/2249
f 1688/421/2250 1694/421/2251 1693/422/2252
f 1686/422/2253 1693/422/2254 1692/423/2255
f 1684/423/2256 1692/423/2257 1697/424/2258
f 1682/424/2259 1697/424/2260 1691/425/2261
f 1680/425/2262 1691/425/2263 1696/397/2264
f 1700/427/163 1701/429/163 1699/426/163
f 1702/430/162 1703/431/162 1701/429/162
f 1704/432/160 1705/433/160 1703/431/160
f 1706/434/159 1707/435/159 1705/433/159
f 1708/436/158 1709/437/158 1707/435/158
f 1710/438/157 1711/439/157 1709/437/157
f 1712/440/156 1713/441/156 1711/439/156
f 1714/442/155 1715/443/155 1713/441/155
f 1716/444/154 1717/445/154 1715/443/154
f 1718/446/153 1719/447/153 1717/445/153
f 1720/448/152 1721/449/152 1719/447/152
f 1722/450/151 1723/451/151 1721/449/151
f 1724/452/214 1725/453/214 1723/451/214
f 1726/454/210 1727/455/210 1725/453/210
f 1728/456/674 1729/457/674 1727/455/674
f 1730/458/673 1731/459/673 1729/457/673
f 1732/460/672 1733/461/672 1731/459/672
f 1734/462/671 1735/463/671 1733/461/671
f 1749/449/686 1748/447/686 1719/447/686
f 1736/464/148 1737/465/148 1735/463/148
f 1698/466/147 1699/470/147 1737/465/147
f 1700/583/100 1698/618/100 1736/469/100
f 1736/469/100 1734/631/100 1732/630/100
f 1732/630/100 1730/629/100 1728/468/100
f 1728/468/100 1726/628/100 1724/581/100
f 1724/581/100 1722/627/100 1720/626/100
f 1720/626/100 1718/625/100 1716/624/100
f 1716/624/100 1714/623/100 1712/467/100
f 1712/467/100 1710/622/100 1708/582/100
f 1708/582/100 1706/621/100 1704/620/100
f 1704/620/100 1702/619/100 1700/583/100
f 1700/583/100 1736/469/100 1732/630/100
f 1732/630/100 1728/468/100 1724/581/100
f 1724/581/100 1720/626/100 1716/624/100
f 1716/624/100 1712/467/100 1708/582/100
f 1708/582/100 1704/620/100 1700/583/100
f 1700/583/100 1732/630/100 1724/581/100
f 1724/581/100 1716/624/100 1708/582/100
f 1764/439/157 1763/437/157 1743/437/157
f 1754/459/685 1753/457/685 1729/457/685
f 1707/435/684 1742/435/684 1741/433/684
f 1747/445/683 1746/443/683 1715/443/683
f 1752/455/682 1751/453/682 1725/453/682
f 1757/465/681 1756/463/681 1735/463/681
f 1740/431/680 1738/429/680 1701/429/680
f 1713/441/679 1745/441/679 1744/439/679
f 1723/451/678 1750/451/678 1749/449/678
f 1755/461/677 1754/459/677 1731/459/677
f 1743/437/676 1742/435/676 1707/435/676
f 1719/447/675 1748/447/675 1747/445/675
f 1753/457/694 1752/455/694 1727/455/694
f 1699/470/692 1739/470/692 1757/465/692
f 1705/433/693 1741/433/693 1740/431/693
f 1715/443/691 1746/443/691 1745/441/691
f 1751/453/690 1750/451/690 1723/451/690
f 1738/429/688 1739/426/688 1699/426/688
f 1756/463/689 1755/461/689 1733/461/689
f 1711/439/687 1744/439/687 1743/437/687
f 1759/586/99 1758/632/99 1760/473/99
f 1760/473/99 1761/645/99 1762/644/99
f 1762/644/99 1763/643/99 1764/472/99
f 1764/472/99 1765/642/99 1766/584/99
f 1766/584/99 1767/641/99 1768/640/99
f 1768/640/99 1769/639/99 1770/638/99
f 1770/638/99 1771/637/99 1772/471/99
f 1772/471/99 1773/636/99 1774/585/99
f 1774/585/99 1775/635/99 1776/634/99
f 1776/634/99 1777/633/99 1759/586/99
f 1759/586/99 1760/473/99 1762/644/99
f 1762/644/99 1764/472/99 1766/584/99
f 1766/584/99 1768/640/99 1770/638/99
f 1770/638/99 1772/471/99 1774/585/99
f 1774/585/99 1776/634/99 1759/586/99
f 1759/586/99 1762/644/99 1766/584/99
f 1766/584/99 1770/638/99 1774/585/99
f 1772/455/210 1771/453/210 1751/453/210
f 1765/441/156 1764/439/156 1744/439/156
f 1773/457/674 1772/455/674 1752/455/674
f 1766/443/155 1765/441/155 1745/441/155
f 1758/429/163 1759/426/163 1739/426/163
f 1774/459/673 1773/457/673 1753/457/673
f 1767/445/154 1766/443/154 1746/443/154
f 1760/431/162 1758/429/162 1738/429/162
f 1775/461/672 1774/459/672 1754/459/672
f 1768/447/153 1767/445/153 1747/445/153
f 1761/433/160 1760/431/160 1740/431/160
f 1776/463/671 1775/461/671 1755/461/671
f 1769/449/152 1768/447/152 1748/447/152
f 1762/435/159 1761/433/159 1741/433/159
f 1777/465/148 1776/463/148 1756/463/148
f 1770/451/151 1769/449/151 1749/449/151
f 1763/437/158 1762/435/158 1742/435/158
f 1759/470/147 1777/465/147 1757/465/147
f 1771/453/214 1770/451/214 1750/451/214
f 1783/476/1419 1785/475/1419 1784/587/1419
f 1789/478/1420 1787/480/1420 1786/477/1420
f 1782/481/1421 1786/477/1421 1787/480/1421
f 1789/478/1422 1788/479/1422 1784/483/1422
f 1783/485/1423 1787/480/1423 1780/484/1423
f 1778/487/1424 1779/646/1424 1785/475/1424
f 1786/477/99 1782/481/99 1784/483/99
f 1789/478/1425 1785/647/1425 1779/488/1425
f 1787/480/1426 1789/478/1426 1781/489/1426
f 1791/490/703 1790/512/703 845/492/703
f 845/492/703 846/510/703 1793/491/703
f 1793/491/703 1792/513/703 1791/490/703
f 1796/493/2265 1797/495/2265 1795/494/2265
f 1800/496/2266 1801/498/2266 1799/497/2266
f 852/500/1865 1797/506/1865 1796/499/1865
f 1794/502/1429 1795/494/1429 1801/498/1429
f 853/503/708 854/505/708 1798/504/708
f 1797/506/482 852/500/482 845/492/482
f 854/505/709 851/501/709 1796/509/709
f 1796/509/709 1794/648/709 1800/508/709
f 1800/508/709 1798/504/709 854/505/709
f 846/510/710 853/503/710 1799/511/710
f 1791/490/214 1795/494/214 1797/495/214
f 1795/494/65 1791/490/65 1792/513/65
f 1801/498/671 1792/513/671 1793/491/671
f 670/79/2267 863/79/2268 1547/362/2269
f 1547/362/2270 863/79/1435 671/79/1435
f 1625/79/2271 1526/79/2272 534/79/2273
f 1802/79/2274 1906/79/2274 1908/79/2274
f 1803/514/2275 1910/514/2275 1912/514/2275
f 1805/79/2276 1802/79/2276 1890/79/2276
f 1909/79/1250 1907/79/1250 1805/79/1250
f 1893/515/1443 1808/515/1443 1809/515/1443
f 1573/516/1444 1807/516/1444 1806/516/1444
f 1572/355/2277 1809/355/2277 1808/355/2277
f 1808/355/2278 1893/355/2278 1908/355/2278
f 1810/517/1447 1812/519/1447 1813/518/1447
f 1812/519/1448 1814/521/1448 1815/520/1448
f 1814/521/1449 1816/522/1449 1817/523/1449
f 1818/524/1450 1819/558/1450 1817/523/1450
f 1818/524/2279 1820/526/2279 1821/525/2279
f 1822/527/1452 1823/557/1452 1821/525/1452
f 1822/527/1453 1824/529/1453 1825/528/1453
f 1824/529/1489 1826/531/1489 1827/530/1489
f 1826/531/1455 1828/533/1455 1829/532/1455
f 1828/533/2280 1830/535/2280 1831/534/2280
f 1832/536/1457 1833/549/1457 1831/534/1457
f 1834/538/1458 1835/537/1458 1833/549/1458
f 1836/539/1459 1837/540/1459 1835/537/1459
f 1838/541/1460 1839/559/1460 1837/540/1460
f 1838/541/2281 1840/543/2281 1841/542/2281
f 1842/544/2282 1843/545/2282 1841/542/2282
f 1844/546/1490 1845/560/1490 1843/545/1490
f 1844/546/1464 1846/548/1464 1847/547/1464
f 1833/549/1465 1861/549/1465 1860/534/1465
f 1846/548/1466 1848/551/1466 1849/550/1466
f 1810/553/1467 1811/552/1467 1849/550/1467
f 1812/594/2283 1810/649/2283 1848/556/2283
f 1848/556/2283 1846/662/2283 1844/661/2283
f 1844/661/2284 1842/660/2284 1840/555/2284
f 1840/555/2285 1838/659/2285 1836/592/2285
f 1836/592/2286 1834/658/2286 1832/657/2286
f 1832/657/1468 1830/656/1468 1828/655/1468
f 1828/655/2287 1826/654/2287 1824/554/2287
f 1824/554/1468 1822/653/1468 1820/593/1468
f 1820/593/1468 1818/652/1468 1816/651/1468
f 1816/651/1468 1814/650/1468 1812/594/1468
f 1812/594/1468 1848/556/1468 1844/661/1468
f 1844/661/2285 1840/555/2285 1836/592/2285
f 1836/592/2287 1832/657/2287 1828/655/2287
f 1828/655/2285 1824/554/2285 1820/593/2285
f 1820/593/2285 1816/651/2285 1812/594/2285
f 1812/594/1468 1844/661/1468 1836/592/1468
f 1836/592/1468 1828/655/1468 1820/593/1468
f 1856/557/1452 1876/557/1452 1875/525/1452
f 1866/545/2288 1865/542/2288 1841/542/2288
f 1819/558/1470 1854/558/1470 1853/523/1470
f 1859/532/1471 1858/530/1471 1827/530/1471
f 1839/559/2289 1864/559/2289 1863/540/2289
f 1849/550/1473 1869/550/1473 1868/547/1473
f 1815/520/1474 1852/520/1474 1850/518/1474
f 1825/528/1475 1857/528/1475 1856/557/1475
f 1835/537/1476 1862/537/1476 1861/549/1476
f 1867/560/2290 1866/545/2290 1843/545/2290
f 1821/525/2291 1855/525/2291 1854/558/2291
f 1831/534/1479 1860/534/1479 1859/532/1479
f 1865/542/1480 1864/559/1480 1839/559/1480
f 1811/552/1481 1851/552/1481 1869/550/1481
f 1817/523/2292 1853/523/2292 1852/520/2292
f 1827/530/1483 1858/530/1483 1857/528/1483
f 1863/540/1484 1862/537/1484 1835/537/1484
f 1850/518/1485 1851/561/1485 1811/561/1485
f 1847/547/2293 1868/547/2293 1867/560/2293
f 1856/557/1487 1855/525/1487 1821/525/1487
f 1871/597/2294 1870/663/2294 1872/564/2294
f 1872/564/1488 1873/676/1488 1874/675/1488
f 1874/675/2295 1875/674/2295 1876/563/2295
f 1876/563/2296 1877/673/2296 1878/595/2296
f 1878/595/2297 1879/672/2297 1880/671/2297
f 1880/671/2298 1881/670/2298 1882/669/2298
f 1882/669/1488 1883/668/1488 1884/562/1488
f 1884/562/1488 1885/667/1488 1886/596/1488
f 1886/596/2299 1887/666/2299 1888/665/2299
f 1888/665/2296 1889/664/2296 1871/597/2296
f 1871/597/1488 1872/564/1488 1874/675/1488
f 1874/675/1488 1876/563/1488 1878/595/1488
f 1878/595/1488 1880/671/1488 1882/669/1488
f 1882/669/1488 1884/562/1488 1886/596/1488
f 1886/596/2300 1888/665/2300 1871/597/2300
f 1871/597/1488 1874/675/1488 1878/595/1488
f 1878/595/1488 1882/669/1488 1886/596/1488
f 1884/559/1460 1883/540/1460 1863/540/1460
f 1857/528/1453 1877/528/1453 1876/557/1453
f 1885/542/1461 1884/559/1461 1864/559/1461
f 1878/530/1454 1877/528/1454 1857/528/1454
f 1870/518/1447 1871/561/1447 1851/561/1447
f 1866/545/1462 1886/545/1462 1885/542/1462
f 1879/532/1455 1878/530/1455 1858/530/1455
f 1852/520/1448 1872/520/1448 1870/518/1448
f 1867/560/1463 1887/560/1463 1886/545/1463
f 1860/534/2280 1880/534/2280 1879/532/2280
f 1873/523/1449 1872/520/1449 1852/520/1449
f 1888/547/1464 1887/560/1464 1867/560/1464
f 1881/549/1457 1880/534/1457 1860/534/1457
f 1874/558/1450 1873/523/1450 1853/523/1450
f 1869/550/1466 1889/550/1466 1888/547/1466
f 1882/537/1458 1881/549/1458 1861/549/1458
f 1875/525/2301 1874/558/2301 1854/558/2301
f 1851/552/2302 1871/552/2302 1889/550/2302
f 1883/540/1459 1882/537/1459 1862/537/1459
f 1894/516/1492 1897/516/1492 1898/516/1492
f 1896/516/1493 1576/516/1493 1806/516/1493
f 1806/516/1494 1807/516/1494 1894/516/1494
f 1901/516/1494 1895/516/1494 1894/516/1494
f 1896/516/1493 1895/516/1493 1901/516/1493
f 1897/516/1495 1573/516/1495 1576/516/1495
f 1573/516/1444 1903/516/1444 1904/516/1444
f 1893/355/1496 1892/355/1496 1890/355/1496
f 1898/516/1495 1897/516/1495 1896/516/1495
f 1905/516/1497 1902/516/1497 1897/516/1497
f 1902/516/1495 1903/516/1495 1573/516/1495
f 1807/516/1494 1904/516/1494 1905/516/1494
f 1906/79/2303 1907/79/2303 1804/79/2303
f 1909/79/2304 1908/79/2304 1891/79/2304
f 1891/79/2305 1908/79/2305 1906/79/2305
f 1804/79/2306 1907/79/2306 1909/79/2306
f 1910/565/2307 1911/565/2307 1913/565/2307
f 1911/514/1503 1910/514/1503 1803/514/1503
f 1578/514/1504 1913/514/1504 1911/514/1504
f 1912/514/1505 1913/514/1505 1578/514/1505
f 1921/566/2308 1920/566/2308 1917/566/2308
f 1915/566/2309 1914/566/2309 1922/566/2309
f 1922/566/2310 1914/566/2310 977/566/2310
f 1919/566/2311 1916/566/2312 1920/566/2313
f 1918/566/2314 1923/566/2315 1924/566/2316
f 1923/369/2317 1918/369/2318 1543/369/2319
f 1526/79/2320 1922/79/2321 978/79/2322
f 1638/567/2323 1924/567/2324 1923/567/2325
f 1525/79/2326 1920/79/2327 1921/79/2328
f 977/79/2329 1914/79/2329 1523/79/2329
f 1918/79/2330 1920/79/2331 1525/79/2332
f 1571/568/2333 1926/568/2333 1925/568/2333
f 1925/568/2334 1927/568/2334 1609/568/2334
f 1616/568/2335 1928/568/2335 1926/568/2335
f 1927/568/2336 1928/568/2336 1616/568/2336
f 1929/569/2337 1931/569/2337 1932/569/2337
f 1616/359/1537 1932/359/1537 1931/359/1537
f 1931/359/1538 1929/359/1538 1515/359/1538
f 1571/358/2338 1930/358/2338 1932/359/2338
l 604 661
l 555 696
l 606 555
l 555 1649
